{"status": 0, "spectogram": [[-25.79731269787252, -31.474804082065823, -32.26436656616628, -32.484098626181485, -33.36549152852595, -33.19504506970942, -32.25454502312839, -32.440580764487386, -32.66573258534074, -32.31753610298038, -33.423536174952986, -32.81975039049983, -33.124455757901075, -32.5521075103581, -34.04879509787261, -32.82113427536189, -32.64539314770698, -34.4322504273355, -33.54062535244226, -32.710794963970784, -34.49891109073162, -36.63525038078427, -36.21343787904084, -35.868241397902366, -35.94191107684374, -36.088241392448545, -36.13467886915804, -36.47375919915736], [-22.76009737950563, -37.92341767448186, -35.69348062801361, -36.78081120151281, -36.79126668190956, -35.86491856437922, -35.4609810385704, -35.22881138938665, -35.813873855829236, -37.372052281379695, -37.323177324295045, -36.06757037866116, -35.868499005794526, -36.51495429390669, -37.97776674079895, -37.844097185075285, -36.90893661183119, -36.928034759283065, -37.33340981924533, -38.7589541541934, -37.24918667894602, -39.42402590185404, -39.478525887548926, -40.214838367581365, -41.64497203558683, -40.817856192588806, -40.05891885608435, -41.686035137891764], [-35.79238344836235, -41.83524019694328, -41.813242857694625, -44.37774521946907, -43.64478117060661, -40.15244969844818, -39.43801189303398, -39.69023510932922, -41.83374463820457, -42.623655622243874, -44.32771890497207, -40.917101801156996, -40.057922785997384, -41.5774321885109, -43.602558081626896, -44.59395134067535, -42.00065590167046, -40.79508391404151, -43.030522349357604, -43.6497272336483, -42.41412856578826, -43.702726677179335, -43.952039497852326, -46.329227590799334, -48.79973682069778, -47.429531520605096, -45.55540622973442, -45.63845149660111], [-14.3814375, -24.848749999999995, -25.2635, -28.807000000000002, -30.931375000000003, -31.207937500000003, -30.167562500000003, -29.0483125, -29.339875, -29.5205, -30.9638125, -31.3329375, -31.85375, -31.4818125, -32.3830625, -35.13575, -36.1394375, -34.151624999999996, -37.2058125, -31.1719375, -34.0345, -38.374375, -39.268625, -37.968562500000004, -35.018, -37.9898125, -37.601749999999996, -33.09675], [-25.854101702928546, -33.12058512377739, -31.76645847010612, -33.70951086497307, -35.241135695695874, -33.29576888132095, -32.79358140778541, -32.771242377519606, -33.781903346300126, -33.83616186332702, -38.07078789281845, -35.316447700023645, -37.2010555639267, -37.950618072748185, -41.66199358153342, -44.65695854544639, -45.276565598249434, -38.78441204404831, -48.88672698235512, -35.51935810661316, -37.42682221746445, -41.412295939683915, -54.66536213684081, -46.410422209024425, -41.46470710682868, -53.28950440788269, -46.23187671375275, -33.62825622963905], [-25.223109279632567, -30.401041153907777, -31.936218924045566, -32.292901505470276, -31.214401143074035, -32.07030289506912, -36.105674874782565, -32.61384801673889, -35.61213012123108, -32.46870493984222, -32.821141968250274, -37.11137914276123, -37.0390667128563, -36.4249690027237, -33.89197097492218, -34.78569310235977, -34.59217588853836, -34.67109615325928, -34.24378345918655, -35.67689026498795, -36.991890081882474, -37.62118545150757, -37.817434996604916, -38.40270224094391, -40.987155761241915, -37.73967595815659, -36.72417675447464, -33.56682132005692], [-22.443074226856233, -34.8398847489357, -33.02099980115891, -30.577661858320234, -29.005493183612824, -28.308770763158794, -30.99626723694801, -30.907858420133593, -30.98173001408577, -29.99896743369103, -30.156461135149005, -30.54527200937271, -30.758462306737897, -30.70865911889076, -29.069848197460175, -30.4489006717205, -29.49941446208954, -29.459329144001003, -29.10326112294197, -31.082356503248217, -31.872273278236392, -33.92310143208504, -33.14885062384606, -33.59249456143379, -36.45129494261742, -33.69544042515755, -32.43231430220604, -30.494522942304613], [-20.774086754798887, -29.690645128250125, -33.907065817832944, -29.398740082740783, -26.558705582618714, -25.574644058227538, -29.890701754570006, -27.20580435562134, -30.99327275943756, -27.61536580944061, -26.393803825378416, -27.89875790309906, -30.38552379131317, -28.715748424530027, -25.70868820476532, -25.269224286079407, -25.590885081291198, -27.175580534934998, -24.86989469909668, -28.2020802526474, -28.439143211364748, -30.877151835441587, -29.350403019905087, -30.701866786003116, -33.14895409297943, -29.944349930763245, -28.703038509368895, -25.55487168979645], [-30.801769344329834, -32.70316667032242, -35.71166405248642, -39.006983849048616, -40.669384418487546, -41.69360647726059, -39.88598277521133, -38.812831709861754, -43.36600750732422, -39.50190342998504, -41.00833984136582, -43.511454794883726, -44.76780187654495, -45.28376618909836, -43.05633123970031, -47.91455097150803, -47.63788196468354, -43.391662264347076, -47.41390948438645, -42.12566222524643, -44.35545643138886, -48.276115557670586, -52.725486999511716, -50.90346195077896, -48.078222100257875, -51.00323022317886, -48.52373345327378, -42.26588508653641], [-48.8625545501709, -41.37843779850006, -39.35338304185866, -37.2288203921318, -36.847172768592834, -36.38767119503021, -37.26454571723938, -37.738517923831935, -37.52305469465256, -37.333823453426355, -37.54363550853729, -37.04738750839233, -36.77437751531601, -36.60050400304794, -37.17844275474548, -36.7222750878334, -37.17069472885132, -36.37607596254349, -37.32857969903945, -37.16776189613341, -37.535566950798035, -40.09687135887146, -40.21406078004837, -40.54900631475448, -40.13468261003494, -40.88110547542572, -41.04223282146453, -42.61464145135881], [-46.346500000000006, -49.1740625, -52.120625000000004, -49.60325, -48.3335, -47.442, -48.4696875, -48.882000000000005, -50.0120625, -49.556062499999996, -48.572562500000004, -49.0963125, -49.1710625, -48.954, -48.2920625, -47.9944375, -48.1823125, -48.378437500000004, -48.1316875, -48.599500000000006, -48.5325, -51.215562500000004, -51.15475000000001, -51.447375, -51.878625, -51.57631249999999, -51.83225, -52.118375], [-46.80579329109192, -51.9211377453804, -54.73231704998015, -56.642960402011866, -56.462093063354494, -55.12071815776824, -56.87840397119522, -57.16330748844146, -58.49833364534378, -58.58933336496354, -56.618211815357206, -56.71504117012023, -56.79814517974853, -56.670752439498905, -54.45650697422028, -53.158651345252984, -53.057160514354706, -54.29197015762329, -52.24535030460357, -55.31858494138718, -54.29946373510361, -57.57642466974258, -56.22742659807205, -57.044389372348775, -58.64323415279388, -56.23199018096924, -54.70836904048919, -52.41608101129531], [-47.33253378677368, -51.838820647239686, -51.23263552808762, -49.29380584526062, -48.19459950494766, -46.99281458616257, -47.70194036912918, -48.930002602577204, -49.920806518554684, -49.38654655885696, -48.9424837884903, -49.70418802690506, -48.41464472579956, -48.03266260623932, -47.58641164493561, -47.3387147397995, -47.42578589630127, -46.884724452495576, -47.16397295331954, -47.06628746891022, -48.2868588886261, -49.63401011800766, -49.431947379112245, -49.17340386724472, -49.48368989801407, -49.55349202585221, -49.56899113893509, -50.12952582502365], [-44.98836554813385, -40.477096211433405, -45.08271650981902, -44.440925533294674, -42.71480395317078, -40.80365147876739, -42.11034068489075, -42.60397583866119, -43.697309036254886, -42.470226937294, -41.71160458087921, -42.78587070178986, -41.57473666572571, -40.64069509792328, -39.015321595191956, -39.136722635269166, -38.268739597320554, -37.603722227096554, -37.39803492259979, -37.17371392917633, -38.49801730442047, -40.393972579956056, -40.34859804344178, -39.96687586116791, -39.72458999538421, -39.605482350349426, -40.282918889999394, -40.258808609008796], [-50.38383983230591, -51.15541815471649, -52.44985534477234, -52.41650667667389, -52.19377672672272, -51.06997232151031, -54.60890984153748, -54.956677799224856, -56.763178707122805, -53.72438416957855, -56.1042582654953, -54.63333015918732, -53.44769618225098, -53.74666943454742, -53.45679437541962, 