{"status": 0, "spectogram": [[-23.27211611066759, -39.691633937284344, -38.76338379786909, -38.919758760496975, -38.781178506195545, -38.84117849171162, -39.96780349647999, -39.71944627347589, -40.23785690203309, -38.231955313608054, -41.848705297991636, -38.43308937501908, -42.330446402341124, -42.503071302980175, -41.05382131019234, -40.04714273151755, -41.662731888771056, -43.80399087779224, -40.6781159914583, -41.151678556799894, -44.412776734724645, -41.50111601193249, -39.90536614303291, -40.4141785942912, -40.38717846170068, -43.22793742643296, -40.786375011384486, -39.03037496060133], [-7.989795148313045, -7.398286793351173, -8.238661885380745, -9.51051021260023, -10.09790309458971, -9.985545941293239, -8.985545834004878, -9.530287002563478, -9.504322654128075, -10.419206633865832, -10.245894218802453, -9.595286999344825, -9.974563807308675, -10.101510247170925, -9.519635173738003, -8.647929703116416, -9.130858287334442, -9.99551017421484, -10.698072752475738, -11.638546065032482, -11.369010307610035, -10.8425459613204, -9.49629584056139, -9.357135152041911, -9.469572671771049, -9.436885190427304, -10.188760294616223, -10.424429877400398], [-11.118942665100098, -13.345573206186295, -11.978198635816574, -10.340458807468414, -10.593449842214584, -11.119307078599931, -12.734493223667146, -11.786136817932128, -12.788270848035811, -14.216993723869322, -11.99855665564537, -11.493199809312822, -12.378449838876726, -12.661315735340118, -12.948315318107607, -14.282715939760209, -14.715688307285308, -12.42214647078514, -12.722146531343462, -12.868173699378968, -13.280146727323533, -13.807762335777284, -13.924387371540067, -14.101958128929137, -13.848315162658691, -13.060993807315826, -12.799556830644608, -13.617351815223692], [-21.342937499999998, -39.042249999999996, -34.836125, -38.8274375, -37.9074375, -41.6995, -36.327, -39.8975, -41.32062500000001, -38.917500000000004, -37.759, -30.928312499999997, -34.5311875, -37.727000000000004, -41.0393125, -35.8008125, -34.9119375, -39.4968125, -36.573875, -37.123562500000006, -42.6003125, -36.421875, -36.1318125, -38.7929375, -38.4538125, -36.711875, -41.4198125, -37.183625], [-15.526132490873337, -21.38701608133316, -22.025268159389494, -31.114625061035152, -27.599928699493407, -25.58266004514694, -23.46753485250473, -26.88808065533638, -27.28259772658348, -27.138971950292586, -32.84959920525551, -25.133662180423737, -27.231526676416397, -31.47634856724739, -27.112659518718715, -24.78406006121635, -23.007472528696063, -27.846705315351485, -26.313580015420914, -27.9004023873806, -32.19021505737305, -31.34129601597786, -26.286480918884276, -27.439356549262996, -30.67585685634613, -28.781534960746765, -26.531847093820573, -27.622794907808302], [-2.999332155704498, -2.5777089867591862, -2.5869577431678774, -2.7801078643798824, -3.2301878008842473, -3.5643929834365844, -3.1363321614265445, -2.640054705619812, -2.9419834527969355, -3.9371884322166437, -2.67187553691864, -2.3902863597869874, -3.0276614465713503, -2.832893699645996, -1.9457694902420046, -2.2026724057197575, -2.20000253200531, -1.7868224639892576, -2.9486967601776124, -4.865749663352966, -4.823160638809204, -3.994929168701172, -3.959930243492126, -3.4288410749435423, -3.5469838628768926, -3.1923314251899715, -3.5413935565948487, -5.1245539140701295], [-24.14773214101791, -26.600781702280045, -24.610722925186156, -24.280851783275605, -22.70493127894402, -22.534993516445162, -24.785864990234376, -22.819088543653486, -23.07078555035591, -27.57852317881584, -24.981522047281267, -23.28041469168663, -23.573218411684035, -29.15668713545799, -28.969434051275258, -26.592276898384092, -22.535122413396834, -21.23785891890526, -20.9586096470356, -19.416537513017655, -19.149474385738372, -25.946728591442106, -25.24853674197197, -24.677071590185164, -27.007316154003142, -24.660896798372267, -22.07989512181282, -23.098860860109326], [-16.442925161361696, -27.73401760196686, -24.687776158332824, -27.552453085899355, -30.619309065818783, -30.321116223335263, -28.23598691082001, -32.546345469474794, -29.32878719902039, -28.358847182273866, -31.27053416442871, -27.9272418718338, -31.186938054084777, -29.147088571548462, -32.39670924949645, -30.02008921813965, -31.116931212425232, -33.73328321838379, -32.20896869754791, -28.027297461509704, -29.42572795677185, -31.352949215888977, -30.722635330200195, -33.68803571510315, -30.66050771617889, -30.021265474319456, -34.01007359790802, -30.53489459991455], [-23.858028857707975, -23.99376241827011, -24.45619560241699, -32.9862417140007, -27.641482226371764, -26.130206718921656, -28.681581115245816, -28.76543752336502, -28.51139467525482, -31.68505543613434, -25.35274174261093, -26.166963355064393, -33.31540908908844, -26.64533752632141, -28.004590231895445, -25.87680376815796, -27.56167401456833, -28.365713641166685, -30.153900065898895, -33.93670500802994, -31.282179968833923, -30.763051812171938, -25.83361994695663, -29.73821490573883, -28.77501993370056, -28.058542245388033, -26.371858484268188, -26.512158306121826], [-28.80495776987076, -30.979088417053227, -33.040464575767515, -33.99593885660172, -32.85957378101349, -33.13115967321396, -34.23470877933502, -36.67272622489929, -31.67983770513535, -33.76201510477067, -36.53568910503388, -35.48850193548203, -44.47345377779007, -33.48068353796005, -40.49017235994338, -36.53698165178299, -35.34465003681183, -37.30994397687912, -33.81820391893386, -40.618975521087656, -39.75729336357116, -34.313336388587956, -35.44864513349533, -35.744598112106324, -34.822690169334415, -32.696584692001345, -38.183265873432156, -33.751987697124484], [-37.66075, -40.6670625, -42.9140625, -36.722125, -38.0395625, -40.7205, -42.655125, -40.689812499999995, -38.196625, -42.4018125, -37.31762500000001, -35.6763125, -39.0363125, -38.5143125, -38.46225, -40.1550625, -42.168062500000005, -39.153062500000004, -39.601937500000005, -38.3785625, -37.9894375, -37.238749999999996, -37.08081250000001, -40.4331875, -37.598687500000004, -36.824875, -41.3691875, -39.398187500000006], [-42.47222533941269, -38.99019619846344, -41.43657353878021, -40.89699737119675, -41.128515217304226, -44.669939166545866, -42.42876101207734, -42.36295730733871, -39.1450983915329, -40.060832001686094, -34.83371064949035, -35.48506509971619, -37.42852314805985, -40.01505030918121, -38.94554557704926, -38.78545890092849, -42.27800713253021, -40.547730520725246, -37.678297459602355, -41.69720919895172, -40.47760476016999, -39.37977029275895, -39.9688323764801, -41.05100832271576, -39.68987716341019, -38.59667030239105, -40.75486025571823, -40.72215037345886], [-38.529606930732726, -40.10361636018753, -44.00274655675888, -41.36611166286468, -39.28823812770844, -40.534369833469384, -40.748743505001066, -40.414806939125064, -45.298216163635246, -43.02104750013352, -44.66010873603821, -44.34019609546661, -46.10506429433823, -44.540708050251, -42.8798957490921, -42.85039372253418, -43.050366352558136, -44.209707805156704, -42.57420887041092, -45.46790686750412, -45.41380591678619, -46.957011227130884, -42.491386909961705, -42.87714593219757, -44.609263224124916, -42.39117242383957, -40.92648477840424, -44.091163786888124], [-43.55679110145569, -38.32090247535705, -40.113897665023806, -45.549375064849855, -43.469964218139644, -44.527218977928165, -43.09047756290437, -46.571323049545285, -44.545716917037964, -48.72736496067048, -43.71293479156495, -43.61571462249756, -45.55401264667511, -45.72521541213989, -43.81315666294097, -43.136773305892945, -44.98469877815247, -46.63684892559051, -43.89765921592712, -43.037801841735835, -47.61063018894196, -47.08496820163727, -43.876287532806394, -43.020072877883905, -43.44287784576416, -43.54001080989838, -45.58126324367523, -49.2862351884842], [-54.61474521636963, -51.64341124534607, -50.0133444108963, -51.11082043647766, -47.35792209339142, -48.3678683309555, -51.519554103851334, -53.16507988262176, -48.18816203689575, -47.93811827373504, -47.8558681268692, -46.041136597633354, 