{"status": 0, "spectogram": [[-45.018508982554074, -59.44869627025724, -56.70744635614753, -55.3913302039355, -55.059865982696415, -54.584910688519486, -56.19453567430378, -55.375124864220616, -52.300062349274754, -54.117178463697435, -54.724115915134554, -55.2234462954104, -51.574892813175914, -49.710714263975625, -57.263964219838385, -51.039383863106366, -51.32257147964835, -53.250714260667564, -54.48977666999399, -50.334687392815944, -53.63317849436402, -54.10549999323488, -57.49199995368719, -54.706990951284766, -52.041267725497484, -48.45247319926321, -46.65691064932942, -48.133303558111194], [-9.355026674091818, -7.301214158415794, -7.497151640713215, -7.9505176758766165, -7.7925801717638965, -7.6977944373488425, -7.8399819252490985, -7.98553551030159, -8.139669449269771, -7.879526585280895, -7.736276560962201, -7.86135692024231, -7.772062275588512, -7.541740840733052, -7.49067832314968, -7.354347972095011, -7.354696212291717, -7.143124817371367, -7.212187332212926, -7.466196264028548, -7.69168730968237, -7.700874801278113, -7.780437271893024, -7.724785527348518, -8.127705190241336, -8.18666946107149, -8.36273189651966, -8.418981886863708], [-26.43773232507706, -49.99993771672249, -40.10656221842766, -46.965848671674735, -42.29720487236977, -37.99549084544182, -40.200303766727444, -43.499187640905376, -42.38424106431007, -34.26812484121323, -37.905560895681376, -36.15997337794305, -38.44900976681709, -37.34665241885186, -40.16102702021599, -36.87817028927803, -40.80457210111618, -36.71446341514587, -36.39858940982818, -33.72406235814095, -37.327848358392714, -36.83295550036431, -41.673831376791, -39.091303485393524, -35.99890156435966, -31.904240676164623, -29.959740246534345, -32.77776744127274], [-16.433125, -18.188812499999997, -17.6270625, -16.268500000000003, -15.786312500000001, -14.9105625, -14.185187500000001, -15.10575, -15.5858125, -15.093312500000001, -13.717812499999999, -14.0680625, -14.060375, -13.5065625, -12.4815, -12.708437499999999, -13.86725, -15.408437500000002, -16.3026875, -16.588562500000002, -15.625375, -15.065812500000002, -13.576125000000001, -15.6269375, -17.421437500000003, -16.6426875, -13.864125, -13.5785625], [-18.092075204849245, -35.03989163279533, -35.64595380687714, -30.607058460235596, -33.59289862537385, -33.115558809280394, -30.749057863235475, -35.707345264434814, -35.3626130604744, -36.213550790548325, -32.158736735343936, -32.27820113134384, -29.22730729818344, -31.599646988868713, -35.35252287006379, -31.19517365813255, -36.423532831907266, -34.35885422539711, -33.89129187679291, -30.53488925242424, -30.607290392398834, -33.63254108953476, -37.358354280233385, -32.88931803536414, -31.20357671928406, -30.02283481907845, -30.136708700418474, -29.78578829193115], [-24.602226706504823, -34.59880217075347, -31.51698733282089, -27.68118077135086, -27.003609657764436, -25.157412232875828, -26.883159154415132, -29.656926790714266, -27.395706827163693, -26.317760168075562, -27.402631733894346, -23.657188796043396, -22.82376085472107, -21.645564514160156, -25.681809838294985, -19.603493431091312, -26.39609725666046, -28.156216203212736, -27.1957813205719, -27.291558882236483, -27.311537350177762, -27.079295710563663, -26.436793007850646, -23.874442208290098, -26.151256977558134, -27.1071203250885, -24.731115810394286, -26.64826546049118], [-2.247606869220734, -2.5122252171039583, -3.7169134888648983, -5.987647771358491, -6.235924953222274, -7.086104571580886, -7.905355488538741, -7.168434828281402, -6.9233450198173525, -7.614461562395095, -8.980962918519975, -9.377686198711396, -9.821623968362807, -10.263311942577362, -11.726563169956208, -11.270911026716233, -9.372301941633223, -7.054755008220673, -6.190754008293152, -6.154870151758194, -7.1652909936904905, -7.840023882865905, -10.05096349644661, -7.0619160666465755, -6.528182560920715, -8.274576379776, -14.287893678426743, -16.63699291706085], [-24.948415749549866, -34.589838088989254, -33.403649077415466, -30.164844648361207, -28.98063138103485, -26.53666664791107, -28.33841956806183, -30.381435992240906, -31.080500913619993, -25.041054458618166, -32.03230172157288, -26.300482200622557, -28.19630072784424, -26.750284177780152, -25.155285495758058, -27.87924561691284, -33.2304505739212, -32.617032511711116, -26.235776366233825, -26.159899634361267, -26.70680284309387, -28.95020723628998, -28.302703658103944, -31.575998498916626, -31.074952355384823, -25.45110862159729, -24.978048174858092, -27.74297391986847], [-24.985021311759947, -35.340272863388066, -32.546148752212524, -24.7246060461998, -26.202831725120546, -24.16952013921738, -23.839771203517913, -23.566392768383025, -24.55047200012207, -24.510643069744106, -21.1584543132782, -22.1185354514122, -21.51952582645416, -21.537517251491543, -20.729517449855805, -19.809043199539182, -22.225901860237123, -25.849382486343387, -25.378317255496977, -27.57864498901367, -23.675157223224637, -24.041667637825007, -19.75154246425629, -24.11163076877594, -26.82125348854065, -27.15418075180054, -22.863185064315797, -22.886381917953493], [-18.856733546733857, -18.93875669670105, -16.95282238817215, -14.982427242279053, -15.507909848213194, -14.798278213977813, -15.790778760433195, -17.02480535507202, -18.09904514169693, -16.874759343624117, -17.751826136589052, -17.679288810729975, -18.644281821727755, -19.025058925628663, -17.347373521327974, -17.695676956653596, -17.51978076314926, -21.92279287004471, -19.93404395437241, -22.37932396173477, -18.281062982082364, -18.421286155700685, -17.636728789806362, -19.305820257186888, -20.550068102836608, -20.794452609539036, -18.5429000787735, -18.636803967952726], [-27.018125, -29.1424375, -27.70875, -24.0031875, -25.665125000000003, -25.6305, -26.473125, -27.548875000000002, -28.286875000000002, -30.0640625, -29.282249999999998, -28.127187499999998, -29.787437500000003, -27.2270625, -27.3635625, -28.203062499999998, -29.107375, -29.267312500000003, -31.9369375, -29.401374999999998, -29.56175, -27.7520625, -29.078562500000004, -29.830812499999997, -29.971124999999997, -30.2424375, -30.1531875, -29.73625], [-41.24595229530335, -45.113448698997495, -42.563582468032834, -36.45649771213532, -37.19399847316742, -34.31962511587143, -34.026494047641755, -37.12236836385727, -37.304173653125765, -36.100752935886376, -35.91413357782364, -37.48542901134491, -37.756109844207764, -36.79117897987366, -35.22486433553696, -36.16254795503617, -35.69779690504073, -40.852142363071444, -40.130397372722626, -40.65944103813172, -39.37631047058105, -36.48103117609024, -35.93384204673767, -37.49491300725937, -38.627659628391264, -40.31452410030365, -35.983724127292625, -36.55244272899628], [-42.11082850646973, -38.95467875242234, -40.13548888587951, -38.638163087844845, -41.87057635307312, -42.26961733865738, -44.089616177082064, -43.103430541038506, -43.96534204483032, -44.69258030557632, -45.32020543813705, -42.07151714324951, -42.26603554821015, -38.911778090953824, -41.285462489128115, -38.807562380313875, -41.653232672691345, -40.39475624942779, -40.682944504261016, -39.58577388000488, -43.56112758350372, -41.387887958049774, -46.49232006359101, -41.334379115104674, -42.79875225257874, -46.02846868896484, -42.04615151166916, -44.52661272192001], [-33.00678281211853, -35.36540689373017, -38.52115690517426, -40.65875371456146, -40.58505024337769, -38.51720701599121, -37.07258170890808, -40.62576244163513, -39.672405010223386, -36.311885068893424, -37.68194524478912, -38.678579090118404, -38.096570857048036, -37.143356011390686, -39.02047795963287, -39.337960785865775, -37.53201064300537, -37.23142540931702, -36.71923606967926, -38.94960461616516, -40.28477789878845, -42.11853537464141, -41.34034738349914, -39.9831800069809, -40.29094356918334, -42.08541124439239, -41.21165587902069, -42.706505426406856], [-43.17290715599061, -45.81575055122376, -47.81618889331818, -46.88977140808106, -44.889034268379206, -46.19947439384461, -46.315101552963256, -45.25352987098693, -45.105241025924684, 