{"status": 0, "spectogram": [[-30.74387495353818, -50.58174093954265, -47.89805349516869, -51.15723191785813, -40.14021418848634, -41.41993749712408, -45.19125000783802, -44.40821419480443, -47.258580244854095, -45.40480338871478, -40.10536606572568, -45.12836598424614, -45.54780338227749, -40.9709908643216, -46.091240767017005, -42.90296403384209, -44.9880533849001, -43.083035502731796, -41.16916050848364, -42.96478550225496, -45.690839223861694, -47.313651551678774, -43.14140152384341, -42.1847496932745, -45.35274965727329, -43.407794351652264, -41.32748206934333, -43.85345537604391], [-8.561375323534012, -6.626348383605481, -7.157535907149315, -7.384928749203682, -6.011071567416192, -4.1522233641743655, -3.4425358105897903, -2.7234911696314814, -2.639196533560753, -2.6760358133316036, -1.606910820364952, -0.9605894008874896, -0.669312602698803, -0.6382143896818161, -0.9536518350243568, -1.247419765293598, -1.6157144448757172, -1.7990894525051115, -1.7634019246697425, -1.537312629163265, -1.8134822912216189, -1.663598323047161, -1.839723331272602, -1.545500109195709, -1.50169654071331, -1.353071552157402, -1.679759064733982, -1.4702144182920456], [-40.58124298834801, -48.67151848793029, -49.70070460200311, -43.398187318563465, -36.877115242242816, -42.848991770029066, -36.44811482167244, -43.00163399195671, -41.86732187366486, -40.516751050949104, -46.12762678050995, -45.61536594557762, -42.97479358315468, -41.80984894394874, -41.91640960550308, -42.80535813331604, -41.44223927283287, -43.241259074449545, -41.667757072687145, -47.16355562925339, -43.10653671836853, -41.10899778366088, -43.02250108528138, -46.03197341227531, -45.02258056664467, -40.58933932495117, -39.14171450996398, -47.35002727818489], [-24.6003125, -35.0035625, -38.75775, -36.2871875, -29.7449375, -31.619500000000002, -28.7053125, -28.4033125, -29.6276875, -28.4426875, -30.155937499999997, -28.636, -28.411125000000002, -28.475250000000003, -25.9425625, -29.7183125, -31.3555625, -33.2496875, -31.886875, -31.403750000000002, -31.2555625, -31.087875, -30.363375, -31.7360625, -32.0081875, -29.3900625, -31.0823125, -31.61925], [-9.844027601480482, -11.035545603513718, -11.620170315980912, -12.601081183671951, -14.013760387659072, -10.699778009176253, -12.506903899431228, -10.783198398113251, -10.439600083589553, -11.035814439058303, -10.294689392328264, -9.13045701956749, -9.701234058380127, -9.734010816812516, -12.689574322223663, -9.593385574102403, -10.08532254076004, -10.088295635938644, -10.62654601931572, -10.365724759340285, -9.874849389791487, -10.951671436548233, -10.885233876228334, -10.112403550863267, -9.86276064324379, -9.301224877119063, -9.685349576711655, -9.367956813573837], [-25.664704466342926, -38.46297981929779, -35.06829637861252, -36.0706074552536, -32.3072858953476, -36.67340781497956, -34.72815754508972, -31.492678691864015, -34.56668762254715, -34.74598894929886, -35.52105394172668, -28.21742793369293, -32.984920952320095, -31.269473562717437, -37.06509787321091, -29.435606216430664, -32.559320088386535, -34.66820385885239, -37.70483332014084, -37.04897229242325, -36.58058602046966, -36.30798963689804, -36.016616572856904, -38.04312385940552, -35.53640874671936, -32.75245381879806, -38.28164006519317, -34.39404511499405], [-19.194512191295626, -20.462600037336347, -20.95810328745842, -21.45881438803673, -17.914790665149688, -17.012569191932677, -11.547016833543777, -12.05239922952652, -11.386391278505327, -12.26763057231903, -10.444444746732712, -11.32553153681755, -9.622051304101944, -10.655309360980988, -8.370876396417618, -12.2696734187603, -14.77822428202629, -17.2651805202961, -12.903628736972808, -12.117379189014436, -14.456432644367219, -10.911641480207443, -12.737138551950455, -11.562389619112015, -11.91065695309639, -11.617040427684785, -14.560349063158036, -13.22479768061638], [-22.892361121177675, -24.19183275604248, -24.944461490631102, -25.443694131851196, -28.789720582962037, -25.78254078769684, -31.281405455589294, -27.207824747085567, -25.548670408248903, -25.488239974975585, -29.101804396629333, -25.035318797111508, -27.50629541587829, -27.262713990211488, -31.545834090232848, -23.823629950523376, -25.23611596488952, -25.183459684371947, -28.209522208213805, -28.214652126312256, -26.272273823738097, -29.53026367950439, -27.38776449584961, -27.95182253742218, -26.35324592781067, -27.34101406288147, -22.704947560310362, -26.17802554798126], [-39.43675431776047, -37.64861925697327, -37.4682429189682, -35.53343046140671, -33.295445021629334, -33.78883709716797, -34.49396448421478, -34.34566639375687, -36.24995766210556, -33.275276678562165, -37.636340788841245, -36.276408809661866, -29.345266506195067, -33.20959595155716, -33.943096591472624, -32.08990980815888, -30.191935246944432, -33.07579099988938, -39.131726865768435, -34.1220708284378, -31.97622111272812, -33.30052821207046, -32.49902525472641, -36.94025606775284, -37.25452381467819, -32.8495527381897, -30.16349142408371, -36.17710609817505], [-34.64167313671112, -42.910374977111815, -43.06362029361725, -43.55407237672805, -38.00927651405334, -41.23813879728317, -35.83519218921662, -36.69955712175369, -39.64114283323288, -42.23659305667877, -33.60092265272141, -35.608627599716186, -33.79854501199723, -36.40391473913193, -35.41403350496292, -34.22586019134522, -40.61876742506027, -35.81427999925613, -38.88838906335831, -40.6608235206604, -35.56313183450698, -36.38801368284225, -39.08288637685775, -39.43072032308579, -40.77836269998551, -39.641991121768946, -36.16944148635865, -37.763031826496125], [-44.6094375, -52.011375, -48.8119375, -44.6169375, -43.0171875, -46.7881875, -43.4238125, -41.942562499999994, -43.943125, -44.428875, -49.4754375, -44.505812500000005, -49.3696875, -49.2465, -44.45281249999999, -42.8660625, -47.11125, -46.2608125, -44.22512499999999, -46.599875, -48.6365, -43.8136875, -47.33775, -47.9159375, -46.9689375, -48.83081249999999, -47.2094375, -46.01925], [-54.5107090010643, -55.11047410058974, -52.45104009819031, -50.50255072021484, -52.909698687553416, -51.488747573852535, -51.9827987112999, -52.949822139263155, -53.302042043209084, -48.40410723686218, -50.55316639375687, -49.10295379114151, -51.037887058258065, -52.20269813489914, -49.5135694642067, -51.58740197753906, -54.00549019002914, -48.89037394142151, -49.0806879734993, -50.28207959461212, -50.28930778932572, -49.71586957836151, -50.15169043111801, -54.26606287860871, -55.54779985046387, -53.65562920236587, -51.82913031530381, -51.442293241977694], [-56.68130797815323, -55.10554091978073, -55.524413323879244, -59.31374693393707, -57.718303544998165, -52.65455048656464, -50.34623905992508, -49.03189131450654, -49.08614921617507, -49.10181121206284, -52.233998491287224, -49.826507376194, -50.212212211608886, -49.205882412433624, -51.33794600009918, -50.881836708068846, -54.617766594886774, -55.17291839647293, -53.75629186105728, -54.6007027220726, -56.03807963514328, -54.515679769515984, -51.018678089141844, -53.76524914169311, -54.98255099010468, -52.671685376644135, -53.51174795150757, -53.972569272994996], [-47.04027539539337, -46.89584676074982, -49.537158916473395, -53.48037882709504, -50.98201391983032, -49.55641033744811, -52.14784661197662, -47.967239424705504, -48.93247679138183, -47.59087051010132, -44.596931031227115, -44.25622854995727, -46.09878865909576, -47.390430073738095, -47.06611207008362, -45.29022057056427, -44.800866042137145, -44.53596576499938, -46.356961221694945, -46.460077750206, -45.738543921470644, -45.991968134880075, -45.986844626426695, -46.388184430122365, -46.97127164936066, -48.229327116966246, -45.23982916164398, -46.13723837184906], [-46.79768849182129, -47.53777589130401, -49.4639045419693, -48.640903603553774, -46.98746109199524, -46.55679301357269, -49.10729062747956, -43.34242330360413, -44.8638489227295, -45.682635000228885, -42.86287986183166, -42.69914866828918, -44.59493102264404, -44.91988704586029, -44.73588235378266, -42.85600742530823, -42.93931976127625, 