{"status": 0, "spectogram": [[-5.135598498418927, -10.855884477809072, -10.01488441799581, -9.618161179900168, -11.012929121762514, -12.013295270487665, -12.85729533909261, -10.913420204654336, -10.650063061192633, -10.061607640266418, -10.250420151725411, -10.348125546544791, -10.4513309225291, -9.827089794278145, -9.459714748948812, -10.748911258131265, -10.51631303860247, -10.856482691526413, -11.425670232102277, -11.00859877462685, -10.226277275398374, -10.220009404823184, -10.594384424075484, -11.097071958869696, -11.39437556949258, -11.074188031241299, -12.859625637322665, -11.680446985155342], [-7.70136623519659, -5.489410708904266, -5.483223242938518, -5.57331256455183, -5.59236605399847, -5.464535665750504, -5.354973146855832, -5.131821403026581, -5.255419642627238, -5.906312543570996, -5.885812552511691, -5.6083928372859955, -5.514553521037102, -5.7954196524024, -6.21354471629858, -6.233017875790596, -6.285866080582142, -6.078410667061806, -5.967473195135595, -6.251830352842807, -6.3160446792244915, -6.505446488261223, -6.534758963644505, -6.67301785492897, -6.481455352723598, -6.497258896529674, -7.103258830368519, -7.335848119080067], [-7.306972898721694, -10.190893408298491, -11.0475811316967, -11.932983133792877, -10.484071960926057, -9.81630389547348, -9.326678817272185, -9.413179018497466, -10.302286358356476, -11.464741890668869, -11.910554522514346, -9.91200048685074, -9.352830710172654, -10.95657209634781, -12.35969741153717, -11.538464979648591, -11.603509627103806, -10.654330693483352, -10.780330837011338, -11.29595596051216, -12.028152578115463, -12.848420594453811, -12.50504546904564, -11.992714897155762, -11.7488756108284, -11.280616474390031, -10.826991182088852, -11.201678645133972], [-18.37325, -21.508812499999998, -19.542250000000003, -18.79175, -20.500687499999998, -21.8966875, -21.855124999999997, -20.721625, -19.880125, -19.5439375, -19.168124999999996, -20.241999999999997, -21.182625, -20.250187500000003, -18.834875000000004, -20.2786875, -20.7049375, -21.5745625, -22.5064375, -21.228749999999998, -19.9391875, -19.553874999999998, -20.126562500000002, -21.669687500000002, -21.093374999999998, -22.5598125, -22.4766875, -23.2205625], [-17.304476559877397, -20.976272113800047, -17.82064630746841, -13.482136266469954, -21.248236340999608, -25.734192589998244, -34.5162576379776, -23.080067298650743, -19.691396832942964, -15.475859980106355, -14.88185978937149, -24.023228076696395, -26.17555000472069, -19.18058408999443, -13.701895065784456, -20.7319325299263, -19.614003553390503, -29.86322029685974, -23.569343911647795, -21.775950660228727, -17.745387138605114, -15.77146690750122, -17.753717363357545, -21.23566454219818, -20.63636085176468, -24.895460022687914, -34.4532745347023, -34.37962240052223], [-17.39437794589996, -14.93077421283722, -13.784147835731504, -13.381101836681365, -16.71764956855774, -16.331516170978546, -18.74458115005493, -16.27024832201004, -15.620765427112577, -15.490459930896758, -13.631146357536316, -17.217479356288912, -17.890016479969027, -17.915121839046478, -14.735118602275849, -17.82316569519043, -17.682988476753234, -16.6326742978096, -18.764427140712737, -19.00148038625717, -17.63395140838623, -16.55077116203308, -17.693085320949553, -20.671979421138765, -19.265729460239413, -22.11040031814575, -24.51021394586563, -23.354721783638], [-12.784550126552583, -14.330862185239791, -14.513798149585725, -14.786947031259537, -13.84613960170746, -15.782052697181701, -14.336427824497223, -12.754184615373612, -13.111754722356796, -12.990573928117751, -14.310136684894562, -13.169005758047104, -12.939007742166519, -11.976083777427675, -14.44839428973198, -12.682629193067552, -14.302102613449097, -15.13370418524742, -13.436202452898026, -12.567326375722885, -13.486717014551164, -14.224751083135605, -13.652439868450166, -13.20382586503029, -13.217389053821565, -13.224426431179047, -14.67186669421196, -14.977813092947006], [-13.89450332927704, -19.306079231262206, -22.953451616287232, -22.12740196990967, -20.058177563667297, -17.208545215606687, -15.899046792984006, -19.02344505214691, -20.35832762145996, -23.776878974914553, -23.95000658226013, -17.578713345527646, -14.706179358482359, -19.355185386657716, -23.354496474266053, -21.941023038864135, -19.517587557792663, -15.979715247154235, -18.68446396160126, -19.544203859329222, -22.685969844818114, -26.273620255470277, -23.359684036254883, -21.48813136672974, -20.41740831851959, -19.197088774681088, -14.052906023025512, -14.118566749572754], [-23.376739490032197, -25.487159469604492, -25.138848330020906, -26.19883200216293, -27.374846562862395, -27.105568630218507, -28.90137956190109, -26.64685509586334, -25.789186264514925, -25.369098848819732, -26.964286316871643, -25.742230286598208, -26.92522888946533, -27.001338405609133, -24.38065416860581, -26.765597739696503, -25.991382883548738, -26.35332782793045, -28.796828446865085, -27.90289152622223, -27.80068765878677, -29.410126704216005, -28.98043760061264, -29.430641821861265, -29.51727520895004, -31.88127430009842, -34.3112713189125, -34.509351845741264], [-38.043113074779505, -36.945272248268125, -35.84446585512162, -36.53203170394898, -40.104642081260685, -38.32590156793595, -38.62921007537841, -37.38988457727432, -38.470788815498345, -40.766306163787846, -38.598251759052275, -40.959672798633584, -40.590208814144134, -42.036089406967164, -38.525603846549984, -41.30683347940445, -39.51956416034698, -41.164914341926576, -42.130157695770265, -44.96972881412506, -43.39609220504761, -44.4326903758049, -43.02937761974335, -44.50893316888809, -45.11508643150329, -46.918293011665334, -39.084556392669676, -42.248199682235715], [-41.881125, -44.777125, -46.4321875, -42.3248125, -42.548812500000004, -43.76225, -42.203, -40.1150625, -39.631625, -42.067062500000006, -44.8530625, -41.4150625, -40.38012499999999, -39.9316875, -42.635437499999995, -43.4924375, -42.60725, -41.2691875, -43.119812499999995, -42.307812500000004, -42.619, -44.0193125, -45.299875, -43.88575, -42.4791875, -42.9573125, -44.2881875, -44.8031875], [-35.5442138671875, -39.76327492380142, -39.01565155744552, -39.892776159763336, -37.30841666603087, -35.01621017408371, -36.91664490890503, -35.839040444374085, -35.93103508615494, -38.35602015495301, -40.14789194774628, -37.706943915843965, -37.75741571903229, -38.45476894760131, -40.50289302062988, -38.956598477363585, -40.57753320646286, -37.51213185214996, -39.33919451379776, -40.660179121971126, -40.6663725399971, -41.54126173830033, -40.61457732105255, -38.13913224983215, -39.14691770744324, -37.70566077566147, -40.279153188228605, -43.43026811504364], [-38.262580802440645, -44.51554470586777, -38.84404350996017, -39.50457055282593, -41.31302534627914, -37.62283882427215, -38.68221285057068, -38.07764419460297, -37.37704353380204, -39.38952648878097, -42.62940121603012, -37.54022262811661, -37.28537385463715, -34.65690045976638, -39.1459635477066, -41.27813306093216, -36.794150909900665, -34.86023036670685, -40.69623121547699, -36.135383418560025, -40.094472206592556, -41.25741844034195, -42.56666885328293, -40.62333899021149, -38.88767746543884, -42.53994271659852, -44.493132984638216, -43.707077188968654], [-46.659815440177915, -50.751636260032654, -51.103758284568784, -50.6165779209137, -54.32581627368927, -53.85498348045349, -52.223169289588924, -50.509340839385985, -52.47135096645355, -52.8147359752655, -52.70542012882233, -55.475401194572456, -57.60266676616669, -54.77252401256561, -52.363532574653625, -53.86702365303039, -52.31622569561004, -49.08968966770172, -51.47956536769867, -53.142395050048826, -54.7294003944397, -54.98983985805511, -54.19652136039734, -54.997410587310796, -55.62810597610474, -55.61939357185364, -53.504582118034364, -56.77331636714936], [-44.19814641189575, -45.51877753829956, -52.21845517063141, -49.133652016639715, -51.19997870159149, -50.865659969329826, -50.95178443717957, -52.493696544647214, -51.02091168785095, -48.364725314140316, -51.383100178718564, 