{"status": 1, "spectogram": [[-33.79746027515007, -57.70387705871767, -59.84337736794657, -48.86571432685852, -56.801909947013364, -57.82633595952939, -54.50818328392264, -55.671326967832975, -58.01664017031877, -58.29666309861504, -59.39871420049667, -60.19602023651653, -61.01145986329051, -60.97850851283281, -60.02929452471592, -62.41362431140574, -63.581325467669274, -61.109856976747515, -59.80949954511442, -62.59236855925335, -58.24478802818918, -57.88016866568418, -61.246693878217684, -62.755794469556086, -63.55107116782665, -59.69401655525343, -60.19649137020596, -49.138864762330705], [-11.706306320944913, -9.19029588237344, -9.417010243853746, -9.497285817146302, -10.117724636447676, -10.073234806595995, -10.114571465015398, -10.987305985236647, -11.740714183466748, -11.834775643251394, -11.47842875289917, -11.391959164638926, -11.981703959163372, -12.297295803508, -12.400255080952967, -12.164101957068135, -12.002653052427323, -12.333999962806702, -12.556173468813592, -12.662275669341177, -12.435041056341053, -12.340245048814964, -12.341489800083355, -12.418193764015005, -12.543000102043152, -12.783194058972963, -12.632969312307836, -13.321010868237929], [-30.835735500853872, -55.769081647672095, -51.952998255218766, -48.045214540481574, -53.0126343292558, -58.62867131705109, -51.370539234754865, -53.71406252878533, -49.80850806361897, -55.77966404076017, -63.52442980957031, -49.69957060786658, -55.976612599353764, -54.64686683800559, -57.472413721803484, -53.97565247504568, -54.57058177535411, -53.8882135105133, -50.75137869077821, -50.36471173286382, -55.39316032374665, -53.147185103125516, -57.078777893105226, -55.976482225222604, -56.89642579269409, -56.68882701091318, -53.35934459036148, -48.711714467690456], [-21.306929222345353, -22.556000084757805, -25.237285767793654, -28.8945, -30.872285391092305, -32.42778498697281, -26.44999915075302, -22.94778544855118, -27.233427192211153, -34.321573236465454, -38.306, -29.049858201026915, -27.790714941024778, -25.98000089263916, -27.692215972900392, -28.722071146011352, -25.467713893890384, -25.1815, -28.045999361991885, -31.994569910049442, -34.06871464538574, -32.19936194610596, -26.762498544692992, -27.050495010375975, -32.385999999999996, -38.50871101188659, -33.56943145370484, -28.116712882995607], [-12.258901514170216, -18.604841053538088, -11.808186629548336, -7.922002056121826, -5.2415928868468695, -5.929951237873378, -13.056452855918078, -30.602416550101456, -16.02479228128779, -7.3819799453966555, -5.4166434993743895, -13.744479937903208, -16.939500966752902, -24.529459246108857, -17.921366750541154, -16.429402128609105, -26.073394872276637, -28.148719821929934, -20.36829068756137, -14.438185970695775, -14.281175060019205, -16.244363731071612, -27.948601711196492, -25.938632666571813, -14.71257341003418, -10.936837284710695, -16.306598208445568, -26.468740460999296], [-24.60938747948435, -38.45457691844403, -39.086721576379276, -37.46871327972412, -37.73902821569998, -42.29900071464287, -38.66285711342926, -39.30641679767748, -44.88602394358007, -41.79524494813461, -43.19235869216919, -45.26279596897123, -43.88636244361345, -38.06598565953487, -42.903866504086736, -42.85353996288539, -41.780977618977204, -42.0784962348938, -40.06756287564932, -42.59556203028485, -46.205414785970035, -45.35188985754858, -45.44950561710389, -46.82861398762594, -46.53478416061401, -44.74178043910186, -47.50940607732686, -45.35125708832877], [-5.4410392913529355, -1.5957313562022222, -2.642279072625195, -4.837632452011109, -10.547184654615503, -8.605584780442248, -4.3823607186210305, -4.415192195834228, -5.462166501134465, -12.387147239331885, -15.008835910797119, -7.336655487117506, -6.867310155478524, -7.385802599418726, -7.7919643076264915, -8.057513263897985, -7.7178646750747095, -8.016140789031983, -8.802381959118012, -11.537661752857232, -13.267507101662789, -12.495134374340765, -11.210996564322217, -10.821640020650063, -12.656774534225464, -19.232889272216546, -15.462274778361264, -13.727966078739716], [-26.72035092171036, -44.248303278049704, -35.63812490766132, -29.973302825927735, -25.649605891902706, -26.622166849272833, -35.67713973897687, -46.87831684598143, -41.572372450923616, -26.16081259492001, -22.668159210205076, -36.332913072532, -47.373384743797615, -44.09067544217524, -42.08223895038955, -44.348458522484755, -47.76837330977491, -47.65350106048584, -42.659428414344596, -36.136003654518014, -36.22679477517579, -41.06563968854159, -57.554624107974064, -47.382518772904476, -37.07851842498779, -30.447120324151385, -40.27175845730919, -53.13255462273479], [-38.65440740414505, -42.12819692043831, -40.13447020848922, -40.81228372955322, -34.94184994953059, -41.53501238760795, -44.06444775628176, -47.78273573118332, -47.37420218328585, -38.56003181373681, -36.58827503967285, -43.96496489713448, -47.18483467845219, -40.976618303963406, -46.498541451572535, -51.746472532389596, -48.24921248586004, -47.265572883605955, -45.025571484838416, -45.11844132801102, -47.968926270617914, -51.80616810818641, -47.025355405809336, -54.42781472362664, -48.61378551864624, -45.37481239797162, -50.876076613247086, -50.683478616517945], [-35.39375187635403, -39.21026701892175, -40.17861565758034, -44.4288904838562, -44.67171614312377, -54.223408814827835, -43.89800317094862, -36.32935781249376, -47.13170969825158, -47.36260615357256, -46.05271830749512, -47.861016573170694, -49.7461044169794, -44.3002243025435, -48.31630072574025, -49.65131738226945, -49.34114090618305, -47.033677864074704, -52.98661918005912, -55.19169440891589, -55.59259401520394, -61.52034957713671, -52.645296115994306, -54.34547290989136, -54.10440370178223, -56.40083688172123, -54.539152365977394, -51.365851336806635], [-41.11435837399959, -42.570142828762535, -45.40935713088513, -49.045, -49.38921391582489, -53.495212937355035, -47.63607085037231, -45.47514303970337, -51.14971112346649, -49.055285608291626, -48.8185, -49.2430717010498, -50.924642517089836, -50.52628678226471, -51.10250325298309, -52.80028498649597, -51.71499938011169, -52.3725, -53.65385623550415, -59.51678400611878, -62.19992857551575, -62.127001926422125, -62.101786500930785, -62.73278884506225, -62.4215, -61.66749952507019, -57.30364333343506, -53.08378041839599], [-41.69747995341056, -56.49992162222407, -49.959848053820295, -41.66105257034302, -35.66424705309311, -37.98220578295597, -50.96273297001242, -58.99827439440584, -57.74454982140898, -37.60992019530942, -35.49242663574219, -53.633631289583825, -61.03642812694223, -61.24772364297582, -59.611877120541216, -62.35689911219555, -63.17476013068967, -65.0036474494934, -65.63832227663531, -63.615697009534415, -60.08313756312495, -59.934506671527345, -61.89520550724384, -63.67988566844987, -57.646198543548586, -51.513601901623424, -59.29273475523447, -67.35792946749565], [-32.31771388831732, -33.86375983368233, -28.769552002882403, -28.299141098022464, -32.833954161322715, -32.65392393432428, -33.9496225684813, -44.560956166530545, -36.89361585799201, -35.83228200667103, -40.9266341972351, -44.16145495498305, -49.79911522059433, -50.344111949491506, -47.16396361839425, -48.527598611483235, -46.747535384607005, -44.570433898925785, -42.99173695256846, -43.42330452475299, -43.06073307656335, -43.4870044138355, -46.23080004933667, -46.11630294256197, -40.5467845878601, -49.63783347981999, -47.01239867984759, -44.28485256607894], [-51.92069431749102, -63.38320767302611, -62.036795907726066, -54.04085183715821, -52.28656080454237, -54.41075627651889, -62.123294863458035, -66.00560266401303, -72.27036589165434, -56.73035670893687, -54.22436154937744, -68.17977183482319, -70.01040133892802, -69.15731210873751, -71.00386484400647, -69.4609920825954, -67.84714494606132, -66.63921021270751, -71.95116088882881, -65.50744338245734, -65.67351487002189, -67.56800474868383, -71.4337983097973, -67.84140116098098, -66.37892139434814, -59.49331909032091, -64.49231919327609, -71.15413866533467], [-55.633938895846455, -71.24693253948392,