{"status": 1, "spectogram": [[-24.429416108780373, -48.89637501795377, -43.87891820633898, -48.157964333951476, -48.28891590998185, -50.97128584183115, -47.10864842793527, -48.94131357824743, -50.59735712806667, -46.84711182553187, -48.00025006842614, -46.33686236584797, -46.666006641411, -47.4819282621826, -50.24443122021941, -47.35593327048305, -49.36080911738717, -48.56948210963607, -45.169834919825504, -47.10276774369099, -49.095267473276216, -48.08473232166995, -48.171992295472016, -48.29003375554626, -50.52535716444254, -48.63831830134254, -49.29561065967895, -33.185743379839174], [-12.022067577986103, -12.482141522766373, -12.100656796423754, -12.595536974191665, -12.290889073391359, -12.301184882791672, -11.08330210397195, -10.594962953219621, -9.604342853093641, -10.526618305542003, -11.91066200387478, -11.810142066914272, -9.874469403553869, -8.47257734351255, -8.236659010249737, -9.605594362358572, -9.15209274021947, -9.30707243180275, -9.083792190872932, -9.12543261624115, -10.070599670796886, -10.899833568636367, -9.722920885200274, -9.711048978841974, -8.61751877439022, -8.113758573111232, -8.466778303737494, -8.364571115964003], [-14.287460239488276, -14.435700772323173, -15.124539112120194, -14.486350804328918, -14.53398591361249, -14.397776940423514, -16.156039100334947, -17.055033256919543, -18.257886756896962, -14.73787937827982, -12.572458574295045, -13.31194459075365, -16.391444629047633, -19.563206527174806, -19.042695731347838, -17.981767050383777, -17.748496134067178, -16.97552811908722, -16.827853014934917, -17.246518065490694, -16.391157265448506, -14.767483346286992, -16.15263733250709, -17.03518228540728, -19.353797756671906, -21.136827937213553, -20.550315615109724, -17.381691924320286], [-25.833857601493598, -40.2157142701149, -39.317696220636364, -41.717375000000004, -40.5351965777874, -38.9129102101326, -35.056750986099246, -37.47421446990967, -39.61796342945099, -36.85033793592453, -40.068625, -34.390948202133174, -33.19243156814575, -38.61494718647003, -45.40635880279541, -38.56912729167938, -39.5985013961792, -38.022, -34.271751537323, -38.24444690227508, -37.80501644706726, -38.26132092666626, -37.709408130645755, -40.39233824729919, -45.003, -42.59253538894653, -42.70319715499878, -30.911937574386595], [-26.491388098708516, -26.615317127280065, -25.821005626002105, -31.02133838701248, -27.342943682407988, -28.072847887817723, -20.935295938987654, -19.409082153271193, -14.635389490322467, -20.39785417835064, -30.535034430503845, -27.053590066443316, -17.327179391546842, -10.334203146000764, -11.589196955718965, -15.994386523926163, -14.501441001958556, -14.880065819740297, -14.210411265976347, -14.737443380279423, -16.042250849423368, -22.011995132214476, -17.324047270142252, -16.55082781732269, -11.67610114002228, -9.848189885889902, -11.129818626927706, -12.364641425254295], [-7.861889435278886, -5.125087455061026, -4.851861622153532, -4.74562623500824, -4.9697999161846, -5.164868869470149, -6.030539014543857, -6.469065128637624, -7.810628349654326, -4.3603044533832, -3.712483202934265, -3.845335424169651, -5.550325433811791, -8.431074613454562, -7.631137886981632, -6.114412330784958, -6.182581916925759, -5.019308842658997, -5.13516802452979, -5.203180651333161, -4.587744683169702, -3.7869659712636494, -4.61507437918344, -5.213011253202625, -7.862043157577514, -10.336350375506038, -10.142261539791333, -9.078262411235773], [-28.275818861425513, -28.02728317734768, -35.719561909704666, -35.063356695652004, -32.995758818918496, -36.24015435615817, -34.71223775940763, -35.61305125289297, -37.99952672948679, -31.118913608159666, -33.26233779525757, -32.76290293015882, -32.5090701355414, -33.28567571328695, -36.24434972778414, -33.06762667434077, -34.50794265878433, -37.20964679431915, -32.49900057766883, -35.26811511352001, -33.51569315786684, -31.259640666076795, -34.999366022238135, -31.7457837618795, -37.471783761024476, -39.71430196728279, -40.031208803739375, -32.868661089998255], [-32.51415611002664, -36.19307885626262, -37.97790109585262, -42.16692347717285, -37.29946236117525, -40.42139246830766, -35.61134228607164, -32.23714889392159, -33.18050080565971, -32.76144385436854, -34.18285281372071, -34.07929037312086, -29.821379025955814, -30.393713166509563, -32.71693368316154, -29.955113902783182, -33.0171204945308, -35.622751180648805, -29.918310057657884, -35.38424912990431, -34.88696604280072, -33.16707992197142, -34.02818009539886, -32.72125255054878, -35.49244176101685, -30.670406838087274, -31.01298117193795, -27.718908389093208], [-25.847389271437564, -35.79830125297331, -33.901581812066034, -34.664487629890445, -35.064068051376665, -32.83211579117486, -29.66478301250742, -26.776875906574958, -23.58607275149302, -27.358304102032143, -33.477702605247494, -33.846880224032326, -26.30362960352121, -18.787275983265346, -19.953715287578287, -24.104444401642404, -23.94912928659175, -23.566529204368592, -24.536527418760087, -24.60822851336834, -25.59128137362719, -28.87506004770215, -26.845544582426633, -24.40475417615822, -19.096312624931336, -18.540230050943663, -19.81148102729052, -21.372308055413363], [-34.48694813298775, -45.9827163034739, -48.51049826703294, -47.8701894569397, -52.89773991170759, -51.46097277122584, -49.94147845143755, -43.24268028994761, -42.15392004473311, -47.96973731514309, -49.330925644874576, -49.63755383584966, -43.71082680897343, -36.28318721226238, -38.04522370139876, -42.30075060190858, -42.66185190060478, -43.297247504234306, -41.45190841608066, -41.6711319662196, -44.9288993229435, -43.98637066215742, -45.89146408554642, -42.77598499670268, -37.42697117328644, -36.32189979664148, -38.17377392817594, -41.22981213451638], [-38.8261080031246, -54.39744644647836, -51.59832124185563, -49.85, -52.89751755356789, -52.16283874559402, -52.45585668563842, -49.455179109573365, -47.76273190069199, -50.26399925613404, -50.40925, -49.218696184158325, -48.058052611351016, -47.313303727149965, -49.58208878803252, -52.109784622192386, -50.113161069869996, -51.503, -49.552484289169314, -51.406570228576655, -50.306191492080686, -53.67118033218384, -52.54294260787964, -49.72464284515381, -49.214875, -51.42905259895325, -49.94765921401977, -50.389805704116824], [-39.89075679716334, -49.613196793332385, -50.75156286729104, -49.88460252857208, -49.707752906317964, -51.14282936110675, -52.90384787508944, -50.7122769478783, -51.37049578884707, -46.81505516374181, -44.76658611869812, -45.747702392872846, -48.6222824741197, -51.95556250509912, -49.462619727660076, -49.820025561076164, -49.04466405742158, -47.453336392402655, -46.034333152851026, -47.423917036913636, -46.47294270653253, -44.92695808006578, -45.3821999292289, -47.44086283340815, -51.09925717449188, -54.48935038175299, -55.46935169149632, -53.27294694577184], [-42.75436107666028, -54.01736771181288, -53.23645895521483, -53.866254306793216, -52.41686666489154, -54.61635999461561, -54.85384328445103, -54.74981228135635, -55.800448488955425, -52.88885841124295, -48.39787940692902, -50.43716221768594, -49.57364647440684, -52.815088683381724, -49.93157742924639, -54.39316490543044, -54.86117176164727, -51.87227989196778, -50.739050302701244, -53.75003308070502, -52.59426449570885, -50.14981055269979, -51.732791123306754, -52.759594558209095, -53.49770907020569, -50.82089392319551, -54.23713665880379, -55.86273989475126], [-41.202561903608164, -49.08702587643693, -50.75115860786254, -49.93318792152405, -49.20195945483339, -49.07593841802897, -47.11704124289219, -45.570062208272034, -43.589213853290424, -47.48604795135897, -46.87175720787049, -46.379434524069026, -42.63850483782357, -41.74694475393811, -40.37455654206578, -43.977059254129074, -45.41979323539141, -41.9395862789154, -40.61925749945911, -40.81569660962893, -43.101489173578884, -43.793305718863316, -40.8612331035405, -44.17646852797174, -45.73801969718933, -43.735747074828254, -45.79815317321481, -45.90410017466143], [-46.705937510208265, -46.57143424776013, -44.283295339915256, 