{"status": 1, "spectogram": [[-23.45662501958013, -34.07829469971358, -31.25873223334551, -34.614044686391956, -39.72987495568395, -35.62694650113582, -34.73094655328988, -35.291723297312856, -32.73170544926822, -33.68675909383595, -33.52094655805826, -38.42565182562173, -36.10157154378295, -32.85747340743244, -34.213723403885965, -33.68779484166205, -34.89162516051531, -33.99415194307268, -34.78177699767053, -37.16282156193257, -32.7888127220422, -33.21099120523036, -35.407866096034645, -33.31944652193785, -37.07010720562935, -32.28208042408526, -37.080205476418136, -34.6463571999073], [-25.691750541090965, -28.20836711126566, -29.94624221843481, -27.91028669416904, -29.090787162661556, -28.4955992628932, -28.206099121391773, -28.913536812543867, -29.59300993460417, -28.306241886436936, -29.684867120683194, -28.355036898016927, -29.01525116848945, -31.224251285791397, -28.240438378393648, -28.844866990983483, -28.945474317133428, -28.521697394013408, -29.73044768714905, -27.626340286135672, -30.205429616451266, -29.700634940922257, -28.190447491168975, -29.70390288585424, -28.252501075983048, -28.742286662697794, -28.178911833286286, -27.014438326895238], [-13.668768965244293, -23.067174018144613, -26.625424790620805, -22.142655977487568, -18.15721752786637, -22.156137967824936, -23.931138439893722, -23.650968698024748, -27.194558797836304, -26.770639045953747, -25.60882633829117, -19.953494694948198, -22.640763170957566, -29.05312177824974, -25.727120967626572, -26.24079966568947, -24.248906404256818, -25.866879965782164, -23.7803795337677, -21.242048557043077, -30.445854145288465, -27.41404094362259, -22.31360230231285, -26.632174609422684, -21.624423555135728, -27.8156391851902, -21.346387864828113, -22.962138105630874], [-7.541874999999999, -14.307250000000002, -16.58575, -13.854687499999999, -10.958375, -13.584125, -14.31475, -14.5735625, -16.0450625, -16.080000000000002, -15.596562500000001, -11.929437499999999, -13.69875, -15.898125, -15.444875, -15.655750000000001, -14.1584375, -15.034312499999999, -14.0621875, -12.7533125, -17.2635, -16.411250000000003, -13.220125000000001, -15.3829375, -12.953375000000001, -15.778875000000001, -12.2548125, -13.313875], [-3.825097865819931, -1.6200065591335298, -4.8866303765773775, -2.6774441146850587, -1.5910343141555785, -2.1842389714717867, -3.0595508260726927, -3.7925064237117767, -4.789710800647735, -5.145023545980454, -4.341836065769195, -3.423426753997803, -2.861426197528839, -4.823371231079102, -4.3070592920780175, -4.97086267209053, -3.2775239555835722, -4.25038090968132, -3.5778810718059537, -3.195694295406341, -6.26059435391426, -5.949300282478332, -3.3678013415336605, -4.761478940010071, -3.8696407465934755, -4.481005697011947, -3.0913816688060765, -3.2810688881874084], [-9.239270276069641, -8.327171258449553, -10.121107100486755, -10.37863682603836, -12.878246762752532, -10.632547075748443, -10.34304621744156, -11.71200226020813, -11.387053665161131, -12.073223633289338, -11.519911026000976, -15.74446935749054, -12.827993334293366, -12.573017864227294, -12.622393253326415, -13.231125575065613, -12.512679936408995, -13.15775069999695, -12.789501230239868, -14.842029456615448, -13.689740226268768, -14.77733095216751, -15.019895719528199, -14.139268634796142, -15.882030049800873, -13.525384796619417, -13.681761546611785, -13.302537817001344], [-25.061994132995604, -15.442037945270537, -14.617848769426345, -16.846637869119647, -23.163205004692077, -20.068315776586534, -19.183564792394638, -20.691235422611236, -19.34967014813423, -19.86766176652908, -17.328661672115324, -24.737569314241412, -19.3928960146904, -19.014437881231306, -19.437563413381575, -17.658019222259522, -18.600189798116684, -16.923179409503938, -17.64799332356453, -19.596834280729293, -18.64219564914703, -19.382153088808057, -20.958093739509582, -19.42620670580864, -20.98285276341438, -19.769323447227478, -19.127637987852097, -17.988949578762053], [-15.96356303882599, -8.417826746940612, -5.126133924484253, -9.080952877998353, -16.498504828453065, -12.405136701583864, -6.848823943138123, -10.131015140533446, -7.422796045303345, -8.401082096099852, -7.870957519531251, -13.505594527244568, -11.686416907310484, -7.684848474502564, -7.757663659095764, -6.912947726249695, -7.354548999786377, -6.756163342475891, -6.484100860595703, -10.340900935173035, -6.5135800075531005, -7.946135885238648, -10.55276593208313, -7.901851531982422, -10.771989727973938, -7.375146018028259, -7.269896426200866, -7.845871088027954], [-27.461199550151825, -19.820785113334654, -17.33753773021698, -21.520373651504514, -28.116424841880796, -25.267426900863647, -19.894991438388825, -22.44046302318573, -20.691635423183442, -21.807126284599306, -22.061625794410705, -27.29618465280533, -24.073320275306703, -21.32940380907059, -21.475215267181397, -22.75517981624603, -22.992732003211977, -22.27460788345337, -22.978669788837433, -24.87772143316269, -21.994243747234343, -22.734072668075562, -25.245069731712338, -22.072259588718417, -25.545569439888, -21.58076898384094, -24.36157878160477, -23.266053298950194], [-26.726893730163575, -28.39337691068649, -36.40930279636383, -28.28036121034622, -26.871399274826054, -29.644586429595943, -30.44914225053787, -30.212734734058376, -34.48790460348129, -35.49501147413254, -34.004637830257415, -28.62707228279114, -30.665646058559417, -37.18659861326218, -37.03485248994827, -37.27528875255584, -34.82773168420792, -37.53011986398697, -34.81637462186813, -30.675828224658964, -43.67786248540879, -39.18980471897125, -31.341130077838898, -36.32839883899689, -31.03876507091522, -38.75771924495697, -32.65185331439972, -35.96098458528519], [-39.67337499999999, -41.251625000000004, -37.987875, -42.515375000000006, -44.47525, -39.3221875, -40.5804375, -42.699937500000004, -37.3569375, -37.9539375, -39.0371875, -42.141875, -42.840875, -36.6941875, -39.2404375, -37.607, -41.105000000000004, -39.095687500000004, -41.067062500000006, -41.762125, -36.4213125, -42.622375, -46.61806249999999, -40.775375, -44.3946875, -39.253625, -39.771625, -38.70725], [-36.0641702876091, -43.642221810817716, -39.69291468811035, -42.470912954330444, -39.54489436244965, -45.51772068405151, -46.275778765201565, -46.58758436346054, -47.16157402420044, -47.30631796216964, -48.717754061698905, -48.792898547649386, -49.98963147592544, -45.82966588687896, -45.39966525745392, -46.10423638439179, -47.280473081111914, -50.57668522024155, -46.89456382226944, -48.1861923956871, -45.79249087047577, -49.31039605808258, -52.78120266294479, -48.02983366250992, -50.95886004829407, -47.94117037248611, -43.692990341186515, -46.637313478946695], [-28.816488523960118, -30.064328830242157, -26.64033241891861, -31.37984428739548, -30.850613617420194, -31.266937844753265, -28.63069045114517, -31.95136659669876, -31.073102462291715, -33.53276230478287, -30.10888801240921, -33.6366346411705, -33.4627141084671, -30.858372580051423, -31.189744583606718, -30.030575773239136, -29.68735030889511, -30.045673114299774, -29.58517165327072, -33.07676659965515, -29.729657695293426, -32.946948949813844, -33.11525834608078, -31.533548151493072, -32.546063063144686, -30.203931243896484, -31.529429078102112, -30.74910742378235], [-45.33628728199005, -43.334434718132016, -45.66006128406525, -49.83615775680542, -49.38343040370942, -48.74293507480621, -48.6795615682602, -47.89890972518921, -45.065795742988584, -44.71257371902466, -44.55332290458679, -46.748885220527654, -45.53879593944549, -43.68930804061889, -45.51780704689026, -42.997076604843144, -45.70758981704713, -45.049753200531, -44.54768966007232, -46.63695524120331, -43.8694686126709, -44.49153968238831, -47.1407873134613, -46.12864536857605, -45.997632178306574, -43.12766278266907, -42.7507226266861, -45.00972306537628], [-39.57876940727234, -39.06536723995208, -38.30824551868439, -38.28312833023071, -42.386796973228456, -41.31968772220612, -41.48181306171418, -40.141251047134396, -42.341187466621406, -41.60314347457886, -42.55664034461975, 