{"status": 1, "spectogram": [[-34.64434828568995, -48.131901852264996, -49.669964378535745, -49.58400889371335, -50.263339304298164, -51.74727692587673, -51.8585268496722, -50.42325005003811, -50.40321434277296, -51.23114291134477, -51.364580477580425, -51.08943762020767, -51.65158939838409, -50.76028582990169, -50.80616085913777, -52.44683946874738, -51.95534829561413, -51.254705361530185, -51.15314285457134, -52.88847325892747, -51.263732142627234, -52.337223268643015, -50.775160766750574, -51.89037503400445, -51.545026885584, -53.16408943945169, -52.22746426939965, -53.01094636645914], [-24.064402697741983, -30.940733677983282, -31.245358739256858, -30.97517118817568, -32.136796403467656, -30.467456856071948, -30.74576943552494, -31.014662334918974, -31.030858695626257, -30.741322882533076, -32.2210730714798, -32.41647481638193, -32.831805139303206, -31.18191195511818, -33.361787512421614, -31.197385403931143, -31.9043408588171, -31.73009094107151, -31.7808409986496, -31.244617658913135, -31.31776948428154, -32.10550170874596, -32.886438873708244, -33.24651053184271, -31.515028338253497, -30.809376694083213, -30.371126760363577, -29.599858762621878], [-16.602213691711427, -16.44359865164757, -16.232161070346834, -16.381919907808303, -16.715785939216616, -16.591053689956667, -16.26180364084244, -16.05937505531311, -16.39955378484726, -17.072661030769346, -17.503348626852034, -17.84483091044426, -18.223911346912384, -18.004438076257706, -17.62368790650368, -17.375205616712574, -17.404634192228322, -17.08588401532173, -17.083321391582487, -17.010758915662766, -16.802839208602904, -17.147000051975247, -18.947563230276106, -18.011696895599368, -17.20512511873245, -16.349937237977983, -15.631374525070191, -15.81356203722954], [-14.7161875, -13.736875000000001, -13.885625000000001, -14.5393125, -15.0373125, -15.4875625, -15.6756875, -15.742, -15.114375, -14.185875, -14.223062500000001, -14.024125000000002, -14.026124999999999, -14.1705625, -14.70475, -15.5681875, -15.661874999999998, -16.3639375, -17.1685, -17.5594375, -17.714937499999998, -17.53225, -16.4345625, -16.168625, -16.686625, -17.613500000000002, -18.323125, -17.9535625], [-21.401674981355665, -19.45486215925217, -20.82711236858368, -27.59800672388077, -30.19169450736046, -30.95302473497391, -35.926026058673855, -28.477577216625214, -30.164944458246232, -25.175113162994386, -21.371799830675123, -18.056897329807278, -16.391084455728528, -17.080450568676, -18.121638105630876, -29.29892627930641, -27.506604145765305, -35.983954182624814, -32.5939522843361, -34.32892617249488, -31.81626433539391, -31.849943115472797, -19.217753348350527, -23.246888434648515, -26.57204947400093, -25.52085112404823, -29.383039088249205, -31.89102234792709], [-28.09331135892868, -33.73932139682769, -31.223006698131563, -34.766131444454196, -37.13564958715438, -41.07407893133163, -41.65726810359955, -32.855509799480444, -34.12625795984268, -34.01763969039917, -37.394076204776766, -33.96558619213104, -36.675659120559686, -34.41877821016312, -34.85402563524246, -34.94013337469101, -37.56422322130203, -35.092079783916475, -33.78664089012146, -38.74203564834595, -37.98446087837219, -35.61719239044189, -34.5070709810257, -37.349946766853336, -36.76301060533524, -30.826673542022704, -29.920234534740448, -28.624360117435458], [-17.140105890750885, -28.459756941080094, -29.797189809799196, -27.732659869909288, -27.97188177251816, -26.917434375286106, -26.90361888051033, -26.12589181923866, -29.1320690100193, -30.098407571077345, -30.98316474366188, -33.14018090033531, -34.61245116829872, -33.40446381425858, -32.087271575689314, -30.921108162641524, -31.684132148742673, -29.951861693382263, -27.9997353515625, -28.49816063666344, -27.719388181447982, -29.382719878673555, -33.17229294657707, -34.525488090753555, -28.79986985301971, -22.220362328529358, -19.90136130142212, -20.080226711034776], [-8.570576046943664, -10.631561784744262, -11.064374648094176, -10.236680022239685, -11.086171434402466, -10.792914233207703, -9.891665007591248, -10.366397223472594, -11.016243532180786, -11.023822669029236, -12.907196002006533, -14.418346395492556, -15.945121830940245, -16.010050808906556, -14.27542778301239, -12.772956636428834, -12.655037316322325, -12.044708911895752, -12.700961141586303, -12.572067861557008, -12.362827918052673, -12.39409431362152, -20.09852281951904, -17.548418184280397, -13.464619308471681, -11.412714475631715, -10.31859213066101, -10.501645982742309], [-27.92140371847153, -30.046017377376558, -29.504329235076906, -27.507086772441863, -29.35721188402176, -27.806014319896697, -27.334139160633086, -27.682326516151427, -28.36408659029007, -28.80959600067139, -31.551722379684453, -32.43516100740433, -33.446152764320374, -32.03056188678742, -31.51974828290939, -32.441291991233825, -32.91766709518432, -33.696166212081906, -33.19229045391083, -31.143165549278258, -31.030887613773345, -33.2850674738884, -37.89294225645065, -35.94590016269684, -31.301898101806643, -30.354778474330903, -29.594777641773224, -29.24912602329254], [-37.412490532875054, -52.854473598480226, -51.85034792613984, -49.53708629703522, -53.41666243314744, -48.449054753303535, -50.09842975330353, -51.620547217845925, -48.319394398689276, -54.02384978294373, -51.379668012142176, -55.328063186645515, -52.18032455587387, -50.89068112611771, -53.34842655706406, -51.39740613651276, -51.75404939174652, -50.10504491758347, -50.662547924518584, -50.75649709272385, -52.59810519933701, -51.50069467592239, -52.23437717914581, -55.65227631282807, -49.00139462184906, -43.28202275514602, -38.54296393871307, -39.17455268001556], [-41.4648125, -45.747437500000004, -48.2420625, -49.792, -54.2280625, -49.228, -49.731125000000006, -49.159437499999996, -47.6695, -46.92, -47.6195625, -47.1365, -45.0075625, -47.0296875, -49.6665, -51.65056249999999, -52.6435625, -51.473187499999995, -50.005812500000005, -49.249624999999995, -53.403625, -55.1123125, -55.041875000000005, -48.763875, -51.7613125, -49.07362499999999, -48.291374999999995, -48.09462499999999], [-46.29857907152176, -46.659542112350465, -45.26029263019562, -44.38296271753311, -46.870154913425445, -44.991905025005344, -42.740105352401734, -42.07054755735397, -43.1869012465477, -46.63689421653748, -48.53301919651032, -49.5641239156723, -51.887666699409486, -49.723533629417425, -49.788347052097315, -49.775076482772825, -48.31650934696197, -48.073660561084736, -49.17016080427169, -48.26570886421203, -45.92087061786652, -46.397902865409854, -53.83312547683716, -50.14268052387237, -46.56610469436646, -44.42914873743057, -49.58588580846787, -53.52978410434723], [-39.05699694728851, -40.540675812721254, -44.46511471605301, -42.247605854988095, -43.520311711788175, -46.19329179048538, -43.00979434823989, -43.41509792470932, -41.39090168046951, -38.47425676298142, -39.960568775177, -44.54990738773346, -39.34139700841904, -37.62409375333786, -40.04003297710419, -36.721882994174955, -39.3108831076622, -40.14503544998169, -42.43197314310074, -46.20684635400772, -45.54606212472916, -40.52984886407852, -42.83615832901001, -45.95921947145462, -44.25801659297943, -40.674867603778836, -41.00542684173583, -46.10305153560638], [-53.92827326202392, -58.33707671356201, -61.711133690834046, -59.85798585891724, -57.92246946525574, -58.88289559173584, -60.001146446228034, -62.46372540378571, -62.53109410667419, -63.40056575679779, -55.61956688022613, -52.75967933273315, -57.49071458816529, -60.42151368808746, -58.56770109176635, -59.36874682712555, -57.410248248100274, -57.51365055656433, -55.510960534095766, -54.81602339935303, -52.49306848239898, -52.57248071956634, -53.40484756755829, -57.301575526237485, -54.544745091438294, -59.87541754817963, -60.64492640209198, -56.501901104927065], [-54.6438856420517, -52.77656721973419, -51.49700485610962, -55.24613841915131, -56.59495684719086, -55.74358006572723, -58.97670501232147, -59.32946520233154, -63.01111136722565, -58.63509930706023, -53.34784969615936, -54.11036660480499, 