{"status": 0, "spectogram": [[-6.635259103611112, -9.060518268793821, -9.034393262892962, -9.577429001957178, -9.82672366757691, -9.065152170255779, -9.26683967682719, -8.726000373482703, -8.829089658439159, -8.868589661687613, -8.558964629083873, -9.084580719932914, -9.632536100149155, -10.156884360417722, -9.398634338960052, -9.966268305361272, -9.967125439912081, -10.346429032415152, -10.72492904344201, -10.058946861237288, -9.493259328052401, -9.43847361408174, -9.590286119818687, -9.747491492226718, -9.445982529610395, -9.612750383287668, -10.319062906876207, -11.143759400621057], [-5.744803702354432, -5.198919808089733, -5.221169817507267, -5.103169780790806, -5.215062618672848, -5.346634116590024, -5.457696596384048, -5.422893077850342, -5.92535736978054, -6.227348424851895, -6.6895984756350515, -6.931696648716927, -6.7622591287493705, -6.373375141739846, -6.311687658011913, -6.4670893912315375, -6.4506608310937885, -6.403660783171654, -6.214035784721375, -6.6483929901123044, -6.8219197835326195, -6.692669791400433, -6.669732301712036, -6.736571586370468, -7.273866263926029, -7.65935732614994, -7.394044784724712, -7.281169744431972], [-13.300955438375473, -15.345635452985762, -15.399322978496551, -14.800644246578218, -14.266688753366472, -15.929796320199964, -15.205296216726303, -16.897448344707488, -17.21132339477539, -16.814626819610595, -18.10593961405754, -16.86393042945862, -16.13293028688431, -15.1048675096035, -15.972242648839948, -14.425867235422135, -14.71878698730469, -13.308108042240143, -13.192108144283296, -15.031492467164993, -15.61973357963562, -15.960501440525055, -15.869001469135286, -15.875376493453977, -16.876367804765703, -16.451689091444017, -15.356563886404038, -14.511617216825483], [-10.354125, -12.2511875, -12.4498125, -11.846499999999999, -11.8976875, -11.9696875, -11.7833125, -12.3584375, -13.096375, -13.171062500000001, -13.951999999999998, -14.2868125, -13.256, -12.688375, -13.5375625, -13.901687500000001, -13.3780625, -14.198125000000001, -13.3436875, -13.392124999999998, -13.943312500000001, -14.243500000000001, -13.945562500000001, -13.942, -14.7906875, -15.4561875, -14.24825, -13.9836875], [-5.44662656545639, -4.148036761760712, -3.897474196195602, -4.840581717729568, -6.557644580841064, -3.3939472064971925, -3.292634869337082, -2.8625896592140196, -3.6894824757575995, -4.604902320623397, -5.609089257717132, -6.395705801725388, -5.717723850011826, -6.425010144472122, -6.667197381496429, -10.73028770494461, -9.234216005325317, -12.696172316312792, -10.582922213315964, -7.823081674814224, -8.23902802491188, -7.629956594705582, -6.391518969058991, -6.872340409755706, -7.150116750478745, -8.470447285175325, -8.755760369062424, -9.9472965567112], [-8.626625790596007, -9.092196615219116, -9.40407153701782, -10.443036681175233, -10.4644302816391, -11.12752660036087, -10.127214009284973, -12.28181984424591, -11.159043001651764, -10.167275797367095, -10.74971206188202, -10.453105849266052, -10.116374249458314, -10.796036089897157, -11.827723117351532, -11.203654270648956, -11.609662479400637, -13.585297720432282, -14.76754785680771, -12.390366747379302, -11.404330970287322, -13.807358205795289, -13.84835810279846, -12.455812655925751, -11.92938320684433, -11.901508807659148, -12.897947545051574, -13.782805772781373], [-15.359508865356446, -16.97288998413086, -16.716018968105317, -13.145419381618499, -12.00907012438774, -17.05571062016487, -16.811708610296247, -18.934691798210146, -19.286523236513137, -17.684537130117416, -21.74748357439041, -21.356073144197463, -19.82094494128227, -17.337198567867283, -16.11082959461212, -14.51631054544449, -15.564718170642852, -13.12707100558281, -11.5604472386837, -16.513477720975875, -16.887120947599414, -16.34950946044922, -15.976010164260865, -16.362219489574432, -19.7259714307785, -19.880836492776872, -16.727896487236023, -14.059408822774888], [-9.241620462417604, -10.156679444313049, -10.501243412017821, -11.070843620300291, -13.623652096748351, -9.936601327896119, -9.420474401474, -8.92810354232788, -8.907298713684082, -9.895459657669068, -9.580020228385925, -12.684987374305724, -12.524896763801575, -13.263312696456909, -12.493501265525818, -16.88134522342682, -16.441152939796446, -20.232569699287417, -21.185692488670348, -15.18303292942047, -14.87147899532318, -14.657916482925415, -13.900791570663454, -13.830106385231018, -14.062228008270264, -15.30901153373718, -16.09194159603119, -17.258668166160582], [-21.434902421474458, -21.867308764457704, -24.128808415412905, -23.593048775196078, -23.156896450042723, -22.71436223602295, -22.4178625125885, -23.80610320520401, -23.159558444023133, -24.472541242599487, -24.282977508068086, -24.55921169424057, -24.41148814678192, -23.880183897018433, -23.157119907855986, -20.614556683540346, -21.23582528591156, -22.36791178035736, -24.368850137233736, -23.154826241493225, -21.62286190891266, -21.73500483036041, -21.195816892147064, -22.428291115760807, -22.905121942043305, -23.637086377620697, -22.921709743976592, -23.13255632781982], [-25.307087739944457, -28.30666085004807, -28.902348465919495, -27.884122253894805, -30.91370322227478, -29.526328385353093, -28.654267254352572, -29.372608060836793, -31.936144062042235, -31.26682419681549, -31.478318263053893, -30.433439878940582, -29.99028994655609, -29.809071951389313, -29.128942619800565, -30.034778225898744, -29.127485049724584, -31.493677262783052, -33.106986634254454, -30.31145440387726, -29.938377160549162, -27.077455139160154, -27.151077858924868, -29.196794272422792, -29.34232609081268, -29.927881611824038, -31.351635900497442, -33.76146059751511], [-31.73025, -37.1695625, -36.071, -34.9573125, -36.7695625, -35.465875, -35.1346875, -36.041250000000005, -36.384874999999994, -37.2164375, -36.2224375, -37.2186875, -37.5720625, -37.680875, -36.7590625, -36.831125, -35.8049375, -36.716687500000006, -38.040125, -37.36725, -37.8575, -35.575374999999994, -35.416124999999994, -36.585687500000006, -37.974374999999995, -38.2908125, -38.090875, -38.52875], [-36.80234873437881, -41.301076136112215, -41.009137962341306, -40.441720830440524, -41.333805869579315, -40.251353989601135, -39.79485345458985, -39.16118862867355, -41.09017975711823, -42.08904442644119, -41.23267305707932, -42.08654476976395, -42.34451517391205, -41.900253547191625, -45.442131928920745, -42.80520887756347, -42.48713634872437, -40.98919627857209, -40.56131963634491, -45.42298608160019, -43.81102187108994, -44.05795839691161, -42.32420975017547, -43.689754777431475, -44.960774506092065, -46.4534605998993, -45.48127123594284, -44.291902935981746], [-30.18968011665344, -29.644840467453, -30.01959047985077, -31.302510856151578, -29.452188363552093, -30.49915409517288, -28.385779703617096, -30.48065390062332, -31.035073677062986, -30.74662701702118, -31.51106476354599, -30.522537687301636, -31.72094767189026, -31.923570967674255, -32.32126195573807, -31.898722804546356, -31.649392606735226, -34.15637515926362, -32.691375387191776, -33.50163507032394, -33.355232273101805, -30.71401010465622, -32.334696600914, -33.03778672409057, -32.40640367174149, -33.7160486035347, -32.33454470777511, -32.69058898162842], [-38.32556484508514, -39.79280609893799, -40.189617831230166, -39.79268187332153, -41.28150175094605, -41.32961798763275, -40.05724400615692, -40.37028874588013, -44.73368138885498, -44.891708014488216, -46.82564615631103, -46.24438696193695, -44.290189873695375, -45.436376123428346, -45.25631536006927, -45.51036668109893, -44.66041319465638, -46.1681726179123, -45.803673687934875, -46.12084190177917, -47.23610947418212, -45.05701898002625, -45.202397047042844, -44.415235124588015, -47.0863846654892, -47.94298383903504, -45.2796088886261, -46.96108224201203], [-42.97399843025207, -44.86887740516663, -45.806688796043396, -46.60204516887666, -44.99035911560059, -44.49175155639649, -44.23206242847442, -43.37291418838501, -47.158352540016175, -50.232797856330876, -48.749296973228454, -50.512600859642035, -46.83199464893341, 