{"status": 0, "spectogram": [[-26.81607140982151, -48.489035674065356, -47.489160551071166, -48.54556231279672, -50.44770525060594, -48.013035558015105, -45.762973081693055, -47.430794418200854, -45.24449096788466, -47.910821388334035, -49.88450884644686, -51.82875882850587, -48.44077669684589, -47.02702657468617, -48.046776607260114, -48.289749793261294, -48.941758843258015, -48.17592835083604, -48.167553386121995, -49.90228560450674, -51.5583571164012, -48.328339157760134, -47.07046422579885, -45.142615900740026, -45.44587474149465, -45.37739268878102, -45.74489272090793, -41.36226778271794], [-3.694294488132, -0.701053594827652, -0.6051786009073258, -1.080544665634632, -1.2575714646577834, -0.7338660852313041, -1.2226161233782769, -1.356035759806633, -0.8349642941951751, -0.6293124876618386, -0.3716874657273293, -0.4184106714725495, -0.49055354261398315, -0.8959821516275406, -1.071482178926468, -1.1511518177390099, -1.4715446653962134, -1.394919650733471, -1.363669661462307, -1.5529107284545898, -1.1380892983675004, -1.401741116344929, -2.0556161304116247, -1.9082142975330352, -1.6062946383357048, -1.5547946291565895, -2.052419629275799, -1.636276764690876], [-26.212179266452786, -48.67513544631004, -47.60194842195511, -46.759196967124936, -44.553045285463334, -42.47114336824417, -45.33983036923409, -44.58620525145531, -44.52210662269593, -52.74177905917168, -42.65571434259415, -44.12824996566773, -49.09150853085519, -39.0003383936882, -42.9880267803669, -46.78809794449807, -45.35125843596458, -47.85005342960358, -50.05924279952049, -42.834312523126606, -44.25509849333763, -42.770660765171044, -46.19016071510315, -44.42466076231003, -50.77335016608239, -42.336740421056746, -45.41730418062211, -46.29021552658081], [-19.635624999999997, -23.967562500000003, -24.280812500000003, -24.558750000000003, -25.244374999999998, -23.529, -26.474687499999998, -26.105749999999997, -23.926187499999997, -22.8675, -21.5108125, -21.091749999999998, -21.194249999999997, -23.0824375, -25.450625000000002, -25.2843125, -25.441312500000002, -24.2, -24.597249999999995, -24.8193125, -23.848375, -26.672749999999997, -28.543499999999998, -25.2583125, -24.106312499999998, -23.9989375, -24.3323125, -23.063187499999998], [-10.24039419555664, -15.354021276950835, -14.936271031379698, -16.09461951470375, -13.888904883146287, -16.212539491176607, -12.786975939512251, -14.788199465274811, -18.043950311183934, -20.28560266566277, -24.163978612184522, -22.894094584465027, -21.96505882787705, -16.370396695613863, -14.873896065711975, -15.696396044254303, -16.57426239323616, -16.888244840383532, -16.58405719566345, -16.704691185235973, -16.868057355880737, -14.321886855363847, -14.09007410144806, -17.20025361251831, -20.61310260653496, -22.266299217939377, -22.310361609935757, -23.786870990991595], [-20.45944735050201, -32.08382895517349, -32.258394415855406, -32.60077008247376, -31.225534469604497, -37.34776932907104, -37.739768194198604, -35.376392630577094, -36.337066769123076, -28.77308942604065, -36.02202632856369, -33.334060662746424, -33.880623982429505, -29.276339490890503, -35.869462908744815, -34.870760836124425, -35.810473970890044, -38.63966872835159, -36.1046062707901, -38.68185702133179, -34.08217665290832, -35.21037459754944, -34.30118645524979, -36.50111478471756, -36.31027481508255, -38.405787827491764, -43.81147116041184, -32.84815213251114], [-7.625879154443741, -5.832503107309341, -5.989690665245057, -6.300592696905136, -5.856020099401475, -5.907985900640488, -7.222296003818512, -7.890823264360428, -7.915503864049911, -7.521023039102554, -7.984399412393571, -7.065685623884201, -5.9828901181221, -5.922646871805192, -7.591708034992218, -8.53772614145279, -8.153173055171965, -7.082048684597016, -7.247048445701598, -7.361860880613327, -7.362048575878144, -8.452618535518646, -10.12886698770523, -8.479932493925094, -8.589353278636933, -9.838880494832994, -11.232692607879638, -11.53042543411255], [-31.20190807151794, -37.16270412540436, -30.91795190525055, -36.43348596000671, -30.67405310153961, -39.71586888217926, -28.82105619430542, -37.35134907054901, -38.085523615837104, -39.900271597862236, -36.84990159511566, -39.769544953346255, -34.87005639648437, -36.43717663383484, -39.29973892688751, -36.086517066955565, -36.4279802570343, -37.6361223707199, -38.06217705535888, -38.08401766777038, -35.657053121566776, -39.58543249320984, -33.614187320709235, -41.05925809764862, -37.966681470870974, -34.84130952835083, -35.499742415428166, -37.73161793422699], [-29.756632315158843, -35.756294661998744, -32.22291832399368, -37.963231219291686, -38.91637662696838, -36.38173541069031, -38.74573234081269, -41.86113380861283, -38.77527770376206, -32.45788510560989, -32.069383503437045, -36.2463027381897, -38.13002459001541, -33.20772317647934, -40.04972331190109, -40.717739003658295, -36.24497425031662, -39.62567617511749, -43.07186279726029, -37.76974143075943, -39.69514220333099, -38.16114349937439, -36.63270697832108, -42.55402485704422, -38.44259955072403, -38.92280587100983, -38.28492932224274, -39.9350264878273], [-28.036912064552308, -29.001086723804473, -34.816208877086645, -36.62636930847168, -32.188096699237825, -39.689871716976164, -40.228623894214635, -38.5813802113533, -40.64906100988389, -35.73331393098832, -35.12637830066681, -34.59453076171875, -35.85725481891632, -31.50736881637573, -31.67906232881546, -37.56048643255233, -34.59610673236847, -36.24188455104827, -37.682320292949676, -39.508770210266114, -37.79814282464981, -38.54607452440261, -38.41801706409455, -34.682503803730015, -41.56326063776016, -35.12825690221787, -43.39255375957489, -40.95216029310227], [-43.9981875, -41.1345625, -39.7301875, -43.1629375, -45.105624999999996, -41.319, -46.057125, -45.208625, -42.591687500000006, -40.413125, -39.611625000000004, -40.75150000000001, -41.0811875, -43.58525, -45.558375, -44.172062499999996, -43.810437500000006, -41.604937500000005, -43.694, -44.341499999999996, -44.0600625, -44.7493125, -46.246875, -43.577124999999995, -43.4404375, -40.638875, -43.0980625, -41.92075], [-54.80852389287949, -52.0727014670372, -50.7862627210617, -51.63513111543656, -53.28199246311188, -55.50350827789306, -53.0408875951767, -52.38635300731659, -56.82172036552429, -52.87922836780548, -54.11285340499878, -52.57374093866349, -50.36852992105484, -53.08451446914673, -51.35539146900177, -52.63341633844375, -54.104335693359374, -52.55057292842865, -55.12150510549545, -53.69130919027328, -56.673624040126796, -53.301970454692835, -52.09685149717331, -57.55365188503264, -54.25673894166946, -60.49125697898865, -58.42276438903809, -53.83921516227722], [-44.070358669281006, -41.80408227491379, -40.261019397735595, -43.04143043136597, -44.63800979757309, -41.11152005767822, -43.766455646038054, -44.93994732379913, -43.10242244100571, -42.37322685194015, -42.25822931337357, -43.53225626564026, -43.964398539543154, -45.11503838539123, -45.366224738597865, -45.09458155584336, -47.103474961757655, -49.3566096611023, -48.369671808719644, -47.63899330186844, -46.53125255107879, -48.22265246915818, -52.313026782512665, -48.65872592878342, -47.377431550025946, -48.432422878742216, -47.27329811811447, -45.12885252904892], [-51.444981488227846, -59.79611393165588, -57.17948945045471, -55.005677041053765, -54.67845162582398, -55.05010150051117, -53.89873074245453, -57.7061738023758, -55.897028779983515, -57.39161367034913, -62.06841928958893, -57.94460560131073, -56.28413918590545, -55.79525288772583, -57.125753433227544, -58.34483325672149, -59.331758543968206, -58.845202322959906, -58.6947029504776, -57.650643787384034, -57.595885771751405, -53.65134598731995, -56.156471187591556, -58.199379323959356, -61.45677236557007, -59.50724066734314, -60.481616666793826, -59.52563118934631], [-35.27865162181855, -41.54335201644898, -40.85197981071472, -39.98373882389068, -40.1417388792038, -41.54489376926422, -39.096900197029115, -40.73048048973084, -42.1955206079483, -42.85685706424714, -41.47573377132416, 