{"status": 1, "spectogram": [[-25.035035746127367, -45.1338661249429, -47.41267857003212, -45.30448217773437, -45.71320537172258, -49.17366958503425, -47.924919611588116, -47.94813385723531, -46.33838389186561, -51.07799991959334, -49.5455624025315, -49.84018739007413, -48.2095893395245, -52.802169617578386, -54.070669548437, -44.98847319258749, -46.178339249789715, -46.70325001966954, -48.28118749772012, -51.038616090431816, -47.96172322432697, -51.34728569430113, -46.28834830336273, -49.35529471705853, -48.26907123765349, -51.13192857432365, -47.11967850440741, -44.57096428629756], [-4.12918772906065, -1.984759130299091, -1.965571591258049, -2.079339506149292, -2.5613484936356548, -3.0521967628002167, -3.2126342186331747, -3.1398216958045957, -3.122527082979679, -3.211250315785408, -3.736875345945358, -3.9242324858903883, -3.5342949621081354, -3.485036012291908, -3.4965360226631166, -3.3224198886752134, -3.2968841257691386, -3.5467413013577467, -3.976928833007813, -4.080044924914837, -4.096857421398163, -3.878464537858963, -3.646839523553848, -4.031527056992053, -4.5312145698070525, -4.814553900003433, -4.63586635774374, -4.1802591777443885], [-30.726616559267043, -45.326081482648846, -44.01751741218567, -46.02610783958434, -41.973820905208584, -38.963453215360644, -43.31151667928697, -43.7748747472763, -41.35574853515625, -40.0366308529377, -38.609508259534834, -39.417400203943245, -40.71346282529831, -40.02498988127708, -41.12749054884911, -43.91948178291321, -42.164598825693126, -48.26381314969062, -45.93368613362312, -42.28121315383911, -44.79306374621391, -44.600866010427474, -44.76605321407318, -43.27765050578117, -41.353613702058794, -39.97929220271111, -43.06435727357865, -45.405625970840454], [-21.866687499999998, -32.0149375, -31.175375000000003, -28.996125, -31.646125, -33.4718125, -34.4159375, -30.8848125, -33.8155625, -33.086, -33.8476875, -33.4136875, -34.819562499999996, -35.1973125, -32.2853125, -30.369625, -32.540625, -35.47687499999999, -34.571687499999996, -33.11125, -33.5623125, -35.7495625, -32.518187499999996, -32.9948125, -30.373625, -39.2343125, -33.7848125, -33.4514375], [-7.837436959981919, -7.400964834690093, -8.411777831315993, -6.617080793142319, -6.095365864515305, -6.042097609281539, -6.755160413265228, -7.189428493499756, -6.753696100234985, -6.321713800430297, -6.327963546276093, -7.037356438636779, -6.802338776111603, -7.248597826719284, -7.667097775697709, -7.828285902500152, -9.399661407947539, -8.398187795400618, -8.182249960899352, -8.269348059892655, -8.395187317609786, -7.643625020980835, -7.318062768220902, -7.398312455892563, -7.284312272310257, -7.423356565475464, -7.5882944409847255, -7.931196548938751], [-24.156624800682067, -31.470100786685943, -32.204285030364986, -30.355144678115842, -35.332737356185916, -31.15357454490662, -32.1409513425827, -30.399135546207425, -30.561357264518733, -37.24137721347809, -30.774188597202297, -30.91497429800034, -31.227101049900053, -31.2310187997818, -29.178209122180938, -32.20991886663437, -33.02739694881439, -32.462795793056486, -33.27617117166519, -31.344028603076936, -32.075036888122554, -36.82336423921585, -31.3138656630516, -35.06491400337219, -34.6783039188385, -34.34330867195129, -33.5554334564209, -37.26386096477509], [-14.057396489858629, -12.52996614933014, -10.336841150760652, -13.60645647740364, -17.140237508773804, -21.047061618328094, -18.144126143217086, -18.669344119071962, -19.46798949146271, -20.569598197460174, -24.924969353675838, -25.85560956907272, -21.81899905180931, -21.76551452612877, -20.895705854892732, -15.723686306476594, -14.041169201612473, -15.591799199819565, -18.61580293488503, -19.15164159607887, -20.664201278686523, -17.430879023075104, -16.640564481019975, -18.253583388566973, -19.635373951673508, -23.029246997594836, -21.021933339595797, -17.134873347997665], [-20.09563397407532, -22.95959124660492, -24.090721634864803, -21.397531705856323, -20.604268395423887, -20.909096099853517, -18.837536023139954, -19.829652362823488, -19.48741865158081, -18.886204015731813, -19.187578683853147, -19.878729767799378, -20.768981245994567, -21.56480259609222, -21.493928317070008, -20.10531540107727, -24.49807766056061, -21.100805794715882, -20.0861176776886, -21.89956355476379, -20.132080152511598, -19.83897541427612, -20.856353679656984, -20.052341465950015, -18.10581280326843, -17.969347045898434, -19.597223556518557, -20.910414309501647], [-27.00238919353485, -34.28290500736236, -36.579281558036804, -32.90331599998474, -31.58281345081329, -29.84034011411667, -30.36115339946747, -29.192441152572634, -30.629028991699222, -31.076848539352415, -28.055037925243376, -29.93999278831482, -32.326267735958105, -31.38838536834717, -35.384320327281955, -31.156243885040283, -34.97998676919937, -33.17433169174194, -31.89383176326752, -31.34121670293808, -30.383760499954228, -32.94477767753601, -35.12196465444565, -33.00403618478775, -27.81726220703125, -29.527518523693082, -31.748456201553346, -32.06212645769119], [-32.41351689338684, -43.02871708822251, -38.16802540111541, -36.050968035697935, -33.20955366420746, -34.05152795648575, -38.406461472511296, -34.07868416309356, -39.07658414125442, -34.89373026037216, -34.55603793525696, -34.839677113533014, -34.06991156768799, -36.33519184160233, -36.98605600404739, -36.66723105239868, -36.186178086757664, -34.747705945491795, -35.90545777082443, -35.37782270336151, -34.509490109920506, -33.92630141830445, -38.06286016321183, -40.895635937213896, -37.17823394775391, -36.203164923667906, -39.7024764866829, -37.108270306110384], [-38.833749999999995, -43.62587500000001, -47.127625, -43.81, -40.6409375, -40.4075625, -39.8510625, -43.552625, -43.4964375, -39.864000000000004, -39.5966875, -42.2768125, -40.749625, -41.6076875, -40.5366875, -43.747749999999996, -44.588125, -44.968500000000006, -42.9494375, -44.248062499999996, -42.286500000000004, -45.7461875, -44.603, -44.01575, -42.228, -42.214, -43.3213125, -46.753812499999995], [-39.91720931291581, -41.13941887426376, -45.570789056301116, -44.29209976148606, -42.11267839288711, -42.9249860625267, -45.721848033428195, -43.65055010843277, -44.72902658939361, -41.92102287912368, -44.8422655005455, -45.043232491970066, -44.429543525695806, -44.74584911251068, -42.522472850799566, -45.37682633686065, -45.804971239566804, -43.00329963350296, -41.7352412147522, -42.607646574020386, -43.77920380592346, -44.08882415390015, -42.64082457733154, -42.65794469404221, -44.141916322708134, -44.75614412546158, -48.675639647960665, -46.81730625343323], [-41.76544370555877, -42.911112247943876, -45.46692506694794, -45.470191833496095, -46.19771230125427, -46.73326713180542, -44.77495581865311, -47.54179958438873, -48.114417271137235, -44.85129244470596, -47.72892002916336, -45.772877156257636, -48.61581003522873, -49.29930269527435, -47.74680127429962, -51.318943768501285, -49.075650150775914, -50.34792472553253, -53.41211263799667, -48.399434919834135, -49.96510497188568, -48.041809514522555, -49.38580707788467, -48.45528296470641, -49.35433993816376, -49.72642846965789, -46.11623997640609, -46.3120528125763], [-31.392739910125734, -33.93703215885163, -35.429652222633365, -34.57047183227539, -34.5020630569458, -36.2248045797348, -36.15761658668518, -33.61925313282013, -34.58497695541382, -39.00023672103882, -34.797056761741636, -34.76682056617737, -37.81179250144958, -35.02755016517639, -36.154923418045044, -39.42382149600982, -37.439343139648436, -36.749154777526854, -37.55602894592285, -36.724457588195804, -36.511973182678226, -33.97737604427338, -34.36362471103668, -38.36649191093444, -38.59310599422455, -37.49848498630524, -37.38073506832122, -34.52474077606202], [-39.55162829208374, -46.553067639350886, -44.72213517951966, -44.28703228473663, -45.53947325992584, -45.99639946651459, -45.419401280403136, -46.48377746105194, -48.26926799201965, -45.56442664337158, -46.41955027389527, -47.85363990783692, -46.80588268947601, -45.161776968956, -45.79046248626709, 