{"status": 1, "spectogram": [[-4.925035879075528, -2.756732243955135, -4.074044773474336, -4.079259042426944, -4.088178696066141, -3.547634036228061, -3.2390715192854405, -3.82616974888742, -3.5011518896073106, -3.11280367320776, -3.4944911707192654, -3.8659197499006988, -3.5083036841154094, -3.4233304615765814, -3.4911429506242277, -3.828160810649395, -3.8652858433425425, -3.397500110119581, -4.09143761895597, -3.622642996400595, -3.096330466017127, -3.543009037092328, -3.7321340387016537, -2.9500001042485238, -2.8521786713302135, -3.5609554614573717, -3.1667679742872714, -3.3153662055283784], [-11.398008905708789, -12.14093736332655, -15.006562836468218, -12.875473182499407, -14.116866279065608, -13.944946389198304, -14.045633621513844, -15.088339155435563, -14.481008837521076, -13.004669549524785, -13.491857003092765, -14.988973111093046, -14.026133983314038, -13.54050883704424, -13.722446152448653, -15.058785493016241, -15.016920014560222, -13.816401778280735, -16.15677691859007, -14.572920038044455, -12.960714235782623, -13.985642811179162, -15.180142820715904, -12.901044516980647, -12.468240720927714, -13.88352649050951, -13.223901776254177, -13.111187727868556], [-14.481536489963533, -10.162740368604661, -12.788489027261734, -13.810053658008577, -12.974079113245011, -10.920052406787873, -12.037865836381913, -12.82128499650955, -12.071829443693161, -10.94619559288025, -11.048570876598358, -13.085784955024721, -11.897784334182738, -11.114347329854965, -11.850597959280014, -13.967901559591292, -13.890399318933488, -11.560945313930512, -15.750070328712464, -12.887586910247801, -10.75155256128311, -11.565472277879714, -12.435472136735916, -14.210276076555251, -16.967178168773646, -18.366499591350554, -18.979623574256895, -20.80006952667236], [-11.7478125, -11.720062500000001, -13.257874999999999, -11.4575, -11.593125, -11.9839375, -12.665125, -11.7668125, -13.1325, -12.8254375, -11.201, -11.4670625, -13.0148125, -12.63975, -11.5425, -12.323937500000001, -14.5873125, -12.789625000000001, -13.027625, -13.559249999999999, -12.2966875, -11.517624999999999, -11.985312500000001, -16.93975, -20.3569375, -20.622875, -21.309749999999998, -21.6065625], [-6.978750554084779, -3.6261859004497525, -2.5704993834495546, -5.610866732358932, -3.2925358419418336, -2.0602488036155697, -8.08937383890152, -4.626435830354691, -5.547444705486297, -6.187587311267853, -4.560899894952775, -4.160212733268738, -4.142561228036881, -6.121382270097732, -7.447445245742797, -8.248338031291961, -5.068196651935577, -5.205248975276946, -5.565623852252959, -5.238714524745941, -4.479150254011154, -3.945685690164566, -4.0223107016086574, -10.71685552883148, -14.156757396459579, -12.92234704041481, -10.848097462892532, -9.705401733160018], [-11.660850546360017, -13.12821320915222, -11.547458604812622, -10.10080136489868, -5.779507249355316, -13.132708310127258, -15.455406187534331, -12.031794942378998, -15.685621180534362, -16.317997334480285, -14.770187179088593, -11.916402085781097, -15.840046955108642, -16.976976735115052, -13.558984593391417, -15.352574503898623, -10.284182845592499, -15.773244647979734, -12.33899810886383, -8.5089521651268, -14.865611077785491, -15.609335227966309, -15.870646666049955, -20.417200815677642, -17.497270721435548, -14.269734888076783, -17.023726378440855, -13.76398596429825], [-15.744150087594987, -14.39654728269577, -12.531115046262741, -15.579329519987105, -13.355403469324113, -12.778959331035614, -21.927467881202695, -13.713888128280642, -17.077876466512677, -17.584152858734132, -16.264717588186265, -14.420700799226761, -15.6362720720768, -19.152545135498045, -18.56249069428444, -20.736715210437772, -16.57906444621086, -18.63136244559288, -14.286862653017044, -15.294991282224656, -17.28244972062111, -15.151724190235138, -15.747224612236025, -23.396464594125746, -24.918459147930147, -21.974643645763397, -17.655514557361602, -16.47664446258545], [-14.55098140335083, -11.660603554725647, -12.826910081863403, -15.566108642578124, -10.516453526496885, -12.942296555519103, -17.68166836643219, -12.11528094959259, -16.519852885246276, -19.672256923675537, -16.01900372314453, -12.436218454360962, -18.023663501739502, -19.787113513946533, -17.284357833862305, -19.045697681427, -20.387982640266422, -24.453657508850096, -13.925101695060729, -17.781880927085876, -19.129673201560973, -15.98841658782959, -15.916292119979857, -22.893862281799315, -24.21397844028473, -20.56087607574463, -20.34962452507019, -22.031533640861515], [-25.41418154621124, -26.282008061885833, -24.160136666774747, -27.82637455177307, -21.24527848482132, -28.704554567337034, -25.65905533027649, -24.883222711086272, -33.30840997409821, -31.649070025444033, -32.93607138442994, -25.671410659790038, -31.79673925924301, -39.52801630401611, -36.79751764106751, -32.38226699924469, -28.579744922161105, -35.95916975259781, -29.156668278217317, -31.137377044677734, -34.75630231189727, -30.96074006128311, -29.718927864074708, -36.17800897073746, -37.61250746202469, -36.551903247356414, -36.63521590518951, -33.243842656135556], [-38.030482948780055, -35.73571314334869, -36.52158283901215, -36.3801047334671, -32.019432328701015, -35.24249633502961, -36.907305002689355, -32.71506152296066, -39.69148875379562, -38.96301991462707, -41.110453834056855, -35.08244177246094, -42.43936571884155, -45.4151032629013, -43.52103992891312, -41.809142179489136, -40.953704297065734, -42.35810383796692, -35.46116701459885, -37.866238790988916, -41.87632551574707, -38.25912585830689, -40.8904998626709, -40.71231269311905, -42.322882707118985, -43.49433312225342, -44.538146121501924, -42.12957284593582], [-47.8929375, -43.090625, -40.378125, -43.365, -36.1931875, -44.186937500000006, -45.114875, -41.0681875, -46.667, -42.219125000000005, -53.7385, -43.752624999999995, -47.7425625, -46.9309375, -47.288812500000006, -45.6279375, -43.829875, -45.556124999999994, -43.31525, -47.4703125, -45.495875, -49.946625, -49.661812499999996, -46.0758125, -45.38925, -49.2283125, -46.832562499999995, -46.2640625], [-49.20100156497956, -42.353030808448786, -40.0562838754654, -44.66732638502121, -37.0897732872963, -44.9835743021965, -46.69419689893722, -39.761790847301484, -45.05269386386871, -41.82231950759888, -44.36925568151473, -40.84034538125992, -46.25251520824433, -46.8278384923935, -45.376962107658386, -45.2731943101883, -43.852628890514374, -45.185126845359804, -41.061310741901394, -45.185932128429414, -43.47719093704223, -47.14759870862961, -49.54034425401687, -49.552566561222086, -53.32060862493516, -42.933958123207084, -51.031527439594264, -47.16477845478058], [-35.93551772403717, -32.404695627212526, -29.67857183074951, -33.44537531661988, -25.850071052551268, -33.6548927564621, -37.000016574859615, -29.218409006118772, -33.259741861820224, -34.61254326009751, -35.12404473352432, -33.54432080364227, -35.830036666870114, -36.69292832279205, -37.04880368423462, -33.82871336269378, -34.17707119464875, -38.42916097545624, -32.28534759092331, -35.143606594085696, -36.403820269584656, -35.72844537448883, -38.08432007598877, -41.658813607692714, -52.344548104763035, -47.66935955142975, -44.51735943889618, -46.38238630342483], [-47.8619614648819, -51.98628760910034, -46.82353729629517, -51.36427832126618, -42.329805925369264, -49.53181669902801, -50.5543780002594, -45.04934334564209, -52.41815256786346, -51.98991785144806, -48.80804510593414, -47.9121992225647, -50.954974642753605, -54.19722479534149, -48.73491430854797, -49.768841045379645, -49.572243805885314, -51.05036164665222, -49.286607486724854, -52.04014351654053, -52.089199583053585, -58.61734920978546, -51.27891074943542, -57.125493445396415, -55.6787617559433, -52.56976780509949, -55.10170885944366, -51.0163333902359], [-50.61306691074371, -47.53844230175018, -44.492751598358154, -47.641538269042975, -41.07285904312134, -48.64155508422852, -50.000871155738835, -43.87379696750641, -52.16414503860473, -44.860663839340205, -50.083289007186885, -48.2734665775299, 