{"status": 1, "spectogram": [[-21.034776819840072, -49.79941957248748, -48.948973120734095, -51.62037474176288, -49.344481994748115, -50.73124986436963, -52.40705347162485, -52.73326774358749, -52.15160692349076, -49.11984812317789, -49.98779452829063, -50.17525883544981, -51.08863371525705, -49.91453562819958, -50.81475893990695, -47.081991079971196, -45.3154465303421, -46.85162510222197, -51.841848155841234, -56.430803347587585, -48.538964225232604, -47.467544671759015, -48.10035711848735, -47.6567767766863, -48.42944636449218, -49.408687384739515, -50.554223038718106, -27.98405362921953], [-21.383295108377933, -30.91850138092041, -31.069662055015563, -32.49521556210517, -32.9436349260211, -34.41990336459875, -35.25244826984406, -33.95283206063509, -34.72148394525051, -33.02955498695374, -34.93870703309774, -34.458188981592656, -32.09906384640932, -31.47465317982435, -33.31737654554844, -35.324483715653415, -35.98956405717135, -33.41764390182495, -33.82219777715206, -31.90666186833382, -31.889277836143968, -35.782831901133065, -34.05742973220349, -36.66707311177254, -34.15923343729973, -32.94329578620195, -32.36534929972887, -25.296268228769307], [-12.138367770910262, -15.154511063337326, -14.889555639266968, -15.105939836740495, -16.363556317329405, -16.248422115564345, -17.086055993556972, -16.923832709550858, -16.258109442710875, -16.52860061573982, -16.796279300928113, -17.579333027601244, -16.721484306335448, -16.73576973056793, -18.10862727022171, -20.77524410510063, -23.021664236545565, -22.979173022508622, -21.929886797666548, -20.777493473291397, -21.981841995239257, -23.478288699626923, -24.75998527431488, -24.37193151855469, -25.232886688947676, -26.0192880654335, -25.859823789596554, -19.22792975282669], [-13.3434375, -10.173437499999999, -10.1478125, -11.230875000000001, -13.4955, -12.0069375, -11.8000625, -11.45825, -11.709875, -12.351125, -12.820812499999999, -13.3770625, -11.8440625, -11.289, -12.600875000000002, -15.4603125, -16.0593125, -15.8464375, -14.840499999999999, -14.230625, -15.011, -16.2904375, -17.1160625, -17.273937500000002, -17.244625, -17.6795, -18.8998125, -23.290375], [-7.28936633515358, -2.8991161262989045, -1.8225984132289887, -0.6321247658729554, -1.029900787115097, -1.126481677532196, -1.0953210964202882, -1.0258568835258484, -0.30584798550605774, -0.07941935276985168, -0.4203566274642945, -1.007472450017929, -1.8667142753601074, -3.0670718450546266, -2.5884552175998685, -2.6820523977279658, -3.344605513572693, -2.9157217495441436, -3.053891990661621, -3.8357406542301176, -3.919874222278595, -4.33076671552658, -4.594829135656357, -5.227873770713807, -6.668856193542481, -9.489454782247545, -14.261776502370834, -18.060383184194563], [-8.300475914478302, -14.520998392581939, -15.21738337802887, -11.420947262287141, -6.199310688018799, -10.365366185188293, -13.406527626991274, -14.672358474254608, -13.44599096298218, -12.862794131278992, -12.780606976985933, -11.871802885532379, -16.09030300951004, -19.224516876697543, -16.721257363319395, -12.762273263931274, -12.148442157268525, -13.31329131793976, -16.027802171230316, -17.926097657203673, -16.141445049762726, -15.559542920112609, -14.754809739112854, -14.801497457027434, -17.214784880161286, -19.980374467372897, -22.872116203308103, -20.25369077539444], [-14.562021406650544, -25.45758593869209, -25.690664517402645, -26.301269382238388, -22.789189300060272, -28.16487161064148, -31.070810759305957, -33.22975873589516, -26.333092097043988, -27.421014388084412, -26.859720784902574, -25.58521102142334, -28.049109051942825, -31.373586526632312, -26.31568641614914, -18.52221385550499, -15.262890747308731, -17.109891559839248, -26.014047606945034, -27.21347421121597, -23.49274111890793, -23.093902510643005, -23.81274139070511, -24.959071399927144, -28.02559946155548, -31.17356228160858, -31.228466957092287, -30.134508081197737], [-17.177518753051757, -29.788371854782103, -29.21966930484772, -28.51903065395355, -28.038409944534305, -31.21155192375183, -31.42204457759857, -37.07750326061249, -34.70782888507843, -29.652777523994448, -30.446263842582706, -32.85221465873718, -32.491965388298034, -31.150449130058284, -33.65429193210601, -24.762873597145077, -25.70653156471252, -27.982821434974674, -29.752054780960087, -28.6358043422699, -31.17898737335205, -32.64431102180481, -31.898815793037414, -28.734823335647583, -34.24868678855897, -34.63770953464508, -33.44471382904052, -35.698829943656925], [-36.741767234802246, -32.66757883024215, -31.355966825008387, -28.555877417087554, -23.564727362632752, -27.338663227558136, -28.691384205818174, -25.863643597126007, -24.75968750858307, -25.619158504009242, -25.244739074707027, -23.606928732395172, -25.529581413269042, -30.112438173294066, -27.2158753657341, -20.32008396911621, -19.432371193885803, -19.744646820545196, -23.398125838756563, -26.943686876296997, -23.272510476112366, -20.908297844886782, -21.362985447406768, -25.10782459020615, -26.18189671754837, -30.473067488670353, -35.12047697544098, -28.18207299041748], [-26.19056537103653, -30.03099879026413, -31.025817353725433, -29.261407471179965, -28.224048961162566, -27.084400708675386, -29.84818684101105, -32.39980175304413, -25.921125206470492, -26.612318372249604, -28.836778797626494, -28.276634312152865, -34.1146067905426, -30.937678733348847, -32.80451465415954, -25.432607105731968, -26.671681353569028, -32.01390112257003, -33.4096601114273, -33.75507618761063, -34.59633664703369, -33.41768261528015, -30.633040824890138, -28.631541611671448, -31.082477614402766, -32.68613906431199, -31.377435968399045, -31.263478884220124], [-31.58, -32.4768125, -34.1055625, -37.4361875, -34.443062499999996, -33.32075, -35.173875, -34.7235625, -34.0773125, -35.295375, -35.7550625, -35.4384375, -35.445499999999996, -38.466687500000006, -40.86075, -35.313125, -33.7390625, -36.428875, -37.917, -38.8509375, -40.9888125, -39.7839375, -41.898624999999996, -42.250437500000004, -41.52825, -40.966499999999996, -37.67775, -36.247875], [-36.32284785413742, -40.89632450580597, -43.17704056739807, -43.54910285425186, -35.90194376754761, -39.62933092594147, -49.410310845375065, -47.24694069719314, -42.571127117633814, -45.90088133430482, -44.55106279945373, -41.742102454185485, -45.827068701267244, -48.280515162467964, -47.45243689489365, -43.04439928102494, -42.07249837589264, -44.273685567855836, -43.9670373635292, -44.2159718580246, -44.15982312393189, -42.808000343799584, -41.446348992347716, -39.927942365646366, -42.371641018390655, -45.401783715724946, -43.94763245010376, -38.48406628131866], [-44.89679662752152, -44.23150007629394, -45.649133569240576, -47.10113645124435, -41.47069581890106, -50.550663876533505, -52.04637486934662, -48.46040236711502, -46.46936861562729, -44.8836621170044, -43.42687545585632, -42.694195896148685, -49.16525912046433, -50.40115290975571, -50.19588502740861, -51.23957975435257, -52.31721328639984, -51.17793582296372, -50.023338771820065, -52.466669190883636, -48.13087448406219, -49.92253480815887, -48.97601807975769, -49.29875813245773, -46.368221771717074, -45.20784848833084, -45.79280456924438, -47.650838791847235], [-39.59591366672517, -35.52390732955932, -38.52676202964783, -34.73773774623871, -32.157084726333615, -36.52827176189423, -38.30487935161591, -39.49503198814392, -34.899291539192205, -35.25809278583527, -33.128544713020325, -34.691441661834716, -35.72751430130005, -32.863198678970335, -34.581725171089175, -36.016527967453, -34.11634142589569, -35.47466189861298, -34.38806095600128, -34.89702621555328, -35.15684754085541, -37.04751410675049, -37.500547248840334, -33.69832350635529, -34.940974449157714, -35.95300489330292, -40.657735585212706, -35.9871172208786], [-48.44657703495025, -44.94332547664642, -48.18140333175659, -41.08832090568542, -41.85600673389435, -42.27100772762299, -42.30305977725982, -44.02998146057129, -43.20338243389129, -43.07188099765777, -40.89335822486877, -39.95811666584015, -43.54677487659454, -49.66182518291474, 