{"status": 0, "spectogram": [[-25.259160682141783, -50.354035543888806, -49.077973025158045, -49.47241055327654, -54.71274103687705, -50.4809104962945, -48.31316056510806, -43.86084823031724, -45.52616057401895, -47.342526614710685, -44.69440154792369, -43.723321263730526, -44.730803425192825, -45.71180350318551, -45.08230351254345, -48.34262490791082, -45.130946302622554, -47.76414267379045, -46.52720533271135, -48.98182133072614, -47.01035705935955, -47.19115173830092, -48.13152681101859, -45.04061608599127, -46.20816960938274, -47.28172308732569, -45.4176605975926, -44.76736601050198], [-13.92491168642044, -16.729109465241432, -14.881046714723112, -18.166234787583353, -17.772734677910805, -15.862011151850222, -13.326448257684707, -12.50843923085928, -13.880278685033321, -15.12373423552513, -13.693296519100667, -12.832448196291923, -13.13540356475115, -13.28677856296301, -14.530591223597527, -14.008546490728854, -15.271698485136033, -15.783877122759819, -16.19850218999386, -15.100948427557945, -15.161698454499245, -13.498644660711289, -13.419332154095173, -13.87623397934437, -14.78173409473896, -14.531841213941576, -13.901778636157513, -14.153037623405456], [-16.533061537027358, -13.305408164024353, -14.87603281354904, -14.760416986227037, -13.881970584630965, -13.467470391511918, -14.492282119750977, -14.743889515876768, -15.134202209711075, -15.062077245473862, -14.62813964509964, -14.926389454364777, -15.61059459042549, -16.609505478620527, -15.768443229675293, -15.81959491276741, -15.60525577044487, -15.7889790930748, -15.763166761636734, -16.303202244997024, -16.726711128711703, -17.02071975541115, -17.713594692468643, -17.24295193266869, -16.540898770570756, -17.350344871759415, -16.836719871759414, -16.051952021837234], [-32.946875, -34.8980625, -33.222, -35.7720625, -32.7548125, -34.366375, -36.812875000000005, -35.727937499999996, -35.7659375, -34.3445625, -34.288125, -35.2696875, -35.24306249999999, -37.324125, -36.009875, -34.154562500000004, -34.00975, -34.0863125, -33.8675625, -35.715312499999996, -37.9640625, -42.154187500000006, -39.98725, -38.4621875, -40.0545625, -39.999187500000005, -38.6429375, -38.84406249999999], [-26.813946900367736, -33.214785963058475, -36.160972628355026, -36.07697386002541, -43.11547412371636, -31.368650525808334, -37.10233990240097, -40.25341173171997, -34.81462498378753, -36.17927772498131, -31.38352734065056, -29.961740685701372, -32.18258019852638, -35.21016103696823, -35.27803521728516, -31.423794466257096, -34.158713930606844, -37.29621396112442, -32.310275780916214, -36.51527727675439, -38.198857112884525, -36.84994683790207, -35.12294499111175, -37.95279430794716, -35.29683920907974, -34.696124626636504, -40.94737687540054, -37.282321284770966], [-16.14422150850296, -17.677557536602016, -15.698683613300325, -16.781933136463167, -17.26108458995819, -15.070799335479734, -13.120300968170167, -13.22356831073761, -14.474567859649657, -13.927451671123505, -12.88838965511322, -13.017461171150206, -12.879640166282652, -12.194032961845398, -13.137907695770263, -14.187335664749146, -14.206594799518587, -14.263844603061676, -15.839281599044801, -15.357550261497497, -16.263451630115508, -14.46131867313385, -15.083255928516389, -15.494979043960571, -17.12088017988205, -16.0473268828392, -15.837389784812926, -15.445907544136048], [-14.875070836544037, -16.26946650648117, -20.132593369007115, -17.873288011074067, -17.12576120972633, -16.99844116139412, -20.410255793571473, -21.87648857831955, -19.643879497528076, -19.48306624865532, -18.40587886238098, -20.289344795227052, -21.038737953186036, -23.22854148721695, -21.468853620290755, -21.26396037220955, -20.641700708866118, -20.83062838602066, -21.202565391778947, -21.835745249032975, -20.856646645545958, -22.445826923370362, -23.278952186584476, -22.639202602863314, -20.82172790646553, -21.482139156579972, -22.496577179431917, -20.438451617240908], [-29.724827352523807, -31.631613061904908, -36.93498484420776, -35.346124743461615, -33.784119580268865, -35.10784842967987, -40.17197173213959, -37.92738441753387, -39.75762126922607, -37.428462968826295, -37.35965074634552, -37.22165936851501, -39.78834366321564, -38.4326607723236, -42.881413021087646, -36.99816805744171, -40.17889236259461, -40.60759012413025, -40.69522123527526, -36.37236789417267, -36.58646402359008, -43.276372467041014, -43.247869785308836, -36.17316811275482, -39.442761491775514, -36.79118768596649, -38.46906273746491, -42.72140567111968], [-33.81003728532791, -35.44401111507416, -34.96264385604859, -36.92854205560684, -32.6838814368248, -33.025738784313205, -35.700678128242494, -33.66988240671158, -31.640473053455356, -32.33852620077133, -33.63552523183822, -36.73844488620758, -34.60893684339523, -36.99843639326096, -39.10306027078629, -34.709160048484804, -36.937051588058466, -35.461579698085785, -39.188329941272734, -36.917640100479126, -37.36732769632339, -36.83633786106109, -34.42340077543258, -37.65752491617202, -39.83087321662903, -37.604855318069454, -40.18498034572601, -37.41760737133026], [-35.55915911340714, -37.26375220537186, -35.58544489097596, -34.51229382562637, -35.81413220357896, -34.285462457180024, -40.11576679039001, -37.32885774612427, -37.42305095767975, -42.415717400074, -41.66077922344208, -33.020969534397125, -38.85095989608765, -35.434213592529304, -45.29289708852768, -35.925086103439334, -38.94411343336105, -41.61619241333008, -38.807826333999635, -40.42399063634872, -35.442782797336584, -44.82610805177689, -42.1428738617897, -40.738186817646024, -39.732046342849735, -40.020121586799625, -41.755432448863985, -41.17464102649689], [-41.786812499999996, -36.199875000000006, -40.1089375, -40.075125, -38.7148125, -38.376562500000006, -41.1249375, -40.451875, -39.7251875, -38.2688125, -39.07599999999999, -40.42125, -43.772875, -42.540749999999996, -43.000125, -40.2764375, -41.71725, -40.7530625, -42.03625, -42.536500000000004, -43.74493749999999, -44.6004375, -47.26831249999999, -45.392875, -48.6395, -48.79825, -44.9915625, -46.711937500000005], [-49.0133862657547, -50.02670620536804, -47.19746647071839, -51.12971443319321, -52.185627782821655, -52.70560590314865, -49.04355589580536, -47.587122233867646, -47.65231668138504, -49.58642893314361, -49.29229828262329, -48.734028854846954, -49.74571352672577, -48.65034887170791, -52.641715631961816, -51.74008149766922, -53.26679674339295, -49.9392252163887, -51.241341327190405, -52.70805868768692, -51.305280264854424, -50.14880201625824, -52.09555183315277, -51.10806788825988, -53.645693600654596, -51.32564811563492, -52.230962571144104, -51.96549781990051], [-39.237176482200624, -41.79898130607605, -39.54942159128189, -39.397187776088714, -40.839133998394004, -39.7935366153717, -40.87372366476059, -37.890030450344085, -37.49543057537079, -39.97268860578537, -36.45856385660172, -38.00686680555344, -40.33020779085159, -40.01599380731582, -38.742742736339565, -40.15596622943878, -42.08318919992447, -39.17900266551971, -38.43200185680389, -46.33628722953796, -49.89783027029037, -50.52734814500809, -44.77803639316559, -46.63183090734482, -43.254537443161006, -44.3633060092926, -46.74486805772781, -47.92418910646438], [-44.861560119628905, -46.24528542995453, -46.1596544713974, -44.49904382133484, -44.54515012931824, -44.96978047466278, -47.883902646064755, -47.36707217216492, -45.74396705055237, -48.21920836353302, -47.57020758152008, -46.93486884593963, -48.54922379970551, -49.84647421550751, -48.76147529697418, -47.7359749917984, -49.52428995323181, -46.58854701328278, -48.60404661464692, -49.18703874969482, -49.603388169288635, -50.1867164440155, -47.59759089660645, -48.02709067344666, -47.85293853092193, -48.251495268821714, -50.22099217510223, -49.7106361951828], [-54.29831928443909, -56.97152585315705, -57.147398716926574, -57.005638620376594, -58.10078015708923, -57.20996238899231, -56.58865364933015, -56.628741469383236, -56.12402477550506, -58.019757853508, -55.188881779670716, -55.20932285881042, -58.22941159439087, 