{"status": 0, "spectogram": [[-28.34650891430676, -51.827848256632684, -51.09003570529818, -50.41268740622699, -49.79416060036421, -51.78851781478524, -52.2585801885873, -51.250160663723946, -50.553821479231125, -53.007133907213806, -48.8347588314563, -49.85510698845982, -49.33504455973208, -51.34891961534322, -53.2196696253568, -50.843410713911055, -48.93931238959729, -52.6361874948889, -52.97218754975498, -50.37351781320572, -51.41141966687143, -51.560508886680005, -52.719196440517905, -47.73207139346003, -52.72568741370738, -51.86461600874364, -54.73599104376137, -45.02808930754662], [-3.235741090595722, -0.5750626028180122, -1.2100001353025438, -1.327437666475773, -1.6175270013213154, -2.287259182035923, -2.4448217014074323, -1.9449555740952493, -1.848294806063175, -1.8564198102355003, -1.791607326745987, -2.027330554664135, -2.506946647644043, -2.53925912719965, -2.643509100019932, -3.449553785324097, -3.681419904053212, -4.003937813818455, -3.6183127911686896, -2.9929020009636877, -3.0135895011425022, -3.69771457862854, -3.523277048528194, -3.9799645621776585, -4.106000225186348, -2.853053639411926, -2.4291160705685617, -2.8362679384946823], [-29.321527671098707, -44.23184819102288, -45.971599435091015, -47.68074884748459, -46.33605303192139, -42.80512413406372, -41.12718543457985, -46.138455305814745, -48.72120616793633, -48.02111581921578, -44.66299024796486, -45.518891725540165, -47.0626257777214, -48.32995602107048, -49.46845570015907, -51.90332146978378, -40.67497136616707, -40.52667653846741, -39.69242613601685, -48.71162462949753, -49.81174981021881, -42.51865805292129, -40.97228355121613, -41.24487360811233, -44.46741864275933, -44.66431148028373, -48.279747808933266, -42.14995465016365], [-18.294375000000002, -22.901124999999997, -24.0469375, -27.666375000000002, -29.1225, -30.0473125, -29.879312499999997, -30.230562499999998, -27.728375000000003, -26.069062500000005, -27.143562499999998, -28.6336875, -28.270125, -30.264937500000002, -28.7914375, -30.0523125, -28.8795625, -31.741500000000002, -30.713812500000003, -29.898374999999994, -31.401500000000002, -30.632374999999996, -28.792250000000003, -30.89775, -31.110312500000003, -23.035312500000003, -19.05275, -23.8035], [-10.487553991794586, -11.643269740104675, -9.769769306659697, -8.919617095708848, -8.390196902751923, -8.765482254505159, -8.998294520616529, -9.370054031848909, -10.006090326309204, -9.625599241018294, -9.326661556243897, -9.50639356470108, -9.332500429630281, -9.74062560749054, -10.585688435316085, -10.790750493526458, -10.641374992370606, -10.724678113460541, -10.441928300857544, -10.408232578277588, -10.491232627868653, -10.872463955879214, -11.361651756048202, -11.869678429126738, -12.755964621543884, -16.338645184993744, -24.072709651231765, -16.588466564655306], [-34.131005395412444, -40.28625046920777, -39.19406024122238, -42.98553757381439, -43.74665984249115, -44.99583102941513, -46.80989619731903, -45.472152011394506, -48.443794682979586, -41.147311030864714, -42.4285000038147, -48.63349861812591, -44.64134518384934, -47.877739359378815, -42.07830319595337, -46.42665730571747, -42.40156135606765, -42.37696614074707, -45.74233928775787, -42.90278825950623, -45.31094472789764, -42.388677019119264, -42.31992913722992, -42.65754586172104, -44.39774756336212, -44.15381060934067, -42.65706171941757, -44.49447625303269], [-19.357288536310197, -19.042291434764863, -19.73760056805611, -21.800194533824918, -25.118580089807512, -27.89907162952423, -29.425950524806975, -26.889445111751552, -22.820857366085054, -23.11962266016006, -24.03687331676483, -25.941541772603987, -26.70445590090752, -26.72660537624359, -24.783919559240346, -29.261901421308515, -31.347890591859816, -35.01729142761231, -32.71854114437103, -27.307037110328675, -28.734006625413897, -34.83476416277885, -32.19632912397385, -33.35864987039566, -31.580717714309692, -23.150393573045733, -23.038897579908372, -24.91813224744797], [-22.344733968734744, -29.267881052970885, -21.924696008682254, -19.586431272506715, -15.789756220817566, -14.490727212905885, -14.217475351333619, -17.471435061454773, -22.046770965576172, -21.108612468719485, -19.18717042064667, -19.058052755355835, -17.285292185783387, -18.811060898780823, -22.393066700935364, -19.360890785217286, -16.57889565753937, -15.09520477294922, -15.545768242835997, -17.901845253944398, -18.741453246116635, -16.093134578704834, -18.616574156761168, -18.901930588722227, -21.90331697654724, -34.56090367317199, -37.797336258888244, -36.14898175144196], [-31.64686578226089, -38.04686767816544, -36.666487346172325, -35.92729633998871, -34.91045371627808, -33.485569696903234, -39.66612633895874, -36.31522072505951, -38.01593039751053, -37.566143851757055, -34.24633263206482, -38.070418466568, -35.032384334564206, -37.42687454652786, -40.67218778610229, -40.82471232843399, -37.32460602426529, -37.210265425205236, -34.648579194068915, -35.22572366714478, -36.12075056791305, -33.32825088262558, -35.00487653970718, -36.20133114528656, -37.00551048278808, -41.898668478488915, -42.11342069673538, -46.97021237373352], [-35.105006819725034, -33.87875136947632, -33.68132054567337, -37.14260229873657, -41.28472888374329, -37.40680124425888, -40.22311818313599, -39.58269754886627, -39.76399465274811, -41.76119663572311, -40.57769844675064, -45.612632154941565, -38.98228358602524, -40.642733590126035, -44.47197462368011, -43.41884367322922, -43.12373190164567, -38.977076036453255, -41.69938836050034, -39.16093374490738, -42.143215186119086, -36.69958108329773, -38.26107292366029, -42.340977619171134, -43.09310194683076, -50.04471840572358, -46.41458898544312, -43.34504004240036], [-43.4315625, -40.2853125, -41.4053125, -42.0371875, -38.0241875, -38.8481875, -38.1665625, -41.258812500000005, -44.13431249999999, -43.2186875, -43.840374999999995, -42.675250000000005, -43.034375, -44.99550000000001, -45.9015625, -45.76475, -42.2665625, -41.8293125, -42.5844375, -42.20975, -43.88275, -39.204562499999994, -40.026187500000006, -39.244437500000004, -41.984750000000005, -44.205625, -41.468625, -45.78675], [-39.23492248725891, -42.68543155288696, -41.63943522930145, -41.11002026319503, -38.22875107002259, -42.019557795524605, -39.772501662731166, -41.22944808959961, -47.728997090339654, -45.907595627307884, -43.46372353124618, -46.737935078144076, -48.937321272850035, -50.615651245594016, -51.23377236890792, -55.915972203731535, -53.62195119667052, -51.303652693748475, -44.468961006641386, -44.27234015178681, -46.9710798869133, -52.588488531112674, -49.55292664766312, -46.91276414728164, -45.080708634853366, -53.27569521665573, -54.86307458543777, -53.35037388944626], [-49.4866944732666, -47.87921169567108, -48.77558552932739, -55.78165482330322, -54.91950180578232, -61.688806324481966, -59.51968223905564, -57.96079736709595, -59.45817538833618, -59.91509608602524, -57.09053092765808, -57.88197901248932, -63.077077003955836, -59.19649966621398, -59.749189268589014, -62.244720366001125, -60.769433840274814, -60.52988160181046, -60.42344009685515, -56.341994389533994, -61.90247506713868, -60.78172836399079, -56.808855484962464, -58.041575884342194, -59.582680018901826, -55.327855873107914, -60.79185739326476, -56.402284679412844], [-52.348334058761594, -55.35392262077332, -53.43261295223236, -54.25224165439606, -53.11892529773712, -57.90244133853913, -58.68888412475586, -53.94364902305603, -55.45716933727265, -56.026733367919924, -54.68554735088348, -55.38906516361237, -60.89447747325897, -60.00163565158844, -64.51281890869141, -64.63326344013214, -60.89003738021851, -62.1848952331543, -65.83033406925202, -61.35450268173217, -62.75573301506043, -64.39224739265441, -66.79630912494659, -62.00837565231323, -61.01930716705322, -62.42201761722565, -66.09963981342315, -62.750535361289984], [-35.96374597358704, -40.6568721370697, -39.1764974269867, -40.09835580062866, -39.080596647262574, -42.46206594181061, -43.4735644197464, -41.531508079528805, -43.240692321777345, -43.7961644411087, 