{"status": 0, "spectogram": [[-13.67875930954516, -13.598821810334922, -13.856509330049157, -14.319330792680383, -14.041875422745942, -13.469786085367202, -13.930286128848792, -13.852402205541733, -14.114036141484974, -14.197821887761357, -13.71663431419432, -13.806232550919056, -13.809875432431696, -13.891446844667197, -13.986946865469218, -13.659303982883692, -13.681330771103502, -13.483500386148691, -14.008875452935698, -13.523152177110315, -13.244571829974651, -13.274821840286254, -13.504696855217219, -12.94504502157867, -13.919679028272629, -13.532536116868258, -13.797661155045033, -13.103803947478532], [-13.31421383190155, -13.967615272819996, -13.633740286409854, -13.924445643186568, -13.931293834507468, -14.350258091509346, -13.45263315194845, -13.156284948468208, -13.66465099900961, -12.545535009503366, -14.19815988445282, -13.252124242663385, -12.84470463079214, -13.644115288794039, -12.994052851557731, -12.767597491562366, -13.139436737000942, -13.54882955878973, -12.940954601228235, -13.501633148133756, -11.82035647523403, -11.966552872180939, -11.935927878022193, -12.038972516715527, -12.110588599920273, -13.133347456634045, -12.69340995132923, -13.05573140156269], [-14.624265603542327, -12.338234264612199, -12.207421592712402, -12.199993602275846, -12.118940430641175, -12.777340671300887, -12.203404315948488, -11.236253413438796, -12.056725377082824, -10.693807191133498, -12.934242089271542, -11.75184182190895, -10.779967959165573, -12.061163394689558, -11.36691395354271, -11.254110417604448, -11.691600799083709, -12.37599293422699, -11.341931868791582, -11.919546813964844, -10.273816604137421, -10.434896766901018, -10.46702142071724, -10.435200344800949, -10.37569151353836, -11.340940198898316, -11.350315580368042, -11.545127438306809], [-10.819875, -9.598125, -9.375875, -9.6604375, -9.4623125, -9.6738125, -9.1391875, -8.5435625, -9.434625, -8.551125, -9.644437499999999, -9.2684375, -8.924125, -9.564, -9.452874999999999, -9.00475, -8.844312500000001, -8.9568125, -9.077124999999999, -9.371625, -8.041062499999999, -7.605125, -7.681687499999999, -7.855437500000001, -8.10825, -8.7054375, -7.9704375, -8.98375], [-3.7031783127784728, -3.2755444777011866, -3.1832319459915164, -3.752731930732727, -3.1808034720420837, -3.429499991416931, -3.015562441587448, -2.8607317190170285, -3.5194282884597774, -3.213320748806, -4.098508857488632, -3.8213746013641354, -3.577615422010422, -4.25020503783226, -4.0193923735618595, -3.7027672786712644, -3.465874609470367, -3.5641070933341976, -3.633294239282608, -3.739562165975571, -3.225543730020523, -2.6221062998771667, -2.9639814810752867, -3.0243385806083682, -3.0039098582267765, -2.9601424717903133, -2.9554549996852875, -3.4353924531936646], [-6.100900762081146, -3.7019483165740965, -3.610385509967804, -4.258198103904725, -3.481546677112579, -4.070636274814605, -3.359448578834534, -3.2361884140968322, -3.876546133518219, -3.822634140491486, -4.374511030673981, -4.296259944438934, -4.2374020457267765, -4.6682334136962895, -4.750107677459717, -4.632893198966981, -4.273072508811952, -4.184216563224793, -5.018652627468109, -4.537099462032319, -4.9619187970161445, -3.2310447783470155, -3.7236698718070986, -4.218749770164489, -4.16451743888855, -3.7344835128784184, -3.674357991218567, -4.472179467201233], [-9.70280194044113, -6.114959954738617, -6.174397147893906, -6.72683482027054, -6.259781535148619, -6.229362718820572, -5.85973702931404, -6.048851644992829, -6.7263877563476555, -7.727501214742661, -6.8323178839683525, -7.098940735340118, -7.995724994182587, -7.683646333932877, -8.090708022117614, -7.7086984746456135, -7.413128187417985, -6.854656895637513, -7.217717416524888, -7.588066078662872, -8.461991110801698, -8.604678472757339, -7.91268057847023, -8.298840189218522, -9.446249912977219, -8.244734919309616, -7.321611140966414, -8.641655263423921], [-13.64789872455597, -13.718726890563966, -14.614663224220276, -15.191091645240782, -14.069914425849916, -14.148013050079346, -14.002387741088867, -14.648876729011533, -15.732805563926698, -17.795776390075684, -14.80415564918518, -16.254706846237184, -18.133526367187496, -16.83856415939331, -17.902062839508055, -18.67854427719116, -16.76043901824951, -14.833128371238708, -18.49562549495697, -16.419180996894838, -20.497239374160767, -16.519705989837647, -17.57264299297333, -19.14998078632355, -19.64762321949005, -16.54981518936157, -17.255687980651857, -17.147822672843933], [-20.27753744268417, -19.244299345970155, -23.143171058654787, -19.934914842128755, -20.418415276050567, -21.84094163799286, -20.298818271636964, -19.82146698141098, -22.247395649433138, -21.349366839408873, -18.3526858458519, -24.171491357803347, -20.85228732252121, -25.455278088569642, -25.116463127613066, -21.27838607120514, -25.6532935667038, -22.295682540416717, -23.425556057453154, -21.564226221084596, -20.3276182718277, -19.006744332313538, -21.92711753463745, -20.612394393444063, -21.866071966648104, -25.58389272451401, -24.05589397382736, -21.038055957317354], [-25.043004022121433, -24.550515577793124, -24.051701994895936, -25.036556336402892, -23.83723813056946, -23.14153389883041, -23.23865631532669, -23.159465274810792, -23.547603160381314, -23.44620480966568, -22.373776288986203, -22.1852164478302, -24.454239849567415, -22.88310163545609, -24.013974300861356, -21.324634335041043, -21.481690219402314, -20.953478709697723, -20.737224020481108, -22.030709361553193, -21.397692224502563, -19.655934176921843, -18.347687017917636, -21.187407628059386, -23.022362852573394, -20.91573497200012, -18.637733221054077, -22.710181136131286], [-35.440375, -39.850625, -38.571375, -38.1406875, -37.2686875, -39.978624999999994, -36.9839375, -36.668000000000006, -38.029375, -35.439625, -38.205062500000004, -36.6320625, -35.867000000000004, -37.58625000000001, -36.99825, -35.464375, -36.784625, -37.8101875, -35.75, -36.429375, -33.7241875, -31.7635, -32.0763125, -34.038, -35.214999999999996, -35.044125, -34.464875000000006, -36.484375], [-43.65047601461411, -44.48116876029969, -44.15222991991043, -43.85640177249908, -43.0669973282814, -43.71624822092056, -44.37643460941315, -43.16924020767212, -43.15425897502899, -42.12996596479416, -42.55171402215957, -41.75457332754135, -40.31818112802505, -43.0421896648407, -41.36618939590455, -41.9498902630806, -42.24957190275192, -43.59637427949906, -42.87393732738495, -42.02299957132339, -43.68039849948883, -39.62904157209396, -39.598976341247564, -42.59580973243713, -42.69141388559341, -42.33773103284835, -41.00817248821259, -41.62587676286697], [-45.02132308006287, -42.957578341960904, -43.418015312194825, -43.14834765386581, -42.298865869998934, -41.63628473377227, -42.52965962028504, -42.29528479766846, -43.67336443662643, -42.19826768302917, -43.23245367288589, -42.7483370847702, -42.83204451799393, -43.99753565597534, -43.797721980571744, -41.93125871706009, -42.97219506263733, -43.358891119003296, -42.727205649852756, -43.41817768096924, -42.48737759971618, -43.72440781497955, -42.252533860206604, -42.125929507255556, -40.81658280611038, -41.956563712596896, -41.50243765115738, -42.83916971445083], [-33.523444053649904, -30.58544805145264, -29.829947448730472, -28.77389663887024, -29.80237729263306, -29.097219856262207, -31.0209016084671, -30.200177925109863, -29.69100382423401, -31.038713832855223, -28.001532750129698, -31.512250429153447, -30.0137084569931, -28.85774730014801, -30.13824420452118, -29.263754940032957, -30.67154013633728, -30.7164536151886, -31.96951239490509, -29.68639898681641, -31.029707608222964, -33.30944477272033, -32.1864477481842, -30.754724083900456, -31.741567378044127, -29.269095680236813, -28.830970085144042, -29.972967258453366], [-40.84079186534882, -40.88139524841308, -40.74664392662048, -42.04339265060425, -41.6418219242096, -41.82933907699585, -42.68871158981323, -41.08475739192963, -42.2721522359848, -40.76721405410767, -41.25496416282654, -41.74615152454376, -40.39366275215149, -40.90656265163422, -41.86337463760376, 