{"status": 0, "spectogram": [[-26.477473222866656, -46.08609829349817, -45.007535728365184, -49.53311605058611, -50.34135709187389, -46.241678594529624, -45.54155355557799, -48.05387497636676, -50.00690162034333, -49.76470521621406, -47.989080274328586, -42.98333030863106, -49.1298749370873, -49.82727683205903, -46.94740183009207, -48.039392828911545, -42.43004466174543, -41.52477686949075, -42.32490168865025, -46.25053568387031, -44.9197411929518, -40.50015182821453, -46.74427686028183, -47.100080338194964, -50.39986601425707, -45.40949995598197, -44.88324999558925, -42.061660772711036], [-3.5449108538627625, -3.9102945989966393, -4.122794566094875, -4.195526707828045, -4.110410647630692, -4.302705319821834, -4.443080297529697, -4.598848130404948, -4.750357028484344, -4.743785576105118, -4.737348087728024, -4.964169531643391, -5.220848137557506, -5.233732103347778, -5.20741961234808, -5.255017805576324, -5.184767789721489, -5.211553502202033, -5.362616017997265, -5.755294608056546, -5.873044598758221, -5.809017792820931, -5.571580313622952, -5.582830310285091, -5.568624925732613, -5.566866002857685, -5.529991013348102, -5.645383862197399], [-28.1723736038208, -39.02138413882256, -39.33757100343705, -36.068446003437046, -39.44512482452392, -44.98643849110603, -36.53568792033195, -43.89255371904373, -39.67562454175949, -41.98786608195305, -41.05936453366279, -36.60376786279678, -38.66249099516868, -41.882580475091935, -44.853268095016475, -47.44172375750542, -38.62714304733276, -37.02002653431893, -38.344027415037154, -36.71667870569229, -37.2707055785656, -35.64653538942338, -37.89372317242623, -39.58567874336243, -45.75144635868073, -38.029017637252814, -40.945516311645505, -40.23843697142601], [-13.0935625, -16.6398125, -15.5626875, -15.653312499999998, -15.743625000000002, -17.1093125, -16.614062500000003, -15.856625000000001, -14.629750000000001, -13.8141875, -14.647625, -15.1365625, -16.8550625, -19.016624999999998, -19.4230625, -18.411562500000002, -17.817124999999997, -18.1479375, -18.7403125, -19.822937500000002, -19.552875, -18.860875, -19.5429375, -19.553, -18.51075, -18.8636875, -19.1830625, -18.627125], [-24.640261924505236, -30.02441658163071, -35.43123032593727, -37.82607931518555, -35.27483771586418, -28.89248771381378, -33.95367629122734, -37.26907873010636, -38.02473932600021, -34.66222904896736, -38.769605370283124, -39.34014148831366, -37.24560558581352, -29.613478537321093, -28.898728209733964, -32.59575607585907, -34.97529230165481, -37.13993552303314, -34.96649741864204, -31.70981802916527, -32.380612885952004, -36.69571215558052, -32.10802336072922, -32.88989849185944, -42.30437429213524, -35.41170264482499, -34.7963901321888, -39.41420385885239], [-22.82196331977844, -32.58342083406448, -37.03329204702378, -32.24201946640015, -38.23730587863922, -31.247052929878237, -34.496868402004246, -38.0058541059494, -33.12935693550109, -37.461316207885744, -31.911821382522582, -37.75484669160843, -36.84647186136246, -39.184875422477724, -36.74631652879715, -36.331741953372955, -34.17116910505295, -37.53780114746094, -36.63724093294144, -33.18169914627075, -34.06649448347092, -30.73050932645798, -36.98582241916657, -36.55881445837021, -37.11822342157364, -32.980169986248015, -36.97035739707947, -39.08361733579636], [-3.1519250793457028, -2.6672393839359287, -2.7304281249046323, -1.938464057445526, -0.9100440337657929, -0.6938279292583467, -1.4409541180133818, -2.216428353786468, -3.2501979279518123, -3.8911809601783753, -4.115805563926697, -4.7031265292167665, -5.041080189466476, -5.279256842374802, -6.118944029808044, -6.1976235222816465, -5.3600793998241425, -7.244624622344971, -6.70693645644188, -6.366444321632386, -5.491265917778016, -5.596373713970185, -6.781810553789139, -6.39765019774437, -6.329954738855362, -6.998535150051116, -7.1260346837043755, -7.084061897039414], [-26.95341482067108, -29.74699005413055, -32.18955290794373, -30.063084869384767, -34.666139907836914, -30.451539918899535, -32.63209016704559, -35.06080483913422, -34.317363860130314, -33.04365084552765, -32.732091398239135, -38.0537868013382, -35.22713447856903, -38.78121717453003, -36.82002463054657, -38.78169282341003, -40.83520219516754, -40.31435964393616, -33.975359285354614, -33.487187840461736, -36.24001977539063, -40.71382132911682, -37.56919286727906, -36.193542429924015, -37.913274981498716, -38.44736145496368, -34.44242631340027, -37.04168812465668], [-24.557820949554444, -34.01307446861267, -31.916507721424104, -34.61638163805008, -37.41159617090225, -32.83646423530579, -32.10683584022522, -33.181435307979584, -33.805847411632534, -32.22036488485336, -33.69286627721787, -37.711165276050565, -37.258865114688874, -43.25908652496338, -39.19483801651001, -42.216675694465636, -36.01842697525024, -34.303032601356506, -35.048409133911136, -37.798720022678374, -36.415550112724304, -30.12386658143997, -32.6719909567833, -38.97277518987656, -38.31013396596909, -36.79999873161316, -31.948062358379364, -37.094515098571776], [-22.706614820480347, -24.936476697444913, -25.560285891532892, -25.306548899650572, -25.221422992706298, -30.4865227766037, -27.050340301990513, -23.487624303817746, -19.38114004468918, -18.09362550020218, -19.4033109331131, -20.85149684381485, -25.921016208648677, -32.2510616531372, -37.43011778306961, -31.939677237987517, -29.35184932231903, -28.290452311038973, -29.55876223754883, -31.99737493276596, -31.827989805221556, -27.80147851085663, -32.467725804328914, -30.339326447010038, -26.771463322639466, -30.031449750423434, -30.625511708259584, -28.230238609790806], [-29.2431875, -30.467374999999997, -30.529062499999995, -30.806, -30.574062500000004, -30.855687500000002, -30.23575, -29.5858125, -29.7975, -26.36575, -27.865499999999997, -30.598625, -31.815625, -33.205875, -35.3404375, -35.674062500000005, -32.373375, -31.9413125, -30.834875, -34.905812499999996, -35.173437500000006, -32.6991875, -32.2021875, -35.301500000000004, -32.8839375, -33.406875, -31.2644375, -34.0179375], [-46.84484556674958, -44.359601552009586, -47.349915704250336, -49.287349111557006, -48.37401906442643, -51.063080040454864, -48.318213792324066, -46.45779062128067, -45.40168109893799, -44.69074805498123, -45.22506413269043, -46.76217750549317, -51.54869937086105, -49.07252728939057, -52.76870930624009, -54.810740855693815, -50.74584070634842, -51.333192476272586, -49.89362400388718, -53.84367803668976, -50.85382306861877, -49.963328247070315, -57.84518950557709, -51.298644309997556, -53.91114714527131, -49.233572124958044, -48.32957244253159, -51.57935434961319], [-42.24474798727036, -43.02329159450531, -43.352977795124055, -41.004870120525354, -41.46538111305237, -40.048889258861536, -41.591328470230096, -41.9381214852333, -46.0194101023674, -43.53277907419205, -43.2512794470787, -45.48686130619049, -43.99328355932236, -43.79063017368316, -42.9276922621727, -43.481683820724484, -43.274362530708316, -42.156951080322266, -44.86988770914078, -40.575415171623234, -42.17617532491684, -41.5900498843193, -41.83836120510101, -42.26914883422852, -43.55331917905808, -42.44137195444107, -41.48486953496933, -42.9200059928894], [-36.50414266490937, -40.893985961914055, -39.8342429485321, -39.77623290157318, -40.073473728179934, -43.78883099079131, -41.470337738990786, -39.20132480907441, -38.36823375701905, -38.689024995803834, -38.91201963233948, -38.83200964450837, -42.35369861507415, -43.8541749162674, -44.66854881572724, -43.70891589546204, -42.17507108974458, -41.54526790332795, -40.99101762104035, -40.76279743480683, -41.580172358512876, -38.38671211338043, -42.0382080373764, -41.59836108398437, -39.24977815818786, -40.49807872009277, -41.25732773971557, -39.75870609474182], [-37.191955568313595, -36.53382938957215, -35.1413338470459, -34.71074438476563, -35.92517238044739, -36.877837368965146, -35.53190335273743, -34.90239710712433, -34.09353477287292, -36.618857671737665, -35.80485729217529, -36.174186594963075, -37.28794961261749, -40.16197224426269, 