{"status": 0, "spectogram": [[-13.487821800768376, -15.26159864591062, -15.290223646238445, -15.374973635450006, -15.735616513505576, -15.48781289254129, -15.842687912538647, -15.96899149750173, -16.095089705139397, -16.570402191713455, -16.8782772038728, -17.415143311560154, -17.427393299430612, -17.44173258319497, -17.86504510863125, -16.982732535958288, -17.13417005519569, -18.19591118898988, -17.580598619505764, -17.50318792311847, -17.090928999364376, -17.215518299430606, -17.25383079774678, -17.048580792054533, -16.615045032694937, -16.908357555210593, -16.952232570797204, -17.248929006636143], [-10.535463542699814, -10.587936756312846, -10.579311763346194, -10.922981405258177, -10.816061801850797, -11.41179392462969, -11.991918865382672, -11.906061736524105, -11.910168906390666, -14.226249140858652, -14.062311670005325, -14.247918787300588, -14.608891984462737, -15.016347322762012, -14.487472393453121, -15.128686628401278, -14.67707058763504, -15.385418819844723, -15.758481305718423, -15.155293800890444, -13.476838538050648, -13.138097485601904, -13.21134747737646, -12.69766893309355, -12.946276037394998, -12.530213570594785, -12.500338569402693, -13.235499252080917], [-11.560029736995698, -10.734860643148423, -11.140485107183457, -11.536905056476591, -11.682906019210813, -12.612521124601365, -12.665020884275437, -12.532869081497193, -12.8875298743248, -15.15484133887291, -15.172278411865232, -15.76725976896286, -15.371270398855211, -16.004385830402374, -14.981261826038363, -16.27797504091263, -15.436315155029298, -16.26099278688431, -16.899679586172105, -15.927466248750685, -14.385225994586945, -13.76886072421074, -13.803298002719878, -13.386289425611496, -13.592583469867709, -12.990467731714249, -13.182405260562899, -13.748860644578933], [-2.5466249999999997, -3.0793125000000003, -3.1396875, -3.948, -4.421, -4.8209375, -4.5925625, -4.5435625, -4.967375, -6.6842500000000005, -6.478187500000001, -6.114750000000001, -6.2589375, -6.524312499999999, -6.800812499999999, -7.2404375000000005, -7.050625, -8.554124999999999, -8.958375, -7.7176875, -6.7539375, -6.653124999999999, -6.767312499999999, -6.208875000000001, -5.925437499999999, -5.684125, -5.7466875, -6.4148125], [-3.102071388721466, -2.1075976970195773, -2.4210351996421817, -3.297213689804077, -4.910463549613952, -5.931276144266128, -5.458526432275772, -5.555812108278275, -6.510865543127061, -8.801660709381103, -8.91572319817543, -9.441759174108505, -9.167643077850343, -9.49333957672119, -9.2630268471241, -9.892285901546478, -9.435758959054947, -9.945598311662675, -9.746535830020905, -9.135848232507705, -9.009624628067016, -8.424981590270995, -8.468419051408768, -8.255454738855361, -7.773195955276489, -7.468249338626862, -7.401811881780624, -7.590847762346268], [-17.853704888820648, -14.403741522312163, -13.963054203033447, -14.87214376926422, -15.555097945690155, -15.473964680671692, -15.445903047084808, -16.085527931690216, -16.02826002264023, -19.1943153758049, -18.50393938779831, -17.87283312177658, -19.31568212032318, -19.456985438346862, -20.704297467708585, -19.83039558696747, -20.05178871154785, -21.49783362531662, -21.854207849979403, -19.926251730918885, -20.519554423332213, -21.142411417007448, -20.485098946094514, -20.363125066757203, -19.781625650405886, -19.327687919139866, -19.55950015068054, -20.542063791751865], [-14.38417780017853, -12.066386378765106, -12.774698783636094, -13.773073737859725, -17.548903306484224, -20.13884961795807, -17.291727174282073, -18.107815971374514, -21.61860097837448, -19.63691750884056, -19.361541763544082, -22.745873354911804, -21.81583673286438, -20.277078588724134, -19.74782645869255, -20.0576496899128, -19.575424966335298, -17.16213946008682, -16.72345215821266, -20.3803719830513, -24.28060206270218, -23.386993485450745, -23.866806368112563, -25.728842383623125, -26.02966458773613, -29.34177176308632, -29.368958608627317, -25.269271225214005], [-13.134367895126342, -13.07350026988983, -12.348062818527222, -12.588134130477908, -14.361971864700317, -13.800491209030152, -12.21949295425415, -12.96633156013489, -13.44727752685547, -12.9023611536026, -13.424360991477965, -12.483782135009765, -13.417067892074586, -12.788997220993041, -14.403120412826539, -13.420924993515014, -13.192245569229128, -15.944763118743897, -17.095575940132143, -15.591486477851866, -16.523188941955567, -18.29511612701416, -18.32549118804932, -18.942508476257327, -18.237795408248903, -19.24713366508484, -19.668946183204646, -18.37301009941101], [-28.364078261852264, -38.04807173013687, -37.147259520530696, -37.05670625782013, -35.04946586751937, -36.22974259948731, -36.606369811058045, -36.42668156957626, -37.41974256038666, -34.40019506931304, -34.593381937503814, -34.179312827587125, -35.12233832359314, -33.685715578079225, -36.120774278163914, -34.8456513838768, -36.9246937713623, -35.77758008241654, -35.73583041524887, -36.05159645795822, -40.751108323574066, -37.703127289295196, -37.82194017219544, -39.898965257167816, -38.03302059602737, -38.923447834491725, -39.60363480758667, -38.24557438611984], [-39.49791245174408, -39.30223297786713, -40.70660958003998, -42.119465540885926, -46.861666965961454, -43.452455496311195, -39.91589602470398, -38.746181542396556, -40.81169853878022, -46.942788807868965, -46.560228406429296, -39.53992889928818, -40.65666181993485, -40.77253030014039, -43.284461967945106, -41.99752833175659, -41.04153399324417, -43.440320741176606, -41.8638215880394, -41.576099355697636, -38.28006441545487, -39.28972275876998, -40.0282225985527, -38.44823012542725, -38.06183990287781, -39.55015152311325, -38.679650845050816, -38.29335891914368], [-47.6403125, -45.8108125, -44.1299375, -46.431, -50.782187500000006, -49.4733125, -48.4460625, -48.0861875, -47.197312499999995, -54.20106249999999, -52.9891875, -49.471875, -49.859125, -50.8298125, -53.684937500000004, -50.3995, -50.216125, -54.647375, -55.014, -55.793437499999996, -45.452625000000005, -46.0248125, -45.551874999999995, -44.950874999999996, -46.3378125, -46.9929375, -46.19449999999999, -46.829750000000004], [-42.65360964298249, -40.43617086601258, -39.43267008781433, -41.04851787519455, -42.12203229379655, -44.07860410451889, -41.46142048835754, -41.65658296298981, -43.18869735765456, -43.64697910165787, -45.90360185861587, -47.15887840747834, -48.70369098043442, -49.221001928329464, -47.50112956047058, -50.33906480741501, -47.342525527954095, -45.847810822486885, -44.90112272310257, -49.54718306732178, -46.704368031501765, -48.85250719547272, -51.651004076957705, -48.86029493618011, -51.43435296583175, -63.27068847608565, -52.03376807498932, -52.441682449340824], [-51.60228732776641, -53.8473675160408, -53.871367945194244, -55.00129439401626, -56.60838226747513, -56.250774157047275, -55.54346153640748, -55.31618474721908, -56.74861259603501, -59.30428420257569, -60.04328433418274, -60.64888079023361, -61.209310993671416, -61.664801616668704, -60.97117877864837, -63.23886590814591, -61.47573772859573, -62.9044432849884, -62.136319322586054, -63.13425858545303, -60.577415491580965, -62.43576519966125, -62.78182819032669, -61.46770962524414, -60.75972240495682, -64.58845651674271, -60.388703711986544, -63.14982835817338], [-37.443305624008175, -38.96911807727814, -38.978680519104, -40.431873670578, -42.03457568454742, -44.15409199619293, -42.70247372531891, -42.49032944965363, -44.42973762607574, -42.873437611579895, -42.918129589080806, -45.18293952846527, -43.76252340316773, -44.10313980579376, -43.505143141746515, -45.14179389762879, -49.60759177207947, -48.34806831073762, -50.060500782012944, -46.936157742500306, -47.49110564613343, -46.26904888439178, -47.74416933536529, -46.25180538368225, -46.5633519821167, -45.273936916351325, -43.16537281513214, -44.546497879982], [-47.05140901947021, -45.040141851425176, -44.45570617198945, -45.92272246456146, -45.806525368690494, -48.23204782485962, -48.01704935264588, -48.31971771335602, -49.348379450798035, -48.33304988098144, -50.24311586093903, 