{"status": 0, "spectogram": [[-49.76764287036657, -52.66842862528563, -55.33355354773998, -54.86421413132548, -58.41816052943468, -57.198062475129966, -59.67006247611344, -56.34792853394151, -55.79571423694492, -57.39508014158905, -53.44664268946647, -56.88483917769789, -57.67306243447959, -53.88130350041389, -55.417178513854736, -53.843017760992055, -54.38337481170893, -58.144428504467015, -55.895491067036986, -57.47441062936187, -56.53316967566312, -54.31834814532102, -56.80109810946882, -56.35688398002088, -58.0771428078115, -56.8807410453409, -58.34811591891945, -51.557821465015415], [-9.801723874151708, -10.016206017196179, -9.528830958783626, -9.411830902040005, -9.213982627868653, -9.098170103609561, -8.662295064032076, -8.755705771863461, -8.166598577320576, -7.92150927466154, -8.103884310781956, -8.38426824605465, -8.267491431772708, -8.178982473015786, -8.264607478499412, -8.365437812387944, -8.42782174038887, -8.551241397559643, -8.641053901672365, -8.394741399347783, -8.741107502818108, -8.937893230080604, -8.403955718696118, -8.014419989526273, -8.29113427835703, -8.72718787497282, -8.992312904179096, -9.21981290012598], [-28.53459567809105, -28.419808466672897, -30.958246747493746, -33.7204970498085, -35.74852177405358, -37.035210729122156, -36.9898979446888, -38.056478627681734, -39.30326497650146, -38.38517511463166, -39.36211295008659, -39.36048866963386, -39.883701401948926, -41.30252507615089, -41.875460817813874, -42.73548923563957, -43.70645462393761, -41.93259671854972, -42.4643461754322, -42.972096324205395, -40.74071235847473, -41.54467699718475, -41.025986222028735, -42.54572128319741, -40.588167076826096, -40.3224508664608, -40.68301519203186, -40.01728426599502], [-25.9616875, -37.599562500000005, -35.7673125, -39.059062499999996, -42.3769375, -42.63425, -39.4269375, -41.523062499999995, -38.382, -37.299, -39.616, -40.331125, -38.0673125, -37.79075, -37.690125, -38.576375, -37.56375, -38.462625, -37.335187499999996, -38.5534375, -39.274625, -40.069874999999996, -41.3101875, -39.314125, -39.3095625, -42.7420625, -41.6141875, -39.8648125], [-6.040435350179672, -7.047576545476914, -5.8633896808624275, -4.83877427649498, -3.927480204105377, -3.41340902042389, -3.290409329414368, -3.5041236820220947, -3.4203205566406245, -3.462240357637405, -3.780552557945251, -4.103436398744583, -4.207400927305222, -4.339338647842408, -4.775463629722596, -5.0037673907279965, -5.400499555110931, -5.526035161495209, -5.811660120010376, -5.994535135746001, -6.094195555686951, -6.161900857210159, -6.1454634366035465, -5.969704621553421, -5.73626708984375, -5.730481169700623, -6.013168399095534, -6.3462398765087125], [-12.87705119085312, -13.206500942707061, -15.699876554965975, -16.896668526649474, -23.002609414577485, -22.333194579601283, -28.17782083272934, -29.1330885052681, -38.6471299161911, -37.768323388099674, -34.18932494449615, -34.2167658495903, -35.30737848377228, -37.12743691778183, -38.93937779140472, -38.286395888328556, -33.48202840852738, -36.26335893344879, -34.69266905546188, -36.06305614757538, -36.02889288234711, -37.66265171289444, -42.56928016901017, -39.90535006570816, -41.17459018707275, -40.43747019386292, -32.41728425741196, -32.78533538198471], [-23.58949157691002, -26.44222377228737, -23.816473945379254, -25.37858965396881, -30.325692582130433, -28.719173052310943, -25.892982674837114, -26.684750249147413, -24.25329997372627, -23.272315599679946, -25.919754469394682, -26.04274522805214, -22.814588335275648, -22.285301721811294, -24.14848512840271, -22.608125834465028, -22.88072433209419, -23.24645746445656, -24.256333879232407, -24.842893833637238, -25.927775351047515, -27.449478178739547, -25.840607310056683, -26.786129058837886, -26.405657420873638, -25.629680056333545, -28.46511502790451, -28.530769226789474], [-12.344952359199524, -15.513560344696046, -14.009563131332397, -12.200298446655275, -10.92804261493683, -10.64092806816101, -11.153930236816407, -11.093645122528075, -12.594674960136413, -14.073631839752196, -13.7036293926239, -13.466280604362487, -13.937773359298706, -15.025730517387391, -15.844730010032654, -16.293490940093992, -16.30249923992157, -15.992802121162413, -15.428614889144896, -16.28882900238037, -15.69038074684143, -15.97246049976349, -17.973397624969483, -19.687399238586423, -18.157944012641906, -16.019013577461244, -15.086761532783507, -14.384199640274048], [-17.752500190734864, -14.394135843753814, -16.66319710636139, -18.138239766597746, -18.23133638763428, -18.21541601419449, -21.683414707660678, -21.68504790210724, -26.71072348499298, -28.59767871522904, -27.394055599689484, -26.37909119653702, -29.03338411140442, -31.24640930509567, -32.835533740520475, -32.748650190353395, -30.39340226078033, -32.65599792432785, -31.301185624122617, -31.436114627838137, -26.982268955707546, -26.095813704490663, -31.15124990224838, -31.394598987579347, -29.148411005496982, -27.416037227153776, -23.799289094448092, -23.257779587745667], [-18.921684803962705, -17.436750878810884, -18.608631832599638, -21.53210636806488, -28.826468617439268, -32.49222445869446, -33.66096862506866, -36.56512851381302, -39.27215620326996, -37.217667174816135, -38.79441889715195, -36.986599149227146, -37.01727121067047, -37.02181507587433, -40.84901064538955, -38.99867885875702, -36.5345599808693, -39.07907912635803, -38.24870222377777, -39.908828779697416, -35.140292084217066, -33.87699112939835, -38.051722166538234, -37.72224916505813, -34.65313245868683, -35.14345273017883, -31.603714557647702, -31.57243960762024], [-40.2816875, -43.152625, -40.772187499999994, -39.3388125, -38.4955, -39.928062499999996, -38.0756875, -39.3631875, -38.9688125, -40.0084375, -38.9558125, -38.9764375, -39.8270625, -39.4338125, -41.3614375, -41.558125, -40.3853125, -40.6975, -39.14175, -41.5944375, -38.157, -38.7385, -40.797375, -42.88675, -38.3584375, -37.731, -36.265375, -37.4416875], [-44.782427837371834, -51.09681013774872, -50.09969123458863, -51.207634246349336, -45.264212469100954, -44.59743580627441, -40.93380916404724, -41.61211638450623, -39.13292494630814, -37.58056639623642, -38.23763239955902, -39.90687444353103, -38.45231541776656, -38.605634562015524, -38.7003846077919, -37.2731869931221, -37.736087037086484, -36.995204573154446, -36.918767226219174, -38.24591017818451, -39.45627129459381, -39.6839131937027, -40.79047380399704, -40.71394046068192, -39.57950476741791, -40.11919815683365, -43.629568287372585, -44.657121262073524], [-47.0010993885994, -42.8199201207161, -43.2034218287468, -42.87290644311905, -44.66197220611572, -46.608179466724394, -45.67624032306671, -44.710345748901375, -45.11027864789963, -46.20415278768539, -45.425405711650846, -45.99794194746018, -47.35540313863754, -47.19859690618515, -47.453472352504726, -47.70833606529236, -47.69281833457947, -46.473114064693455, -45.50942769241333, -47.867917438983916, -46.65499327230453, -48.210188915729525, -50.050437703609475, -49.7331630487442, -49.305134747982024, -48.83979838895797, -48.17623656940461, -49.40920981645584], [-43.43220474529266, -38.51518607616424, -37.0553091249466, -39.42381176948547, -39.748819005012514, -39.639348159790046, -38.182102149963384, -37.80773686695099, -36.04029892253876, -36.79875870513916, -38.045063231468205, -39.422263108253475, -38.031597278594965, -36.24355273151397, -36.56479991054535, -36.42921284008026, -37.38795656776429, -36.801877705574036, -37.81768734359741, -38.151821408271786, -38.95185484981537, -38.8060592880249, -41.47580677413941, -38.681515486717224, -38.324604630470276, -38.781390433311465, -40.312694820404054, -40.94351807022095], [-51.273374725341796, -52.78717477035522, -50.85398680591584, -53.355420287132254, -53.9796600484848, -54.48422415733338, -54.10303753566742, -53.15141898727417, -53.278859896659846, -47.76862885951996, -50.029438955307, -51.92113318252564, -52.19602034282684, -46.247559145927426, -47.51249611473083, -48.55828361129761, -46.92007873821259, -47.70804139804841, -51.02629082965851, 