{"status": 1, "spectogram": [[-27.90177674661577, -41.32762499785423, -40.83443758355081, -41.03792845752835, -44.446214110791686, -43.18817850327492, -37.6553035542965, -38.63520529310406, -39.89011602021754, -39.92934817807376, -36.79497318960726, -36.23919643640518, -39.6766606657207, -47.041107122361666, -40.79004462040961, -42.92191960187256, -37.2404374910742, -40.21202685384452, -39.852464225202795, -42.52808916792274, -37.664080329343676, -44.6756518073231, -43.4264017406553, -42.487589272111656, -43.244642789602274, -37.4455446202904, -39.97435715353488, -37.2270982028395], [-21.99768749564886, -38.32590185266733, -35.43696420919895, -37.55072314637899, -32.31896435689926, -28.057598364889625, -37.17153596901893, -32.38983905911446, -33.16509814959765, -29.256026481568817, -29.633589425086978, -34.44288381046057, -28.161616325438022, -30.357133868992328, -28.8069463340044, -34.27339262020588, -29.245169702231887, -36.89149990534782, -32.38106245845556, -31.270588967204095, -30.19943717044592, -30.707803733825685, -34.52674116665125, -34.06822338038683, -30.697267869949336, -27.61407154774666, -30.38544648087025, -28.177356979370117], [-6.044527366399765, -6.898912662982941, -7.083662709236145, -8.085903981447219, -7.759243124246598, -8.26500218820572, -8.089002095222472, -8.648921916723252, -8.054823524951937, -10.253681114673613, -9.593368436574936, -7.543564422369003, -8.543555704593658, -8.016305507183075, -7.897868008375169, -9.125725446462631, -9.023082503080369, -9.107171814203262, -11.81135988998413, -11.110815054655074, -11.633529414415358, -10.135823765277863, -12.65319931602478, -12.510520666122437, -14.912110470294953, -13.389895840167998, -13.035583193063736, -11.639216776371], [-24.0946875, -23.521437499999998, -24.1610625, -24.2050625, -26.1650625, -23.448375, -23.3779375, -26.262687500000002, -24.3409375, -28.805749999999996, -30.4735, -23.137, -25.269375, -20.720437500000003, -24.947125, -25.875750000000004, -24.04475, -25.7734375, -26.283125, -21.8746875, -26.537125, -27.0595, -23.3420625, -22.157249999999998, -24.2000625, -23.889062499999998, -25.013437499999995, -25.35575], [-6.375268716812133, -4.938973681211472, -3.7457234466075895, -3.2163210387229917, -3.717285884857178, -3.012794426202774, -4.583232390880585, -4.762830475091935, -4.371303689002991, -2.9437672405242923, -4.095079744577408, -6.661625314712525, -4.352482087135315, -3.1791341407299045, -4.197759350538254, -5.036250002384186, -5.999616256952286, -6.0877766244411475, -5.185400964498521, -4.86106190943718, -4.701338893413544, -5.249401059865951, -3.2903385729789734, -5.843838210105896, -5.643043527364732, -6.257517181873322, -6.569017055034639, -7.44039235830307], [-18.165015817642214, -16.033530682086948, -15.721837790489197, -15.115895703315733, -16.320386417865755, -19.487042038440705, -13.019608897209167, -18.613760511875153, -15.560140684127807, -13.559499938964844, -19.598001170158387, -20.62256344652176, -16.087102318286895, -18.375979364395143, -20.20360603427887, -17.088114085674285, -18.069651229381563, -14.786466814994812, -21.705590738296507, -12.59111659860611, -17.124133306980134, -17.533471762180326, -13.589474056720736, -18.23087819004059, -15.837564018726347, -14.46375768327713, -11.476949212074278, -14.22791232585907], [-22.057595855474474, -18.847362877607342, -21.568680290699007, -20.636987509727476, -18.826832755804062, -25.4883819565773, -22.561751514911652, -16.264156420469284, -20.12279197669029, -17.776808454990384, -14.876869814157487, -23.626789711952213, -23.562674147844312, -18.58684983086586, -18.344597951173782, -26.735043404102324, -24.67779647564888, -16.312775708436966, -23.17053434872627, -23.180220909595487, -17.554996706724165, -22.567728947877885, -16.163477923631667, -24.402867131710053, -22.96801602911949, -25.14226686167717, -19.636390451192852, -20.722755352973937], [-20.167815105438233, -15.599385394096375, -20.04262799739838, -18.877456585884094, -18.01576299381256, -22.230456149101258, -13.853708643913269, -19.131966384887697, -20.767202869415286, -19.121812947273252, -19.517250122070312, -20.826967370986935, -23.157419251441958, -18.362739636421203, -19.824177644729616, -23.417725624084472, -17.095520441055296, -22.11775647830963, -18.653075971603396, -17.846737018585202, -18.913089185714725, -19.081646604537966, -18.305274536132814, -19.906405011177064, -20.16935717964172, -18.3103581905365, -21.968488271713255, -18.97448404312134], [-17.469107922554016, -21.933651549816133, -16.23584229850769, -15.386679108619692, -17.479662219047544, -16.913448781013486, -21.579322147369382, -17.83799196386337, -18.45464601421356, -17.71030357646942, -22.52254901123047, -19.387948201179505, -22.394488601207733, -19.290492314815523, -16.7030564289093, -18.07381382417679, -21.14597333574295, -18.40735730075836, -21.748103055000307, -19.26877592134476, -17.946560686588285, -18.7386515955925, -21.255085569381713, -19.92190890598297, -19.836648299694062, -19.60633713054657, -22.980212087631223, -19.989813062191008], [-32.072410680294034, -26.065144863128662, -31.478395295143127, -28.60858449316025, -26.888102010250094, -27.343813834667205, -25.161749957084655, -34.662828994274136, -29.44485166978836, -30.11992759180069, -30.208535894870757, -29.425509272575383, -29.511741889476777, -30.690983066082, -30.4714251537323, -28.61870081615448, -28.432960045337676, -29.528687798976904, -28.76543701219559, -30.01756704187393, -31.529150587558746, -34.54249645233155, -31.40455754613877, -31.718246590137483, -31.973434611797334, -36.14518489265442, -29.704302422523497, -28.179387090206145], [-32.3169375, -30.449562500000003, -34.77075, -34.830124999999995, -32.524437500000005, -31.3380625, -36.239374999999995, -33.879437499999995, -31.051875, -32.2666875, -36.9164375, -35.029375, -35.224875, -30.844875000000002, -33.280874999999995, -32.93625, -32.369875, -36.83618750000001, -33.31475, -35.5975, -36.038374999999995, -33.277125000000005, -38.478125000000006, -40.265375, -39.474125, -40.504999999999995, -39.130812500000005, -37.45925], [-44.04766506862641, -34.38534180259705, -33.391650244236, -33.90645534467697, -32.82778703403473, -31.133155725955962, -31.588526228427888, -32.31356021022797, -35.775468015193944, -35.831890983581545, -36.29933391523362, -32.803214508056634, -36.52457172203064, -36.10491078090668, -30.229598688602447, -32.18973706626892, -36.05908812618256, -37.94578935432433, -34.93315992832184, -36.10798392772675, -34.94340458488464, -35.037562601566314, -33.71993916654587, -34.874064017772675, -39.18314416217804, -35.332968702316286, -38.18015167474747, -37.53120258140564], [-28.215961631774903, -29.29355035305023, -26.028365870952612, -28.85483911037445, -24.740089725494386, -29.12163511133194, -25.56438486909866, -27.521427572250367, -29.659607835769656, -25.156080138683322, -24.685517242431636, -27.256590784072877, -22.574135030269623, -24.783766759872435, -23.52970723962784, -23.829655083179475, -28.550732794761657, -28.043876729011536, -23.668999769210814, -26.46412549114227, -25.971624707221984, -29.225071353912355, -25.197072827339174, -24.204232309341428, -27.68202552366257, -26.52025851011276, -25.26151160955429, -26.064562068462372], [-43.24949523639679, -40.87229240989685, -40.0986055765152, -43.67360224628449, -40.946619475364685, -41.94951223278046, -44.59907679367065, -41.633533232688904, -42.480216083526614, -41.29722808170318, -41.51222460460663, -41.49789819145202, -44.5115558872223, -42.66927405357361, -43.61952534866333, -40.583326148986814, -45.777838731765755, -41.92473875427246, -40.057047322273256, -40.59392061710358, -41.070605465888974, -44.1063144826889, -42.62400439453125, -47.259432995796196, -44.850169280052185, -46.64000406742097, -43.7277567987442, -42.86376489925385], [-47.47877652454376, -52.98281851387024, -48.94137875843048, -46.97470475292206, -48.75889273071289, -50.0306112279892, -49.34980286216736, -48.410508130073545, -49.225104701995846, -48.99094317817688, -46.74150646686554, 