{"status": 0, "spectogram": [[-34.343592333196376, -56.59721398480448, -58.39915530343385, -53.41139278113842, -65.92883340981848, -57.38225755227524, -57.36035688724681, -57.53966275798301, -55.82808763018799, -57.63484337588051, -59.476035568058485, -57.35835853641681, -59.928814734245435, -61.81316082070131, -59.76395115377398, -59.529898724766504, -56.412455043417495, -57.56089270937443, -57.61049275740806, -56.53379278315886, -60.07381049269074, -60.99375367378647, -61.858850622971545, -57.212424767868114, -60.17483921518922, -56.78679543189849, -62.752560293293094, -57.90704337743321], [-14.079956961880235, -14.342236723326907, -14.452428121260235, -15.205535267114637, -14.952818509639522, -14.718966493137026, -14.629303261501448, -14.721772619926195, -14.5536833248625, -14.754826018995178, -15.179678182601926, -15.314734193179081, -15.323757212252048, -15.34761444730905, -15.143958893556977, -15.072839025412273, -15.275170715276055, -15.593946074843405, -15.910430717986447, -15.959917962113217, -15.835333874330207, -15.888198779436994, -16.050221742209118, -16.101688388887723, -15.960338965535165, -15.824844103027363, -15.764349116167248, -15.820412928367121], [-35.05232274643654, -55.32916726819717, -55.273359685216775, -48.8389106631279, -52.72145185179126, -48.38469841090985, -52.547560218304746, -49.66053257779677, -53.72986951401784, -55.78691509470657, -51.92866141366958, -51.66375692691602, -50.65253278515314, -50.581782988148696, -47.30846934003249, -50.29415393455621, -54.25028301266022, -47.45482121276856, -45.05191313029334, -45.80087324680618, -48.98331416375219, -51.90396824426052, -59.88050154269702, -47.86231779482895, -54.91562583971024, -55.61624831365135, -45.42299918539586, -46.81602072127176], [-13.713375392854214, -14.532428572177887, -15.001250024318693, -16.0505, -16.770249977588655, -17.3669463763237, -17.56326792240143, -17.76780356884003, -17.99255358552933, -18.054767941951752, -17.819625, -17.826321460723875, -18.10983954524994, -18.6640179567337, -20.370321233749394, -22.005891881942752, -20.542070587158204, -19.518375, -20.419321071624758, -20.984821744918822, -21.08217724227905, -21.529035274505617, -21.403089290618897, -20.777821720123292, -20.951375, -20.672875097274783, -20.448160678863523, -20.89071329498291], [-28.34382767516986, -40.08879395143962, -42.703582329346496, -37.59332163143158, -42.953299719387076, -37.76293996112186, -41.35650908957671, -41.75994794075797, -43.27559284182977, -40.51860229930067, -41.16964409923553, -43.77209956212989, -46.61334218139108, -42.600901920698306, -40.25754416341185, -46.473146070060075, -42.805080416931794, -39.90151938009262, -35.41241289786987, -36.450498303286686, -36.50874601839719, -41.320626721868344, -43.28888036786078, -38.68437451930025, -39.96332385635376, -45.7473610638208, -39.8991377327551, -43.26158935549373], [-7.445803788183064, -7.854945375092177, -10.183467172218817, -12.064173263549804, -15.809005705478334, -18.67948908861339, -19.370410243754478, -19.60874178123474, -20.111165307336854, -19.830255244614698, -16.608082345008853, -15.593517271022064, -15.754502365423257, -17.99519445458224, -25.737353657352614, -32.56671975603243, -22.885267579584976, -20.93175962162018, -24.084476770109365, -24.852079311720185, -23.852813757212658, -25.780063848977107, -25.73250265020481, -23.68078643516502, -23.784491567611695, -25.09050761290999, -24.857130039974958, -25.659505765174224], [-18.456583717960843, -33.98323952088322, -25.67160030889056, -25.94798199224472, -25.63546536973975, -25.70174990945822, -28.472731136605027, -32.30669270395704, -26.513927440916568, -24.571234297110113, -25.881135395526883, -28.318068303284672, -32.09310085969643, -26.603486756286912, -23.44771844950492, -18.16472614236107, -26.237810941689435, -29.585464498996732, -27.764382153356433, -27.776029357995906, -24.31298734679089, -24.20068604244068, -26.453268597330403, -25.124698977055967, -26.131820067882536, -29.39324515434231, -26.31095612136954, -28.86053883317795], [-13.123530661685544, -22.303087143879765, -23.516351310442936, -29.3316028881073, -31.565727730405243, -31.559934630072323, -38.537966396412436, -41.24920638020512, -37.07013372299686, -37.50704539062963, -34.91952052688598, -32.81676033705101, -35.44675529327009, -34.75412670832194, -36.97309653258781, -40.668655428676225, -36.48762478412292, -36.56053121566772, -33.43408875468708, -31.684257910439015, -34.142315515731546, -35.59331148592846, -40.363204399424845, -33.3403281433715, -37.68953079986572, -41.88343354508874, -34.02374845231999, -36.564370631084834], [-13.066166122466058, -14.222222510332962, -12.954066336855618, -13.336804604530334, -13.3098194268284, -13.66924411791184, -14.405657539056206, -14.756935439440618, -15.595073597509082, -14.655824306498182, -13.175913964271544, -13.600852175401597, -13.691974941293221, -13.77883008423641, -16.428679658772744, -18.96926912786479, -17.159305843430165, -15.958683237075807, -17.56634199885887, -18.56274705863551, -18.59118273053778, -19.017974488510838, -19.0583836840798, -18.879391053161335, -18.893005968093874, -19.460108165079177, -19.425299797778223, -19.836795590380383], [-26.17115019328662, -27.62951480715743, -22.11769517982215, -19.509003794670104, -16.408149713725095, -14.54469873089716, -15.054524393159278, -15.2693864835231, -15.78265049368975, -15.414313518648214, -16.7623889541626, -18.923563396221603, -17.969118357283303, -16.7245304797025, -13.99106222892383, -14.591972680930718, -16.312419147884473, -18.092633712768556, -17.1005315240768, -17.495136655222815, -16.827624840330216, -17.01139001799759, -17.48890077861745, -18.889094445150068, -18.085626703262328, -18.44307539060179, -18.304720735529525, -18.691348159695846], [-30.58298294734955, -34.24801782923937, -36.37335718727112, -35.2835, -35.89403578042984, -35.02969648218155, -39.78903490638733, -37.399910698890686, -41.949321961402894, -38.348107491493224, -39.90774999999999, -41.77796500778198, -44.809979716300965, -40.277874329566956, -39.7213746881485, -40.23523236560821, -43.50655128669739, -40.70937500000001, -40.686072814941404, -40.68473108959198, -41.02226831245423, -40.71341055488587, -38.580695499420166, -40.91396370315552, -42.375625, -41.241751392364506, -43.612485317230224, -41.14532060623169], [-45.55780565982726, -44.26266582068491, -44.480468335589904, -41.278246864318845, -36.862188691484455, -37.427516372650665, -39.5855923133764, -41.055420820157565, -42.40590404958169, -44.19721462362836, -42.738913350105285, -44.604232316290506, -44.635165626994045, -44.960145086639855, -41.74260730525462, -43.718316938129206, -51.71997946389865, -48.76107619667053, -47.227398526602684, -44.4929940847676, -44.557026013578756, -43.31901531693799, -43.51331298530087, -45.46046945184733, -44.9614560289383, -44.69528647714638, -43.90023471843888, -44.63959804494439], [-36.45294356253564, -38.91013394335825, -41.806468459518555, -42.783159075737, -45.434155776534894, -46.96870762062102, -46.02332277301953, -49.066010234833726, -48.3774058078359, -51.41689914277195, -51.20305010318756, -50.78570540198504, -50.14024169120096, -53.113503717460645, -56.59921030363641, -53.39130259213967, -53.45638383581218, -54.89599851799012, -53.43424350535986, -55.54507793469195, -53.597983555154464, -54.21076946752993, -54.313248370696385, -53.624990050216816, -55.135353809356694, -60.61620093697718, -55.01944639110522, -56.12215902936161], [-39.5311590830824, -43.840214074127594, -44.43550283628544, -43.84714489936829, -41.20194356447796, -40.735305791066, -42.41058003814807, -43.96877195885634, -44.1102938872167, -45.642710158748, -48.727507982254025, -49.4611376743718, -48.759573688859916, -49.47764747512598, -45.4987715306758, -49.758688493748906, -46.55476074226242, -48.131385742187504, -46.6055268098471, -48.5093567500023, -48.72228037120946, -48.389955023468445, -50.661724782010594, -48.55401524181816, -47.438299753189085, -46.01238032290444, -44.23014878868626, -45.48934677481849], 