{"status": 0, "spectogram": [[-5.272546003394284, -12.823763283702185, -12.719408768884998, -13.012196948736907, -12.853883167161019, -13.28522242697709, -13.933538988210142, -14.088253286219995, -14.58556429595546, -14.12631916546517, -13.579982551127673, -13.603158520333597, -13.871472176961163, -14.805599610455811, -15.655763182944789, -15.809719976959123, -16.040477363805962, -17.042107567608355, -16.79153045029539, -16.74555114380069, -16.64559455985013, -17.17715854893533, -16.752857392787938, -16.601110099454907, -17.341625429838896, -17.67120259901641, -18.49636170443209, -16.628584014144256], [-8.630290143442714, -7.815851835798244, -7.227788177667827, -7.996303370118142, -9.238298339675879, -9.610124709895684, -9.867453497414719, -10.737527747847597, -12.077201149597457, -12.262566113253023, -12.691374590039254, -11.595474466455194, -11.346590715466746, -16.102544026472188, -17.202035294021883, -18.97713669015183, -20.019685654730207, -21.630767057776453, -20.421271587641947, -19.654384847959648, -19.886144759628245, -19.23791495418308, -19.602652818368398, -19.62541066413263, -19.346820913076403, -22.38824339555249, -19.983263085034878, -21.042463349531996], [-7.214808750016029, -7.759239353338069, -7.944836384851089, -7.980124469280242, -8.213659868614982, -8.554698196197068, -8.606603720129973, -8.874202767683535, -9.328959984039772, -9.551067143245577, -9.846176465034485, -9.599442230983412, -9.670865913488779, -12.06268511632069, -12.945756859331754, -14.594684627638784, -15.950972354976482, -18.653849960327147, -16.67997856377653, -15.325539669279918, -15.767372839577474, -15.551248103541043, -15.202841397061372, -15.698715958847957, -16.315264537334443, -19.852393039285865, -24.743701605595778, -29.3162923935386], [-13.281981783419848, -17.072374978721143, -16.73017864179611, -15.41775, -15.064892714977264, -14.86069651556015, -15.987965940475462, -11.398106954574583, -12.460874966144562, -13.189411222934723, -12.806125000000002, -12.107927110671998, -15.20428588104248, -12.862768597602845, -12.015071598052977, -13.155465246200562, -12.80948268699646, -13.849499999999999, -14.984982828140259, -15.71573194217682, -15.468857143402099, -15.115660573005677, -16.706286144256595, -17.84560626602173, -20.23775, -21.698520402908326, -26.5831088180542, -26.202283317565914], [-16.513143956763376, -19.655476456858707, -21.89272107401665, -18.503482110500336, -16.163883333541673, -14.750750182618916, -16.335297091174283, -10.064854089727113, -8.756519239815052, -9.026508517966077, -8.650656878948212, -9.307873986360867, -12.663706642988494, -11.305792997184477, -11.832924551428489, -14.066891084817739, -14.323601803935176, -14.729071361541749, -14.536950949580678, -15.006452187577487, -12.822568556659043, -10.337348029710721, -11.401471252684763, -12.502138916025293, -12.93806987285614, -15.211970295478197, -22.391778067521326, -28.79656633461647], [-15.093974664676942, -20.928234927049914, -17.2627947461746, -19.46361003684998, -23.20747279714969, -20.553363846604242, -21.2959525912555, -23.240829991009058, -18.6860521310204, -18.906584220808206, -17.406457561492918, -21.0828135510851, -21.67355939561515, -14.501163930463775, -13.541604513440673, -14.274038957714918, -14.280050407215109, -14.10787687587738, -13.552295499216065, -12.80487638928958, -12.617052394866587, -13.577861189004864, -14.81304952403553, -14.375067833492357, -15.989086516380308, -14.42704414902981, -18.33678122006514, -22.682317397078776], [-12.582039994448166, -16.961019340984613, -18.45000735748551, -21.210362255096438, -23.907142711362354, -24.296570092785096, -22.674310913824055, -30.393308544109694, -26.416695710337617, -29.72624893143675, -28.868412184238437, -27.040672069040646, -28.556525132647486, -28.496534548626645, -29.46219768458881, -27.028230936882927, -23.202836389038247, -19.729781949996948, -28.596774790539342, -32.38202287649685, -29.970350617272924, -26.32554845502479, -30.113209927130537, -29.926710291057432, -25.73806997966766, -25.90928257507251, -29.265832139532527, -34.40238325711852], [-11.464400116734758, -14.773047531923387, -12.264448890788337, -13.189664323806763, -17.249280189392895, -17.55721604131165, -19.65073157611974, -21.568187575146307, -23.030923642868736, -29.911345196519036, -26.669967193603515, -22.657884721153167, -20.94514426137987, -28.707084189810047, -31.062140028505198, -30.089564023881117, -29.037687144689, -27.75977890396118, -27.48997188412037, -29.507521900450577, -24.624827417178604, -22.664482722243253, -28.400559590049696, -26.53609539304278, -23.34854941749573, -23.967401625032302, -24.436888947977394, -28.469315724681508], [-36.05543065403804, -32.19117797459989, -32.1319732553669, -31.325719802856447, -29.81859354088263, -30.676173438130945, -28.215122171441145, -25.765429368311086, -26.101024060035254, -25.521962870889894, -25.517485423088075, -24.04560297914297, -27.103109681617997, -39.80705893621834, -40.76521239008223, -44.13672373884285, -40.23375804782326, -42.95630083370209, -43.845742902094145, -40.12165486468022, -38.80466773963468, -38.5622702894009, -35.408739497906744, -36.870918585953824, -34.256894554138185, -37.45048480401647, -39.06672746736382, -37.767040686317486], [-34.49219329258144, -36.0874710196048, -34.54154704292513, -31.43896466255188, -32.81028395234412, -31.79785555964969, -33.416565236692335, -32.68458870233885, -38.199925325538985, -37.71603994300172, -36.6960563879013, -31.92149225762612, -32.27792645867336, -46.03844429421522, -51.41678100282521, -46.64305445983866, -50.14347961321593, -50.12575339889526, -46.72731682679727, -43.96764152775974, -42.57688876934217, -42.83755979070736, -48.47807466558468, -42.43351844088906, -40.73720398616791, -45.601662440415545, -47.08728199763168, -46.486462429806025], [-40.0402845544815, -41.1535179130435, -43.687981833219524, -41.833124999999995, -42.10598210072518, -41.416053508281706, -44.201053412437446, -42.95994577121735, -44.32969648122788, -43.47732092952728, -42.155499999999996, -41.16607155609131, -42.629264790534975, -51.60142626190185, -54.00208897686005, -51.27849726486206, -48.35759012031555, -46.820750000000004, -52.396735120773315, -51.2895206155777, -50.407269423484806, -45.43401742649078, -45.82878556060791, -45.788142662048344, -46.421, -50.01226910209655, -52.00696417999268, -49.59051315116882], [-38.22128515595187, -41.02385200141264, -41.92092429088637, -45.553293404579165, -45.085055173752394, -48.11204545137784, -51.15608235008959, -48.01458885317636, -45.77280751887122, -43.34773726945163, -42.26268257522583, -44.916673412191486, -47.54295361795209, -50.67597396651917, -54.07107101417325, -49.96660969816199, -48.01416374171802, -48.56127204608918, -49.811527106828535, -51.850720353534406, -52.02440718098046, -47.2990332816007, -48.373724561966405, -47.197551957946395, -45.11938960456848, -51.12649318183442, -51.20327640325661, -50.250867832479784], [-34.54336139206232, -40.18858843507937, -37.68220960584946, -39.84132147789001, -41.31404735472735, -39.46245051621424, -40.39211630879633, -38.37840976594574, -39.05744656255329, -40.50270356125701, -38.82788915634155, -39.178488373406765, -40.059190385157976, -47.22442659615601, -50.37589206388117, -48.45868766951905, -46.89349130688791, -46.86042646408081, -49.5666876165781, -48.94952801365629, -47.98020642813756, -46.05287061317566, -44.7327085922379, -45.938144981170524, -44.84753156089783, -51.123720076930624, -52.576897448461594, -50.360247492618825], [-40.78287375429388, -46.98347498079346, -48.295000900764585, -51.46971214294434, -50.53795117945118, -52.2792887858943, -51.27422599957958, -51.35536606370322, -55.488174472127724, -52.738803701871106, -53.17899964141845, -48.95097419531608, -52.202397381762566, -56.75013457465602, -60.1139848547568, -61.375571682464404, -59.32129635487843, -60.31207063293457, -64.06453364578786, -58.75502318499043, -61.21802499142561, -55.62179582401292, -54.911276436375005, -55.18307525463423, -54.69405410575867, -56.56423938081679, 