{"status": 0, "spectogram": [[-31.620026721701027, -49.96249092642963, -54.19524094252288, -54.590133917406206, -55.802883884742855, -55.443696379482745, -55.1155087903291, -54.22034811465442, -56.10593738345801, -55.13792852708697, -56.98805338650942, -54.37095530863106, -56.157071364998814, -55.125428499758236, -54.89417864069342, -57.44260705241561, -53.81904451586306, -58.24061585392057, -55.48080341371893, -53.7497500448525, -55.963857211470604, -57.17508931097388, -56.872026828125115, -56.51436608763039, -56.37446421307325, -55.60893742494286, -62.86318751628696, -50.86944638997316], [-10.647741493046283, -8.396142976403237, -8.454330470979215, -8.457205475509166, -8.539009058773518, -8.548250160098076, -8.639187679111958, -8.729589426994323, -8.751321541666984, -8.664553638339042, -8.86099116796255, -8.828035834550857, -8.886982295989991, -8.845294767081736, -8.734669732630252, -8.77416074693203, -9.035982190847397, -9.093410790801048, -8.922035827040673, -9.083267997860908, -9.31630369246006, -9.620250130653382, -9.686562642633916, -9.63210724592209, -9.585839366078377, -9.55315186291933, -9.529214377880097, -9.471473322212695], [-34.74271308660507, -45.82525800347328, -43.64225825333595, -46.590553364276886, -46.63081100535392, -60.59395536494255, -53.08376812553406, -52.70425784993172, -53.40648117542267, -43.28413209033012, -48.94419662427902, -46.33989359998703, -44.26260476636887, -43.895589427471165, -42.64746512651444, -45.75530297422409, -47.5962137002945, -48.932695869445794, -48.04775917840004, -46.980428184032434, -47.10349123740196, -43.87640281271935, -46.82033835172653, -51.4745717973709, -50.36005300045014, -51.42806235146523, -51.74556138396264, -48.532669644117355], [-21.04975, -29.467437500000003, -28.290562500000004, -30.397125000000003, -30.625875, -32.864, -35.403687500000004, -31.659875, -30.6474375, -26.836125, -29.664562499999995, -31.408624999999997, -32.2296875, -30.5265625, -29.0294375, -26.1145, -26.95275, -28.464375000000004, -31.0513125, -34.433, -31.6515625, -32.5215, -33.578500000000005, -31.2533125, -29.321312499999998, -29.389187500000002, -30.361312500000004, -31.1073125], [-6.0158674643039705, -7.034421212434769, -7.718358890533447, -7.396769504547119, -7.189947924137116, -6.254545755624772, -5.591982929229737, -7.497331677675247, -9.107965968132017, -12.225064985513686, -10.841002044200895, -9.360314136266707, -8.04916188430786, -9.184662260055541, -11.357912788391113, -16.098021073818206, -15.076074320316314, -13.299386305093766, -10.754635631799697, -10.12492100739479, -11.816492713212966, -11.646930072307585, -10.581367347955704, -11.993555461406709, -13.050475462675093, -12.990930855274202, -12.279055620193482, -12.217653642415998], [-23.92549064493179, -34.843045286655425, -34.232919146060944, -33.003668464183804, -40.89694524478912, -40.567044921398164, -35.99985716152191, -38.93748048400879, -42.70982894849777, -35.190018075942994, -36.505828629016875, -31.093350330829622, -35.35092966365814, -32.269955297946936, -28.820395113945004, -34.589296180248255, -37.861590085029604, -38.389488516330715, -36.78036491823197, -34.26693047046662, -36.890116694927215, -30.000679768562318, -36.35442864227296, -46.70841342735291, -45.353750238418584, -49.195275314807894, -43.5615906419754, -40.269231431007384], [-5.121507377624512, -6.194021518707276, -5.761334794759751, -6.3988162233829495, -7.532323997020722, -11.249388221740723, -13.484636360645293, -9.487330724954607, -7.6164055926799765, -4.453759177207947, -6.069319486379625, -8.13225378704071, -10.905831411600111, -8.46636109972, -6.736364201068879, -4.272841748476028, -5.017028356552124, -6.487151110649108, -9.22633460021019, -11.95792133307457, -11.207289467811584, -12.449948999881745, -13.77032045507431, -9.624300033807756, -7.769159656763077, -7.362132985591889, -8.292881838321685, -9.344533269166948], [-11.185911576271058, -16.713494669914247, -17.687363528251648, -17.482983312606812, -17.21880334758759, -15.74815798473358, -12.201589982986452, -17.15973354244232, -18.401218536376952, -23.879493843078613, -21.579685044288638, -17.60316184425354, -15.514189330101013, -18.499143036842348, -20.79781622886658, -32.24175898075104, -29.608518012046815, -25.46044239616394, -19.54869666290283, -19.272720916748046, -21.251760361671447, -22.098414746284487, -18.87065555667877, -22.232042680740356, -24.889001678466794, -25.89147766780853, -22.093285696029664, -21.44664594078064], [-27.221616436481476, -35.16051924324036, -41.67614321041107, -34.595682048797606, -38.823690293788914, -37.811534711837766, -36.460034106254575, -39.532126626968385, -48.89645364713669, -36.79053863525391, -42.186911397933955, -37.46141435813904, -36.2094736571312, -37.60463724756241, -33.55613636255264, -37.00791422176361, -42.84265532255172, -40.738912129402166, -40.89628695297242, -38.19800350856781, -38.24778962802887, -38.8422797665596, -38.874905132770536, -50.39603776741028, -47.37419901180267, -48.02642113924027, -43.888674199581146, -45.22342239999771], [-41.65184393072128, -51.77060288715362, -46.34404645967483, -48.27145671415328, -55.000745930671684, -55.58555338048935, -55.12574880123139, -53.46948590660095, -53.712656345367435, -57.038115087985986, -52.76375212430954, -52.91465427732468, -57.23038628530502, -58.911527923583975, -51.688220165729525, -54.02178008604049, -56.209608974456785, -58.58738592672348, -54.240964261055, -54.538411515712745, -57.9636144080162, -53.31024126815795, -56.64742728471756, -60.21228264379501, -58.90886850690842, -55.39876711225509, -53.73146075057984, -61.06355039262771], [-51.495875, -55.9830625, -54.554625, -53.2926875, -59.6220625, -53.8346875, -52.4443125, -60.5021875, -57.28425, -53.685, -55.644124999999995, -56.497375, -51.0256875, -53.678, -49.1660625, -49.2553125, -53.154, -54.738625, -52.7869375, -56.0204375, -55.308437500000004, -57.3454375, -57.698499999999996, -61.245562500000005, -57.134437500000004, -57.778125, -60.656875, -57.493249999999996], [-43.72626136875152, -46.715415237426754, -47.571601065158845, -46.70587887001038, -46.81026465272904, -43.17705532884598, -42.75605883073807, -45.820177925586705, -49.4984938340187, -57.01065989542007, -51.467731872558595, -48.56278099966049, -45.01885001277924, -48.54448714542389, -51.37173246192932, -63.751410301208495, -60.45516783428193, -55.31903476428985, -49.87529010295868, -47.47539262247086, -50.4409956021309, -49.72807728862763, -48.93676738500595, -53.942188169956204, -57.644603608131405, -58.002888399124146, -54.49533073282242, -52.44683259248733], [-44.62485373115539, -44.6733001909256, -44.7169881901741, -44.49748785352707, -45.74343353700638, -48.254985535144804, -51.58242087459564, -47.4218168296814, -46.33629153680802, -45.46393704462051, -45.380810609340664, -47.015818076133726, -49.179101992607116, -47.54580020523072, -46.5163643040657, -47.83071562671661, -48.86650057983398, -46.456498861312866, -46.95412206649781, -50.43628098392487, -50.61913053274155, -50.8433710975647, -50.70724549198151, -48.915104823112486, -48.73220417547226, -47.26038296842575, -47.87450693750381, -48.63542615413665], [-32.0224460105896, -34.65705069160462, -36.08954939270019, -34.42095173931122, -34.50010446357727, -30.95973250579834, -31.37042279338837, -34.14340056705475, -36.3331747264862, -41.375294183731086, -38.48423445606232, -35.78768421268463, -32.06356265735626, -34.18937150382996, -36.47968219470978, -41.58922231674194, -43.115212393760686, -39.462259759902956, -35.535576262474066, -37.831944965362545, -42.24592609977723, -42.73992679214477, -39.298240963935854, -41.281038842201234, -41.94564586925506, -41.010965693473814, -41.436967045783994, -42.2723783864975], [-47.51190569210053, -49.01196683502197, -48.818154755592346, -48.33831488895416, -48.438389975547786, -49.395456075668335, -49.7778350944519, -49.74580252552032, -49.52212992095947, -50.69286306858062, -51.336865391731266, -52.060993252754216, -51.6587567691803, -51.28845860385895, -52.60595453929901, 