{"status": 1, "spectogram": [[-28.953267794191838, -54.38857149669528, -49.77569623753429, -56.16535705494881, -46.69547313694655, -45.93936604742706, -52.81136591549218, -50.685705308184026, -54.39957149726153, -52.948758748337625, -53.256508825019, -50.822151725068686, -48.538178396105764, -47.78630346500873, -48.55424089725316, -51.453714089721444, -47.45781235180795, -49.58840172310174, -53.80696422624588, -51.54942844960093, -49.364107078939675, -49.89252664278448, -48.52558911940455, -49.95729455433785, -49.6290803411454, -49.83551777151227, -54.24833018390835, -49.843428631931545], [-4.550553498744965, -2.7133391519784933, -2.8258391559123996, -2.9530445207953453, -2.7886695162653923, -1.8364373926520345, -1.6203124035000802, -1.679812399804592, -1.6356249012947084, -1.6254641816616058, -1.6682766664624213, -1.7025534216165543, -1.8003034057617187, -1.9581962996721272, -2.10000877815485, -1.8154551857113836, -1.8141427179574965, -1.7727141762971879, -1.7399016850590705, -1.5852231104969978, -1.4117052360177043, -1.4547766680121423, -1.4181516600251198, -1.4485712950229641, -1.3252409501671791, -1.3677409449219704, -1.4676784346103668, -1.3665802153944968], [-30.883000299453734, -50.42879620718956, -48.100857917785646, -51.116545628786085, -47.587294932127, -51.42240318655968, -50.29965102744103, -44.62228569698334, -51.29806323695184, -46.113955250978464, -41.221080187082286, -47.28566979956628, -50.68614323854446, -49.460885642290116, -55.99126089835167, -50.42542083859443, -48.375625847339634, -44.63720512270927, -43.25907950186729, -47.050723058938985, -50.89760759305954, -46.1659914343357, -45.94130274534225, -46.97715844392777, -46.35016047763825, -43.68471399116517, -42.74096456384659, -45.31448276662827], [-20.1619375, -24.095125, -24.7824375, -25.1480625, -25.16125, -24.2734375, -25.0311875, -24.921749999999996, -24.7935625, -25.09325, -23.985062499999998, -22.9246875, -21.856187499999997, -24.58475, -23.6410625, -21.8308125, -23.4960625, -24.56525, -24.300124999999998, -24.033625, -22.5821875, -23.133499999999998, -22.791375000000002, -22.674000000000003, -22.710250000000002, -22.486562499999998, -22.5898125, -22.313875], [-25.038092451572417, -32.0088365175724, -31.58033645653725, -34.660498232603075, -32.69778330731392, -36.51447243070602, -40.18347382211685, -37.08541929578781, -37.941598144531255, -32.731194732904434, -37.40494593644142, -34.676551717996595, -30.89078225302696, -35.93097191524505, -32.65690807271004, -34.00500617074966, -33.5530960612297, -37.89203538107871, -37.82603553938865, -37.542088960886, -33.894801958799356, -39.83262517523766, -36.02999881291389, -33.2239533252716, -33.40108741164208, -32.56300685977936, -32.214756515979765, -32.493908206701285], [-18.987408588409426, -33.548996644020086, -33.58812211227417, -37.04691774225235, -32.877322323799135, -33.82860522270203, -39.83522970294952, -31.365304791450505, -40.31098236560821, -36.76547166204453, -26.55934874868393, -28.057283131599423, -26.888941298484806, -29.904847018718716, -32.38640328502655, -29.845224669456478, -33.480853219032284, -34.85499093866348, -34.888242687702174, -33.69515442800522, -33.41004174089432, -35.5844527258873, -33.48470064210892, -33.61733600234986, -31.00529410791397, -30.300482428550723, -30.03866820859909, -31.882318098068232], [-6.28984003162384, -7.590752594947816, -7.5561272931098955, -6.895367850065232, -7.1786716687679295, -6.226822727680206, -5.624884453058243, -5.37627770113945, -5.82426849412918, -6.002724387407303, -6.100849760770798, -6.76823524236679, -8.175057683944702, -7.114189451932907, -8.319753244400024, -8.606227648973464, -7.5676187613010395, -6.359420952081681, -5.6801081194877625, -5.935393898963928, -6.250162690639496, -6.182278151750564, -7.106216686725618, -6.6092791216373445, -7.065296508550643, -6.593323454380036, -7.693261281251909, -7.854038581848146], [-30.715378417015078, -37.11103487205505, -39.286472920417786, -43.08188877105712, -37.54965100765228, -38.63597221469879, -33.41984910488129, -36.50738593959809, -34.2592585515976, -39.25412926197052, -32.40875354862214, -31.707480821609497, -32.01695699882507, -36.440670022964476, -34.18129964637756, -37.89399458026886, -38.70241404247284, -34.03330124282837, -33.94336200809479, -31.23614306259155, -32.743455012321476, -33.253776635169984, -31.987713085174555, -33.243074308395386, -36.720834213256836, -33.516177764892575, -32.48467573165894, -32.9190236787796], [-35.6114333076477, -37.420191670894624, -41.9291261548996, -38.06573289394379, -39.62380531692505, -37.377141703605645, -38.026577512264254, -39.37777612924576, -37.64250040149689, -41.532131714344025, -39.51082180976868, -35.24767216157913, -30.844637988567353, -36.63900776624679, -33.172574439048766, -33.49543613529205, -36.39735100698471, -40.3751694521904, -42.80791710805893, -39.18565961074829, -40.58691140079498, -37.75541015434265, -42.89622293233871, -37.47871569442749, -39.87791081619263, -34.367285170555114, -36.72160380506516, -36.92447370290757], [-33.838130689620975, -32.73905357217789, -33.75767757368087, -35.805766060352326, -36.42403443861007, -36.22162968254089, -38.78312652683258, -38.13938675165176, -36.93907459068298, -37.94154011440277, -34.37566749191285, -33.12750348138809, -33.83916533803939, -37.111560358047484, -37.24281382274628, -31.651586958885193, -35.718035465717314, -36.42074557924271, -37.76412018442154, -38.19343980073929, -35.666728119373325, -33.24186449432373, -34.30830064821244, -32.14827583312988, -32.29534566402435, -31.508142427921296, -31.424142808437352, -30.207384692192075], [-40.542125, -43.222, -42.417437500000005, -40.9855625, -40.2205625, -38.1816875, -41.4909375, -36.9153125, -36.8363125, -38.9736875, -39.0463125, -35.4233125, -35.824125, -37.226125, -36.1074375, -37.148250000000004, -37.886625, -39.35006250000001, -37.499875, -39.0638125, -38.374875, -40.378625, -39.465125, -41.976875, -39.0560625, -41.3888125, -37.9509375, -36.915625], [-44.24598489809036, -50.034863345623016, -51.71323212003708, -54.084441844463356, -50.689882132530215, -55.59368172216415, -53.06575950145722, -50.171743400096894, -50.7141629896164, -51.79453786087036, -55.80184939527511, -49.25763487863541, -46.77026737785339, -51.357713215351104, -52.88214493179322, -47.82556694221497, -50.687687676429746, -52.73207137298585, -52.7798887925148, -51.27447494792938, -50.99288087081909, -54.4929635014534, -51.52571083498001, -50.76967306852341, -52.59313424348831, -52.192895489692695, -52.82752876663208, -49.198435038566586], [-51.44408141469956, -53.20438792657852, -51.4500102763176, -51.042779465198514, -50.22893990564346, -50.02500154018402, -49.10837950611115, -45.888020645141594, -47.389735543251035, -48.11197452116012, -53.53141525173187, -49.33355506038666, -50.68887679290771, -50.16396826553345, -49.14315502500534, -51.363662638664245, -48.567655178546914, -48.85248383617401, -50.066049746036526, -48.28437888336181, -48.02086696958543, -49.92396059274674, -47.1344582362175, -48.97523498630524, -51.502233048439024, -49.73875134944916, -49.57931596136093, -51.44808177232741], [-49.53293513584137, -48.3224386587143, -46.4133154039383, -47.31712518501281, -44.558804962158206, -45.1086677980423, -44.36329187297821, -42.32575650882721, -45.14126609039307, -48.109181250572206, -43.66287253570556, -45.23525480556488, -42.56179873180389, -43.55467758750916, -43.47642994880676, -43.26066183280945, -45.804096577644344, -44.33399208545685, -46.78885968685151, -44.49804205226898, -44.02995379734039, -44.11758252716065, -45.457647690773015, -46.98952203845978, -43.07607763767243, -46.46039442920686, -49.44295442199707, -43.48625517177582], [-43.77498315811157, -45.64600839328766, -47.56244247627258, -46.338830012321466, -49.9312141418457, -46.76423882961273, -47.87561130237579, -49.5727599697113, -47.601353630065915, -45.642172870635974, -46.242173826217645, -45.910351861953735, -46.254639738082886, -44.65485810756683, -46.204990569114685, -45.41526808738708, 