{"status": 1, "spectogram": [[-26.760249902218582, -42.74161584098637, -38.628365888908505, -40.49459807656705, -44.09525882177055, -42.937839185714715, -47.72615153817832, -42.58866056776047, -46.26432114848494, -42.95406235446036, -42.75099979493022, -44.294374884843826, -42.28794628497958, -44.58906258846819, -49.079187375023956, -48.87991054749489, -44.942517837882036, -48.518428321480755, -43.159678426533944, -45.03031236384808, -48.87455341374874, -46.745401779308914, -44.570401774391534, -43.49029445759952, -42.5695175845325, -40.4255445265621, -40.71735703250766, -41.05915166641772], [-4.8414821528196335, -2.439580755412578, -2.4257057499289516, -2.701286145210266, -3.0392594049572947, -2.998955828845501, -3.7767059060931207, -3.7974380517601967, -3.128295148313045, -3.1973130103945726, -2.9469379816651347, -4.101866602361202, -3.400446880102158, -2.525187901198864, -2.705062957704067, -2.4534468653202057, -3.0594022848010063, -3.281161244273186, -2.8541611992120743, -3.7496166365742685, -3.7360987730622295, -2.8877504893541337, -2.8382504854202275, -2.603536167860031, -3.547580867946148, -3.000277225673199, -2.2592146966457367, -2.364866500556469], [-25.8895891289711, -35.55528386211395, -35.281784538269044, -34.078452769041064, -32.65897955989838, -31.698113737821576, -31.773612351655963, -31.850863574743272, -33.330040040254595, -32.71113996553421, -33.64813911485672, -32.50521129751206, -32.97821226692199, -32.9672849521637, -33.42078390645981, -33.65989137983322, -33.36307754540444, -32.28138122534752, -31.09719374990463, -31.774354171276098, -31.78609606719017, -32.99902381539344, -31.38215006661415, -33.44302437186241, -33.710566994190216, -35.16501616001129, -34.82688765001297, -31.828122520446776], [-33.499187500000005, -33.57662499999999, -32.594874999999995, -34.513, -37.8714375, -38.453, -40.674625, -36.86125, -38.359625, -40.185625, -35.14125, -33.3503125, -34.35124999999999, -28.822000000000003, -38.8215, -34.26350000000001, -43.141125, -37.626999999999995, -32.919062499999995, -38.576499999999996, -36.274, -38.128625, -34.9935, -33.604, -42.947125, -34.315687499999996, -33.8493125, -34.387625], [-13.80307988333702, -12.389195322036743, -12.831507877111434, -12.26859667611122, -11.5680517578125, -11.297453582525254, -11.677202778100966, -11.642185016393661, -10.985542523622511, -11.233087173461916, -11.358899827718735, -12.309640671253204, -12.192953748464586, -11.858980962753296, -11.692042958021164, -11.237382412195204, -10.641087249279023, -10.546917403459549, -9.99391776061058, -11.455970482587814, -11.85424732017517, -10.634953372240064, -10.999390967369079, -11.621007252931596, -12.136105053424835, -12.379302082538604, -11.762364702939987, -11.123203882455826], [-25.439456684589384, -33.40818681192398, -31.645064609050753, -29.979613510131834, -25.376389435291287, -23.931977385997776, -22.627857858181002, -23.70609827041626, -25.101358268260956, -24.90834657859802, -25.362845458984374, -25.9724119553566, -27.80675537204742, -28.341855663299558, -26.459425452709198, -29.934898917198176, -27.860617363929748, -24.706517297267915, -27.2618314332962, -21.87073925590515, -23.999393180370333, -28.542065543174743, -26.486872887134552, -28.20949715089798, -25.68820229053497, -32.222384271621706, -31.87987780761719, -28.897664410591126], [-23.775540557622907, -29.616183860063554, -32.462676092386246, -30.52723607802391, -31.270434571027756, -32.61908960819244, -31.021834202289583, -30.509945813655854, -33.52213337302207, -36.19956870365143, -32.848319274425506, -35.38589245843887, -34.0531955947876, -27.63506160235405, -32.85362341785431, -30.794889947891235, -33.02360581350326, -35.08005686163902, -34.95499525928498, -37.22139098644256, -36.77330440235138, -35.603462408065795, -30.601776500940325, -32.124245369434355, -37.90652717757225, -32.03735973477363, -33.04966960477829, -31.321800140857697], [-25.116041838645934, -19.29444997024536, -19.682513224601742, -18.24867139530182, -17.487658811569215, -16.303641885757447, -17.262262811660765, -18.73218189525604, -17.79461247730255, -17.06172929763794, -16.52223034095764, -20.029549255371098, -19.81703541755676, -17.890859197616578, -17.236169907569888, -16.961661966323852, -16.142792357444762, -16.934441791534425, -17.032068712234498, -18.350851308822634, -20.296073996543882, -17.020774550437928, -17.43883787727356, -16.870427862167357, -19.808478805541995, -20.471857976913455, -18.77623425483704, -16.34524269580841], [-19.50724687194824, -20.711662847042085, -20.807975508689882, -17.885084582328798, -17.212880656719207, -15.946121839523318, -16.309311710834503, -15.90163306093216, -15.58218538236618, -15.158819374084477, -15.433631187915804, -15.970221676349642, -17.98537996816635, -20.74252029752731, -16.90439809274673, -16.51976337814331, -15.675676185607909, -16.541060756206512, -15.66368449354172, -14.75701727294922, -14.856910109519958, -15.473622358322142, -15.487059498310089, -16.703139169692992, -16.061203483104705, -18.142995512008664, -18.48643192052841, -17.509870376586917], [-25.33242328596115, -29.833246690750123, -30.46897981929779, -29.2598807015419, -24.47907790517807, -25.969340132236486, -20.931161545753483, -21.65635263156891, -24.32057747030258, -21.928220908641816, -23.2124692606926, -23.42509017276764, -29.03183540010452, -31.30038921022415, -25.8577713971138, -31.053977665901183, -25.464185542583465, -25.269580683231354, -27.53182250070572, -23.208633944034577, -25.285052958488464, -25.666519495010373, -29.217390692710875, -29.64450178289413, -29.42680514097214, -32.65442028236389, -32.726414059638984, -28.770461023807528], [-29.618625, -29.553562499999998, -29.20225, -28.2938125, -28.6190625, -27.207250000000002, -27.965874999999997, -27.5341875, -27.245187499999997, -27.6611875, -25.2199375, -26.52675, -29.619999999999997, -29.523687499999998, -28.967624999999998, -28.953812499999998, -28.378562499999997, -28.182125, -28.7749375, -29.517562499999997, -29.5846875, -28.836375, -28.461875, -29.3639375, -29.3993125, -31.697812499999998, -30.919062500000003, -29.6193125], [-41.88964587926864, -43.30447542858125, -43.09360427379608, -43.44096256351472, -45.41466196584702, -43.12285500621797, -44.7890360417366, -48.947421623706816, -44.5430033106804, -50.69692251682282, -44.42567229366303, -43.987321954250326, -41.71020519685745, -40.00093479585648, -42.92236924743653, -41.89758443641662, -44.438221872329706, -49.03493547916412, -49.245056556701655, -51.355766741752625, -46.99559876298905, -46.241441695690156, -46.51044002199173, -45.363137090682976, -45.05252416324616, -43.133245079994204, -44.39661358833313, -44.14679566001892], [-38.10827240276337, -39.731147333145145, -42.005270891189575, -40.92493126487732, -41.74775181388855, -39.5564944615364, -40.66018192195892, -42.4337356185913, -41.35444090414047, -41.85525026893616, -43.44181385469437, -38.59680043363571, -39.11287904262542, -40.18164523315429, -38.81764548301696, -43.59617223978043, -40.20298457050323, -40.68816353225708, -44.615912227630616, -41.54853663635254, -41.28133294248581, -43.04815240049362, -38.316217658996585, -39.28379911184311, -40.933842256546015, -41.51383003282547, -42.31945907258987, -39.2252245965004], [-35.05229545783996, -37.77163810920715, -35.1921998128891, -35.24972222900391, -38.2024492893219, -37.661324512481684, -38.468635600090025, -41.85083187580109, -37.84486185836791, -39.09710733795166, -42.836047539711004, -42.54690893363953, -37.39661490631104, -35.114055876731875, -35.515054453849785, -39.224014393806456, -41.82495656681061, -39.59003885269165, -39.03910268497467, -40.511196933746334, -41.083306888580324, -39.66688129425049, -36.44718829059601, -37.396445378303525, -43.09418799495697, -36.60754396438599, -36.53835485744476, -35.93103454685212], [-45.71103482818603, -47.86599559020997, -46.820869733810426, -47.76070244693756, -43.62058947563171, -42.81470786380768, -41.65727244758606, -45.63958302974701, -44.265170090675355, -43.696148512840274, -45.229770716667176,