{"status": 1, "spectogram": [[-16.472714525580407, -22.910259239122272, -22.684634277239443, -21.380107379496103, -21.93041997207701, -22.156893175423146, -21.71414312160015, -22.53042888227105, -23.873661069512366, -22.449562826558946, -21.44312531340122, -22.126348561510444, -20.82022348420322, -20.612089523524048, -19.83833958622813, -21.02091107711196, -21.83854490931332, -24.02591100135445, -25.974910986155272, -25.072750292569395, -25.639884188488125, -23.54282168203592, -22.689509228751064, -24.651071759551762, -23.377312855526803, -23.423830750271676, -20.938455618187785, -20.35443785394728], [-12.656651105940341, -19.065757853686808, -19.339382768690587, -18.16056144410372, -16.99723115801811, -17.948436453759673, -19.64968637353182, -19.614873899221422, -21.75229343611002, -21.23427554386854, -17.79921328890324, -18.528043558895586, -16.946356180787085, -18.384525740444662, -14.564338576078415, -16.224106344580647, -20.54759710198641, -28.69705230677128, -29.491614921271804, -24.884142059206965, -24.09939225041866, -24.568204214751724, -23.712516658186914, -26.550239723503587, -23.565989757716657, -21.115489998042584, -19.026865142405036, -16.4422672046423], [-14.266693989753723, -22.080837899208067, -21.620336000919345, -20.019156882286072, -17.91209431052208, -21.295461175441744, -22.71246217870712, -24.267686791181568, -24.19986552596092, -21.153016919136046, -19.666453380823132, -20.48941778063774, -18.786836423873904, -20.671847038507458, -17.07128278923035, -20.350701110601424, -19.9797656083107, -33.99985818529129, -31.566108720779418, -28.05374982023239, -26.645313668966292, -29.657679776668548, -33.414614360570916, -30.386669193506243, -25.951945733547213, -28.96577723526955, -24.056525321245193, -24.258337584018708], [-9.941812500000001, -13.687999999999999, -15.268249999999998, -15.052062499999998, -14.203187500000002, -12.988124999999998, -14.308499999999999, -15.7459375, -15.538, -14.798312499999998, -13.932062499999999, -11.8641875, -10.8184375, -12.1374375, -12.4996875, -15.40775, -14.126874999999998, -18.8181875, -14.449750000000002, -18.427, -18.61325, -23.6685, -20.2231875, -20.181375, -19.97175, -15.781875000000001, -15.6545625, -16.4485625], [-3.039641812801361, -6.0499652557373045, -7.886590743064881, -10.089117181062697, -6.378295589208602, -6.322429170608521, -10.97649200463295, -9.53246550321579, -10.52298353910446, -11.581412565231325, -7.155411948680878, -8.63651055598259, -3.1862775971889494, -5.43177770781517, -5.705963460922241, -4.044124960422515, -7.241876853466034, -18.05437850522995, -6.842687975645066, -10.317001211166382, -11.82790267395973, -12.679395006656646, -12.626770437717438, -15.834832642316819, -8.034108785152435, -5.960554807662964, -5.3659292554855345, -1.2116776475906372], [-17.33480958223343, -21.022979463577272, -17.258421182155608, -20.22508001947403, -22.872125730514526, -17.763093111038206, -18.854156230449675, -19.329476916790007, -19.926092062950133, -17.256922362804413, -16.052421563625337, -16.435753113746642, -12.864986740112306, -13.77690527009964, -15.066463419914246, -15.665583341121671, -12.26324720811844, -17.157133788585664, -19.7659436416626, -19.126846668720248, -17.672041306972503, -17.424376615524288, -17.487444991588593, -17.083760608196258, -14.411104230403899, -12.812391870975492, -11.76513828897476, -13.147044467449188], [-15.268356255531312, -28.94192725777626, -26.489484489917757, -22.879047023534774, -19.68198261737823, -19.862650330781936, -19.337965576648713, -17.96929508662224, -19.439055486679077, -18.17585209703445, -25.857800864458085, -18.950461442470548, -20.75970407509804, -23.247728978157042, -18.23616709399223, -14.879388889312743, -17.911506250143052, -20.834711797237397, -21.14215001034737, -20.438412593364717, -22.413086014747616, -17.98194644880295, -26.035950645923613, -19.26793059396744, -17.64916049909592, -24.053138225317003, -15.388508470296859, -13.789627626657486], [-23.26347529411316, -10.448492323875426, -18.093366162300107, -18.536290647506714, -15.75438333415985, -14.076998224258421, -9.614191201210023, -8.750268783569336, -15.167154341697694, -11.45951668357849, -7.135330803871154, -14.565087833404542, -15.513434221267701, -12.566017187118529, -14.697698693275452, -14.537630673408508, -13.579859258651732, -15.458466777801513, -10.249529112815857, -18.125538761138912, -16.108140062332154, -18.34691386985779, -12.486913806915283, -13.520940352439883, -19.699749008178713, -5.823966308593749, -7.8170251493453975, -10.633037614822388], [-23.27795046710968, -25.145264195919037, -25.939134421825408, -26.250073045730595, -24.817028303623196, -25.581754956245423, -21.735943273067473, -21.658254502296447, -25.7560926027298, -25.953422440052034, -25.584608681678773, -24.782538907051087, -31.706295862674715, -30.659491423130035, -24.288989021778107, -22.335360939025875, -26.892333096981048, -24.027064538478854, -28.389124686241153, -22.788625153541567, -27.873213014602662, -26.38790206670761, -24.113093876838683, -24.254579114437107, -26.520145416259766, -27.529645057678223, -27.95639485168457, -27.84750817155838], [-33.17920630025864, -36.027392960071566, -34.7155845413208, -34.72644483661652, -35.946289105415346, -34.64931967639922, -31.18464259767532, -33.48857633352279, -35.71320239496231, -34.32087667369842, -32.37462516593933, -37.08379934120178, -36.92661346197128, -37.66673011398316, -29.09210502243042, -32.72009656000137, -34.936335004806516, -34.98908005857467, -34.349338046550756, -37.54793856287002, -33.40947108221054, -34.81704681825637, -34.94542894220352, -35.07772245550156, -35.07725002527236, -38.6032663526535, -35.32496501493454, -41.19677236032486], [-37.614875, -38.136812500000005, -39.345625, -39.755624999999995, -36.160937499999996, -38.679125, -35.9128125, -36.7524375, -39.9808125, -37.2884375, -36.6825, -39.549125000000004, -38.673625, -43.4288125, -38.768125, -38.881875, -38.7061875, -34.2858125, -34.590312499999996, -40.5713125, -38.466125000000005, -40.82, -39.2043125, -41.1351875, -39.323375, -42.116375, -43.724624999999996, -39.503812499999995], [-43.509567187309266, -41.38219817829132, -45.69844000434876, -39.920945205688476, -39.60397360277177, -45.51303390645981, -37.92941789865494, -36.78475034046173, -43.80047011518478, -39.59964069795609, -40.46306515598297, -39.45059603071212, -38.1162677974701, -43.98568170499802, -38.55731610059738, -41.13713936138153, -38.83795493555069, -41.94005634737015, -42.71293676042556, -37.620728721141816, -37.97580994653701, -44.91937157535553, -40.01980253648758, -40.61777396535874, -38.794723714351655, -42.20439806699753, -45.01502168798447, -39.075617962360376], [-30.576241977214814, -33.90106404256821, -34.57712853145599, -31.511895601272585, -33.17043899202346, -38.76859031391144, -36.819967690467834, -37.02070732545853, -32.87593005657196, -34.488149112701414, -32.95401994132995, -35.9301524977684, -29.43686127281189, -31.31999159860611, -33.58449085092544, -32.57983359861374, -31.00530721282959, -33.81566257095337, -34.52584931612015, -29.213074075698856, -31.800402631282807, -30.529448474884035, -32.965385679721834, -32.87534229373932, -32.97717098474502, -33.65819805431366, -32.45344981956482, -33.50455551052094], [-31.34917686748505, -31.900020402908325, -30.258021446228028, -31.739393997192384, -31.528333498954773, -34.913690600395206, -28.55125546646118, -29.84886049079895, -34.08067345714569, -31.7483967666626, -35.10189902114868, -31.35101366519928, -30.888298903465277, -30.98065612125397, -39.24371639823914, -34.73573233985901, -34.437943723678586, -32.94206304073333, -35.87094098377228, -32.124024453163145, -33.783750589370726, -30.4886132774353, -33.75398335456848, -34.84519631576538, -31.41146759414673, -31.458787012100217, -35.89335684680938, -31.195536487579343], [-40.80520611858368, -36.74508109760284, -40.9561455631256, -38.115376117706305, -38.752357280731204, -38.50531387615204, -33.674127033233646, -36.982227778434755, -37.30497654056549, -35.52080497741699, 