{"status": 1, "spectogram": [[-12.618245299471585, -17.540020774014142, -17.505337101639533, -17.396357545018198, -17.915449434679388, -18.035837237674365, -17.91149017307223, -17.607592342162622, -18.125276177973177, -18.33851060417233, -18.329500450491906, -18.405786153878488, -18.2966127041554, -18.484510801719175, -18.3335616222328, -18.44091884351263, -19.160856854030055, -20.218714711904525, -20.66055060755472, -20.063704420588444, -20.62204154428172, -20.56747972596665, -21.394378206294412, -22.114306294840222, -22.283000392675397, -21.27814357798433, -20.442723151185067, -17.592631472796747], [-14.40812282950446, -16.627356461303574, -15.40742802478586, -15.146356574535371, -15.259642295564923, -15.40826481108276, -15.496213732106348, -14.96808108496179, -14.969336228244162, -15.221315828683425, -15.54621377325058, -16.085213648455493, -16.785662557592207, -16.630091015806002, -16.441509801961914, -16.300785250050676, -17.105723211317695, -19.280927807331086, -21.1920499508819, -20.653938106770415, -19.86395804706887, -19.540927982943394, -19.776336263530084, -21.129273897550583, -22.145356194019318, -21.586960118994252, -19.79941593194515, -18.530784703050415], [-20.248428442182263, -14.943321985906504, -12.49224106746301, -11.950424900054932, -12.332751381037175, -13.230588435299545, -12.93169045766034, -11.772894851392621, -12.06964992464805, -12.341374352717883, -12.332354291915895, -12.867210968835096, -12.829169474893796, -12.922414091149047, -12.468210748672108, -12.115619140157804, -13.677341337107393, -16.288993621826172, -17.101022831664096, -16.970389549100314, -16.427206474305443, -17.3914926076613, -18.7816877062076, -20.581440697183794, -20.596993213653565, -18.501649761429537, -14.147164875460541, -12.137660093775542], [-11.568857300937175, -6.869571284055711, -3.2900001652240753, -2.4015, -2.4142856879234316, -3.0545001795291897, -3.645714302778244, -2.6803569693565366, -2.2834999790191652, -2.376285740375519, -3.2665, -3.678357222557068, -3.1876428918838497, -2.742142608642578, -2.3760716114044187, -2.180428629875183, -2.4619283895492554, -4.4935, -5.131785120010376, -4.486214345932007, -3.7190710010528565, -3.9474289073944093, -3.7314287700653077, -4.602999479293824, -5.597, -5.813144222259522, -4.735642333984375, -5.900072256088257], [-13.118479826669757, -9.146662222273473, -7.044600713510908, -5.812426876068116, -6.187845129188235, -7.9329680435803365, -8.392334700968785, -6.552375499443119, -6.5968550999505355, -6.649773473914785, -6.884426136016846, -7.093100172607182, -6.148672026244869, -6.499580666366958, -6.830723603618615, -6.164722897354484, -7.11004901239778, -9.502571166992187, -9.974407533314702, -9.347949035975379, -8.506570770536017, -9.269489461392848, -10.478275931942289, -12.016938455951216, -12.503500513076782, -11.154799020184205, -9.15822330525316, -11.031111068296608], [-30.627087899639996, -29.43364088310512, -27.22876395093654, -26.712140609741212, -27.896273278820267, -30.858457139885857, -29.294691087936954, -28.493557901830293, -27.763640613555644, -28.34586433256893, -30.177068241119386, -27.85001845202154, -24.392692197059805, -23.96167240049428, -26.417079673183864, -24.913404797496, -23.489703351876038, -23.205858833312988, -24.369594287386388, -23.529727787251467, -22.080542380585538, -21.42044079994684, -21.5294819579225, -21.406973449822978, -22.199004196166996, -23.568094471447928, -27.055774024220025, -39.15479918121679], [-26.90420153527019, -35.82237752986696, -35.461900918583346, -31.440643335342404, -35.86520920045126, -39.61288465822197, -35.03715169786905, -32.27296395899248, -33.48872986826742, -35.94332327840742, -37.52999337387085, -35.69828988371057, -32.06604422386424, -28.576797175466826, -30.357909681359985, -31.944694317583682, -29.405705200331305, -28.722067190170286, -25.85520356086814, -26.729906376507657, -27.034680085706256, -26.39931103177105, -27.590525439691486, -25.8144167708369, -23.756213197708128, -22.77750514898886, -27.488040648976597, -32.893272466156624], [-23.857387787725497, -26.55557420776105, -26.826057709068575, -24.483858993530276, -33.00628707629776, -32.064319405843, -30.536618330726977, -32.14786666879681, -35.43380812292856, -32.39932483494026, -32.1437857131958, -30.13180664197842, -34.73393104985432, -30.52444128682971, -29.63947434133233, -29.805579763101356, -34.32930661816994, -36.00535205841065, -26.90607803327347, -25.369520715089802, -28.667376070213855, -27.65311683172296, -25.23618567406522, -19.116132044693746, -18.560141143798827, -23.194154543120472, -33.76271582497895, -34.99728602051144], [-33.0167555906578, -39.493847166866615, -38.912651684194316, -39.35578274154663, -36.45711020896877, -35.814222836966664, -34.17729350590211, -37.7939868270721, -35.60606927326732, -35.94102886038415, -38.839784641265865, -33.511732555924986, -38.01459703665378, -37.88318093039229, -35.20657925002408, -35.61277323331608, -40.66233892880725, -45.29963855361938, -42.254098776565286, -40.47869440726795, -40.96956016353514, -41.1572613665134, -43.53883533921608, -43.2029422917628, -40.86222169876099, -41.8819100816781, -45.09608398351609, -39.93099525124889], [-42.795089683917865, -42.732151056216125, -46.096010502549795, -51.0286982345581, -47.674414656911715, -48.46402715538017, -48.98492304787807, -45.61463246570268, -43.41073453101271, -45.728711461845506, -52.5282071723938, -48.62173589510725, -47.063177587081405, -45.90689026462776, -47.240611373703764, -47.99324551702772, -47.096074090126045, -49.643858398437494, -49.15906840314072, -47.0651798576796, -46.31725983631032, -44.193690107190356, -44.05829338686938, -51.07815503620805, -47.223439613342286, -48.27664064791219, -52.438169746241556, -51.14210951431295], [-42.396072078011926, -43.59135695481301, -40.50864284682274, -48.535, -49.413356892108915, -51.03828582525253, -50.849285680770876, -46.32914298772812, -49.99150215435028, -49.77985624074935, -46.0185, -50.345785766601566, -49.745785869598386, -46.68792678260803, -45.514998321533206, -51.42071636199951, -51.41357641983032, -47.001000000000005, -45.629145552635194, -49.65049920558929, -50.125999507904055, -50.29707148361206, -50.62300026226044, -50.48764364147186, -50.889, -47.62128464889526, -46.25149408340454, -46.65950124549865], [-43.611627079434484, -40.34301698028111, -38.38916264734041, -37.294213512420654, -38.46375393582438, -39.64302658286894, -38.564836332666935, -39.71997205864451, -42.462794006951015, -41.53929318495188, -41.42377387619019, -41.39405826224933, -38.64077468484622, -37.506316750857145, -40.19046310903887, -41.1890327299872, -37.59543121940664, -31.61094111251831, -33.18183104881018, -32.59197666125307, -32.83552999733955, -35.37422091211415, -36.200936105999105, -34.25926071478512, -34.80028970336914, -33.8295475369565, -33.332782526917086, -37.4007712187808], [-46.632394777920275, -48.41782396413359, -52.56518876243649, -53.062853981018065, -53.11097713049054, -57.445806490343216, -57.07662290461715, -53.66883767789735, -52.743338249420404, -48.77929711228996, -47.369143676757815, -50.752593976147104, -45.02717907621409, -43.89715874041379, -46.98941103125621, -47.368176229496456, -48.2908500088661, -42.548502162933346, -45.60641246422166, -49.47273500393956, -51.82739895423634, -52.59934957971098, -52.70493493202706, -56.46482741558505, -63.05200173950196, -61.66781425546276, -62.66262301834608, -64.85442883300743], [-44.92637221673109, -45.28864043930609, -41.78138777882948, -45.381077461242675, -51.056542037332164, -51.052222486082854, -51.50830891703047, -51.27521785432393, -52.90703039943878, -50.630826034351394, -49.34334683990478, -48.68377478470095, -47.482237081274555, -47.23969759754338, -50.66092218998494, -50.19858654818324, -50.25282826012425, -48.37728109741211, -50.28904859006467, -50.53856396529223, -49.47622422759322, -45.39588389770136, -42.91473141843367, -43.73080923999264, -44.487290176391596, -44.130435729429415, -43.63777695091464, -50.62936493355513], [-45.22923681880948, 