{"status": 0, "spectogram": [[-37.98606246615946, -52.32849983826279, -48.00843742273749, -51.59136597238481, -50.95455349898339, -51.53395516879856, -52.751205272838476, -53.44166063940524, -51.423464253932245, -52.81647298492492, -51.61741069671512, -55.24146431902051, -52.41557135486603, -51.42994625511766, -53.40550889258087, -52.114535617887974, -51.87299098359048, -53.43533907309175, -51.551589294165375, -53.59329462046921, -52.98829451407492, -51.14664273577929, -52.5205801602751, -51.07714281478523, -52.13485707330704, -57.0588926013112, -53.91301771971584, -48.55878567662835], [-5.280241248428821, -5.019035933375358, -4.849160872101784, -4.995259067237377, -5.225553791165352, -5.412750245451927, -5.185125193357467, -5.2695537127256395, -5.268473352849483, -5.413687649071217, -5.707062689840794, -5.873098420321941, -5.7648305488228795, -5.772643058538437, -6.097518066763878, -6.240098435461521, -5.8657412312626835, -5.688714408874512, -5.9939019584059725, -6.36981271737814, -6.4615002489089965, -6.4450538134574895, -6.289303775072098, -6.367884142935276, -6.729821685314178, -6.953428845405579, -6.843241336405278, -6.682857367038727], [-24.11727580714226, -44.45083897209167, -45.51902571177482, -48.640812632799154, -45.85049932956696, -43.275364808321, -45.25599138188361, -49.46456319928169, -49.72102687954903, -47.70625818085671, -45.05607121086121, -52.777161537647245, -51.684045441865926, -51.63527629685402, -48.756527204751976, -52.635224634885795, -52.980992104768745, -51.96203479671478, -50.14922303366661, -47.236222405195235, -48.68160575723648, -48.465580403566356, -50.070330273389814, -54.013241982698446, -45.66287316608429, -44.52035587024689, -43.29797914457321, -46.386767755031585], [-19.158562500000002, -30.801125, -26.6129375, -26.7403125, -30.742874999999998, -30.769375, -29.4223125, -29.5455625, -28.8188125, -29.6846875, -32.8338125, -33.5175625, -35.2676875, -33.7745, -35.670625, -34.1414375, -32.987875, -29.417437500000002, -34.168687500000004, -33.9303125, -34.641375, -35.4821875, -32.4468125, -35.293, -36.1065, -36.1589375, -35.653625, -34.1535], [-6.341518303871154, -3.764670090436936, -4.429608261585235, -5.066465663909912, -3.4917951085567474, -3.612991259336472, -4.569366786718368, -6.290188844919204, -6.790206765413283, -6.696045885324478, -6.282795378923415, -6.301679133415222, -6.708768563270569, -6.667036326408386, -7.086786233901978, -6.606107511043548, -7.166045690774918, -8.577715886116028, -7.384277761697769, -6.581812954664231, -6.448857262134551, -6.980964462757112, -7.569027356386185, -7.443402275800704, -7.405517915248871, -7.75793737912178, -8.30506247830391, -8.800768229961394], [-26.416311830997472, -35.8847716588974, -38.598763428688045, -39.29177517366409, -44.81202537202835, -38.23312650394439, -36.98806199598313, -38.245901490688325, -37.129732393264774, -37.10185022211075, -35.750163013458256, -40.341243077754974, -43.101304610252384, -42.55368002605438, -41.78624207735062, -41.82870603895188, -42.25702864599228, -39.320170218944554, -41.98191670751571, -43.74797302484512, -39.92472470712662, -38.72994643497467, -42.10544726371766, -42.49258805370331, -45.59647255086899, -42.818575630187986, -42.50325863695144, -42.43771363067627], [-18.255948783636093, -14.534168087244034, -9.605669127225877, -8.210751327991485, -13.944520125389099, -17.38915043282509, -13.707775106668473, -10.613572264671326, -10.420358301639558, -11.971857015609741, -16.858040169000624, -18.32678158998489, -18.70409854412079, -17.534337560176848, -19.580523292779922, -19.462349423646927, -16.37315712070465, -11.993923812150957, -17.361978194713593, -19.732938873052596, -22.395948719501497, -21.902861038208005, -19.131858958244322, -20.4505787665844, -23.701680025100707, -25.40443045568466, -24.446744933366773, -21.615188582658767], [-10.379493062019348, -12.726497537612914, -17.034566466331484, -19.678935335159302, -13.24182799243927, -12.582923748016357, -16.078553314208985, -21.45420036315918, -22.347297616004944, -21.870228352546693, -18.992848690986634, -18.9708200302124, -20.41563478946686, -19.44882926082611, -20.025266679763796, -19.49312196159363, -22.722761504173278, -25.638664949417116, -22.118851565361023, -18.882773316383364, -17.56923574733734, -18.451022297859193, -20.542962467193604, -20.171042342185974, -19.05886960029602, -18.770599672317502, -18.882475784301757, -20.79919340133667], [-23.428628225803376, -33.65075158071518, -36.624943661689755, -35.95650913095474, -31.823913581371304, -33.74032094430923, -37.84544656991959, -34.970339827537536, -38.286052712440494, -36.3649093093872, -35.457404853820805, -33.94562863111496, -36.23575242090225, -33.313887890815735, -35.97238461208343, -37.27692747735978, -36.67910496044159, -36.62026086378098, -38.86525278043747, -33.026137741088874, -35.10632107877731, -34.20238456916809, -37.449322785854335, -33.76016404771805, -33.154857532978056, -31.734080634117124, -34.69889149236679, -35.738366732597356], [-46.953514613151555, -52.25702922058106, -48.41608762216568, -47.69136713171005, -51.95181635427474, -56.448523758888236, -53.70046054506302, -52.810438761711126, -54.01255162572861, -49.758160568237315, -52.4465506772995, -54.30219098567962, -54.773551881313324, -52.44293354415894, -55.49893756103516, -53.97018887138367, -54.705293793201456, -54.32722469949723, -56.02018025970459, -52.9964187707901, -54.20314520883559, -53.11454952430725, -56.273916427612306, -59.51854783296585, -55.734526911735536, -55.36365136575698, -50.536028362751004, -54.836644693851476], [-40.802, -49.5485625, -51.0701875, -50.6724375, -47.703625, -48.943124999999995, -48.4351875, -53.91618750000001, -54.39212499999999, -51.672875000000005, -49.82225, -48.420875, -51.124812500000004, -48.493312499999995, -53.2331875, -50.506375, -57.489562500000005, -52.312875, -53.678749999999994, -48.6875, -52.13731250000001, -50.084312499999996, -53.225562499999995, -52.8423125, -52.178625, -48.4750625, -52.33425, -54.4020625], [-45.301845848083495, -44.5992059969902, -45.61388515853882, -47.94930194425582, -44.253501805305476, -44.49162916278839, -47.094746572494515, -49.19509715747834, -50.31467652654648, -49.939410746097565, -47.012168227672575, -49.852088938713074, -49.66684642267228, -51.42944560337065, -49.267946018219, -48.20906398057937, -51.27042182922363, -52.40653286218643, -51.53603855276107, -50.36268851995468, -52.028969826698315, -51.364066898822784, -52.71018615961074, -51.91832061767578, -51.623667332649234, -49.32963408660889, -52.914132495880125, -52.18152179431916], [-52.75000910234452, -60.32896339559555, -51.82409313821793, -51.12668347978592, -55.99299433231354, -59.398411756992346, -56.894162491321566, -52.18501349067688, -52.62755824518204, -53.95707566213608, -58.4259472899437, -59.544510220527656, -58.68898369169236, -58.83719813871384, -58.87313672161102, -62.93693704223633, -54.761860806941996, -52.99868431138992, -58.507119522094726, -60.92482509946822, -62.693932555675495, -61.56845893383026, -65.05864480733872, -63.00714521932602, -63.23288926219941, -64.130935233593, -62.743183304309845, -61.85954065465928], [-38.93566584300995, -38.207897693634024, -37.12720512866974, -35.45566751194, -36.33940742206574, -37.270179371833805, -34.717860321044924, -35.39555180549622, -34.48523902606965, -34.77654377651215, -36.775733705520636, -36.629977786064146, -35.7792174167633, -36.557387784004206, -36.66832651138306, -37.503390376091005, -35.49935739517211, -35.27523724269867, -36.64824263286591, -38.211067774772644, -38.74790210151672, -39.56750658226013, -38.4588792591095, -38.584656805992125, -40.129273914337155, -41.236206661224365, -40.49532954406739, -39.06741693496704], [-47.13518344211578, -45.06214900207519, -45.13939689826965, -45.238669102668766, -45.497274742126464, -46.21287866783142, -46.24307007312774, -46.00251081752777, -46.04388362598419, -45.838226054191594, -46.80873195171357, -46.90909839820861, -46.46181442832946, -46.70953572177887, -47.742472320556644, 