{"status": 1, "spectogram": [[-13.511191248412945, -41.86215157305131, -41.660470513534484, -42.79772306345403, -48.717115826406065, -47.871912930615096, -48.14662668744884, -50.73018411133878, -46.31173537533652, -39.31516825461567, -34.325991154029964, -31.895130480220434, -28.77296527801392, -29.545012855770636, -30.23363447651206, -30.49878212834225, -29.856736277708286, -30.372446587979795, -29.255111044028276, -29.281916193708476, -29.330601939437948, -26.443393170013092, -24.944052470567584, -25.121469221108423, -27.68829477737844, -35.20628174135604, -44.9744469935252, -18.136106649016313], [-9.421388274370859, -16.6979470895918, -16.503500582555123, -17.65990397375822, -18.751368503579055, -16.73984111327781, -17.120821862251084, -19.136887718621555, -19.12878732847807, -16.69464740091094, -12.768680264949799, -11.645895494396559, -11.05846029998814, -12.453321597844951, -13.569260418968524, -14.054214606911495, -13.70505553821156, -13.03443930310011, -12.48679665622544, -13.417022450130819, -13.555687951450446, -13.140573476757458, -13.082631233280921, -13.945444430187058, -14.48459115409851, -15.355806806482821, -15.048384592980746, -9.657561744980253], [-7.45913890307781, -5.834693888422176, -5.868195119483133, -6.095418001890182, -6.282125627644227, -6.125600471788548, -6.524176933492981, -6.972940721867019, -7.236586032940407, -7.553143052227729, -9.09124678134918, -10.121400694871317, -10.581579067663041, -9.659365361374169, -8.807469309845576, -8.761990830581935, -9.495167857608067, -10.232746681213378, -10.525936329389234, -9.942027419314181, -10.005512427339715, -10.305012141237334, -10.945060500787282, -11.820472797418088, -12.093247171401977, -12.2337521693171, -12.611372246742278, -17.815105333082762], [-11.745267712451518, -19.97954469054937, -20.346258952736854, -22.989125, -27.130008338689805, -23.163919328451158, -22.991704883098603, -26.817214649200444, -29.506188230991363, -28.928286277770997, -28.057249999999996, -29.302205134391784, -28.535812487125398, -27.285964708328247, -24.96417925643921, -24.77856238746643, -25.060741003990174, -25.998250000000002, -27.055133622169492, -26.11843732643127, -26.135527010917663, -25.296134837150575, -23.961624629974366, -24.563285804748535, -25.7415625, -30.635260151863097, -34.183956506729125, -35.952510008811956], [-20.86879862052978, -33.713496183087535, -33.05322272047941, -33.3101627497673, -39.528662278233874, -28.631899972205236, -33.21937001285271, -31.392723065887058, -29.816345149838476, -29.575855460994084, -30.109821632385255, -31.211930985440784, -26.68286635960323, -29.689772212359404, -26.030142433800073, -25.119597287961696, -25.57172514066863, -24.10469708442688, -24.54609198201939, -24.95104433253766, -24.53661471950308, -23.248055733748792, -19.042712035801983, -19.37387637628341, -20.81273251581192, -26.603517978677957, -33.285788344178776, -21.35900281921231], [-18.873360679734507, -23.47460772888506, -24.572211941225216, -21.828687263488767, -18.30433257845454, -19.714099140712104, -23.08183773780317, -19.80761778463643, -18.747218633301756, -17.0755965347484, -12.076076688289643, -9.843062717700574, -9.618630199199076, -10.872936924311716, -12.380411997533061, -13.38439038841112, -12.714492045859785, -11.027907433509826, -10.768510102291359, -11.887169376226824, -12.4643861731901, -13.822206338551727, -14.303416815037549, -14.061935911713846, -13.773978006362917, -13.237136310246527, -13.369424629211426, -13.177788412701382], [-7.871631523089457, -6.28425309614628, -6.818444932940054, -7.066996921539306, -6.977021627610938, -6.636749348494337, -6.865810296836833, -7.607708174452593, -8.219953740295168, -9.736278119660978, -15.078281381845473, -18.936107660936237, -20.787727521405813, -17.581975366164567, -15.798499927263776, -15.062751724043999, -15.30605792297127, -17.944522822856907, -19.570208318617404, -17.38663177339341, -17.542606799077262, -17.956872327284344, -19.144246407873702, -20.344368946450285, -20.76013687062263, -18.969079779741808, -19.14301044373125, -20.122791987452906], [-13.605614757770521, -13.034853598210372, -13.610856690217098, -16.28810036087036, -20.659370845875525, -18.122732404971313, -17.708471485945505, -21.428188217046102, -23.209291496646767, -23.7512676625567, -33.188304763793944, -31.373403180337164, -26.467506159851524, -28.873841281083493, -28.631644404079722, -26.555559905498228, -29.277153627707868, -27.16065614891052, -27.57311895043522, -27.81033867783364, -28.38521363593238, -29.324906233263537, -27.470823089462968, -25.79984751709126, -26.448556796073916, -31.324623257307742, -34.59296227925969, -23.908894792287857], [-10.364197725998839, -11.756540711956315, -13.271156134980053, -17.018797401428223, -24.75912038207634, -17.529936288639323, -16.184721025856536, -21.83227206041368, -24.799053399357945, -21.872635244961064, -20.25085838890076, -20.59846004964851, -17.78262166198413, -19.48265351077474, -19.562713500752487, -19.089298885034047, -20.26869777812757, -19.490270880699157, -18.46925837122664, -18.753495108537045, -20.61548140500487, -19.28964866229382, -17.92517728902871, -19.67884995475115, -20.846745366573334, -26.934126055492694, -33.62807688773391, -30.002662905674143], [-23.659274906767564, -26.986904431975702, -26.51810664950102, -28.001063034534454, -30.156131331451576, -29.084143372403695, -28.817538397477165, -31.880454443484737, -33.49511785621834, -35.269523492309816, -40.43100161075592, -42.292370258721434, -38.97014408804222, -37.02695682729934, -36.57770996082478, -37.64270062556591, -37.573600592194374, -38.98850020885468, -38.72017750437435, -40.582290159584474, -40.833399082496214, -42.388639605871184, -41.77873430571978, -38.95852761355298, -39.671673923492435, -43.36145795401048, -48.17106656632825, -39.81942497740022], [-37.75296373204142, -39.717562428295615, -39.56946421861648, -37.2275, -34.41746447658539, -36.34658943223953, -37.636946789741515, -35.562642917633056, -36.13823236560822, -36.76766949939728, -37.2775, -38.58947296237946, -38.14384745836258, -39.61451784038543, -38.804545866966244, -38.21330355453492, -38.43581243801117, -38.894625, -38.65811601543427, -39.00003626251221, -39.14901739692688, -42.827523016929625, -45.224401208877566, -46.77687428855896, -50.047625000000004, -53.03856301021576, -54.82994713974, -42.208640143394476], [-39.44702123500849, -44.00869274828497, -46.81896376703469, -51.97581304979325, -55.826981662858216, -50.040641406210895, -49.79247476708243, -53.90975471513976, -56.36386257786973, -50.98394531498745, -46.54050056648254, -45.047379358213426, -43.93003888299498, -45.502117039680535, -45.84108263447948, -45.74539682369745, -48.06274497922623, -46.26451798629761, -46.242740802347186, -45.99633800435591, -46.9483470118767, -47.34769297727127, -48.23607861406101, -54.287089553073, -56.91122691297531, -57.87001723418938, -56.382191842741655, -48.13231028470601], [-46.504045987399515, -45.76001130429937, -46.86390438932301, -48.82240576934815, -48.739575937777204, -48.026020540748306, -48.23075176696389, -48.36563058263428, -48.29562916428722, -47.420871226417184, -47.80905391788483, -50.23533349046915, -50.3548458549153, -48.78616769730337, -49.231371419439235, -49.46307042936388, -51.7514877985348, -50.133920009136204, -52.8382223118476, -53.7887331834235, -53.00546389137812, -53.17228056985401, -53.007658489005564, -54.57603839313728, -55.69574003934861, -51.86276973103544, -52.22463081096155, -52.32375381726475], [-41.843815043683534, -42.92868569271551, -42.35596921426676, -40.92225927352906, -40.02980239696801, -40.51291934547132, -43.350992183198386, -43.65526674748467, -44.133335682927765, -44.333248172175146, -43.52788956451416, -46.42434233389105, -47.26827816987526, -44.50673276332937, -44.315212327179324, -43.50574837049935, -43.84092333369259, -42.044162124633786, -42.72898037536632, -43.75101525452643, -44.31686209577638, -48.84028146417539, -52.57694440798339, -48.70574569507838, -54.639240461349495, -53.763726143893145, 