{"status": 1, "spectogram": [[-16.227098448321225, -17.32008966752887, -18.69202718038857, -19.40799149353802, -19.531884358629583, -19.768607578486204, -19.616357570558783, -20.144152246072892, -19.639455803498628, -20.288759405359624, -19.89694688826799, -18.973437911972404, -18.97304505477846, -18.63937540000677, -18.495437904700637, -19.30341115066409, -19.36512543040514, -19.466705795630812, -19.303330794259903, -19.092937932327395, -18.44475039806962, -18.427741473272444, -18.705866490647196, -19.221366509184243, -19.908089756548403, -20.035768331199883, -18.810080776140094, -17.756170011237263], [-11.469446299672127, -11.062884152948858, -11.942009128034115, -12.034893006682397, -12.02500012946129, -12.139884062111378, -12.249946563243867, -12.312767977118492, -11.82985724043846, -12.047785789728163, -11.94653580713272, -11.512044790923595, -11.442526947677136, -11.32146445441246, -11.353464455008506, -11.760491196811198, -11.772473337113857, -11.794428687930107, -11.546616197407246, -11.578250131845476, -11.618937681376934, -11.620723397433757, -11.580348359525203, -11.472187616169453, -11.672017934441566, -11.912035806298256, -12.198473359763621, -12.420018070101738], [-26.52043247795105, -20.120126864433292, -20.429126727104187, -19.539099666833877, -19.07081381726265, -19.209929926395418, -19.235054944038396, -18.937295923471453, -17.975277921438213, -17.85880460691452, -18.101304686546328, -18.98395678687096, -19.198939029932024, -19.354099813699722, -19.521287316799164, -18.931822752952577, -18.727590563774108, -18.723813781499864, -18.81500133752823, -18.94173352479935, -19.922028427839276, -20.00205521059036, -19.022554975032804, -18.390331617593763, -17.85368852305412, -18.568519042491914, -19.790331831693653, -20.725903507471088], [-6.7616875, -12.9870625, -13.928124999999998, -13.970500000000001, -14.1355, -14.272625, -14.356187499999999, -14.5389375, -14.029437499999998, -14.435125, -14.366, -14.125437499999999, -13.8675, -13.875625, -13.54225, -13.610750000000001, -13.8539375, -13.174062500000002, -13.513124999999999, -13.401437499999998, -13.504437500000002, -13.5254375, -13.3635625, -13.49025, -13.92125, -13.566875, -13.796562500000002, -13.8368125], [-5.576152238607406, -6.29307182264328, -7.516947070598602, -9.652804740428925, -11.070153314352035, -10.746858581542968, -10.541358497619628, -11.768073065757752, -12.466055449962615, -14.34880586194992, -13.126430621623992, -9.262028078794478, -8.321045755147935, -7.827751001358033, -7.544813475847245, -10.324385457277298, -10.99053730583191, -10.834340882778168, -10.8138409075737, -10.239144272327424, -7.9384115986824035, -7.2847329015731805, -9.236170888185502, -11.325037470817565, -14.267636279344558, -12.78606450867653, -10.407063767194748, -7.96092024731636], [-9.185349157810212, -11.23929313135147, -10.246669057369232, -10.069786237716674, -9.834831696987152, -9.913644026756286, -10.442893910408019, -10.375528435230255, -10.04468982744217, -10.665190610408782, -10.441690248012543, -9.144197425842284, -8.920411049842835, -9.322946473121643, -9.715258920192717, -10.507885241031648, -9.859921190738678, -9.868403295993804, -9.11534072303772, -10.018769089698791, -10.458303363800049, -10.555062193393706, -10.363125754356385, -9.395662341117859, -10.410431582450869, -10.37523431777954, -12.54660795402527, -14.475856083869935], [-23.66324855804443, -24.293256675004955, -24.961188559532165, -23.12738020038605, -20.939684235095974, -21.53178379130363, -23.286590939044952, -20.805176800489424, -18.831141852140426, -18.166419159889223, -18.64923146033287, -21.870973062992096, -25.6782017493248, -27.107443457841875, -27.28169710564613, -23.30949041414261, -20.635249146223067, -21.825292521953585, -21.94854158782959, -22.577324796676635, -26.85963398551941, -26.303537999868393, -22.98478311610222, -20.336291155815125, -16.969893817663195, -19.645846433639527, -21.870471602439885, -24.603458654403685], [-22.385913246154786, -20.60541105937958, -22.408966857910155, -23.60691405582428, -25.06875651741028, -23.821482888221738, -22.81861073589325, -23.778946185112, -24.304987419128416, -26.027715513229367, -25.51765455341339, -22.417469595909118, -21.058089654922487, -20.558118922233582, -20.103056818008422, -22.269163683891296, -23.372044317245482, -23.38895601272583, -23.666454620361325, -21.370326439857482, -20.48361068153381, -20.090557373046877, -21.635424346923827, -23.64913184356689, -23.73402025413513, -24.908387614250188, -22.573708951950074, -21.248756364822384], [-30.676961374759678, -32.4412033033371, -31.509515594005585, -29.275299787044528, -28.53778990650177, -28.95757580184936, -29.590888691425327, -29.4213164305687, -28.297083425998686, -28.11376109457016, -28.35857425117493, -30.041995917797088, -30.117514335155487, -29.09401470422745, -29.10632726573944, -27.488530928134914, -27.40458408784866, -28.133843232154845, -28.199530740261075, -28.331406550884246, -29.180702216148376, -29.929301064968108, -28.26054957342148, -27.267297980785372, -27.030350159168243, -27.51363684129715, -29.923513840198517, -33.09104255867004], [-33.138132100582126, -38.343323661804206, -39.07488802576064, -39.5750555729866, -38.70890653324127, -39.82874402713776, -40.15749300003052, -41.93966298437118, -41.77117401838302, -41.4194036488533, -41.73659370231628, -40.241453050613394, -40.607534923076635, -39.82244538927078, -39.311820778369906, -38.7702885107994, -38.54555552434921, -38.39211742210388, -38.832616970062254, -39.434858138561246, -39.84648846530914, -39.99524634122849, -38.933376937389376, -37.69411792564392, -38.74065826082229, -39.105418980598444, -39.99416807365418, -39.882210646152494], [-39.177062500000005, -45.3710625, -47.093937499999996, -47.202375, -45.551625, -47.280437500000005, -47.027562499999995, -48.127875, -48.957687500000006, -50.07925, -49.1255, -47.1950625, -47.217625, -48.6513125, -48.005562499999996, -47.9265, -48.108374999999995, -46.37231249999999, -46.7223125, -47.327999999999996, -47.9361875, -47.6941875, -46.702375, -46.556937500000004, -48.007875, -48.0421875, -46.6736875, -46.9960625], [-40.88227703285217, -46.66910803508759, -47.33210604667663, -47.4249586572647, -47.224725290298466, -47.928421351432796, -47.35129790210724, -47.41451134014129, -46.05479932689667, -46.41349680423737, -46.2903087477684, -47.550879213809964, -46.90489837312698, -47.81145993041992, -46.72170968151092, -47.011724904060365, -46.79364701128006, -47.17668321561814, -46.40255840158463, -47.04482576131821, -46.36482762956619, -46.694828207492826, -46.36063678359985, -46.68004657745361, -46.12444961118698, -47.14806527900696, -48.246316563606264, -48.93459657430649], [-37.12107459735871, -37.848181223869325, -38.867493295192716, -39.124179471969605, -39.051339603424076, -39.37812589263916, -39.4666258020401, -39.67971527385711, -39.86157209777832, -40.30420659017563, -40.5468317694664, -39.02997547483444, -38.42086781930924, -38.418314648151394, -38.19212709808349, -37.9916433506012, -37.86826893520355, -37.37103701114654, -37.676161898612975, -38.40336751890183, -38.25832336807251, -38.5300208492279, -37.91814372730255, -38.12865325307846, -38.74610795021057, -38.650974170207974, -39.61622452020645, -39.79083248376846], [-32.68778039073944, -34.69069784355163, -34.98832325363159, -34.604465898513794, -34.69352705097199, -34.710796950340274, -34.86017068958283, -34.653608354568476, -34.971463544845584, -35.050402419090275, -34.32709022331238, -33.164948324203486, -33.2664471168518, -33.63911574840546, -32.713179876327516, -33.99000877666473, -34.573776770591735, -33.66455464363098, -33.50455429267883, -32.68254580974579, -32.830232540130616, -33.116903000831606, -32.94183992195129, -32.16779664134979, -33.60031283283234, -34.23807175445557, -34.447884133338924, -35.37372362995148], [-33.68972429370881, -34.479402850151054, -36.13977742099762, -36.28098282241821, -36.686794608116145, -37.15288411426545, -37.49763467502594, -38.26719758415222, -38.577331940650936, -39.993510308265684, 