{"status": 1, "spectogram": [[-6.705449431537373, -13.498673877948399, -12.799643254211972, -12.634143231630325, -13.406418880893263, -13.704786167400226, -13.438898284109266, -13.761908657577575, -13.853122726926996, -14.082714692354198, -13.660928981661797, -13.719408711988105, -13.59939849086927, -13.591408418392636, -13.446123001414913, -13.67728621445385, -13.488071782061024, -13.485786125063896, -14.315622514785517, -14.58258184461447, -15.007143135854168, -15.165112833054703, -15.74640905892122, -15.851174032929015, -16.045500428795815, -15.934847470373525, -15.848755342600285, -13.707802731691348], [-15.75770429247039, -14.280111610095112, -14.932795297668907, -14.917499433994294, -16.267621886024664, -16.83015211864395, -16.360672793339706, -15.62600952737186, -15.762091011991322, -16.054295107598207, -16.465570628166198, -15.756315851026644, -14.951295129532713, -15.110458387871187, -15.855999007497555, -14.97083564806961, -15.117866695569475, -15.092284992218017, -15.283774864508167, -16.250284902708884, -16.11689780819171, -16.41922358713348, -16.37921348060882, -17.062488411942347, -17.173856424331664, -17.01934684321345, -17.117285055160515, -16.923029886333545], [-9.505273282338987, -12.398454792374233, -12.717189562960538, -12.75206771659851, -13.805281719275804, -14.691688945098669, -14.827331402515869, -13.435056628470605, -14.468351119791063, -15.381208172525387, -15.197351202011108, -14.467922713960826, -14.013596444421644, -13.33766889356075, -14.23280033798615, -13.295545508326658, -12.780984914818424, -13.132566017150879, -12.814893488319358, -13.415862823175114, -13.810403924883616, -14.690321594081936, -14.12797454950765, -15.154126513384282, -15.523637826919556, -14.763709618159453, -15.808014837186633, -15.099761617195835], [-9.361428851544858, -9.638714280426502, -10.728571454286577, -12.046, -12.167714277029038, -12.209000037193299, -11.907357070446015, -11.116500033855438, -10.434571669101715, -9.681428400039671, -9.7725, -9.288786029815673, -7.8427142105102545, -7.738143112182618, -8.183000054359436, -7.900928361892699, -7.351928513526917, -6.8340000000000005, -7.9959284324645985, -9.788571292877197, -9.795214522361755, -9.122714752197266, -8.872285749435424, -9.675499994277954, -9.5115, -9.435215028762816, -9.553857053756714, -11.406502613067627], [-2.019397004578461, -1.6005602731583082, -2.7934784402774353, -5.079998420715333, -6.475335348752161, -5.310060179953651, -4.82244822085635, -3.592907341081256, -2.4211322924456926, -2.74334673844554, -3.345571262359619, -2.544275404560329, -1.8225910368549885, -2.1799892906851346, -2.918387408820963, -3.100039966154923, -2.5045602388771986, -1.9067852115631103, -3.6192333547632076, -6.158304984968388, -5.4698360866235305, -4.697346679998853, -4.320040174601134, -5.2032132780889295, -5.019856559753419, -4.992092058376198, -5.102254239880392, -7.66501261734456], [-8.05015496948517, -8.218947907889405, -9.27267207643208, -11.923354587554932, -10.823100168043435, -8.982193218377196, -7.766561075385784, -7.914111464412763, -6.304429811068389, -5.7291343322871615, -6.182716156005859, -6.445695097320014, -5.69578601183233, -6.408571836062919, -7.290929111344383, -8.10683681441273, -7.719928061621774, -6.477215007781982, -9.214426987648322, -12.470926982606805, -11.052898127945001, -10.214153136350564, -8.883928119659743, -10.13534617046421, -10.090286163330077, -11.164991513154526, -10.563286309651144, -12.361451880784937], [-9.622294380917436, -7.27244927145146, -9.716682139747025, -15.389341375350952, -14.344914814916395, -12.151371301844726, -13.964369134689077, -13.228470534334274, -10.448299390373728, -9.465852628435357, -10.258066926956175, -8.676393010120089, -7.556003587139122, -8.152125207395526, -8.217676891851985, -8.797686174469877, -8.725674782733899, -6.747422229766846, -9.895040586549936, -13.251814854600896, -12.646782438105026, -9.670940392826363, -9.843063565936164, -9.41296384250724, -8.132921834945678, -8.693338996924975, -8.413093160513455, -13.617067390715079], [-12.85967461477799, -15.697896755807262, -19.05508907589136, -25.294770545959473, -24.39760840004899, -18.37623669421811, -18.579438453460376, -17.213611375546016, -13.723013419957663, -11.644401532796023, -9.81263759613037, -11.478614721239968, -11.590694625076605, -13.17611339590525, -13.858847229413005, -14.598817200912773, -13.948550522298625, -10.866420669555664, -15.885466955535989, -20.208691557513497, -17.75806069265047, -15.370336001027026, -12.878826237349013, -13.661317640964, -12.804634162902833, -13.975122414490672, -11.91852116872903, -17.34771854423644], [-20.20759226044248, -27.776085874649894, -29.194484335018632, -26.22185372161865, -30.18282313065633, -36.42730943068753, -35.100066900934365, -32.74364889508854, -32.80552732340113, -32.33492829227501, -31.84764200210571, -34.26359058753772, -33.76779145318815, -37.18388969732872, -38.81285917945672, -35.046868005676124, -35.88749243886177, -34.15735322189331, -34.62088290434451, -33.94619797111073, -34.73773973875525, -37.20446389809324, -34.37623055668477, -38.603137743814244, -37.42213773345947, -39.689184522707464, -41.560074918161085, -34.54945049955827], [-24.036131271873728, -28.350668194756217, -30.927490994879246, -35.03727038574219, -33.59030761713975, -29.22634492557775, -29.109865402523774, -28.740374218794738, -28.443919554406854, -27.573954515924708, -27.36743556213379, -26.892615784080974, -27.59179685752284, -28.318254827208357, -28.04079559022507, -27.639404906212295, -28.36090490321815, -27.600574119567874, -30.950687906208312, -33.769582038799875, -32.00410542731305, -29.37384361243603, -28.844580173726776, -30.199090284538805, -28.42000100708008, -30.958966824511062, -30.163969055566096, -30.855516718101335], [-29.002858017519117, -31.95349992722273, -31.396999948620795, -31.789499999999997, -32.614071505308154, -31.705214073181153, -32.15878588581085, -33.17378531646729, -34.82064306640625, -35.79007131195068, -33.458, -33.59800045013428, -33.85871468925476, -33.12685725402832, -32.38507162189484, -32.662857212066655, -32.283071466445925, -31.8215, -33.59707132434845, -35.7687866230011, -34.92307076072693, -33.50128589248657, -33.01978548240662, -33.51085705375671, -33.8965, -32.88471438217163, -33.02978539848328, -35.66614612197876], [-28.474126390077423, -31.335462274979605, -32.66934660089511, -35.35513452911377, -34.75806030512449, -34.24939312030747, -35.698228679073345, -36.90258199592458, -35.839342843677656, -35.18451924020397, -33.62193809127808, -33.35363306925251, -31.614795226777332, -30.751602185172544, -30.845397281666628, -30.7051198878759, -30.792055433896703, -29.598721946716307, -31.366666842520527, -35.011936903777844, -34.68490690715969, -31.910679999914162, -31.94489353004676, -32.002066959141, -30.821079303741456, -31.009301523166855, -31.015619326300833, -33.83885175680955], [-32.209145826993314, -34.482259178704126, -35.17052357223083, -36.284145240783694, -36.52632921710803, -37.21484129995229, -37.72230961192372, -38.637524145253145, -39.48122652458658, -38.47158279442282, -37.549858886718745, -37.43656501174412, -35.16775866629166, -34.533024290278554, -34.30243189907107, -33.677994217230996, -33.21831076709603, -32.78928966522217, -34.165627042984354, -36.30905489520618, -36.311340277068865, -34.6155451435158, -34.64981052118385, -35.22166805695551, -34.22807513046265, -34.94109860902945, -35.62542269465361, -37.22815070070609], [-27.162715366525333, -27.47724692206119, -28.21683770764846, -29.674857818603517, -29.80295145296145, -28.609911579414266, -28.039065480475784, -29.830164769980176, -30.420419592692657, -28.61767845305591, -26.669862655639648, -29.849684930238155, -28.24785007535192, -28.172695135876666, -26.69918715161682, -27.24406327878134, -27.12247182449003, -27.294144836425783, -28.546614157793535, -31.617278434246693, -30.77269747537542, -28.74106387850776, -30.175418902843113, -30.739001485004554, -29.751573547363282, -30.922471984434438, -30.600867438141172, 