{"status": 0, "spectogram": [[-18.30201172660595, -43.89598721920349, -42.78896156815241, -44.80359819389879, -44.41788785997276, -45.56206099768683, -45.726555487984925, -44.841672035810035, -43.06519398914612, -44.56230293457426, -44.39133042033016, -42.58025870727267, -44.05968997829819, -44.199101121920414, -45.285081576627746, -46.202704782440954, -43.11267540868665, -46.656499882191426, -46.91163439350102, -46.81634595329874, -48.279100317496145, -46.38383463309735, -47.3993182339014, -47.38594361603502, -49.66154464812576, -46.123488750347704, -48.13763075520633, -27.88156609193672], [-6.800720125385393, -10.914153347662513, -9.460646763434209, -7.9809744047522555, -7.3878034160271, -7.686029212469961, -7.413384925373946, -7.583142582719413, -7.138388836556555, -6.7468163412116375, -7.324876048922539, -9.04104644771138, -9.642499796914773, -8.752733102849541, -7.782011458477219, -7.391202180791871, -8.32846211158137, -10.03730468058586, -9.754108917256978, -10.15832969756265, -9.492549487354811, -10.262334894897963, -11.85685342876148, -12.431941610846028, -12.664090469002723, -12.658216176390725, -11.003783883765104, -9.06857503531707], [-8.529202174705357, -8.02145642274374, -9.804015597878626, -12.80346643280983, -13.841250767269834, -14.920406214018268, -15.945308688728401, -15.963329957967098, -15.794048305910515, -16.62124494279137, -15.49867194890976, -14.918034643149708, -16.114370611662324, -16.199977921543933, -17.29541017536681, -18.368429357299892, -17.65441663907407, -18.143554046869276, -18.92276407716784, -20.801807498077775, -22.87589679802632, -22.216808664477693, -20.7098939470941, -20.044686417657733, -19.85228814291954, -20.4275774163723, -22.4639357648703, -24.574152370248044], [-16.669169938534495, -35.07178578424454, -37.55355362653732, -38.449937500000004, -37.9134284286499, -42.5723130812645, -39.575241358757026, -45.231480649948125, -41.76866897916794, -42.24402472352981, -40.4288125, -40.423793247699734, -42.694530301094055, -41.37881348133088, -41.90009006309509, -41.77992812347412, -42.78139342498779, -45.057874999999996, -47.45353542327881, -48.20921473693848, -48.899267309188836, -46.240866532325754, -44.74679518604279, -47.807002670288085, -45.735749999999996, -40.26223847007752, -44.939000030517576, -38.79648567771912], [-22.87547639279306, -31.824694944241823, -34.14005626095568, -26.43098914456367, -23.885113759449556, -27.183321155475213, -23.891114431200727, -24.36440416425569, -23.05746713070505, -20.621800753935208, -22.369603689670562, -31.522099705872954, -29.91632984530583, -27.068968160672572, -22.3699659691393, -20.262096775010065, -22.42466340451729, -27.62791654753685, -26.12130763689797, -25.122781736224116, -22.35849813201505, -25.803150106930744, -31.34310305206995, -36.13910393199258, -34.60275872921944, -31.414581506837987, -26.117799635347748, -24.432918014763978], [-5.4434750331259485, -5.416528904048785, -4.842466624250287, -4.101180637359619, -4.944977655508046, -6.361046717137667, -7.183006777276983, -7.2346212321302446, -7.162837055400884, -7.2725354542239655, -6.698852385044098, -6.872351939298147, -7.485595926237037, -7.575634664954159, -8.178444780067053, -8.731760470615226, -8.656108532953905, -9.47316425895691, -10.27721794033036, -12.165698148884344, -13.975037621108685, -13.44377873527819, -12.70299833258899, -12.34910830590145, -12.635377455711364, -12.858880911504718, -14.408291549710643, -16.57883826727013], [-10.864897776196408, -13.056762727050195, -18.780243557832854, -25.68890605545044, -29.483698005841894, -29.241064119475645, -28.961405287041458, -28.78279297631998, -28.734895750809102, -28.29327952886071, -25.15814079451561, -26.95601690489109, -22.65590411770171, -26.1366575584326, -31.712259794091487, -30.355829892937653, -31.241380708905872, -32.83495092749595, -33.644393292331955, -31.86124463086345, -31.714335603662803, -34.83667125714943, -31.649930988013885, -31.878750336442994, -30.9392707426548, -32.10085825775734, -31.589722797771408, -32.19000613456703], [-18.70100589062522, -30.2552803517191, -30.396873045857824, -33.82614534854889, -30.837629607083976, -35.7853651213834, -30.389853621385527, -34.790729880859686, -33.16335196818153, -34.08575245749591, -31.25693113327027, -33.35117232421254, -30.319544581667188, -32.48169083719661, -31.455296513656208, -29.281140817096457, -35.52359373983619, -40.04537449645996, -36.631844607082634, -37.95474124662876, -31.868012138716008, -34.704864134921536, -33.84207412384432, -36.69543509407903, -36.37912137794495, -37.9407971280617, -36.39143881082971, -24.34785674032921], [-20.364522409542417, -29.128781081498904, -31.8972352228849, -30.090485569000244, -27.043893209199414, -30.174663730018025, -26.487676267750103, -27.176121948611648, -28.300118229515604, -25.155988378875595, -26.378346249580385, -30.969152633235876, -27.981842203937838, -30.054002604777896, -27.148904446057234, -23.99666060689054, -26.413532694824987, -30.737489159584047, -29.954977784300063, -29.573171002063877, -24.935426081667355, -28.47555054750317, -31.189974154756456, -34.55629632212131, -37.29523562908172, -35.00350167750193, -30.757136672079213, -28.38609249055831], [-22.850197920931326, -27.664951002004077, -33.495848098748795, -32.740432278633115, -31.450621203655917, -32.951052504732665, -27.8468682620965, -30.323072706427784, -30.08796453390378, -26.042806619758977, -27.24042370223999, -30.64368194695329, -35.83025088580486, -27.738679162413977, -24.49397199596525, -22.428637709289998, -27.089538514826085, -31.71957998275757, -30.650750586685028, -27.57912972923873, -22.324807686444814, -28.21802645502541, -36.55701795088211, -37.69376402395563, -35.99612678956986, -36.17513612283737, -30.712546238688898, -28.856072162563823], [-24.297714981853964, -29.420696512341497, -35.89108959436417, -35.5615, -37.04715161776543, -36.4196967496872, -35.781143516540524, -39.617972420692446, -38.30107992792129, -34.65857229995728, -33.325125, -35.45937456226349, -35.50126835823059, -36.280285682678226, -35.887500122070314, -34.58094344902038, -39.66442163658142, -38.066437500000006, -37.66173206710815, -40.1262172088623, -40.445918673515315, -37.5961871843338, -43.37644142341614, -41.68827663612365, -42.001562500000006, -41.50949143791199, -41.46363229751587, -37.713321924209595], [-34.172402963892544, -34.82429925247474, -31.811520252563557, -30.46671425676346, -30.624958260030283, -30.887564918965893, -31.429244470858094, -32.28902443774791, -31.73143022982944, -32.42680912158127, -31.955518790245055, -31.74891083631961, -33.30505341103229, -33.076987660874565, -33.459818981035916, -34.80309024252886, -34.82624904237604, -35.449519863128664, -36.04856115361701, -39.64951325203217, -41.59463389039506, -41.0122555684634, -39.82083875715064, -39.02009249913291, -40.16388354873657, -42.67203416183298, -44.8900154511941, -43.73753604960204], [-34.12025535511067, -34.4313880411606, -33.77250282861756, -33.838501830101016, -33.84191894044202, -34.77648083649865, -34.62996218177183, -35.205962911741445, -36.544741584661196, -37.5512108593586, -34.95590064573288, -34.64135313193815, -36.12072656613645, -35.48733688986001, -36.54605377366666, -40.88218332627365, -39.0791602351151, -38.007384599208834, -40.343002225310926, -42.22914136518592, -44.043874530091976, -43.66205560801828, -44.39568831739531, -43.23671638679591, -42.76412968349457, -42.81182485188367, -43.36799389794603, -44.54926791457624], [-45.909126102326155, -42.06735715300077, -47.98816607627081, -41.40512664413452, -41.4410740382429, -42.43034558762371, -43.670661219266044, -42.89749114998042, -43.23072040694071, -42.18531999779486, -42.97510385036468, -45.00507669078908, -42.93491763672253, -45.58796127903245, -43.058239179571004, -42.74061210480834, -43.94019504334821, -49.01072966957092, -47.58109975999655, -48.57481297870803, -47.72835009742172, -55.353405016726725, -51.31357397191988, -53.32358467555311, -54.506406688690184, -55.71155598941658, -51.396540717942926, -48.95280974161014], 