{"status": 1, "spectogram": [[-33.751875001728536, -49.75166084951163, -49.7907857323885, -43.717500004857776, -47.1745624742359, -44.50301778057218, -47.569767764568326, -48.648187514618044, -51.56026779821515, -45.254232099503284, -47.071732062518585, -44.681473251625896, -48.515160698384044, -48.954250051438805, -54.12149992734193, -55.07041959293188, -54.44460702997446, -55.47422310562432, -52.62416073724628, -54.00070530204475, -55.46166059184074, -52.219491067722444, -53.48317852789164, -52.82274993556737, -59.09073194074631, -53.642276823326945, -54.47265163098275, -48.08608026613295], [-7.9659192854762075, -5.954106854557992, -5.474731920838356, -5.643321191191673, -5.8781247776746754, -6.034321190595627, -6.501696129202843, -6.284722954213619, -6.053964037060737, -6.029446157336235, -6.218508675038815, -6.753919364988805, -6.5897318875789646, -6.3766872766613965, -6.850687296807767, -7.093767679214478, -7.164696220636368, -6.984794418752193, -7.3008569034338, -7.108883716285229, -6.947437290489673, -7.2018658693432815, -7.0090533792972565, -6.666455191791057, -6.415115892708302, -6.684606940031051, -7.232544460594654, -7.807178407788276], [-26.50333057332039, -36.78213356471062, -37.24200884652137, -34.88672308039665, -42.8766178495884, -44.19392224097251, -41.68079595637321, -45.89682412862778, -46.35326117062569, -43.33649263501167, -43.634368097543714, -43.624627180576326, -46.230413512706754, -42.990206297636036, -52.19258100056648, -51.12452694725991, -54.41679569029807, -53.42301807212829, -51.72051719331741, -48.63655424690246, -51.02589320087433, -46.54544647407531, -56.69257049369812, -53.568170023679734, -52.439751101016995, -49.01199973011016, -55.176375854969024, -49.45548269939423], [-10.60525, -8.956875, -11.42175, -10.989999999999998, -11.88925, -11.404687500000001, -9.607, -10.748874999999998, -11.4641875, -10.80025, -11.181750000000001, -10.281875, -11.017999999999999, -12.3054375, -12.962125, -14.4796875, -13.2868125, -12.438875, -11.9571875, -13.1796875, -13.390875000000001, -13.786937499999999, -14.067375000000002, -15.5429375, -15.3661875, -14.447625, -15.271875000000001, -16.301375], [-27.193092422962188, -37.73009459066391, -33.45934476041794, -36.393934608936306, -36.74886348199844, -39.581417782783504, -37.68091571331024, -40.220863726615896, -37.83122933506966, -37.66202337741851, -43.06065025377273, -37.63260359835624, -37.35618446779252, -41.830436311244966, -35.00068475723266, -34.06464040160179, -35.405309764862054, -39.76236454534531, -38.79142641329765, -35.42598858451843, -34.64908643698692, -34.25416686820984, -32.49129154014587, -32.290381294727325, -31.480666520118707, -38.340623244047165, -34.43768492126465, -31.433015009164812], [-18.04298036527634, -20.804514803409578, -22.328455373764037, -20.083170201301574, -23.71629484653473, -22.673000128269198, -19.907060083389283, -23.198541940689086, -25.9932282204628, -21.932078055381776, -22.835453704833984, -23.956352323055263, -24.189925022602083, -27.036371272563933, -28.77155942153931, -28.90709040498734, -29.382175220012666, -26.45979177570343, -24.907790893554687, -26.84286405277252, -28.162756235122682, -27.766230142116548, -28.70798010110855, -30.784903126716614, -30.090187722206117, -27.868542830467224, -27.58460773038864, -30.261063476562498], [-16.140587436437606, -19.76720205616951, -11.967695583105089, -13.822205315113067, -12.214891312360765, -13.996624420404434, -24.362506484270096, -17.946350208282468, -17.040456070423126, -21.34370878982544, -17.027643788576125, -19.914557327508927, -16.55898388314247, -12.907847275733948, -9.404970487594605, -7.785567207098007, -9.928792411327361, -11.101748792409897, -12.51331257343292, -10.266578378200531, -10.68711384010315, -9.655175795793534, -9.077362883090972, -8.150655831098556, -10.703656440496445, -12.91155090880394, -9.501236941814422, -7.958878743648528], [-30.273956548690798, -33.07811754894257, -41.378609757423405, -29.61467347240448, -30.648202933311463, -29.934433411598206, -28.3406201839447, -34.49319681453705, -31.14132763767242, -31.74133278846741, -29.86426999378204, -29.033433440208434, -31.249467926979065, -33.265800146102904, -40.38686858463288, -37.25204372310638, -44.249614531517025, -43.310119443893434, -36.06019272899628, -38.52255444526673, -41.52940771484376, -38.341873798370365, -34.8488141374588, -38.07677087211609, -38.50323426628113, -39.928843844413755, -40.467100796699526, -38.840032997131345], [-13.91400498867035, -17.179784223079682, -20.748283634662627, -18.832086646556856, -23.780035450458527, -21.306052080631254, -15.93030169248581, -20.079731575489046, -20.798785712718967, -17.35448139810562, -21.345045299530028, -16.981739609718325, -20.213598581314088, -22.735883640289305, -27.63682335138321, -29.132034078121183, -27.584788442134858, -23.660687830924985, -20.969125483036038, -24.921553996562956, -25.31092078018188, -27.836495445251465, -27.830679547786715, -33.29005129098893, -26.92364139032364, -23.975162420749665, -25.908222762107847, -27.935846994400023], [-14.458418245792389, -14.23131865310669, -14.134621089458467, -15.607453296661378, -17.067164980888364, -17.98797066783905, -19.26554306268692, -18.40667930841446, -19.607089090824125, -20.67684239816666, -19.892776452064517, -19.501360908031465, -19.006652871131898, -19.223245814800265, -19.653117235660556, -21.56717626094818, -19.70618117046356, -17.761094002723695, -16.92247147750854, -17.578824491500853, -18.69483263063431, -19.146528417110442, -19.542651869297025, -21.801995676994324, -22.8901499209404, -22.51379609727859, -22.65847961902618, -21.68937036514282], [-32.887625, -40.95575, -36.697562500000004, -42.895375, -50.299875, -49.505624999999995, -47.87725, -48.176625, -45.1220625, -40.8588125, -50.0375625, -43.067625, -41.629062499999996, -42.209, -34.369437500000004, -36.977562500000005, -34.543062500000005, -37.276250000000005, -35.440937500000004, -38.882437499999995, -42.4183125, -40.637625, -40.0675625, -48.9200625, -40.997, -39.63431250000001, -49.9155625, -48.56337499999999], [-33.957389150142674, -33.882012689113616, -36.35352421617508, -36.81789043283463, -40.13138725757599, -40.18382056474686, -38.495126957893376, -39.67012300729752, -40.80567052936554, -39.69865698575974, -40.39409850692749, -39.60674341535569, -40.882096398353575, -41.52808114433288, -47.30059116077423, -50.16343030786514, -48.38822833061218, -44.49730012130737, -43.95998665857314, -45.079719821929935, -44.18346797418595, -46.14881046581268, -46.76175594663621, -49.37313314008713, -47.07030229520798, -43.714484887599944, -47.23991986560821, -51.3560200214386], [-44.56925647974015, -55.52390972948074, -54.55022639942169, -56.493082234382626, -57.95017310237885, -59.22746571493148, -55.99983830404281, -58.54307995033264, -58.89441094255447, -60.237254369735716, -58.183634049415595, -55.745660558223726, -57.2681085267067, -58.34995772743225, -59.40964803266525, -58.58847329568863, -61.06977955532075, -59.73790313434601, -60.142212151050565, -59.399610997676845, -59.708101644515985, -60.23889835596084, -60.83252522706986, -60.27659391498567, -58.38899335908891, -58.21452490568161, -61.45421284294128, -59.72686823511124], [-37.433294131278984, -42.763026175498965, -40.49934598731995, -41.33688970851899, -42.51969555950164, -42.78230032444, -43.60348096847534, -43.6479947977066, -44.95497775554657, -44.24252829456329, -43.03621887588501, -41.179332091331474, -40.783138573646546, -42.69054255485535, -42.293732731819155, -45.461486306190494, -43.41905594921111, -42.66815213203431, -41.02139990234375, -43.0721165599823, -43.70479624176025, -46.56125119304657, -47.26006587219238, -48.076528182983395, -51.0364746055603, -49.033479977607726, -48.25079303169251, -50.23596349239349], [-43.32108253288269, -43.847521119117744, -43.567655114173895, -43.661766667366024, -42.77141533088684, -43.78861795711517, -43.60242558479309, -43.915999868392944, -43.503014485359195, -42.6094781293869, -42.81216452407837, -43.75298337364197, 