{"status": 1, "spectogram": [[-35.88308931183815, -45.01874114777148, -48.834803585410114, -47.86573225480318, -48.37117864531279, -50.04290184955299, -40.143339321613304, -42.33303569561242, -45.64593755997717, -42.403419663742184, -44.18560715037584, -39.49112502714992, -42.15516972254217, -44.02191973890364, -41.7431697192043, -43.96880364263058, -43.483053634524346, -44.388651905611155, -41.31715187297761, -44.330660676658155, -43.131339342623946, -49.04340194259584, -45.3580268586725, -42.709767882972955, -42.981491139575844, -39.1260803527087, -47.0594553296715, -41.77950001856684], [-17.74398329281807, -21.015475295007228, -20.445037522315978, -21.11675198709965, -21.15603769445419, -20.383832266032698, -18.1484571223855, -17.141823353528977, -16.671778635561466, -17.26852868646383, -15.842840910196305, -16.566787497401236, -16.578037514925, -17.294019875884057, -16.083957155764104, -16.0657338347435, -16.528341084480285, -15.872439163386822, -16.070814208567143, -17.410073484063147, -15.810010696589949, -17.096341287136077, -16.521216165423393, -16.862019803524014, -15.967001727581023, -16.176751576304433, -17.295251854896545, -15.918626544475554], [-10.5844981508255, -10.473909215450288, -10.917284433364868, -10.839712970256805, -10.756605900764464, -10.606141549110415, -8.964454039812086, -7.27061481499672, -6.868061366796493, -7.0108918595314025, -7.021391882896424, -6.718543705701828, -6.576856191158294, -6.265070322036744, -6.421757781744003, -6.7210704970359805, -6.940025788545609, -6.891918611764908, -6.980543620824814, -6.974998679637909, -6.808534405231476, -6.821712987422943, -6.784337979793548, -6.710409442901612, -6.972302384853363, -7.688864910840988, -7.844114762544632, -7.841623781681061], [-29.354, -27.3671875, -26.105875, -26.314500000000002, -25.906375, -25.660999999999998, -24.682312500000002, -22.404687499999998, -21.22725, -20.0906875, -19.765625, -19.53025, -19.131375, -19.909625, -20.8253125, -19.360875, -20.087062500000002, -20.3965625, -20.894437500000002, -22.8998125, -22.77, -22.7498125, -22.746312500000002, -21.883, -22.1120625, -22.71225, -23.637999999999998, -23.195437499999997], [-31.29628732252121, -39.17648450946808, -34.23398347997666, -36.52653773736954, -35.23960878324509, -34.22591260623932, -29.253160630702972, -35.09093981719017, -33.361074153900155, -36.31103066706658, -30.1054040620327, -34.94075355958939, -27.487912663459777, -27.67884125232697, -28.41296584844589, -30.397002552032475, -31.82271695566177, -33.49119061160087, -29.453251508712764, -36.2881009991169, -27.5146789097786, -33.56506435799599, -32.336064159631725, -32.61291266441345, -28.874001148223883, -26.63233072590828, -32.607206502199176, -25.350384046316147], [-23.96254778289795, -21.59006451511383, -22.594003397464753, -24.643948094844816, -24.655010647773743, -23.406091658115386, -22.06034081029892, -21.662259793281557, -22.276161627292634, -24.17790215778351, -23.178528683662417, -24.487910863399506, -18.541879436969758, -17.716520957469942, -17.746334073066713, -22.282457485198975, -21.502378692150117, -21.84574363136291, -21.067995076179503, -20.183698293209076, -21.33913475322723, -19.083171947479247, -21.864107696056365, -21.53764403295517, -22.21081400871277, -24.71708956670761, -20.516216642856598, -21.435914120197296], [-23.89951463460922, -26.922603538990018, -24.66810148477554, -25.599414616346362, -23.30434338212013, -23.669468739748005, -20.645029922962188, -16.71995916223526, -18.617600536346437, -17.920000094652174, -18.27437687706947, -15.718688417911531, -14.577535188913345, -13.780707346916198, -16.97901842427254, -16.32249253702164, -20.791749994516373, -20.299839328050616, -21.737527545452117, -23.718906138896944, -21.629506094217298, -23.42228924012184, -20.747290609121322, -25.00110285949707, -25.054452070951463, -25.56618949079514, -22.471067028522494, -23.101130981206893], [-24.113331087112424, -25.916928875923162, -25.160617166519163, -26.544972906112672, -24.48807185459137, -26.893183942794803, -25.924126950263975, -20.659322508811947, -19.719427657127383, -18.696402551650998, -19.148775749206543, -17.211464571952817, -15.794990337371827, -17.742964983940126, -18.20452672958374, -18.170311962127688, -22.999302832603455, -22.586081562042235, -27.25657867240906, -27.363839810371395, -26.72623897171021, -26.370758016586304, -26.085004039764407, -32.36447947406769, -32.664545071601864, -36.64501629447937, -31.591772787094115, -31.700538209915162], [-38.235149627208706, -34.72186836099625, -37.77236287260056, -35.17014896726609, -32.28126522731781, -31.79588118219376, -30.164130130290985, -27.368612198352814, -27.762515910148622, -26.151443673133848, -25.53481923294067, -22.399506304264065, -20.717783806800842, -22.713862757205963, -24.724113099575042, -24.0254440574646, -29.481855401039127, -31.46076427745819, -31.54589292812347, -37.01076867294311, -34.302096894741055, -39.77962213039398, -31.801939903736113, -36.15099039602279, -34.77085666656494, -35.06351523017884, -37.98864243984222, -36.597447187423704], [-41.9914580373764, -41.68505105829239, -40.55505161046982, -38.85892304611207, -36.516136095046996, -37.43461996269227, -33.513998873710634, -32.06455645704269, -31.469754738330842, -30.44600034379959, -30.593751021862026, -30.05349209594727, -29.609928278446194, -29.690666366100313, -29.23703917455673, -29.79866940689087, -32.85041844558716, -31.464902347564696, -35.42271613359451, -36.29749601221085, -32.3794540719986, -32.10632538461685, -35.677072177410125, -34.141265823841096, -35.16835497426987, -39.949342125415804, -39.530349758625036, -39.45794279718399], [-56.30825, -54.1420625, -48.5236875, -50.496750000000006, -52.692499999999995, -52.23725, -47.0625, -48.270062499999995, -44.6424375, -45.3420625, -46.787124999999996, -46.087375, -44.1808125, -41.0849375, -44.018375000000006, -46.0226875, -45.4224375, -42.5824375, -42.12831250000001, -49.1871875, -46.8851875, -43.882999999999996, -45.7734375, -41.7553125, -42.10006249999999, -43.9753125, -42.543375, -45.212875], [-57.55115853786468, -59.31802559900284, -54.41452229452134, -54.905202904224396, -54.47815720748902, -51.713298156738276, -49.33254475498199, -47.117857408046724, -43.710746020317075, -44.31313034105301, -47.181256700038915, -46.244214685440056, -46.74283025026322, -46.553146765232086, -45.20014818143845, -45.06191724348067, -43.863266787528985, -44.85291622781754, -46.31435633563996, -51.48957983207703, -50.89275194787979, -46.77191859960556, -47.7594734621048, -47.834725027084346, -48.080958700180055, -46.10866936922073, -46.72429313898086, -49.63143728399277], [-56.573670185565945, -56.521855408668515, -55.91973056602478, -56.91297268724442, -56.59459562826156, -53.21181151628494, -52.8893106303215, -51.7925682516098, -48.320998394012456, -47.04879366827011, -49.014857922554015, -50.50328437137604, -51.41660621452331, -50.51016715764999, -53.7802283668518, -51.74846236324311, -47.87315216016769, -51.58225525617599, -47.18963355112075, -52.54489391708374, -51.58707198524475, -49.150276510715486, -51.163024446964265, -52.70997837162018, -50.169784167289734, -52.664035911560056, -53.72391080379486, -51.17540279722214], [-47.47372965717316, -42.538836098670956, -42.292211709022524, -42.66391579246521, -41.331894330024724, -45.753564983367916, -41.063307981491086, -40.204292472839356, -38.59840637493134, -39.41881638717651, -38.1306880531311, -38.648185934066774, -36.825561038970946, -39.35017357730865, -32.97455481052399, -39.25050341415405, -38.02446089076996, -38.6709721736908, -39.145280259132385, -40.80904385185242, -35.6221964559555, -35.77050616455078, -38.40419345951081, -39.21005512428283, -34.751138257026675, -39.674112964630126, -38.21392227458954, -42.1660001411438], [-57.79008442592621, -61.1664427947998, -60.988631922721865, -60.86289016914367, -59.060881030082705, -58.547610280990604, -56.427611505508416, -55.5426786518097, -53.38504482746124, -57.23778470611572, -57.928783285140995, -56.0600808801651, -55.27503535461426,