{"status": 1, "spectogram": [[-22.236098275408146, -40.573571456968786, -39.89500882397592, -41.008062522783874, -44.57112502273917, -38.79376799705625, -40.51951797106862, -40.30732160404325, -40.029419762805105, -41.19713400448858, -38.091259074196216, -39.61596448987722, -40.36466091814637, -38.21293756060302, -41.28662519159913, -38.818651879414915, -40.69586620698869, -40.17134834893048, -38.510160834014414, -39.95887504217029, -42.40039302694798, -40.56389285761119, -40.07408039997518, -40.01428579616547, -43.04140177686512, -36.57438399259746, -40.78938399149477, -31.78827685786784], [-18.3491703671813, -24.927930100321767, -24.548867845118046, -24.59894804430008, -24.338447829246526, -23.719617381989956, -25.243555342555045, -21.45756368023157, -22.451527971684932, -25.681251771807673, -23.409876217246058, -22.310635173618795, -24.029064199268817, -22.39157278060913, -23.8941354714036, -23.37642106109858, -25.314555266141888, -24.288537211298944, -24.36791231238842, -24.579224733889106, -26.135421430647376, -23.421840515136715, -25.216840851664543, -27.068242968976495, -24.427429834127427, -23.348617003023627, -24.639179919242856, -22.830438518106934], [-14.66631335425377, -11.678340902328491, -10.181840609550477, -10.596974743127824, -11.440769581794738, -11.10409095144272, -10.131153130769729, -9.239518992900848, -10.250135349988938, -10.628555064201356, -11.276867697954179, -9.834688759565353, -9.126393983840941, -9.00010824918747, -9.664045976877212, -9.855760323286058, -10.43784080505371, -10.609581889867783, -10.055519240379333, -10.806394433021547, -10.897296214342116, -11.75274276995659, -11.513930246353151, -11.893921406030653, -12.918850202798843, -14.0214754011631, -12.572475104093552, -12.522055429458618], [-17.045749999999998, -11.535062499999999, -11.661937499999999, -11.6253125, -11.732499999999998, -11.366125, -11.088750000000001, -10.5908125, -10.666250000000002, -10.6131875, -10.44125, -9.871562500000001, -9.773125, -10.0665, -9.9265, -9.9636875, -10.193124999999998, -10.1109375, -10.009875000000001, -10.0398125, -9.854625, -10.259125, -10.189562500000001, -10.226437500000001, -10.764562499999998, -11.7168125, -10.7543125, -11.0300625], [-10.720668700933455, -6.942965061187745, -7.567903414964676, -5.361661764144897, -4.552018507003783, -4.582500816822052, -6.401688890695572, -8.525296715497971, -6.445269191265106, -5.977581426382065, -5.05339361667633, -7.566314195394516, -8.373323578357697, -8.296314702272417, -5.589689002275467, -5.178608467578888, -4.8682243316173555, -4.526286781787873, -5.9630996687412265, -4.258822341918945, -4.073866919755935, -4.475813189268112, -4.222688253641128, -3.7118756456375124, -3.0790538234710687, -3.498053512096405, -3.9492414472103117, -3.8560093472003936], [-7.347109581947326, -15.140179482936858, -15.384113233566282, -14.920453753471374, -14.26116236257553, -14.521195005893706, -17.03763288497925, -20.44671124696732, -16.918185678482057, -15.644916090011598, -14.397855020999906, -18.983211679935458, -20.802435536384586, -20.87794265317917, -17.565882078170773, -16.76071208047867, -18.21229620552063, -15.986160623073578, -16.446971013069152, -14.771891971111298, -15.319463498592377, -12.979818180561068, -14.702696244716645, -15.135787024974821, -11.264329265594483, -11.237025811195373, -12.4780879445076, -11.83898735809326], [-5.089626547813416, -19.599870230436327, -23.767238826036454, -22.004598680734635, -20.427905190229414, -18.82928649902344, -22.942788784980774, -21.36938128733635, -18.74144594812393, -20.594053592681888, -21.04061802744866, -18.7626774225235, -23.1011077747345, -20.883678581237792, -19.715864771604537, -22.526373709678648, -30.92207357740402, -22.58699108338356, -18.739990080595017, -21.476384483098983, -23.62438533997536, -17.357094364881515, -19.936910241603854, -22.83254057478905, -18.958656100034712, -16.62246746778488, -24.978282846689222, -18.68665435767174], [-11.44760363292694, -19.05810605144501, -19.23534895992279, -22.55800357437134, -21.966642592430112, -25.45984271621704, -21.837153893470763, -16.850246760368346, -18.662196570396425, -21.08551719760895, -16.31090016078949, -16.137742012023924, -17.254934425354, -16.349827543258666, -19.132390742301943, -20.603032296180725, -24.646352162361147, -19.740295820236206, -16.978732434272768, -21.291310010910035, -23.545986173629764, -19.901530378341675, -23.864461287498475, -22.09565362930298, -20.39083910560608, -24.15280320930481, -21.365114459037784, -20.516437337875367], [-11.692071898460387, -19.926348699092866, -17.974852845668792, -21.069602201938626, -23.443966065406798, -22.33479658460617, -24.290361773490904, -20.958496646404264, -25.985340044021605, -21.91834462451935, -24.99040383195877, -22.36721650981903, -20.835094944953923, -22.48825628566742, -26.61856732416153, -29.36775921201706, -26.31004632997513, -23.223701292991638, -21.069011446475983, -24.925708439350128, -29.131108479499815, -25.61246619129181, -29.33308989906311, -29.40575906038284, -26.978221836566924, -25.425284475326542, -26.31447404241562, -24.18861764383316], [-23.36224271917343, -24.047775307655336, -29.476327174663542, -27.66921320390701, -25.30724673366547, -24.977824397563936, -32.530314773082736, -31.568273307323455, -28.602562499046325, -30.165150135993958, -27.472524689674376, -32.77234042882919, -32.65272481250763, -35.491347332000736, -30.791234917640683, -31.017785606861114, -31.94904250144959, -29.282967726707458, -32.68996041107178, -32.75060193634033, -32.988155480384826, -28.649502051830293, -31.286505490779874, -29.465085231781007, -27.40881576347351, -27.50138184118271, -27.44381469917297, -29.9162396068573], [-33.181125, -33.4931875, -28.8346875, -30.377312500000002, -34.9745625, -33.5870625, -33.849125, -33.2110625, -35.2804375, -38.902437500000005, -33.061375, -34.328125, -34.19225, -32.254374999999996, -31.696125000000002, -33.8016875, -31.836375000000004, -33.8326875, -33.94775, -35.7566875, -33.1175625, -34.345124999999996, -32.1396875, -33.0025, -33.5424375, -33.5998125, -34.9394375, -34.1631875], [-34.6905203294754, -34.389187252521516, -36.13705072832108, -35.34823528337478, -34.35532118988037, -34.1937661523819, -37.87551113986969, -41.41961767578125, -38.5087253217697, -41.71927918338776, -37.993973923206326, -41.02593335580826, -44.95853245019912, -40.977559823036195, -41.818063018798824, -38.984520740985865, -39.870586375236506, -37.011111170291905, -40.10898225355148, -37.39812058544158, -39.15047859477996, -38.40960515403747, -38.190854473114015, -34.682499602317804, -34.078638795375824, -33.385133594512936, -35.52612834453582, -38.73045361375809], [-31.739188234806065, -33.02979829263687, -32.03367005300522, -34.125923103809356, -34.39491528129578, -33.31598563957214, -33.326672749996185, -37.218704380512236, -34.110636743068696, -35.98497724199295, -36.88047548818588, -38.55850109481812, -36.84994692611695, -35.376875307083125, -36.01768992376328, -34.93988647508621, -35.73559196662903, -33.61312905025482, -34.742875615119935, -33.8484316740036, -35.03870988607407, -35.939797449588774, -33.72379938745499, -34.218988043785096, -32.79221826648712, -33.93027106571198, -35.267585755825046, -35.10595111274719], [-29.968027146339416, -30.16048277854919, -32.73923531150818, -31.24738894557953, -30.016282200813293, -29.96593253898621, -30.03636640071869, -33.04657243728638, -31.84432252120972, -29.820929418563843, -31.414678552627564, -31.478879999160768, -34.71426336479187, -30.467328310966494, -31.513266862869266, -27.519707013130187, -31.269660999298097, -26.76262536430359, -28.39262854576111, -29.35683229541778, -29.235654868125913, -28.971968406677245, -27.911593002319336, -26.03574486255646, -25.838211552619935, -24.679918050765988, -26.888542018890384, -27.605532267570496], [-35.58542648696899, -32.395347546577455, -35.42109717273712, -35.69674798583985, -34.70343590641022, -36.964811957359316, -38.05362190437317, -37.52006091976166, -36.72478678131103, -39.42682787036896, -37.937766159057624,