{"status": 0, "spectogram": [[-27.13487030709885, -49.19710948179753, -49.097877338851, -50.09703555220365, -49.03860220675199, -48.66943330158263, -48.88543712671682, -51.5665204801152, -47.916887753446495, -47.51897731379773, -47.09964270478487, -50.53294658009615, -53.0151634073562, -51.5333078066013, -47.32340822742792, -49.126375614386426, -51.43221389746978, -49.179874951750044, -46.15920182882225, -47.5394004765615, -50.411814048525066, -52.1189218926701, -52.40574731416293, -51.53126406594814, -46.51685707306862, -47.87493684329366, -46.085193448084766, -29.566402498149003], [-6.271753640154523, -3.938707166658372, -3.674054060953002, -3.122750487565994, -2.945434136677761, -2.7436586160075893, -2.786028467871697, -2.753112641144771, -2.915556555499833, -2.7548420949566133, -3.264857540130615, -3.5333905479494296, -4.241115171454391, -4.031727473329522, -4.057839758208823, -3.733528786364882, -3.2581509161214504, -2.970500401258468, -2.813811536555397, -3.451684326697403, -3.4430923416857984, -3.533391011775815, -3.4263753253902576, -3.3365056889543956, -3.5718576061725615, -3.2943272041058194, -2.5893171624310125, -2.160036188466445], [-27.009172874287884, -34.48344488956977, -35.00009999613379, -35.370048797130586, -36.12995344011631, -36.28881007939916, -36.169848711578574, -35.56838599573911, -36.23885229036766, -37.19375994548001, -36.91567680263519, -35.46311956658625, -36.08181537656411, -36.652124071315725, -36.7167687134552, -36.2315176739575, -36.510177833957265, -37.20679993963242, -36.51267408344661, -36.884511381227405, -37.776235460327946, -36.039791272941, -35.51575319273774, -36.19247654636429, -36.761298636913295, -36.86837750888565, -38.371907973903454, -35.19596172227108], [-37.23269725985825, -48.05376780718565, -42.79528560161591, -43.57875, -44.149178476810455, -40.421304166316986, -41.76644560909271, -42.28558829402923, -38.40519674921036, -34.28521345520019, -38.071625000000004, -37.93456922149658, -43.69526898479462, -43.16858854007721, -43.65275081062317, -43.9367123336792, -37.27801962089539, -39.060125, -35.017555059432986, -37.11194683361053, -38.92189493179321, -40.52245168876648, -41.55064167785645, -39.16567991256714, -40.6865, -42.74537405204772, -38.97324619293212, -35.484552234649655], [-7.495125276847382, -5.044714515821063, -4.679783415930632, -4.0601587758064275, -3.9494115050082326, -3.666735636146716, -4.040488223796055, -4.427557157156426, -4.42278931043588, -3.7673484611121584, -4.3287309908866884, -4.433952766184987, -5.484845961473272, -6.297898656543464, -5.817309591877158, -5.264273964239591, -4.588784286635185, -4.1634988079071045, -3.70869815736881, -4.555348613904188, -4.381353609503355, -4.678711171840616, -5.075121401592245, -5.352034714971102, -6.174909035205841, -6.475482994410339, -7.489340852377485, -11.198310975638567], [-22.658997089607304, -21.96998371762399, -24.49188929331995, -24.886704369544983, -26.39478158900223, -27.441962203055, -26.458123463104908, -29.188844997872675, -27.21826415889113, -33.48079649607116, -31.34787366199493, -28.35937398264167, -28.428630512584917, -28.6739988076744, -27.389706156515913, -27.13268127422443, -30.842226403822323, -31.066019188880922, -34.779888139877265, -33.26356513693277, -33.46463674800385, -32.708984909964755, -32.16528797704625, -32.84486785230858, -28.916826383590703, -31.848514189489315, -34.81015343241929, -31.52689641680039], [-19.342157205113622, -37.10516942159374, -32.831627337762235, -35.078019112110134, -33.039909124043255, -29.56846007008406, -32.694862814728985, -33.811062020576685, -28.96653004089654, -26.89147229953702, -27.3253747754097, -29.936147082718975, -34.07865942077132, -33.805644326074415, -34.9787355319817, -32.43598537070151, -30.402903105693184, -28.808531477928163, -25.618372444625933, -30.657228069250568, -31.190675133296345, -34.22374950683753, -36.09852234936615, -35.38762979662274, -35.15330215501785, -35.33653960689499, -39.625206836270614, -32.6961370220865], [-6.963075359512625, -3.795745424934823, -4.239470256425971, -4.2648904914855965, -4.390190516457278, -4.909518099716827, -5.737849930179815, -6.796496390089684, -7.465475593391864, -7.736999300839597, -7.454824825286865, -7.348629655488592, -8.779877281655557, -9.698529437084769, -9.206269479128531, -9.321011877896657, -8.490590596334746, -7.959949705123901, -8.474735690602683, -7.971012823064054, -7.991729673811847, -7.946608600067382, -8.407374438227619, -8.973429743629357, -8.941517541885377, -10.340523123993917, -12.808075639297604, -17.628786631764815], [-7.389783443282643, -5.33026394344348, -5.54944217900835, -6.9585686378479, -8.050039928509241, -8.096725421029653, -9.176455295990731, -10.133535730206335, -10.038332314432772, -13.157905512459871, -12.96960043334961, -11.503870267731209, -9.568394391858062, -9.196244125171456, -8.956657228197502, -9.346098066758453, -9.927963713354256, -10.520190283775328, -14.319635349877746, -11.34819470055464, -10.364286205468161, -9.413774884032101, -9.504635977277621, -9.982089282970803, -9.938907015800476, -10.839760617743043, -13.018278909682937, -14.74159886789879], [-10.80152354843182, -13.120541735947185, -13.616920317470013, -14.392492855072021, -16.016967335978435, -17.698071975786867, -18.25534948438043, -19.37335900734831, -19.164518477311884, -22.71020292656917, -21.23034787082672, -20.09424644292727, -18.173175482300955, -19.47417423334032, -19.30134875951658, -20.336297108009166, -21.526898731606444, -23.414142317771912, -26.030106582319174, -22.90219047923804, -22.360820624674744, -21.472446535711526, -21.968539307952508, -21.826530006557412, -20.58631608772278, -23.087838639010617, -26.359754391499767, -24.345381405695225], [-20.994500638082624, -20.726410720288754, -21.657714353561403, -22.566249999999997, -23.19994647812843, -22.91278560638428, -23.960339451789856, -24.112303687095643, -23.8644463763237, -26.861553124904635, -27.295875000000002, -26.092482461929322, -24.662552359580992, -23.252678579330443, -23.60251749897003, -24.19219668483734, -24.983071044921875, -25.525625, -28.92032015609741, -26.6660517244339, -27.56473038291931, -27.070229398727417, -26.801982059478757, -27.053891834259034, -26.3365, -27.278089437484738, -27.567231128692626, -28.88215970802307], [-39.23299342264221, -39.13543890469679, -38.0399865848686, -36.01411874485016, -34.66944870971271, -34.995784533782256, -34.373602972689184, -34.05429382873022, -34.101348676847024, -31.60018191551781, -31.326710229873655, -32.00272278781433, -34.066574697688196, -36.290532272144745, -35.932811631845986, -34.96873293417478, -34.18910705375733, -32.938818765640264, -31.94471098596495, -33.01697612198259, -33.247114839134504, -34.27196771562523, -34.25052271964695, -35.26513752056778, -36.41514451599121, -37.07208248978783, -37.21122958654258, -40.36310248100443], [-37.40882761349516, -40.43921294229738, -41.42227771580964, -42.953078479766845, -43.58515238267066, -43.446760662740886, -45.12736283473483, -45.227867045655714, -43.77458893852834, -43.61455734177001, -42.888788543701175, -41.5930751765114, -42.53283877641063, -43.84917374540918, -44.0801314438411, -44.146202143260666, -44.36569594194454, -44.170610099792476, -45.547186592882035, -45.06747590178149, -46.03982183096455, -47.82262011948778, -47.65483050733353, -47.016731489416124, -46.82599004459381, -48.7393413372813, -50.29159144218802, -49.52566463266399], [-43.9385585889022, -50.79389923079275, -51.895505781528534, -50.245003202438355, -48.7543743766326, -46.97762006780125, -49.44765625161609, -48.408142092139926, -47.777956495567935, -46.28962400525892, -45.87210689163207, -45.942805793062, -51.41428898579861, -51.20266152751711, -50.89332683407527, -49.97604157809783, -47.71533172942284, -46.46158677864075, -45.99916745041672, -48.310327812033265, -49.04317702592706, -51.327869098428195, -52.70278368887846, -53.019104535313645, -56.48688571166993, -58.304173802041596, -58.691269520386875, -59.27647807843401], [-27.493122890827053, -28.380235978394108, 