{"status": 1, "spectogram": [[-33.80499112005531, -46.51253577321768, -45.608348303720355, -47.17108046038449, -47.12608932673931, -46.604491099193694, -45.38130360072851, -45.52485723203421, -46.39316972197592, -45.01703570747375, -46.383285716891294, -45.445116189077496, -45.35095542888344, -46.274866091713314, -47.26442865255475, -46.70046437177062, -47.028017913222314, -45.8086517738849, -44.875026827290654, -46.84472331418097, -46.02119658607244, -47.25253572449088, -46.16697322736681, -45.29665182422101, -46.16495545704663, -43.84734827949107, -47.27709821097553, -42.88653577643633], [-6.070697394967079, -7.112715403199196, -6.983402884542944, -7.529724344432354, -8.140313673913479, -8.660179788470268, -8.606867280304431, -8.465795844852924, -9.139090562462806, -9.571510231673717, -9.567697740793228, -9.485349518597125, -8.843313737094402, -8.947215532660485, -8.930653014481068, -9.24637626874447, -8.253063683092595, -8.409652961790563, -8.729840479135513, -7.901197531938553, -8.436519024133682, -8.616277971327305, -8.563715473651886, -8.342545803844928, -8.429367238104344, -8.850653003752232, -8.916028019726276, -8.774590503334998], [-14.043224932193759, -13.29526912999153, -13.81014412856102, -13.580251005887984, -13.11298317027092, -12.808117513179779, -12.515993290424348, -12.335707844257353, -11.455654631137849, -10.972673018932344, -11.301797848224641, -11.545449393510818, -12.030511523246764, -11.767993896961213, -11.978118656158447, -12.068627981424331, -13.70195609331131, -13.324117633342743, -13.174618644237515, -15.081945694208146, -13.39451132297516, -13.110413038492203, -13.157787300348282, -13.518939076900484, -13.453001245737077, -12.650350449562072, -12.185600960731506, -12.338154029369356], [-29.152812499999996, -40.22087500000001, -35.497187499999995, -37.56925, -38.023624999999996, -41.2518125, -40.105125, -39.7071875, -41.3846875, -42.0058125, -44.6413125, -40.67993750000001, -38.44081250000001, -40.581312499999996, -38.023250000000004, -42.930125000000004, -39.823875, -40.916875, -37.49606250000001, -39.182937499999994, -37.9940625, -39.0066875, -40.6359375, -38.2135625, -39.3738125, -38.3234375, -39.86125, -39.55875], [-12.940247992515564, -22.13208545207977, -19.975648534536365, -21.110665712594983, -24.331568344116214, -27.219782495021818, -27.530908184051512, -25.13122943496704, -31.054221976518633, -31.20411454749107, -32.86655332612992, -33.74063439536095, -26.957214096069336, -26.836810594320294, -30.453936976671216, -32.071499004364014, -25.329139838695525, -25.491470388650892, -27.47503365325928, -20.707192028522492, -24.7966211438179, -24.236766152381897, -24.818203587293624, -23.157149673700328, -24.452157819747928, -29.109945593357086, -27.01181788921356, -28.307622624874114], [-2.207000680923462, -2.3323513150215147, -2.345664246559143, -3.084145817756653, -3.1536896986961365, -4.020742862224578, -4.3828053445816035, -3.8367430586814883, -3.7231082572937013, -4.124946894645691, -4.050009528636933, -4.147090085983277, -3.666492549419403, -3.8841533007621765, -3.9562154340744016, -4.557760001659393, -3.603145269393921, -4.192609376907349, -5.909421671390533, -6.3315211267471305, -5.707707785129546, -5.04766305732727, -4.028225182056427, -4.439654467105866, -4.489368489742279, -4.043394599914551, -4.154831933498382, -4.317001589775085], [-28.360638053655624, -32.13733174991608, -27.39019927406311, -29.364969825267792, -29.84210774874687, -30.749476163864138, -29.51522463035583, -35.597140672683715, -31.06388951396942, -27.91953084516525, -27.788654051303862, -29.394646446466446, -32.105244793891906, -29.66282373166084, -27.689947555780414, -34.35820476984978, -29.88037234044075, -31.928909898042676, -32.3459131538868, -34.334294132232664, -39.93747239422798, -31.416795567035674, -29.863668293952944, -33.52101750111579, -31.2266689119339, -28.313963045835493, -34.16540640592575, -31.125222471714018], [-29.27082232761383, -32.31105933666229, -35.14999313163757, -34.51845758247376, -35.23734234619141, -38.49116494846344, -31.96510924720764, -33.66221267318725, -38.10779322528839, -37.53820042610169, -36.88969595718384, -33.58415287685394, -35.189051801681515, -37.71919495391846, -31.944632714271542, -33.7678207359314, -36.258729841232295, -34.622446857452395, -33.917825870513916, -35.43518426609039, -32.350401404380804, -32.15203166866303, -30.999651114463806, -33.71879686641693, -36.31758056354523, -39.959542017936705, -33.009481966018676, -35.8818336982727], [-21.172665307998656, -25.422603531360625, -26.298481281757354, -27.98702527713776, -30.61920166015625, -33.285460478305815, -32.98670829343796, -32.96716465854645, -32.763314817905425, -37.910119483470915, -33.03986442995072, -32.134366327762606, -32.19128122282028, -36.54325409984588, -32.511314918994906, -36.5165381193161, -31.79524608182907, -32.198970118522645, -37.12621893310547, -32.2178485584259, -31.728279256343843, -33.455868455410005, -29.891118261814114, -29.179691428661343, -30.55069077348709, -36.18007454872131, -33.504510090351104, -32.709279904842376], [-36.405835887908935, -38.99294654321671, -36.296386711120604, -35.48840580177307, -43.222717061042786, -37.82628162002564, -41.89140365314485, -45.718111000061036, -39.50633996772766, -43.272147365093225, -40.85765544748306, -39.38793572998047, -50.22543202972412, -44.89233863115311, -39.60560026693344, -41.12932060527801, -41.47574016571045, -42.76844613981247, -38.57482933664321, -38.75181777572632, -42.18414238405228, -41.70501890325547, -42.66076824808121, -37.97368662214279, -38.42715092420578, -47.476835898876196, -41.61803427791595, -39.71133414030075], [-44.695750000000004, -43.3983125, -49.385062500000004, -44.0643125, -46.829875, -43.909375, -44.7594375, -50.12262499999999, -43.2856875, -45.79275, -43.288062499999995, -45.355375, -49.268625, -46.1658125, -46.545125, -44.0380625, -44.73525, -47.82181249999999, -45.811499999999995, -45.04725, -50.883812500000005, -46.695125000000004, -44.5229375, -47.308249999999994, -46.537437499999996, -45.6969375, -48.77825, -49.131375], [-44.52267167234421, -47.1812500629425, -47.60637756347657, -51.46857043743134, -49.061312527656554, -46.37767419290543, -44.99905264616013, -46.0030178694725, -44.05650138235092, -45.30175684404373, -44.34312858819962, -43.16855070972442, -40.8019576883316, -43.60516406297685, -43.09510020256043, -46.47008238220215, -45.74582710361481, -46.645909679889684, -46.79296961784363, -47.70448404216766, -49.82307788181304, -45.033837811946874, -44.110462806224824, -45.57788044738769, -49.543988885879514, -48.99531159210205, -48.22143862628937, -50.78727092218399], [-44.5760673699379, -47.73797674322128, -49.29947586679458, -47.821457280635826, -47.910672113895416, -51.37999186849594, -50.788679573059085, -52.56577580595017, -49.938028339862825, -52.220832363605496, -48.725895620346066, -49.150895503044126, -49.15772767972946, -51.700125465393064, -49.29862600803375, -49.151993296146394, -46.69500055408477, -47.974448217391966, -46.06075969457626, -48.02703514194488, -48.39623265552521, -48.279893442153934, -47.8004553694725, -50.36557101535797, -46.72248414611816, -45.37116338729858, -46.788226611614235, -47.07386956357956], [-37.19473180103302, -36.60342434787751, -37.131612972259525, -40.22819325256347, -41.096050640106206, -43.13143184471131, -42.63048926448822, -46.012138833999636, -40.06012740135193, -44.38738045883179, -41.11480862140656, -39.905250545501715, -41.65021031951904, -39.8370299987793, -39.11559760570526, -37.76056273937225, -37.97936710453033, -39.61834306430816, -37.52816160011292, -40.924349913597105, -40.19035887145996, -39.16004162025452, -42.05035023593903, -41.423022350311285, -43.770239024162294, -43.08490859794617, -42.98928376579285, -43.190130824089046], [-50.88366638946533, -49.02652123737335, -52.114202768325804, -50.47588915061951, -50.79683438396453, -53.53610952472687, -51.97693002700806, -50.68285195064544, -50.634652041435245, -52.36233737945557, -51.80659540748596, -51.39926844215393, 