{"status": 1, "spectogram": [[-30.170046739249205, -49.20926798037121, -49.75009053845217, -48.30483932676911, -50.87014147315553, -48.86610582093104, -47.5131897570996, -49.59367247389984, -49.258782196095716, -49.08892131230601, -47.93568752215803, -48.223399696667116, -49.20906116372406, -48.76552048846533, -49.18226706343745, -48.35039390556027, -47.7477748545088, -48.79244658094645, -49.40401809192562, -47.57290712236051, -48.243765326045576, -47.30686566006926, -48.487817776172946, -48.4805448107016, -48.52401796376705, -48.00144727629151, -48.20597818403128, -28.211233691843205], [-18.72288560937283, -27.757345952593546, -27.007865053467615, -27.66807301354408, -27.9203320393988, -28.555136724347957, -27.48436770920245, -27.640441772391597, -27.174685360889026, -27.252613726511285, -26.907412140011786, -28.047225880427284, -27.919225016057545, -27.505107848623588, -27.875990889261058, -27.620451708668327, -27.60055353848906, -27.491840760231014, -27.96892063502746, -27.622345071258685, -28.619027643651485, -27.30644866999914, -27.829237839675624, -27.730134438059793, -27.900903439342976, -28.415138313935927, -28.89886285778192, -25.158629185063837], [-15.313135667963136, -11.774621272799926, -11.558431115787855, -11.593232179641724, -11.563155696888382, -11.853794847897104, -11.72510987274016, -11.649903338938376, -11.117361114078662, -11.173280675226328, -11.610196656227114, -11.798301059051369, -12.048557725278686, -11.4727988246023, -11.308746356501892, -11.688583152795346, -11.591627678793257, -11.936277011156083, -12.004372626382436, -11.686625034604745, -11.537472011673161, -11.507593169470194, -11.642754335252707, -11.758943986629982, -11.567107191085817, -11.740435300121563, -12.381234849306988, -13.699225729689816], [-13.673598003029824, -15.820285705566405, -15.913598222613334, -15.647625000000001, -15.635044551372529, -14.963714307785034, -15.439839201927185, -15.373017743110658, -15.678866024971008, -15.224669645786285, -15.007249999999999, -15.142375062942504, -15.306455430030823, -15.531044713973998, -15.251732006072999, -14.802696344375612, -15.212214485168458, -14.9634375, -15.04824998855591, -15.41498209953308, -15.137625133514405, -15.148651857376098, -15.289419118881227, -15.363356842041014, -15.520687500000001, -15.498901782989503, -15.103419290542604, -17.73175716972351], [-21.091136565274958, -35.52885528936182, -29.811514886520474, -38.398339709043505, -35.096797790104006, -30.019085213165205, -28.689514348074177, -33.39605862876782, -31.03230582226102, -38.22662800137359, -28.073587156057354, -27.211607529213754, -25.40428668991916, -30.10190868795578, -35.741192406163314, -28.63339162584213, -35.23554659157054, -30.940686177730562, -27.88085919627368, -34.66544257985789, -32.81535761876452, -33.02717721179536, -32.86194817332732, -29.346530001903798, -36.141508680820465, -35.939130367891195, -27.778849821479525, -21.797349908961614], [-30.314829040628595, -32.45150988068371, -28.624689439007085, -35.662785245895385, -34.936010573893796, -33.37491207572961, -30.459911765409494, -35.882868697769226, -34.971857950648534, -34.61403098680533, -29.31758988857269, -33.89525151029018, -34.144160906110336, -31.250158832821008, -34.876203455660594, -34.154919768294135, -34.97023484701448, -30.558670873165127, -31.996059401698435, -32.646583842949184, -31.65999869916034, -27.69824290002244, -34.61667296019192, -29.013626088264253, -33.55700816869736, -34.14903813480455, -35.71450421929256, -20.656691566797118], [-18.33727398095654, -18.348242072677184, -15.984396649586706, -17.171565688371658, -17.01259308182438, -21.021008920543505, -19.24604509740868, -19.880192560362122, -18.233100744754044, -19.620010106743614, -20.408048879385, -22.828432812883968, -24.68841522711944, -20.82643483235978, -20.163632580385837, -20.926508275636035, -20.273374905322278, -22.1080034737587, -22.140354570347636, -19.873714877614027, -19.693505524072993, -18.71233063730508, -18.436275730873398, -18.40310363738828, -19.156581815004348, -20.025655352080783, -24.56286728187304, -15.897594207595532], [-17.724991038258707, -15.520245000226101, -15.359082050014567, -15.634335355758667, -16.46844192382244, -18.251105089032176, -17.885147745258966, -17.571188039857034, -17.231615708642785, -17.74477573601072, -18.873698636054993, -19.499797690723785, -19.754143799100873, -18.265762095761747, -17.36287395633012, -18.972725490842304, -18.108524958085965, -18.955189884185792, -18.915431616063024, -17.03922348878831, -17.593449554580353, -17.049420849197485, -16.33819719880886, -16.21843868644908, -17.291290043830873, -16.849504363059356, -18.298035305879665, -20.29866912614022], [-20.845966578814675, -19.59106260831262, -19.072864322073578, -20.051192288875583, -20.562296455227756, -23.089294561376363, -21.316914653817495, -21.539493300827495, -20.0290711979382, -20.316775889046458, -22.315291822433473, -22.035617051756702, -22.224151051822957, -19.921029779444112, -19.858274110414335, -20.897629696680603, -20.002465851043453, -21.301247156620025, -20.405546302230782, -19.582423587293043, -20.319614208143438, -20.9002743991053, -20.197240581435388, -19.95695809378961, -19.702040595054626, -19.319111095807777, -23.39439984850043, -23.86707200361071], [-28.1012735643234, -28.07297920359623, -25.453277378539738, -25.621342551231383, -27.692642360452922, -31.16715623221619, -31.463676635528664, -32.13507595184936, -27.919652798465016, -29.724197163717765, -31.48885559082031, -36.41532842244424, -36.55649286660484, -31.40314079169641, -29.519339052278607, -31.035601418436947, -31.079105800904507, -33.00056653118134, -35.24774542721999, -31.374813850394002, -30.383093228595506, -30.015458977038886, -29.357626567370843, -29.810793931698342, -30.27735865211487, -29.464584973293412, -37.588647253689224, -30.42119224648317], [-37.536481565035885, -41.3328482657671, -41.15542854976654, -41.466562499999995, -42.22452658128738, -40.860214284896855, -40.762250829696654, -41.66298306941986, -39.49761635684966, -40.366776802539825, -38.5050625, -42.619424094200134, -40.4285540485382, -40.76120498847962, -39.28154317283631, -43.87509845066071, -42.659999359130865, -40.8763125, -41.977259802818295, -41.42838387966157, -41.932749290466305, -40.887418714523314, -41.89502960014343, -42.79836613082885, -42.90875, -41.10093576431274, -42.543104942321776, -37.54880778121948], [-34.68101900849557, -35.83365052151649, -35.387403362059885, -34.8600790643692, -35.16631753107876, -36.03520057260344, -36.80738880618738, -36.83725440395052, -35.83705326556063, -35.267138431646124, -37.032112049579624, -37.72419718869355, -37.7159446878251, -35.8520173749316, -35.79167172075828, -35.9352892083054, -35.28006478409215, -36.86141993093491, -37.397211646351536, -35.814108816847785, -35.05035213267258, -35.13211121049326, -35.005530516815455, -35.71091375025811, -35.2542415561676, -35.40221661119629, -37.46620200101535, -40.55918262754811], [-31.658805489371304, -31.23158779758333, -29.92045648735398, -29.836126803398137, -30.18451673297472, -31.143705117872813, -32.246826957546844, -32.689632935017706, -32.25066279588391, -31.979146287840244, -33.72225013637543, -34.90360778869023, -35.77719796172957, -34.90359313643651, -33.95363766710112, -33.33192001090733, -33.05056688760314, -33.879874859809874, -34.61609694732965, -32.942082788564804, -32.81985196426014, -31.98239891254704, -31.963229306239924, -33.017664814628105, -32.984519404411316, -32.97496527508286, -35.46617525506475, -36.34987729817048], [-35.3640723803568, -35.69054708645539, -35.38575503469496, -35.09068800544739, -33.696984487767274, -34.05306697197359, -32.76211851419802, -33.043175110982496, -32.91824068291423, -32.500247732113834, -31.803022635459904, -32.3907325931098, -32.972100219804794, -33.047094916266886, -32.833673902433894, -32.38418653367527, -32.38711145097358, -32.06847655296326, -32.364335631739884, -31.89493985148828, -32.52979630487701, -32.25432645667277, -31.65972660265266, -31.052249008022713, 