{"status": 1, "spectogram": [[-11.665585372378477, -13.435226182534073, -13.314591009460848, -13.635062940284612, -13.400451927548769, -12.90065738445916, -14.420183432839082, -15.334206182716173, -14.743459823559743, -13.091541292039105, -12.852875471651554, -12.143872152614886, -12.953413901757845, -15.049682977002576, -13.178638082596088, -11.848193368387786, -11.201852565082362, -10.475679012209177, -10.62925705826336, -10.949206388990827, -12.867870477355263, -14.10971307475778, -13.885654516534647, -12.100662148181947, -11.296366525843741, -10.344010298072664, -10.634041431360695, -6.457494120451161], [-10.053884148338007, -7.297756496056003, -7.577324101830014, -7.225384014904499, -7.092511458208371, -6.770655687113189, -6.764902947420965, -6.370704152350518, -5.9522436774275835, -5.406903099191432, -5.438491153299809, -4.828002973955568, -4.0262599870258295, -3.780678455931782, -3.9191059004202344, -3.9765931025001344, -3.892232025572239, -4.133812612473965, -4.250529477288596, -3.9471046570636625, -4.091002426291019, -4.292451509473252, -4.329215221783461, -4.059630350008236, -4.1731518996357915, -4.359234892290493, -4.420666131340768, -5.206484201591847], [-19.15990839945314, -21.06695536406186, -22.852464397963182, -21.500706426858905, -21.42665131640923, -21.4858709698599, -19.474969730357685, -18.702540227398536, -18.009506961593868, -19.11673537750633, -20.630760045289993, -19.671719561771823, -16.65917963620098, -15.490899221259626, -16.481803242279632, -17.17988674792946, -18.28598934177968, -20.621706736803056, -20.4401682941384, -19.53924559193235, -18.738614215554154, -17.53655184916559, -17.78004004859018, -18.402695731576376, -19.720126210689546, -20.60863558990638, -19.59367422147708, -20.583516644073978], [-16.603669383198024, -19.584785725593566, -21.404026789546013, -20.7455, -21.55830349636078, -20.797705452680585, -21.148767703056336, -20.17823265171051, -19.93573202705383, -19.155249891281127, -18.901874999999997, -18.345445978164673, -18.937714363098145, -17.419400930404663, -19.104062898635863, -17.29531243991852, -17.22605326652527, -16.640812500000003, -18.094757308006287, -18.762857543945312, -20.020321571350095, -20.1434644241333, -19.99202900505066, -18.15525309753418, -16.2619375, -15.447239849090577, -14.855617185592651, -13.980946712493896], [-9.175903167634116, -8.688967191469894, -9.520159672815003, -10.542394867420198, -16.18485616528732, -12.311766696978637, -16.187951003137997, -15.38984345776695, -21.64789089266088, -12.999764804728196, -9.709448831081387, -11.60399634055101, -23.945407467341536, -27.192950672305944, -20.353212982532227, -14.613999594503744, -10.260482209210368, -6.243716025829316, -11.078620222572074, -11.251652437327285, -19.421402568106785, -29.702801389335146, -27.24418831528517, -13.268651053098731, -6.430064161539078, -3.3455318669003606, -5.207564072428352, -9.792668784039174], [-17.750762449159332, -20.382115705903704, -19.12656885957486, -22.39915366220474, -26.75467152830994, -24.1560869210253, -26.009639713346605, -19.721847614697516, -19.000343822965327, -18.627639222008828, -16.537538537979124, -17.67563803099389, -19.642007693865242, -21.83325580660133, -25.263712368165727, -26.215903393209658, -16.458944214956514, -17.07097634077072, -17.529291951703023, -16.77471378113333, -21.147042803092262, -33.76075174106883, -35.92527183984035, -22.255295528926915, -17.0775106844902, -15.306621444944728, -19.414944976096724, -17.2269803796692], [-23.14991865948911, -20.196541877371793, -24.60993689926829, -19.928034752607346, -16.983629313634175, -18.530887615428178, -17.650134089412177, -17.27023860647739, -18.992319331713354, -17.547720816563782, -18.259401921749117, -15.61786407799249, -16.760446429457915, -14.949524909268767, -13.385507436099768, -13.260391364560823, -14.940755160220693, -18.437285782575607, -18.83136893851114, -17.38515181876297, -19.94686868900115, -19.97334251593201, -19.887218690143694, -17.677193333002606, -20.899630864143372, -24.748048486818007, -21.689257734840446, -18.07445957475053], [-20.316833831508916, -22.855497977201033, -27.62041331812481, -25.33473504924774, -23.58653497710589, -25.954108417632526, -27.39005802922356, -27.89560345323734, -23.79950948917518, -25.746942981428177, -25.911091549873355, -22.439817204848676, -22.697886540822072, -20.481786507957644, -20.92473031691977, -22.858838437489595, -25.16970483889041, -23.162215772628784, -26.011193193050335, -31.19665900997171, -28.58495192813084, -23.007069057576995, -22.610938944169614, -29.048476141786203, -27.198285895347595, -25.68256771543145, -27.047217321596225, -25.554782307255604], [-29.796599768243226, -32.58426226181642, -37.5283980036242, -33.090787642478944, -31.61929354630699, -36.07779025676246, -33.50061078499655, -36.292515808649895, -33.21655264271552, -30.75220230192061, -30.167243367671965, -31.681854016218082, -31.84165991499915, -35.489601400481, -36.510052702007265, -36.58703720888779, -34.090596794801385, -36.71961775445938, -37.090962293130545, -35.57877183470345, -40.67504299801357, -40.62006009297444, -37.762581538720596, -33.86023088443245, -32.57102126121521, -32.909551645949456, -31.518612993349073, -34.32911405373616], [-34.122459766242834, -38.67901702395263, -43.47621506865381, -43.59301074266434, -41.33415132974146, -42.14445562517492, -42.410312582069565, -45.53630533163962, -43.704421017928176, -39.4656651241925, -34.157246987819676, -38.069005845588066, -40.42569071920539, -40.54763390959546, -41.92830547365343, -42.709113746673, -39.318958901209385, -41.059020026206966, -44.352569389004316, -41.56666579601639, -43.33765013945061, -47.53341472816031, -44.55123740080052, -40.22740266699644, -41.33181558275223, -42.3748207820267, -36.13330180321146, -36.38806746780485], [-38.2287583476305, -43.885874868154524, -49.6807142534256, -46.392375, -43.77569651889801, -42.37695609641075, -44.54751704502105, -43.1716780834198, -43.52689293289184, -43.02462497806549, -39.933625000000006, -41.19314116668701, -39.98485626983643, -40.06896242523193, -41.54203495025635, -42.09295456027985, -43.23323064613342, -42.8084375, -50.28862668800354, -46.298225033760076, -50.00800274658203, -47.52938390159607, -47.06070539855957, -44.56423152923584, -46.8654375, -50.39075221252441, -43.08836325073242, -40.282250144958496], [-41.80979321789745, -44.33420021905689, -49.81062843696691, -46.65062330341339, -40.46224992156532, -40.6344649980492, -38.74653556157932, -41.373988832105226, -39.67905593711349, -42.9441029165425, -43.89444064235688, -41.132396027165214, -39.76903966571973, -42.38435052454272, -39.74335700675807, -39.29647081285024, -43.03147172155419, -41.33178430986404, -42.03719069884651, -44.587493411669975, -44.57150713645849, -50.27055224199502, -53.096646516824876, -43.877539921260905, -51.81171129226684, -49.96712154004383, -47.5281148019901, -44.30303293809255], [-45.489179572770496, -45.03151849221208, -48.41153466326854, -49.55520486593247, -45.63320005325427, -45.03451310608809, -41.820807047066126, -41.42886837643981, -43.630277537063726, -43.91360774182272, -41.66132861471176, -40.136300808498724, -40.533027556438874, -39.76149795897204, -43.36275129528251, -39.12891352256445, -40.39768821456458, -41.148407995224, -40.24183921955812, -39.42345531088983, -41.438964409857455, -50.68151201816322, -49.36284526536835, -48.96247022033471, -48.34153398990631, -47.791285189327816, -48.57841958229676, -48.16990221240859], [-51.77188530947207, -55.202130671732206, -60.48243148141012, -54.090010304450985, -53.54936958000607, -54.56778196909575, -54.843833130174566, -54.79223510107583, -55.0107458309254, -53.248913225670115, -54.64879293346405, -53.97634677104132, -53.02814481902616, -52.23023004502987, -54.13876658167149, -55.23564910429445, -56.159245587799354, -53.74334899234772, -54.66119518003215, -53.17328392141718, -52.89355225808348, -59.704692565431316, -59.09515044523735, -60.095102193888806, -57.84060694885254, -58.3975455135649, -57.34419158996086, 