{"status": 1, "spectogram": [[-23.089375044941903, -28.39364293628931, -33.565205310657625, -33.1634643907249, -31.138767957419155, -32.42097322882712, -29.02559829951823, -29.023678699851036, -29.942205515190956, -30.341455676928163, -26.76608060897887, -24.117893046110872, -23.755009091094134, -22.451803817242386, -23.15330371597409, -24.761044807299974, -26.036875279098744, -24.345830641433597, -24.095018017262223, -26.90650024098158, -22.50297339607775, -24.695437805607916, -22.036187725141648, -24.671357358425855, -26.671125379115345, -25.183446715086696, -26.334884196236725, -26.93378595367074], [-23.646518660902977, -23.396125796437268, -24.83075071275234, -30.026474380195143, -24.969009246170522, -24.183294982254505, -23.52629469805956, -23.237625020265575, -26.38457169187069, -32.089964334607124, -27.032151696026325, -25.99767846465111, -25.819901790201666, -23.33783014446497, -21.025080437004565, -24.160562583863737, -27.283794611752036, -29.240008306562903, -24.24463401168585, -29.22655363023281, -22.074517817139625, -24.993365926325318, -23.60524078923464, -24.60142868709564, -29.273312183201313, -26.424946115136144, -26.72769643473625, -29.299232368707656], [-16.183456535100934, -18.984573488235476, -21.795574063777924, -26.721298285245894, -31.36655788946151, -24.457100980043414, -26.77941396379471, -32.66235241436958, -32.71928974199295, -35.88202208852768, -26.75570647788048, -28.850732387542724, -24.694508945703504, -29.70986551642418, -28.01830377149582, -35.12338521075249, -31.794581386327742, -36.444580203771594, -31.893579533338546, -35.878313390493396, -30.654998067855836, -34.49622089076042, -28.389659939289093, -27.825053243160248, -39.307063809633256, -31.191150879621503, -28.75677666449547, -35.90621666288376], [-26.91675, -34.3269375, -30.923625, -29.195375000000002, -27.93, -28.341562500000002, -30.268749999999997, -27.5209375, -26.932125, -29.312624999999997, -32.0395625, -30.945625, -36.4756875, -30.769312499999998, -29.1566875, -29.257125000000002, -33.4296875, -29.77075, -25.8468125, -31.919937499999996, -29.133375, -34.386562500000004, -28.7905, -34.8055, -35.703937499999995, -37.8039375, -36.361937499999996, -33.578562500000004], [-19.43369782972336, -11.853902169942856, -14.389901331186294, -13.846364968538285, -13.359525187730789, -13.389392613410948, -13.434017750263214, -18.510679253101348, -15.337000373363496, -22.138160634994506, -18.254848929643632, -23.670134843587874, -17.79846417236328, -20.50579734635353, -17.01710767030716, -22.76420584988594, -17.391169355630876, -21.16735000872612, -17.84128541994095, -21.29693826985359, -21.223118038892746, -19.36887696552277, -19.171312371969226, -22.004975200891497, -28.103716185092924, -22.757714662551884, -16.43740156579018, -19.38998248720169], [-12.53322054195404, -15.315019144535064, -8.993827841758726, -6.145824772834778, -4.56455532836914, -5.217887076854707, -10.562821876525879, -11.015632803440095, -6.969579449176788, -10.652166281223298, -11.107480437278747, -12.028197362899782, -11.813656245708465, -12.001926994323732, -10.669492302417755, -9.955910013198853, -15.075471724033356, -16.50315943431854, -11.161224803447723, -17.914881660938264, -11.894348411083222, -14.774866087436678, -16.432678006172182, -16.572983839035032, -14.945054482460023, -22.76897554922104, -13.691721951007844, -20.607295711040496], [-12.274881333112717, -12.679391396999359, -18.150514308452607, -17.47790203166008, -10.664856866359711, -20.19484611582756, -20.233786114215853, -13.922675401210785, -10.210425000667572, -13.42732330584526, -10.33489244556427, -12.921971314668657, -18.967635234117505, -17.423760240077975, -15.168582681417465, -18.15728289413452, -19.181996948719025, -16.965876258850102, -13.46437529325485, -17.70942051720619, -15.58402451109886, -20.62572009587288, -21.963088225126263, -18.63741751742363, -20.775536978244784, -23.65811331963539, -19.613300621509556, -16.15573885321617], [-22.12081367111206, -15.73648885822296, -16.292114298820493, -17.576228388786316, -15.352402039527892, -16.402640743255613, -16.680204966545105, -17.644355388641358, -20.541368523597715, -20.624324712753296, -18.595068895339963, -14.745858501434327, -18.936622780799865, -14.657073015213012, -21.237388997077943, -18.087188679695128, -16.07057343482971, -22.577335036277773, -21.977204344749453, -24.06154708957672, -17.828591825485226, -20.131091960906986, -17.195590301513672, -18.63298261451721, -22.764107534408573, -20.249733791351318, -19.302105133056642, -21.97586653995514], [-14.969488685131074, -17.916587191581726, -14.126525909900664, -14.17967147397995, -17.39355159473419, -18.28191250228882, -17.039598324298858, -15.641884474277497, -16.315787743568418, -16.852549060344696, -17.88891891527176, -16.52225222873688, -19.354536880493164, -19.824439197063445, -27.05350072479248, -16.628904115200044, -18.054638102054597, -17.535411233901975, -18.06722401666641, -17.966609794616698, -20.83797572088242, -20.878113966464994, -17.987491965770722, -22.65993850851059, -24.309427282333374, -18.598252312660218, -25.716065786838534, -20.862607516288755], [-30.833587690830228, -18.242892276763914, -18.795649600982667, -23.318025464534756, -24.983783466339112, -24.72042941617966, -27.890366230964663, -23.63847303342819, -26.649162857532502, -20.11501013898849, -19.55088668680191, -25.664587135791773, -23.477983186721804, -24.63768513774872, -30.313937764167786, -23.543315991878508, -23.996258219242097, -26.2583080701828, -28.41123758935928, -30.9549104514122, -28.72353549194336, -31.159713397979736, -27.252844566345214, -27.83734493780136, -29.108174641609196, -30.364404973030087, -30.621720118045808, -34.49258713626862], [-32.7496875, -26.0613125, -27.68575, -30.69925, -27.835625, -30.73725, -29.3936875, -27.1148125, -28.2815, -29.945375, -31.921125, -27.683125, -30.391999999999996, -28.3035, -30.4564375, -27.2776875, -30.5865, -29.56875, -28.5296875, -32.358875, -33.11631250000001, -31.968625000000003, -32.441125, -37.101875, -37.695375, -34.434875000000005, -35.3505625, -34.9159375], [-29.46946880483627, -24.756147807121277, -23.529830871105194, -25.916519974708557, -27.192352252960205, -31.477720269203182, -28.17091741800308, -26.03649843788147, -30.345294102668756, -29.111703679561614, -26.418330679416655, -23.70129827451706, -24.45673823308945, -22.280555197715756, -29.184049864768983, -27.462895409107205, -24.55350684595108, -30.539115890979765, -24.779678006172176, -27.064851780891424, -27.366888960838317, -31.173229504585265, -27.90278694486618, -29.84171859025955, -30.259619509696957, -26.185741102695463, -28.74786069822311, -28.363193995475765], [-30.214460863113402, -35.44726947069168, -30.031522005558013, -29.20280168247223, -32.835801127433776, -32.712719752788544, -38.02059385442734, -34.541765612602234, -34.96057880926132, -30.8310697221756, -34.07056859302521, -35.83096047115326, -36.600720430850984, -36.29414988565445, -35.997027884960175, -35.752856046676634, -36.21245204782486, -36.585311049938205, -38.94774746036529, -38.503899796009065, -40.9311693406105, -38.58077551603317, -40.97883875656128, -40.62801796245574, -39.632704622745514, -42.941204137325286, -43.633950026035315, -39.67481925582885], [-40.31708289241791, -48.73833824920654, -49.63965290355682, -42.04288541507721, -46.71233405780793, -51.86831522941589, -46.128573553085324, -47.11066396903992, -48.664502027511595, -46.09044937515259, -47.169825588226324, -48.36418786334991, -51.4510742111206, -49.06100426101685, -48.22381726932525, -48.448016172409055, -49.616343944549556, -51.918853383064274, -47.80072015666962, -48.0937232465744, -49.5375800523758, -48.3819300403595, -52.380553108215324, -50.430918314933784, -50.27718131065369, -48.83458600902557, -55.91995981884003, -50.45602244377136], [-35.411054090499874, -33.76817275142669, -34.69423176383972, -34.04701073741913, -34.19347380924225, -38.94664698028564, -37.945270095825194, -34.854574640274045, -38.41040834808349, -37.44607002067566, -33.001386242866516, 