{"status": 1, "spectogram": [[-8.476196596890688, -8.488973650112749, -11.913536340564491, -11.542313141033052, -12.764643573552371, -12.167125620782375, -11.374625538051129, -9.360937911733984, -8.976062876477837, -8.716571740746499, -9.31757171973586, -11.114920072093605, -10.41101825925708, -10.55881290064752, -9.167500242859127, -9.756696721315386, -9.855018160283564, -11.308705755278467, -11.054143260776996, -10.66152717255056, -11.764277241274714, -11.903223661288619, -11.004848598584534, -11.05296467912197, -11.14245576502383, -10.98624147219956, -14.598991683587432, -14.556205971464514], [-9.12335735976696, -7.215178684711457, -8.293240969598292, -7.504401706039905, -8.113785617351532, -8.517973104655741, -9.214723236382007, -9.79839302945137, -9.481419758856296, -9.110357084155082, -9.939482112288475, -10.38708928847313, -10.37801797580719, -10.296812568485736, -11.585250115633011, -11.002696462869643, -11.126089393973352, -11.178875049114225, -10.774687639415264, -10.803884070694446, -11.115142951250078, -11.202776882946493, -11.529464487314225, -11.114741250455378, -11.173678770303727, -10.99526801490784, -11.326205345213413, -11.486214225053788], [-12.983295585393908, -11.180492292642594, -10.005491070508956, -9.236794843912124, -9.356509012460709, -10.191437511205674, -11.939125741004945, -14.07722474169731, -13.336760230779646, -11.746366379022598, -12.90867903470993, -13.770697051048279, -14.643081649065017, -14.546902794122698, -15.853778065919878, -14.523750733852388, -16.1913137652874, -15.338527723073959, -15.69671567583084, -15.828456738710404, -15.909188642740252, -16.24841191196442, -17.98172488951683, -17.850010506391524, -18.31489459705353, -17.133724727869033, -15.661161206245422, -14.333839554786683], [-18.0751875, -20.7193125, -22.8543125, -22.216625, -23.7788125, -24.746375, -24.582749999999997, -23.271375, -23.67525, -26.095375, -26.4038125, -26.714937500000005, -23.7601875, -24.4278125, -25.89825, -26.1619375, -26.736875, -27.3280625, -25.06575, -24.494625, -25.791874999999997, -25.468875, -25.4824375, -25.948812500000003, -25.398624999999996, -24.0645625, -26.2188125, -27.9371875], [-9.074830684423446, -11.913394507408142, -22.726896091938016, -22.017485364913938, -23.64124428677559, -26.185726820707323, -22.605788857936858, -11.769411795139314, -15.550358901500704, -24.120521191120147, -24.740521496295933, -24.030905394792555, -15.817590944767, -19.00712705564499, -17.757814137697224, -22.523324672698976, -19.355269598960877, -25.736208829164507, -18.17570694518089, -15.440590366363525, -19.138948482036593, -16.460019061088563, -15.603081215143204, -17.158634528398515, -15.99717937231064, -13.945286292552948, -26.147851286649704, -27.845333155393597], [-3.3256279888153077, -2.591742337703705, -10.939061589241028, -10.638953514099121, -10.636463115215301, -12.316142901897429, -8.795890115261079, -4.073554261207581, -5.089528015613556, -9.428184430122375, -12.244937236785889, -11.589461728572845, -9.035037756919861, -7.752761055469513, -8.447197994232178, -11.990103503704072, -9.594403627872468, -12.271407458782196, -11.900214880943299, -9.455964678764342, -10.821967443466187, -10.196001935005189, -9.886374701499939, -11.070686488628388, -12.293294641971588, -11.301382898807526, -15.892764700412751, -17.136318482875822], [-15.564290775060655, -13.362709707498551, -13.526223893880845, -10.879767303943636, -11.99491145324707, -12.455054420948027, -13.460798491477966, -18.392869472503662, -15.207366262435915, -14.509927150726316, -16.331113471269607, -15.001924236774446, -19.31816741037369, -17.75152781009674, -19.671151044845583, -18.467458355426785, -21.221404980182648, -20.088068152904512, -21.849128137350085, -21.08368604326248, -18.675307521104813, -18.164664553403853, -23.753538077116016, -21.7043780901432, -26.1834336912632, -26.923694654941563, -18.878694158554076, -22.015482182502748], [-19.28003405952454, -19.754759154319764, -27.611315267562865, -16.46084438419342, -16.992986283302308, -16.983782396316528, -23.12821555805206, -21.413758816719053, -26.061697575569152, -27.076652355194092, -22.11915587234497, -23.796125226020816, -24.376670350074768, -25.65044410896301, -24.45044655036926, -29.60496140193939, -21.39504552936554, -22.873391958236695, -26.390580048561095, -23.280815016746523, -23.409550910949708, -21.91783586883545, -26.575161576271057, -22.692951765060425, -26.74636378860474, -21.775940833091735, -26.993116724014282, -24.39633371925354], [-22.231136718273163, -20.07151340532303, -30.032573369979858, -30.394849112033846, -31.37561520051956, -29.022117851734162, -30.38786806249618, -25.911763656139374, -23.841272478103637, -28.081563098430635, -29.457689728260043, -38.28781224298477, -30.027968375205994, -26.661421710491183, -29.254611439704895, -31.968422226428984, -29.83300309753418, -32.07478858757019, -30.54060327672958, -34.181611310958864, -30.012948993682862, -34.461958521366114, -31.07558506727219, -31.571772466659546, -31.6142022228241, -40.538223680019385, -35.81272685289383, -35.890190673351285], [-31.08469174432754, -29.632808279037473, -32.93816474533081, -32.390526062011716, -30.760758072853083, -29.078903084754945, -32.182035142898556, -30.593710033893586, -33.74152806806564, -29.2749147772789, -33.99160084533691, -32.103899131298064, -27.20565856981278, -29.518416162490844, -26.419667695999145, -32.395984319686896, -28.059362515449525, -29.169345604896545, -31.290654507160188, -27.79289016866684, -29.140504903793335, -35.201856424808504, -30.960481919765474, -32.90512302589417, -33.98057565593719, -30.095759812831876, -33.392573349952706, -33.17875644826889], [-39.0768125, -39.690124999999995, -33.0755625, -35.544125, -37.4764375, -38.713625, -35.959125, -40.1698125, -38.263625000000005, -37.262187499999996, -36.689499999999995, -35.8574375, -36.1243125, -41.0576875, -35.8269375, -35.1155, -37.52225, -38.7835625, -36.18175, -40.7601875, -35.902, -35.0975625, -42.585375, -40.243249999999996, -41.310249999999996, -39.2563125, -39.6071875, -37.166], [-40.13379478359222, -35.88667877292634, -32.56436677503586, -36.39059183073044, -37.63918140459061, -39.054182508945466, -34.60349990558625, -38.45824342823028, -39.73790504741669, -40.36457469987869, -34.08870389699936, -42.34166520929337, -39.649973239421854, -38.60991357564926, -39.60484859371185, -39.66731979656219, -38.66904267549514, -43.459299861907965, -37.76462185049056, -39.447924741745, -39.784515480041506, -40.85776390981675, -43.87556483268738, -38.2508480591774, -39.24042424392701, -38.57245393419266, -43.59969763422012, -39.37216772985458], [-35.88123783063889, -39.277543119907385, -35.732916210651396, -36.24516791582108, -36.50676650047302, -32.703632796764374, -34.541319479942324, -37.81146179866791, -37.64950716733932, -37.233890884399415, -37.6574508023262, -35.93232087612152, -37.984353924751275, -37.90664106941223, -39.339955446720126, -38.155294545650484, -41.75469472503662, -36.30123892736435, -36.910489059925084, -38.65824795722961, -41.5066230688095, -42.42569622802734, -40.64625672578811, -39.03985433483123, -38.40193507528305, -37.06189068889617, -43.36688930130005, -40.66016827917099], [-45.916151198387155, -48.331348727226256, -47.21222156429291, -44.176983497619624, -43.27671537780762, -44.65449146747589, -46.57173751163483, -43.85660766792297, -45.74460764122009, -46.003150904655456, -46.40796667861938, -46.07031321239471, -47.28464369010925, -50.63463550281524, -51.78531846809387, -46.93660273265838, -51.05774945831299, -49.53879268360137, -48.01504560565949, -50.34378886032104, -46.46780411720276, -48.263873584747316, -55.070939963340756, -50.03148903846741, -49.94716065216064, -47.368019575119014, -45.88776956748963, -52.37787659835816], [-39.38048208618164, -46.06302554225922, -44.48615033245086, -41.75520308399201, -43.016831629753106, -42.44922124385833, -43.47991042137147, -44.59252707767487, -44.49799906539917, -42.362908981323244, -43.92384899997711, -43.58165610980987, -46.433169505119324, 