{"status": 1, "spectogram": [[-8.33394155241686, -12.544763206786651, -12.20626822481411, -12.700232520192861, -12.262752726208781, -12.140535933009211, -12.160334332983702, -11.71071704541238, -12.438688645485655, -12.395413365865208, -13.778053982347249, -14.758587042537272, -14.34746450719663, -13.89568910253412, -15.046860362379539, -13.922372866691369, -13.994732629507784, -14.106928980290888, -13.973344533045047, -14.291534151712888, -13.786219672822229, -13.89810757161035, -13.786260464433507, -14.016768387585888, -13.854500379621982, -13.768949345016965, -13.987852280167901, -9.488873899866904], [-3.167313823574279, -5.536578748784514, -7.740035326821465, -7.795196050047874, -7.921173036015763, -7.3805889573267525, -6.844504727650658, -7.071456193867991, -6.621040701744524, -7.612709143010894, -7.720088644862174, -9.760835209685975, -9.256230940393072, -9.573443173826952, -8.293047638282493, -9.365218827364385, -9.707093632865924, -9.901409924626352, -10.180754367093648, -10.159868887426915, -10.044594196793936, -10.612184312051552, -10.30895734656107, -10.234076002952992, -10.374142091035843, -9.73256839066863, -10.459276875610254, -11.430740973859393], [-8.327896826655143, -9.864264549639831, -10.070819475616734, -10.333944573879242, -10.637029156840777, -10.977090752932515, -10.576595625235106, -11.109631506413749, -10.483246388922495, -11.190517952840839, -11.218174845695494, -13.372631844267978, -12.942620070321636, -14.081424352840138, -12.168548900331842, -13.053434302834983, -14.29164607997847, -14.17344042444229, -14.965295385574407, -14.66031365354734, -14.481265996036761, -14.855923080454506, -14.696496020850557, -14.279659152352217, -14.160923422813417, -13.250807617771118, -14.394952386476383, -18.113605093399762], [-14.804160996519029, -21.29096439397335, -19.480517872691152, -19.567, -18.977607318401333, -19.28962504696846, -19.134017934322358, -19.548660686016085, -19.132268202304843, -19.68264321136475, -19.968125, -21.829713653564454, -22.04176776456833, -22.776392964363097, -22.561660742282868, -22.456179042816164, -23.182339215278628, -23.33325, -24.220178743362425, -24.060124628067015, -23.787822637557984, -23.22371463394165, -22.312552576065062, -21.627910727500915, -22.137, -22.535607065200807, -23.779802843093872, -23.912392866134645], [-12.34503891979516, -13.197551221721291, -14.295952686287993, -14.072873478412628, -11.506184511437839, -11.823993676316947, -11.29713147106944, -11.483329570400635, -9.511195298953993, -7.075149417302823, -6.011213362693787, -7.55871346269313, -8.198331480395957, -8.208288044034228, -7.657070721490004, -7.438025566957513, -8.44047442173474, -9.638767693042753, -11.06810709612714, -11.682108853194187, -11.871733080795897, -11.190839448316222, -10.336213481630256, -9.966698872760878, -10.36694609117508, -10.448838442053264, -11.979207524318946, -15.754010705352831], [-4.83313061603821, -11.67072750077363, -18.775746493823778, -15.30396205329895, -10.18207827055221, -10.001594477439307, -9.134936314154373, -10.443416029570315, -9.972760652639366, -8.968463638305563, -9.055999181747437, -10.128929997852, -10.104656563164655, -10.7149582116556, -11.171772759486117, -10.831503400043978, -11.624144635609422, -12.99016274547577, -13.324532781211644, -13.641471720676083, -13.675909954967313, -13.828283520447862, -13.339833700684888, -13.174851453742235, -13.801912037849426, -14.740680369436063, -15.0612293451266, -18.992710318157144], [-15.258567130211453, -16.022919986320158, -27.77177950320936, -24.26065796709061, -16.54488280402441, -16.383032600013504, -15.775179132403283, -17.161415447157527, -17.43022404606459, -14.230144961597787, -14.570633599281313, -15.308072115331889, -16.08295661906702, -15.429905647005462, -16.136170606749204, -15.440355888620966, -16.217833254074524, -20.568960551261902, -23.832947455056917, -20.91855437705898, -19.83402216806241, -19.804826648275938, -19.066260629185766, -19.436093268569703, -21.299191550731656, -21.235618792865992, -20.129511414730608, -20.187829509139625], [-18.473554523260336, -22.37162610024076, -32.1437459272169, -27.63347960853577, -22.533166501424923, -22.217751708668043, -21.55983747926085, -21.258383567713068, -21.690166655179688, -21.715826994933376, -24.95624105453491, -24.640237133666744, -24.891193597034057, -24.933131676012113, -28.44478986544483, -24.813796677181468, -24.72054519661114, -24.327066261291503, -25.07969901143326, -24.968919997156917, -24.61934450295403, -23.26257182596423, -24.076736464672777, -24.930733112919203, -24.763797727584837, -26.914538400883956, -25.24664672337627, -26.821583221026536], [-21.500743569757127, -22.04437483159974, -22.125652148643287, -24.754000930786134, -24.318510392694577, -21.71371913546923, -20.309896106029104, -21.749743472128362, -23.33277658057714, -23.7888517591908, -26.58239287376404, -33.46835656002514, -32.620484381722655, -30.69343097018257, -33.1025434475913, -29.96667425743476, -30.871829219116098, -33.73156929588318, -29.808014516362718, -35.96229755316017, -32.31588036253032, -28.13125600561726, -29.01384743340136, -26.75969208569472, -27.176770171165465, -27.539491255390722, -25.031227826215414, -25.871549546336787], [-26.260977561100557, -36.5013862009255, -39.79166847463791, -41.964827203750616, -38.52585008116505, -37.65541406346792, -37.185760798142674, -38.56373064797289, -39.701802553388696, -38.56106472163412, -42.34446340370177, -39.432523353651064, -40.620807978139844, -38.7685800684432, -41.448930555071236, -41.07487720863456, -37.32261349378307, -37.431720155715944, -38.498732068353206, -39.96385654513764, -37.264520002325966, -34.670434628622985, -34.33384589454167, -34.8736587183419, -36.77898649692535, -38.03774702986957, -41.463409122544284, -38.592572375695276], [-40.93932219269872, -42.77853561389446, -45.822732388854035, -49.79275, -43.37992823791504, -43.77458902525901, -46.53358941411972, -45.30010758495331, -43.081018336772914, -43.00678586959839, -44.21225, -48.16235594558716, -47.17601704645157, -46.61249995040893, -49.45685705375672, -49.77608770179749, -46.92483889484406, -46.077, -46.69950031280518, -45.49798272895813, -44.326625912666316, -44.22751861858368, -47.33628811645508, -46.783588368415835, -48.836124999999996, -49.063678842544554, -53.03912246513367, -50.13936002349854], [-53.09785115484248, -55.57830270456126, -56.37925339992405, -56.50412020206451, -50.57366239013053, -52.92659987994166, -54.489612827125725, -53.82908044429607, -51.89491761813641, -54.56439685412619, -55.98002059841155, -55.02077355575502, -55.328422760718226, -53.99092744231826, -61.39299093986003, -57.20341709810464, -58.85977054603409, -64.98622673511505, -62.101701173354186, -59.08991035311374, -61.18461579747534, -60.59521498610571, -55.40817183716706, -56.49069034070295, -59.96385775756836, -60.285004336533206, -59.3085537137963, -60.46809378806658], [-46.88827724963656, -49.31805095830391, -53.57658208918086, -52.452411768913265, -48.217086948448, -50.89900321731283, -51.95781925624745, -49.45523041692091, -50.41401028573805, -59.265883619074685, -53.213643640518185, -53.301423876509475, -54.929114267591444, -53.146111160940116, -53.503023931697996, -51.4702861125903, -52.62272250050962, -54.10500246429444, -49.79289040001029, -48.756155379178395, -49.66138161398318, -51.1298154438948, -53.98287068287002, -50.20751188620869, -51.05311283493042, -54.13850343233397, -53.28319737393532, -50.060099254178155], [-44.55867540050343, -47.61823712589413, -51.68904286820065, -47.01256874847412, -48.307057821540724, -50.83963657667687, -52.310841702365025, -51.605883051765574, -50.50355754434769, -53.87114518247428, -57.8490375328064, -57.04662511391448, -54.13187453568109, -55.07512152929656, -54.7144886696101, -56.31138682042383, -53.643772061073854, -50.580233789443966, -49.86208357359338, -49.61420680618324, -49.8050024887623, -52.1380761811366, -51.75822966455118, -48.54612302830827, -51.67207445907592, -48.37101691296516, -49.96005434853907, -50.25651069010646], 