{"status": 1, "spectogram": [[-14.955928695082665, -26.738900873031543, -31.91264664311099, -32.96223228222132, -35.30023832428365, -39.26335530028875, -42.346818403964754, -43.558668205883414, -43.800594666912836, -46.82368112248912, -48.67545501022041, -42.65110493916862, -42.26126364302605, -41.962102765406605, -41.33158652414296, -43.278338538432315, -46.51626902903559, -46.152062358483676, -43.23115070825025, -42.91367573916608, -41.226398701253906, -38.9085759988558, -36.03462273043634, -35.42044485911428, -36.518125089377165, -37.79592930300206, -40.46560691632816, -41.64414274787903], [-12.23885740661621, -21.219094977461566, -24.10444343025097, -25.246331630408765, -24.928748882473737, -25.066446386640095, -26.204985310592196, -26.206244441708797, -26.90547311033649, -28.528751455763196, -25.956903903067115, -24.102290522245582, -24.070464596250837, -23.776820163957865, -23.061259286561786, -24.09438626896496, -26.586279546712255, -25.670921662151812, -25.24647706818122, -23.802341749794206, -25.960105656732228, -26.062121640480328, -23.60125301939786, -22.773911348969534, -24.888037177920342, -26.195609430156328, -23.860098872019414, -24.18550171327591], [-14.903572036743164, -22.678718278884954, -22.713487825397333, -21.85744159770012, -19.90247450250514, -17.036028907542406, -15.028140518139844, -14.35071921000187, -13.79992826735241, -12.829902669128094, -12.612064738988877, -11.591150761103044, -11.530299241294646, -12.292599543951066, -13.004812246570776, -13.10302145664544, -12.839398959213332, -12.99610064101219, -13.638271788524078, -13.68744285320269, -14.457589959903709, -15.483991371130395, -16.35344641938503, -17.562853780775754, -18.392958701848983, -17.529873050986996, -15.790864288724082, -16.84278788948059], [-15.29, -18.54600899463892, -19.23502678114176, -19.5099375, -18.24131268668175, -15.90635747909546, -14.405857173919678, -14.312080369710923, -14.318732077598572, -13.891053538799284, -13.360125, -12.078427928924562, -11.412875061988832, -12.165250446319579, -13.804311945915224, -14.768839221000672, -14.365393014907836, -14.006124999999999, -13.562053691864014, -13.364731962203978, -14.073839532852173, -15.516713790893554, -17.337908952713015, -19.78972498512268, -21.27825, -20.977669595718382, -21.50361842441559, -23.9195], [-11.325572715759277, -10.181923075051882, -8.105009207094216, -7.78452450633049, -7.506403929389198, -6.691223536111776, -6.161750673391354, -6.051666528302822, -5.7844090677037805, -5.8020750605233, -6.007365965127945, -5.753413269101489, -5.2484211279616275, -4.841179560383845, -4.990764732302443, -5.6442969873535604, -6.105132555523732, -5.739294311285019, -4.950096653159911, -4.462085495209016, -4.437506629573981, -4.659270325782421, -5.7428072589221735, -7.731459255578448, -9.422909280776977, -10.169350482619004, -11.202114991981453, -12.987214323043823], [-7.396075542449951, -7.24877724995776, -8.174293648312156, -9.530404575824738, -10.790362976954704, -12.549501876986337, -14.533445451979546, -15.372658150925943, -15.775764280611282, -16.98973185530007, -17.25901132297516, -16.9854964584814, -15.99903427299174, -14.200566148134735, -13.57333364220061, -14.93957174209688, -16.08998586105867, -14.32959879398346, -11.612284648116445, -10.66534493372438, -9.106657894581746, -7.953819085326024, -9.007853550054175, -11.150483206057935, -12.669720344543457, -14.726816398414071, -20.037569653268356, -24.744939403533937], [-7.228139701843261, -5.910103946848843, -7.503187182836212, -9.469477205514908, -12.895873582800757, -18.716417053508845, -24.505842936933803, -26.654686417238587, -26.401534311493904, -27.980295974711908, -29.966871986865996, -31.620567282204345, -31.27107436075958, -26.83399201884469, -26.233832986154386, -28.93202696945152, -27.768467984431904, -26.959977634429933, -21.076650428041393, -19.672822945021725, -16.730557979267, -13.929753862201727, -15.910423073466687, -19.407084528027774, -21.355741266250607, -25.19056508040953, -33.08804387521524, -28.30278883934021], [-12.280797019958495, -9.12987458756497, -11.22090285354931, -13.389872085571287, -16.981972107371384, -23.38133380378211, -29.62065369616663, -31.780805879260928, -32.314264900256305, -34.46904874088819, -35.57895904064179, -29.075459076685114, -30.221093294076425, -33.16032654400233, -31.521809176579715, -29.276753490837173, -31.13224902776405, -30.93535538959503, -36.22693203749202, -28.15861244228568, -24.71183419029342, -23.863905198893992, -23.40315469797165, -23.076937935438266, -25.540975834846495, -30.854323210254456, -33.79638790096686, -33.63993254852295], [-13.185071254730225, -10.780938586839635, -11.510564695765893, -13.101909090042115, -14.956347189723408, -17.945989539672354, -21.92438847199316, -25.4502183055339, -28.10942539637452, -26.8009448690075, -26.44196268892288, -24.41603592573047, -22.442362503518783, -22.519018863063867, -23.156262456844786, -23.009700224662566, -24.053293648721837, -27.79106039619446, -22.811465090245445, -20.331487097545804, -17.161534172340694, -16.8994111251925, -18.217272831088998, -19.74240543457902, -21.197584410667417, -24.489499240536023, -31.15524598611958, -34.58456257629395], [-21.80927555847168, -17.921762445382896, -13.865031395851009, -14.757585310935973, -15.295622581904658, -14.590029893387232, -14.6643054831217, -15.10758228127851, -15.820135154218711, -15.953430032954234, -16.759468440055848, -18.844063503206304, -20.755591660052083, -19.00843181414488, -17.075204722745642, -16.742465712061048, -16.020233004160822, -16.03322458791733, -16.707504659256216, -17.92478560006488, -16.975751327445927, -15.509485775422826, -14.67392567744446, -14.900252674256917, -15.412514164447785, -16.463931640255602, -20.03406426099605, -24.543649349212647], [-28.482, -26.343080313742163, -29.271705124199393, -30.6155, -30.872062475919726, -31.986731829643247, -33.290044677495956, -33.39769666337967, -34.30497318983078, -34.144705344915394, -34.186562499999994, -29.641908291816712, -30.63300844049454, -31.218535404205323, -32.527463176727295, -34.62171422195434, -34.49960681343079, -34.986374999999995, -33.98693977546692, -30.258809086799623, -30.743411005020143, -30.962053567886354, -34.04825465297699, -36.014490865707394, -36.2238125, -38.10479218864441, -40.817157739639285, -37.763000000000005], [-32.28279001235962, -36.939315939906685, -41.6527196811988, -40.84891142702103, -37.60554177235017, -36.13682447865438, -36.777204157245315, -37.46121463890424, -38.5038398862367, -37.83853074624564, -37.78816058397293, -37.612559950572376, -38.39499233938633, -38.23453910652534, -38.2010585474478, -38.99306805680703, -39.97678325456453, -41.36140442466736, -39.284752311902174, -37.68934006184796, -37.804389449176924, -39.955219053543054, -44.049216376318604, -44.500483003705085, -42.428821166992186, -43.069770557487686, -44.88840238534241, -41.155863204956056], [-35.95842692565918, -34.35335459572202, -34.23028915754157, -35.41315738677979, -35.65064377503967, -35.70629476420697, -36.25917302106825, -36.49836793133209, -38.36207348278606, -37.476360259192404, -37.54877061367035, -38.23944530638919, -38.32906615325388, -37.00249691924229, -36.012350091321174, -37.28971820282463, -39.47133577856781, -38.56869769573211, -37.56860295913702, -38.59519818690292, -38.435546530878824, -38.936676879367276, -40.08454855834151, -41.349869635221765, -41.775666933536534, -40.92691233490629, -40.827519039689584, -46.27621685409546], [-27.195719192504885, -25.503597368510366, -29.188472042446392, -31.16406999397278, -30.533254854596006, -29.816723101537164, -29.517602622635327, -28.235408887979894, -28.1365251201024, -30.646663733165976, -27.919555735588073, -25.70549542316007, -25.984236908581995, -25.994050207137462, -26.52274834243591, -27.720103456536382, -27.899337445873527, -27.89943265914917, -29.405671302017524, -27.41765704462386, -28.508013233534093, -28.87631605261231, -29.299705263292037, -30.9783010460973, -32.5262351770401, -33.14450706905889, -34.56660999454177, 