{"status": 1, "spectogram": [[-22.369982136756185, -43.204446224600076, -44.865928193807605, -43.294463989198206, -43.33621402835846, -43.047732020825144, -46.230249703109266, -45.43567825001478, -41.790160482198, -46.03885688245297, -47.89323194679618, -49.09574986988306, -47.88717858982086, -46.86246421909332, -47.489767745465045, -46.045321255087856, -46.682553326994174, -50.442249690055846, -47.47949994897843, -46.91555348095298, -50.685410524457694, -45.848392766237254, -46.795339064925905, -48.92191053125262, -47.06508922597766, -50.08030349996686, -51.64494626435638, -29.68141070267558], [-5.165750234603882, -3.0446965836286544, -4.028785833358764, -4.329321554899215, -4.360893019676208, -4.312089457392693, -4.266268054366112, -4.330768061518669, -4.340357325792313, -4.180178731679916, -4.2322679971456525, -4.318410856842995, -4.503393043041229, -4.2990180748701095, -4.393000169277191, -4.50207161450386, -4.762714488983155, -5.020125185132027, -5.138500192165375, -5.303928790569305, -5.5457324162721635, -5.6779467312097545, -5.873214589595795, -5.566089557766915, -5.497678836107254, -5.236143109560013, -4.94557163643837, -8.013500107526779], [-31.614822592735294, -45.23433980798722, -49.05121357345581, -50.74728629970551, -50.9682503156662, -51.56771402549744, -51.673588732242585, -50.30473188447952, -46.912534276008614, -50.31100040912628, -49.21173201608658, -50.42769822359086, -42.64475001716614, -46.99646375846863, -49.00089241313934, -50.54010652351379, -50.03873133802414, -46.64492892551422, -50.58282141494751, -47.2259280910492, -47.62655399751663, -42.25794424009323, -45.16967722320556, -46.31439187431336, -44.99908985185623, -50.76948381948471, -54.42046665668488, -28.774697318553926], [-22.12175, -32.192750000000004, -31.2925, -33.4615, -35.759625, -34.972875, -37.980125, -35.664500000000004, -33.7065, -35.38125, -33.6155, -35.108000000000004, -32.696375, -36.863375, -34.3085, -34.666625, -36.971624999999996, -36.164625, -35.910875, -35.304875, -37.6945, -37.927, -39.541375, -40.531, -36.659499999999994, -36.975249999999996, -38.131625, -21.38975], [-3.150697289943695, -3.6011259999275205, -5.847215893745423, -5.548501554489136, -4.229608215332031, -4.745072365760803, -4.711911402225494, -4.674839846134185, -5.2672686076164235, -5.869143978118897, -6.4342512683868405, -7.1534477429389955, -6.452018716335297, -5.593696891307831, -6.892054480075837, -6.5386436662673955, -6.048804131031036, -6.528911456584931, -6.58273287820816, -6.313429009437561, -6.02080349111557, -6.217785354614258, -6.523642473220824, -6.648571354866028, -6.397642789840698, -6.2559465670585634, -6.767321886062623, -6.827856599807739], [-22.462304806709287, -32.960267466545105, -29.862232474327094, -34.89521336936951, -37.07462548351288, -35.78981950759888, -36.79273059558869, -38.23466062450409, -35.52019425296783, -37.702000972747804, -38.56783543491363, -35.45415954303741, -33.64449798965454, -42.04096356201171, -35.478803225517275, -33.45348373508453, -40.97746271896362, -35.94078821754455, -33.091644380569456, -38.60135906028747, -36.51385856819154, -35.022000158309936, -37.3711964597702, -38.15194763851166, -33.32578630828857, -40.34867931747437, -40.292806427955625, -34.123194436073305], [-9.189418361663819, -10.338949341773986, -6.663112724781037, -7.34298646736145, -10.742054132461547, -13.430748418331145, -15.86048068523407, -16.383661712646486, -14.818608293056489, -12.336267959594727, -11.446091020584106, -11.465057559967041, -14.835951742172242, -17.84146937799454, -15.846753656864166, -16.48752101802826, -17.26286201238632, -17.3649649605751, -19.457762351989746, -20.063554944992063, -22.663936335086824, -24.402549437046055, -25.95836661863327, -24.55779077100754, -23.391225288867947, -21.324168398857115, -19.29177324676514, -15.789496051788328], [-19.866455919265746, -14.258336990356447, -16.267295314788818, -18.44177276611328, -14.865751592636109, -16.047108697891236, -15.105088500976564, -16.072694805145264, -18.04049761390686, -21.459966413497924, -21.449299743652343, -23.55305353164673, -20.990175062179564, -18.56301469039917, -23.41753096199036, -21.270708295822143, -20.524158657073976, -21.094209314346312, -21.84438995552063, -20.232209451675413, -17.30861766052246, -16.95949148750305, -17.581937339782716, -20.238225830078125, -18.57408226394653, -19.858833740234374, -22.091618858337405, -24.9889179019928], [-26.682012768745423, -30.026424516677857, -29.67883832073212, -36.75288895225525, -32.77231629371643, -30.321588145256044, -32.6839413099289, -40.82968546199799, -36.11283444309235, -38.82081758689881, -35.291232144355774, -34.919821546554566, -33.24383863925934, -35.28259984779358, -37.77676478672028, -33.00119420337678, -34.379833016395565, -33.32924676704407, -32.371587361335756, -35.20893960285186, -33.462080182075496, -30.75763550567627, -32.714436884880065, -34.90122313213348, -31.22665497303009, -33.56815407466888, -36.227512280464175, -33.32485782814026], [-35.245452486038204, -36.00001507091522, -38.076961915016184, -42.18787150001527, -40.28281254386902, -41.331746652603144, -41.970110927581786, -40.57848221111298, -41.50199152088165, -40.814869132041935, -44.56566984939575, -43.0762242975235, -42.873101388931275, -38.27442816352844, -43.007765494346614, -39.56018210029602, -41.23028998947144, -38.74644530010224, -41.31816571331024, -41.076011666297916, -39.04124625778198, -39.4473205947876, -38.20978643608093, -42.973783981323244, -42.54657587051391, -45.72110708236694, -41.389576282501224, -33.93011892032624], [-45.615875, -45.41375, -45.500375, -48.072874999999996, -46.406125, -46.063, -44.365375, -43.70162500000001, -45.626125, -48.275125, -46.51075, -46.028499999999994, -45.100624999999994, -42.353750000000005, -43.248, -44.002875, -43.732749999999996, -44.65975, -45.149125, -43.117375, -39.375875, -39.754625000000004, -41.459999999999994, -45.279375, -43.031875, -44.095375000000004, -45.271874999999994, -36.799499999999995], [-42.85191224575043, -39.607354192733766, -42.92577515220642, -41.788237743377685, -41.899564815521245, -44.19488789939881, -45.0864820280075, -42.63815966510772, -42.45763935852051, -44.22447455501556, -43.358724366188056, -42.53265258693695, -41.95956721305847, -41.708000583648676, -40.92715421772003, -39.88664028549194, -40.13041085529327, -39.695407370567324, -39.84531885528565, -40.44093022346497, -38.74681277370453, -38.781583417892456, -40.218138289451595, -41.465919329643256, -40.342686826705936, -40.60577392864227, -41.64023117542267, -37.16466629695893], [-40.83217464256287, -37.545512614250185, -34.71746117401123, -35.605621897697446, -39.50251218891144, -39.92685143089294, -42.01949256324768, -42.41656346702576, -41.26088701438904, -39.37860167694092, -40.62403136825561, -43.27324603652954, -42.60796036911011, -45.60629688167572, -42.09374617767334, -44.87624475860596, -46.470797034263605, -44.0883695230484, -41.73530019283294, -43.90478259849548, -45.514462688446045, -43.89499951934815, -48.02669369029999, -48.74213749694824, -44.09085536193848, -43.68135390281678, -43.25592499923707, -45.62512060260773], [-30.8894312210083, -29.266378091812136, -34.577442399978636, -31.508925483703614, -32.425964241027835, -37.24391265678406, -42.319576488494874, -41.69493457794189, -40.19539599227905, -42.61451774787903, -41.742572128295905, -37.9162309551239, -37.8438770198822, -37.18355920600891, -37.568359100341794, -38.398341371536254, -36.50789665603637, -38.6560581035614, -38.99880803489685, -39.35302375602722, -38.718221652984624, -40.51549263191224, -41.15427984809875, -38.12063760566711, -37.976082618713384, -38.54425927734375, -37.59763022041321, -40.47806034660339], [-39.61059673881531, -41.50391436958313, -44.319125471115115, -44.618325534820556, -43.9032772731781, -48.61466373634338, -49.31914892959595, -48.0379348564148, -47.83275782775879, -47.226701047897336, -47.71089534759521, -47.85136446762085, -46.97890284347534, -46.49707833480835, -49.24582835769653, -47.43773855781555, 