{"status": 1, "spectogram": [[-5.256076369877071, -3.5914058570588128, -3.2425690781188248, -3.7896430717706684, -4.331724723104312, -4.027798642071533, -3.7897757247735053, -3.7191073234336702, -3.677145624036083, -3.537709332706977, -3.4527323469221596, -3.411086943610589, -3.4480919819717526, -3.5199797977817275, -3.4808344190868796, -3.5534951451445096, -3.342400855405605, -3.2275359163284305, -3.238984981688923, -3.410597050944154, -3.4468037666295253, -3.587219642841087, -3.6159160953778398, -3.7756735776942563, -3.906196644991636, -4.114888190808351, -4.692541612716354, -7.031012053541495], [-10.83419911312934, -8.603355318854046, -9.297261102160629, -9.481286606073379, -9.086434425811373, -9.403148839658629, -9.76393941350856, -10.502807113160884, -10.665689635510342, -10.980755922195847, -10.970000926733016, -10.91438370589336, -10.754987973176688, -10.45081220756747, -10.402452474966353, -10.78888369754868, -11.724745351708606, -12.046501003026961, -11.89413604706888, -11.727766289141734, -12.271544411068064, -12.002975376260508, -12.485258497907141, -12.312727973872324, -12.138054412961006, -11.591924257672519, -12.132070703873799, -13.518203325063826], [-23.009908576629183, -21.138961854647643, -21.554348938299675, -18.638662088871, -21.4134722960142, -22.127303800251962, -19.58447921244003, -18.79345813386304, -18.0487688007355, -18.32845742031017, -18.411875830173493, -18.93697971801336, -20.063135364844275, -21.48569782141245, -20.862946011484922, -21.765010019000513, -20.340183255458797, -18.092803541660313, -19.899894648552333, -19.8873918281381, -19.659893305369884, -20.45115649967792, -19.84853655651647, -22.1782868195838, -25.449537778854367, -25.967815282861324, -31.90773268397125, -31.335096039104787], [-15.72066023631394, -15.00351785415411, -13.711785819053649, -14.4285, -14.709017854452132, -15.657303707599638, -16.018000007629396, -16.145910773277283, -17.24896409511566, -18.971018245220186, -19.83475, -19.13041063642502, -19.2591786441803, -18.514107374191283, -18.557964551925657, -19.428000102996826, -21.15703469467163, -21.82125, -22.01301704978943, -22.084785160064698, -22.7128926486969, -22.95378560256958, -23.154000984191896, -24.959874105453494, -25.417625, -26.84226875114441, -29.629753105163573, -34.562881780624394], [-1.0760013098853884, -9.309504586455725, -12.30885471723038, -13.187125813007356, -10.998858250437845, -12.012044853716569, -14.365875077724263, -14.044281049884098, -15.726396070538705, -18.072841780254183, -18.536447917461395, -17.0809634127717, -16.80612810617575, -13.9434569552582, -14.75485465731905, -14.695581044839258, -17.6485866818512, -19.5757162809372, -20.757873196134184, -17.70744728232402, -19.361107548577245, -20.920707891493322, -21.2109249041611, -20.55449587415242, -20.684035761833194, -20.408616435011893, -20.875591995014414, -22.15401426760239], [-15.064738770762256, -15.925580985218735, -15.97097904062752, -15.98829266548157, -16.735551907592576, -17.88138118587282, -17.5891857267109, -16.272126742927657, -17.480325268891367, -19.17164406887318, -18.16891624164581, -16.546461919540405, -18.39241612523957, -17.834647222597027, -19.447006970813746, -18.28694737940489, -17.82382215896976, -18.593255168914794, -20.236174428161437, -21.38860075744215, -17.948641687275916, -22.49260256778998, -20.931181670402303, -22.197928659653805, -24.72048508739471, -25.70580348403859, -27.556319152620183, -27.955447559437076], [-20.35428213249493, -13.15546269018203, -13.40639858387432, -13.962672842025757, -13.885926839648596, -13.618211287011594, -13.925576429864446, -14.880810765140694, -19.288017629584132, -19.54396751059356, -20.85243766260147, -16.486871457897582, -16.984844239517905, -14.942921745308759, -15.513045606963278, -16.676965441128345, -18.70912596324046, -22.006600547790526, -20.485997595623697, -19.192828881349875, -20.116278569620533, -23.663366018635656, -23.26733708481969, -24.94573822826391, -25.07035223865509, -26.44510797430796, -26.08888560705833, -25.649297826320733], [-16.41471569372071, -17.65326540947691, -24.694002297139267, -23.536756574630736, -24.946123415898406, -24.42314163175882, -25.11998871503485, -22.82457588884764, -24.347515934730673, -24.837160187909543, -26.352052293777465, -25.56436438200284, -26.100734403437045, -29.59625396639254, -30.02870514254805, -31.87027578892115, -32.169880389150556, -31.19128052139282, -32.412425748401844, -30.825647726688416, -34.27944266895068, -34.377453216707565, -34.21425552321802, -34.36609029793591, -32.28108211326599, -33.74565817829218, -30.19613765355089, -30.493361943854865], [-22.986669459362666, -30.572080655860645, -33.69209362717063, -35.562647272109984, -34.56964751815798, -35.87087485512898, -38.013101193526, -37.303849156828306, -42.34267838015842, -41.85301606935288, -40.34109240055085, -43.43386949904076, -43.303702139643505, -40.41263076311205, -42.7894001075593, -42.69263860807836, -39.11792933322153, -45.04189453315735, -41.673916321658936, -48.04163368941516, -44.43706438932641, -42.67238891336845, -44.11015889557067, -45.245091317507985, -42.04807225036621, -44.96996208566621, -42.86951677106335, -43.052438234503796], [-26.809979333945932, -35.67604990510572, -38.98842689582786, -40.80260102272034, -39.46536904824022, -43.29346204892887, -41.99144980781039, -42.04762275672427, -42.81976391020636, -44.47462929617783, -46.51755885314942, -45.119869631134414, -47.63548838350877, -47.62433482531828, -43.262640065952326, -43.14826519475188, -43.491155341905625, -43.288037220001215, -44.792918362028615, -44.162459854396324, -45.51705037373877, -45.469308592270714, -45.03887292028899, -46.105362658654585, -43.097070566177365, -44.34234793890948, -41.82419812613321, -48.14177359134614], [-30.623731314271687, -41.06416061156988, -44.5921785159111, -43.928250000000006, -42.3604819586277, -48.60921531867981, -46.58276763057708, -45.86992805862427, -50.00371464538574, -48.941626543521885, -47.681374999999996, -50.79982016277313, -50.46264831924438, -48.840052922248844, -45.3572859954834, -45.34223082637787, -44.67039281082154, -43.565625000000004, -44.559232938766485, -46.55290951061249, -42.134786048889154, -43.24560792350769, -43.54037493991852, -43.44651788902283, -46.55275, -44.45376811027526, -45.075107627868654, -42.436851417541504], [-32.92801793919082, -43.68167593417969, -46.7734130377482, -42.36032017707824, -39.362382674436695, -41.19990981193478, -41.57265142798952, -40.241923090681844, -43.294347145371646, -44.026656497087984, -41.464178787231454, -43.422459343782954, -43.38984056418074, -42.33237307474616, -40.15979449910705, -40.38822169257254, -42.2629293362803, -40.752803103446965, -42.12060003562805, -42.98253924069748, -40.362023269031546, -39.77012065681482, -41.121997265017455, -43.22351980222746, -42.07318194580078, -46.747138984565005, -43.88210316771059, -40.50500697273481], [-37.603003727914725, -45.50293750275398, -43.54304968528362, -44.69307033729553, -42.198123327493725, -44.598795378237426, -40.98226475559954, -39.89291448632069, -39.04061493965074, -41.92386408394305, -43.16694690990448, -41.27674107133121, -40.435255296124836, -41.381666086040646, -43.012600694539316, -44.51915803072415, -43.75135878753505, -43.80989051055908, -46.43060475186017, -46.50298746875859, -46.978469575375314, -46.92660794495527, -45.325323748570035, -46.20691686694544, -46.3506599111557, -49.11240934767049, -47.43162344858632, -47.13958620139137], [-46.82736626126663, -67.21085133328003, -62.143333849074835, -57.88449661254882, -59.79808016950265, -58.94844084298868, -61.55755582937837, -60.486042308981744, -60.260174223656946, -62.28945616167657, -60.808664888381955, -62.395225733591225, -63.39022914164926, -63.16537941576487, -60.47198972448922, -59.99694913359885, -58.10157848513717, -58.61871875, -61.20869939687423, -58.38282562140793, -62.06695002814567, -59.749437866542095, -57.744442604299024, -56.81095301756717, -56.228701070785526, -58.166892210434476, -55.80595460299903, -53.11435133315463], 