{"status": 1, "spectogram": [[-31.713383916035294, -46.247696436434985, -46.93694637751579, -46.865080284908416, -49.70300890617072, -47.32806254325807, -45.4363125050813, -44.423794688358896, -43.43298235335946, -46.016946384638544, -47.999508956804874, -45.26724990758299, -43.400964260339734, -43.91809819756449, -41.722348214641215, -39.67217850914597, -38.588357101708645, -40.34799094940722, -45.16386598597467, -39.44197319550812, -40.22880357310176, -41.964142840743065, -40.27420533140004, -38.66106252752244, -39.11518755085766, -47.007696419030424, -42.04088391198218, -37.14616972799599], [-21.388990490138532, -34.21248092353344, -31.74866838318109, -27.357829497277738, -28.226490325152874, -33.141231240272525, -34.82823179769516, -39.51383045631648, -30.40379409402609, -15.998508269846441, -10.691133592188358, -11.505642460107802, -15.892481332778928, -25.54738289672136, -27.963258384048938, -25.820659689068794, -19.93605227279663, -12.473008048832417, -15.50075786179304, -20.915900420844554, -23.99393591040373, -21.756070616126063, -17.60507145309448, -19.280017779946327, -12.671204849660397, -3.169687248766422, -2.2853747721910476, -3.087517533063888], [-28.55432282924652, -36.63974257731438, -34.694492427587505, -33.76443846344948, -35.97048275184631, -51.010705311536796, -49.182519661903385, -48.04134112262726, -39.872375566482546, -37.7716881096363, -43.54093611884118, -45.2694370291233, -41.73937489509583, -38.774833501100545, -32.737835098028185, -35.02274397015571, -38.30702053785324, -35.396062551259995, -34.481312906503675, -28.658338556289674, -28.720159183502197, -25.87762631702423, -20.244628178596496, -19.653135926961898, -24.274286534786224, -29.213285536289213, -32.45966110992431, -36.89383119940758], [-32.5149375, -31.865875000000003, -26.385312499999998, -25.624187499999998, -31.5310625, -36.747687500000005, -44.2884375, -45.465125, -29.7950625, -12.9710625, -12.047500000000001, -10.54625, -10.815312500000001, -21.78, -35.5363125, -28.325875000000003, -15.117687499999999, -7.389125, -10.4581875, -17.739687500000002, -22.099312500000003, -25.751062499999996, -17.068, -20.094749999999998, -16.8150625, -9.708875, -10.3121875, -8.0345625], [-26.63373897814751, -39.47011635947227, -34.84592934274673, -35.61183969211579, -29.857284187793734, -39.5104099497795, -35.96728510427475, -41.30608910942078, -37.5232324051857, -33.604742481470105, -23.727743532896042, -21.19717138695717, -27.982619674444205, -26.254887817144393, -17.105073357582093, -24.053697628498078, -23.009279403924943, -26.431048479318616, -11.501857390880586, -9.017141989707946, -10.242428285121917, -11.157527180433274, -12.174090241909028, -14.306099014520646, -14.346098574399948, -16.417713678836822, -16.4384013402462, -23.44229535841942], [-36.11920436906814, -40.675453315258025, -35.81733281183243, -36.33749572229386, -37.47569525623321, -38.259219141006476, -36.00046401882172, -45.94609266567231, -33.39363373708726, -13.328616763591766, -30.17541954708099, -25.439217665195464, -16.01814497566223, -25.299014594554897, -34.42344329452514, -27.531686066150666, -17.859385586738586, -10.1245394449234, -12.589293020248412, -18.812794669151305, -20.530739407539365, -24.510779356479645, -22.12089930391312, -18.875668588161467, -13.228394684791565, -17.058272194385527, -25.26733346176147, -22.972878219127658], [-19.269365225315095, -21.16120292234421, -28.75597092103958, -38.67038341021538, -35.046762494564064, -43.47141217422485, -48.143916610240936, -38.62352155971527, -28.260998445034026, -31.833931588411332, -26.51412445497513, -29.86059658789635, -31.29284278964996, -33.36388335299492, -16.901685235023496, -23.473571788072586, -28.481805332183843, -26.202637643098832, -19.631132370233537, -21.248104722023008, -23.410366223573682, -22.74536304211616, -16.83967305660248, -18.875780898571012, -20.564361482858658, -15.83096922159195, -19.00241114258766, -27.101522546529768], [-30.977855717658997, -36.55102779865264, -29.929401785850526, -18.904941725730893, -23.401533931732175, -27.654007461547856, -27.74642934322357, -33.78839352703095, -31.060260020256045, -25.59246192550659, -35.82984137535095, -35.42694216060639, -32.98027516651154, -32.407761904716494, -25.740385151863098, -31.051624097824096, -19.548072653770447, -16.607213871002198, -19.409156378746033, -23.987521593093874, -26.509832581520083, -29.810042548179627, -18.121046269416812, -25.339980712890625, -20.255823995590212, -29.613532955169674, -23.738976450920106, -27.091428255081176], [-38.843519414901735, -39.81980681228637, -39.69242852306366, -39.800580145359035, -37.20259425830841, -41.16508373880386, -42.909453843593596, -38.100645893096925, -39.688045469760894, -22.69645572710037, -22.588396414756776, -22.38449348783493, -22.716825946807862, -22.161957602024078, -30.021081918239595, -29.49033752632141, -22.172591341018673, -22.351280700206758, -26.76433720207215, -22.795781198501583, -22.486722976207734, -22.90118921613693, -22.60137645626068, -22.072419285297393, -19.837261748790738, -15.143153961658477, -13.971282220363616, -14.93904120159149], [-44.991926692485805, -40.32090537691116, -49.98014236211777, -50.9859195690155, -53.594304959297176, -53.7589944410324, -56.743186937808986, -54.800159914016724, -53.19035087108612, -46.621949928760536, -40.70763560199738, -40.59634064912795, -44.42570072317123, -34.44040332508087, -31.09409808778762, -26.917839416503906, -39.15476419448852, -41.828418152332304, -37.80787405872344, -37.32214009857178, -38.24643861341476, -30.31700293827057, -40.52211504077912, -33.308296337127686, -37.270305809020996, -26.285038501739503, -37.08884083223343, -30.453114438056943], [-50.290687500000004, -50.32725000000001, -46.4505625, -53.74543750000001, -52.334500000000006, -57.578624999999995, -57.930375, -57.60325, -55.74925, -51.953, -52.55018750000001, -49.1058125, -48.88925, -47.443374999999996, -45.668, -43.287124999999996, -44.088562499999995, -45.181749999999994, -43.090937499999995, -41.04625, -37.478625, -40.212374999999994, -38.70125, -41.7100625, -38.7411875, -35.0145, -31.3605, -31.890875], [-50.47973936319351, -60.72413042974472, -44.67945366859436, -52.46057934617996, -57.81603784942627, -60.15799810886383, -48.81068035459518, -52.954530956745145, -55.672837871551515, -54.283366173744206, -44.662694553852084, -47.652655179500584, -52.44045114469529, -47.40021923685074, -50.80695630788803, -47.004084730148314, -48.76161879491806, -51.00852496671676, -42.6074055685997, -41.35004711914062, -38.94463281059265, -40.66601678752899, -46.31382998132705, -43.48767085409165, -44.11925414800644, -43.387777533054354, -42.786659903049475, -45.54603156423568], [-51.44301103830338, -56.419466755867006, -56.17702613019944, -55.12222264528275, -52.01853428936005, -52.12883707427979, -60.18690174818039, -60.58434109687805, -58.23973361110687, -55.9870806555748, -56.03882900953293, -62.10066822385788, -55.17849048852921, -52.48628820800782, -49.21454048156738, -48.380119742870335, -48.700345519542694, -49.69125057506561, -49.038874201774604, -42.94721232891083, -45.103090333938596, -44.982599459171304, -45.32422251176835, -45.2914830904007, -42.682215372085565, -43.02314979219436, -43.783714699745175, -43.48246761846542], [-54.178762799263, -58.56270097827911, -61.26819598484039, -61.72446285533905, -61.16777174282074, -58.14707339382172, -59.223328307151796, -62.524230811119075, -60.922109812736515, -62.78619683933258, -63.920761785507196, -66.20267513084411, -63.290047853469844, -53.21719893741608, -46.78232719898224, -48.34459666347504, -46.15222148036956, -46.04981310558318, -49.445182927131654, -53.35897425079345, -53.954838688850394, -55.74550431537628, -55.060256201744075, -56.95405629825592, -54.69940984249115, -49.97929658317566, -51.894483281135564, -49.02010434722901], [-60.66156727409363, -72.13854444503784, -65.24092219543456, -67.55829893302916, -67.91243446445466, -70.93860383224487, -66.21085129928589, -67.61634152507781, -71.33439605236053, -73.33537590122222, 