{"status": 0, "spectogram": [[-33.37184815557301, -54.451580258294946, -56.77020524562895, -58.45324982744455, -51.499017734944815, -56.406249873906376, -54.78812486380339, -55.83519622516632, -58.4224820947349, -52.13868735568225, -53.451624827414754, -56.892026525780565, -51.890937362357974, -54.39994624638557, -54.096321260571486, -53.1377766906768, -54.982249864816666, -53.76230345723033, -57.0433659054786, -55.47152672980725, -58.634080314442514, -51.336937551602716, -55.90787491697073, -55.06806244896352, -55.45156230394542, -51.39008041976392, -54.95064271825552, -52.482473165944214], [-8.692303597807884, -7.29540220016241, -8.322464815616607, -8.790795222222805, -8.652143409848213, -7.958161173105241, -7.906223692238331, -7.6207504539489745, -7.410679008603096, -8.002848727405071, -8.612848766982555, -8.387571956157684, -7.4216433196067815, -6.597286088824272, -6.76253609931469, -7.186170074641705, -7.851232634186744, -7.688723676264287, -7.535098641455174, -7.534464723348618, -7.323437925755978, -6.997527167618275, -7.511152211844921, -8.042687976062298, -8.666402310311794, -8.16172369736433, -7.390473637878895, -7.777455810844899], [-37.337187277555465, -40.50840776872634, -37.55959473824501, -36.650129222631456, -36.33731788730622, -38.26213098168373, -38.59731846809386, -39.03007546210289, -38.56255950140954, -37.806441869258876, -36.86019329595566, -37.46780932927131, -38.87595018744469, -39.6741307399273, -39.40256809091568, -37.555613534212114, -37.62573855996132, -38.043997554302216, -38.10699811840057, -36.937006895303725, -38.540765042305, -40.355140411853796, -40.013264643192294, -39.065961834907526, -38.32764897179604, -37.40381190085411, -39.009123574256904, -38.85154320406913], [-27.266875, -40.74849999999999, -48.97743749999999, -49.463875, -47.636374999999994, -44.279062499999995, -46.929874999999996, -45.8611875, -42.1825, -48.756625, -48.515125, -50.881375, -46.6195, -42.011375, -40.103875, -42.47925000000001, -46.926375, -43.3708125, -40.766375, -40.5124375, -40.943999999999996, -40.089, -43.014125, -44.7445625, -46.315999999999995, -39.97975, -41.119, -40.5426875], [-6.835928275108338, -6.465989805936813, -8.61061372447014, -9.69317575788498, -8.924622413158417, -6.802775155782699, -6.943337436676025, -6.759409081935882, -6.276507430315018, -7.248935399770736, -8.579684929609298, -8.053792325735092, -6.479150020837784, -5.08569551229477, -5.202320404529573, -5.715525339841842, -6.662703409910202, -6.393007184743881, -5.747820059776306, -5.925855599880219, -5.746427196025849, -5.3805614631175995, -5.966498627185821, -6.846123198509217, -8.16939056968689, -7.155007020711899, -6.055132534742356, -6.356819835186005], [-28.00619904613495, -29.801292706489562, -21.049296372413632, -19.182377460002904, -21.114825282573698, -25.090865921974185, -24.742180454730985, -25.150070524692538, -26.328256532669066, -22.978209693908692, -20.732022172451018, -20.778385743141172, -24.725179742336273, -32.29806864452362, -28.540073387145995, -25.56284534931183, -22.504295711517333, -25.550466239452362, -25.181209009647368, -25.016194379329683, -27.235211746692656, -31.119348488330843, -28.974418571472167, -24.218481968402862, -24.13180007648468, -20.883139553546904, -28.05370368099213, -25.076008529663085], [-25.773432039260864, -26.99929263782501, -33.953805034637455, -35.988356052398686, -35.73568571543694, -31.032798674583436, -31.748730486154557, -32.36312810587883, -30.60212540793419, -30.83054157185554, -32.233541740655895, -35.031954763174056, -32.45224317789078, -24.41031771111488, -25.124943366289138, -27.638286188840866, -32.86792547559738, -31.36161648416519, -27.56643045401573, -29.082851650714876, -27.458100244522093, -24.87046226811409, -29.95752283620834, -31.11575226616859, -33.61461444544792, -28.84225091981888, -30.748802037954334, -29.77990246248245], [-10.563110008239747, -9.987886149406432, -11.713504376411436, -13.696868114471437, -13.172512302398681, -11.015499870300292, -10.55762335586548, -9.530883843421936, -9.633188269615173, -10.569121488571167, -12.613556778907775, -12.112361975669863, -9.498928010940551, -8.81831756877899, -9.600379053115844, -9.735456547737122, -10.74555134010315, -10.55857066345215, -11.119323057174684, -11.109714977264403, -10.580117978096007, -11.200227751731873, -11.848474804878236, -12.341588008880615, -13.898862004280092, -12.476006930351257, -11.141698026657103, -12.019714096069334], [-16.117850779533388, -14.290306746959686, -9.675685982227327, -9.248223056316375, -9.363668879032135, -11.575299874305726, -10.554425500869751, -11.363567552566527, -12.177584740638732, -9.39921221256256, -9.20983839893341, -10.072391320228578, -11.221978580474854, -17.267831087112423, -15.95545708465576, -12.641718356609346, -10.56505977487564, -11.248969669818878, -13.465093195438385, -12.852933039188384, -13.787334210395812, -17.44226040458679, -14.669012652397157, -12.43320212316513, -12.012444693565369, -12.645854322433472, -14.571289576053617, -13.30228185749054], [-30.053887299537656, -26.99629086017609, -20.16285098409653, -18.088152456760405, -18.60846676063537, -22.943489533901214, -21.489170042991635, -23.4620402970314, -24.092003646373747, -19.621239439010623, -17.910860919952395, -19.349568916797637, -22.816895247936245, -29.29468408632279, -29.049320853710178, -24.86194211149215, -21.74613366699219, -23.370267887592316, -25.511070627212522, -24.660528678417204, -26.007224041461946, -29.82396995639801, -27.02454040002823, -23.31211626148224, -20.998013727664947, -21.885573307991027, -26.86838764333725, -23.734248794078827], [-35.2991875, -32.9045, -30.521437499999998, -31.352874999999997, -30.9715, -30.237750000000002, -29.9564375, -30.744, -30.819000000000003, -29.259500000000003, -29.937624999999997, -30.2830625, -29.5330625, -32.994, -32.5018125, -30.714999999999996, -30.006625, -29.9110625, -32.3706875, -31.9045625, -31.9260625, -34.017062499999994, -32.7763125, -31.711875, -32.4041875, -31.81825, -32.232124999999996, -31.697874999999996], [-44.099836458683015, -44.30489687013626, -49.613375097751614, -53.104887747764586, -50.628735378265375, -43.8553087553978, -45.10217227983475, -44.03100886726379, -42.79942060947419, -46.35224057149887, -50.25247662115096, -48.8145821647644, -42.95587087583542, -39.8081490726471, -40.479961127758024, -42.00771117639542, -44.62204213619232, -43.502912141323094, -43.53927978277207, -43.714185514450065, -42.67032160329818, -41.83037251520157, -43.76037559366226, -46.4142240190506, -49.58977180624009, -46.897010746479026, -42.59764640951157, -44.31043483924865], [-45.12066269302368, -46.04245189380646, -43.77782745170593, -41.83689739322662, -42.75346117353439, -45.842937269210815, -44.88662528467178, -46.15259848403931, -45.83548307561875, -43.860481261730186, -41.44966706180573, -42.27216754627227, -45.045123952388764, -43.56292270612717, -42.99417366743088, -44.44768664455414, -44.7890004067421, -45.93969900274277, -44.53000704193116, -44.134801255702975, -44.86212307882309, -44.6969774851799, -46.49923190546036, -46.60889242887497, -45.88606911420822, -46.85019494009018, -47.1634454073906, -46.60458054542542], [-45.92164736270905, -47.787347415924074, -52.68534388542175, -49.96066767311096, -52.13712729263306, -50.91239425849915, -52.47976810264588, -52.24578165531159, -50.46384399414063, -51.44736849689484, -53.39736793422699, -53.23567470645904, -51.98255168247223, -46.72138915061951, -47.73644901180268, -50.67880161380768, -55.25327076911927, -53.126673262596135, -51.35417476367951, -51.60140765476227, -51.018087162971504, -49.31163316917419, -52.517755041122435, -55.57992149066925, -57.51225187110901, -52.14710486698151, -51.03154481506348, -53.37203924560547], [-39.27597679138184, -42.32504173469544, -42.66254126167297, -41.84814032077789, -41.950852988243106, -45.03194662666321, -42.86563490200042, -44.57093015289307, -42.90836758136749, -41.83079906368256, -41.478049387931826, -43.43613680744171, -44.53294855308533, -39.994295202255245, 