{"status": 0, "spectogram": [[-20.71414290690422, -44.02129897225572, -44.0593264157322, -42.30058931827544, -43.21908536939505, -45.80151083902895, -44.63549251366877, -44.03092585777079, -44.36118229404123, -44.1132843187351, -43.91379449264705, -45.88799399176757, -46.63432369074108, -46.78637301291431, -48.44972993911867, -48.687027211178645, -46.91301036376549, -45.835776783421636, -45.66964263119869, -45.15389989325896, -44.506698848712006, -46.276770058222034, -46.03611720345218, -46.00376618790623, -44.074071263492115, -41.831783392961526, -43.554658270577754, -31.065928647160533], [-2.2871432933807374, -5.651291842236824, -6.054497157962954, -5.682170585334301, -5.449211410715874, -5.064312204723465, -5.66035801676341, -5.982022623362587, -6.301365802037474, -6.520590196881974, -6.622974166095257, -6.431364425319797, -5.695881994146449, -4.7563830901092, -4.52488579855159, -4.917110382938864, -4.849282748722312, -4.389670339524746, -4.706219081859112, -5.759632388013987, -6.1168200996530615, -5.52945089344711, -5.355706099024832, -5.496204693969397, -5.268420446932317, -5.20323283282346, -5.312598977608345, -5.104857983589172], [-9.283855503082275, -17.084652881580208, -17.706331499512135, -18.314617768287658, -18.563373443890555, -19.464429812402045, -19.4801470935589, -19.260192444314868, -18.969135049109457, -18.842035576455427, -18.405252156972885, -18.17845301248091, -19.297242591250253, -22.08167889314342, -23.448036714330136, -22.872020162621837, -23.998988442235916, -27.36592352104187, -28.434992198628596, -25.151579356548584, -24.655307834376558, -26.125205416280092, -24.369433462853202, -23.93431184961369, -24.625012857913973, -24.96599065428406, -23.688007506726525, -20.23821148109436], [-21.847, -42.60359877452254, -42.666062520802015, -43.9670625, -46.40561579906941, -51.393864911794665, -46.828277289628986, -44.130294551610945, -43.04164264297486, -45.716865454196935, -45.57899999999999, -46.88075946187973, -45.69379326725006, -43.85842890167236, -41.18422581148147, -40.20064144897461, -42.437625206947324, -41.827875000000006, -42.81005235099792, -43.69222312068939, -44.35393566703797, -46.790732082366944, -47.148445814132685, -48.225308760643, -44.543437499999996, -45.49094784355164, -43.39121162414551, -34.1465], [-16.95414306640625, -17.275111831132094, -18.499457338121445, -16.937021861314776, -17.734280717985953, -16.558241157746288, -17.662983071064307, -16.83975016192988, -16.311904538330264, -16.598953644363522, -17.093788813829423, -16.95062323820837, -15.07094685790504, -12.134548300192996, -11.082099888806429, -12.160793717058388, -12.903518575099014, -12.199522066831591, -12.699477781691657, -16.9867836061789, -18.99741083933387, -17.881636522633592, -17.059684003786323, -17.341174860195462, -17.429074103593827, -17.101046942505583, -16.814386691025987, -14.919639543533325], [-9.816070446014404, -7.536942073069243, -7.282125655619476, -8.889979890346527, -9.224967031748955, -10.248453676972826, -9.600610210978337, -9.888890016049826, -9.346478732760902, -9.554675345323457, -9.038006653785706, -8.494210577322564, -9.400736104877948, -12.54343330266634, -14.773274564451082, -14.175308850580679, -14.968907259648986, -18.68205517625809, -20.028314965764984, -17.531777935057274, -17.203805512826992, -17.95430293825663, -16.21290970084122, -16.27736917893781, -17.566617095947265, -17.541332861792945, -17.57967869789715, -16.82172374725342], [-15.905788198471068, -34.42070211646201, -40.53645726114376, -36.99284766364097, -39.47826094367713, -39.13406578441656, -36.46034022687439, -37.42359223538058, -38.08507313815886, -40.340783216899126, -40.036886068105694, -38.01985989147797, -36.75092104105119, -38.596088558840485, -39.44847952102969, -39.165338558332465, -41.29181496683518, -41.64334480404854, -40.83701092265207, -41.09293523860079, -41.11940565177913, -46.7317690784578, -43.68546392974764, -41.9267392620167, -41.72242434382438, -39.48568230246607, -53.09178716449046, -38.69214052581788], [-17.43842401123047, -32.19234889274969, -30.661057043184915, -33.26167272949218, -26.80050678926459, -28.4659248646394, -27.244605350445145, -30.123178024894546, -31.812320333938274, -29.61495011466801, -27.25828675842285, -30.548456987399117, -30.528118147987087, -24.234665550302623, -21.151677117834666, -23.00309216600546, -23.03665339746226, -20.174434255599976, -20.888763391108107, -26.825013699667284, -29.68273070323677, -27.978741032131687, -28.57198466974366, -28.057630310993, -28.144545073509217, -27.87702322979228, -26.308271966350198, -26.067270309448244], [-17.855715812683105, -20.449073592700742, -21.36737284893405, -18.790258995056156, -17.373756778125962, -17.341304083240164, -19.799809744640214, -18.705824327493232, -17.172093074204845, -17.13017599903807, -17.88250932216644, -18.19915142948781, -16.149442601349183, -13.21273880327879, -12.487389022418345, -13.79730745734972, -16.540340292366267, -18.769289697647096, -18.952162169318033, -21.97134838764048, -25.448703578978648, -23.558034412296827, -20.702431148742924, -21.338056772990136, -21.39741571331024, -22.2207217564196, -22.241778745222867, -21.725433815002443], [-20.85928295135498, -25.287068444007165, -26.550994902395523, -23.51352973508835, -21.033985682394768, -19.253262572613977, -22.617419727306388, -24.175322032602608, -25.848003598699982, -28.257457385822445, -28.139458754062655, -27.556731322814052, -24.64184482847131, -20.557752722237446, -20.28451907790482, -22.156965278820422, -21.182212898195154, -19.173756228446962, -19.999113336736286, -21.793951456895353, -22.933566440141394, -20.647171146548008, -19.616794332631187, -21.109944639782007, -21.088802302360534, -20.159599481194604, -21.02843204703653, -21.75035506820679], [-27.489, -38.32844672113657, -40.32901783120632, -40.3665625, -39.921526838183404, -40.60962480401993, -40.2213393368721, -38.90924989414215, -39.01671443939209, -38.02631275129318, -41.117062499999996, -40.81749048662186, -39.71518782520294, -39.24283849239349, -37.65779519319534, -37.95313332271576, -37.58693802976608, -34.6244375, -35.72509286785126, -40.05803572463989, -39.972669870376585, -39.22337395858764, -38.06311564540863, -39.323598235130305, -39.567750000000004, -40.88485935974121, -38.21857935810089, -34.7485], [-34.19070876312256, -32.993746439098075, -33.09330639662545, -35.19114345788956, -35.53866949594495, -40.97312636050007, -39.567663328603544, -37.87797172567301, -37.24280544065452, -36.89392779554643, -35.390625809192656, -35.53321843003243, -38.43195258110218, -44.91236344576288, -48.64858225187934, -48.18089536965568, -48.2598366729767, -49.385151739597326, -50.990484972107765, -49.74497865675985, -50.90390064251254, -52.36023189468299, -49.469166068477534, -49.104432813279445, -51.16937667274475, -52.28191836281256, -52.06719476524709, -47.59113125610351], [-43.64070724487305, -45.96290322038891, -47.92397445363655, -46.92422408771515, -46.65656201800765, -46.948662059413664, -48.268142293633346, -45.3856095778212, -44.71650922468695, -44.62730081756745, -45.86642813634872, -47.22035444199316, -45.49331153417189, -42.02788972506404, -40.7990136531132, -42.941118495337825, -47.67118136141244, -49.511694752693174, -47.10314332889234, -48.31263626923776, -46.64133423311736, -44.93124760494398, -45.09515098383011, -46.494466386562095, -45.54910323238372, -45.5042236077648, -45.69749705658176, -45.441353763580324], [-38.3195080947876, -34.898039928730824, -34.8764324023906, -34.120739804267885, -32.45931472056975, -29.779538437002536, -29.918872627803005, -32.22693386285125, -35.18187574764067, -36.19215096936867, -35.38735061264038, -34.55189927056405, -33.017190171104076, -32.03895111963489, -32.85948616804398, -33.39898341027067, -32.39004827138419, -32.131803331375124, -32.2719218728165, -30.64379007121612, -33.03854714097822, -35.759531597372025, -31.286950650195838, -31.37305895431552, -31.980515023231508, -31.904145115870662, -30.670081628993646, -31.47143453979492], [-56.33585154724121, 