{"status": 0, "spectogram": [[-14.217973403081297, -22.07607181298733, -21.922634269222613, -24.003179095149036, -23.039652234271166, -22.33603607228398, -23.45759866927564, -22.451250350832936, -21.929571763217446, -20.869339558690786, -22.101589645773174, -22.67970571230352, -21.57101814815402, -21.67180390161276, -21.043553813576697, -21.59028601744771, -21.037723493233322, -21.51709847985208, -22.05984852708876, -23.167759274169804, -22.262312758877876, -21.38761627666652, -21.249366270825266, -21.832518081247805, -23.647348568692802, -22.441973472967742, -22.083848433449862, -22.02405381345749], [-22.910722085773944, -29.13013222926855, -31.769507098495957, -33.75393545430899, -29.623382227957247, -30.520489397943017, -31.489989298641678, -29.3557037795186, -30.58548930209875, -26.861918193757532, -31.804167814791207, -37.16647987163067, -30.366614405810832, -26.861284286022187, -32.07953386223316, -28.229203852355475, -26.557400428354743, -30.47398055493832, -25.48235594201088, -29.18004316133261, -30.754069875597953, -27.147570129871365, -25.048195318579673, -29.336739618241786, -28.57802540308237, -29.188498544216156, -28.650686132729057, -29.836766287207606], [-27.148053852081297, -30.720130604505535, -33.7754433054924, -34.24348908734322, -30.582631282567977, -34.12730186843872, -34.46805199050903, -31.8663109767437, -32.26002396130562, -28.828363365411757, -34.10648905920982, -36.81287201309205, -34.01557819390297, -29.866640321731566, -35.131327515363694, -31.1447034842968, -29.51018376517296, -34.77828241205215, -27.82503219366074, -33.32892608356476, -34.15630262851715, -30.848497616767887, -28.630247560501097, -34.46747141337394, -32.572328587293626, -32.60642764663696, -33.6970525150299, -32.62916777205467], [-12.296312499999999, -17.4590625, -22.0528125, -22.3310625, -17.601374999999997, -21.3479375, -21.8930625, -19.049500000000002, -19.9280625, -16.009875, -21.0336875, -23.9429375, -21.195999999999998, -17.1734375, -22.164875000000002, -18.332500000000003, -16.8851875, -21.5165625, -16.9324375, -19.631875, -22.4434375, -19.326062500000003, -17.517875, -20.716875, -19.777187499999997, -20.59075, -20.155875, -20.6013125], [-18.02733318543434, -20.16630791425705, -28.736872220277785, -31.371015694856645, -21.171004430294037, -30.60078296542168, -30.770220533370974, -27.009076721668244, -26.58988933730125, -19.3124143538475, -27.255915961742403, -34.571399421215055, -27.42798709630966, -20.33497662329674, -29.432541222095495, -23.039655763387678, -19.10017245602608, -29.39296034836769, -18.871645022392276, -24.04013740468025, -27.0070843064785, -21.427145463943482, -19.4643324406147, -25.809369831323625, -22.697681621074675, -21.951038413047787, -24.627976759672165, -23.914110718727112], [-11.869397004127503, -17.559275899887083, -21.417462699413296, -22.098704332351687, -18.572499839305877, -22.85150813579559, -22.253007454872133, -19.500335464000703, -20.375661093235017, -18.21969014835358, -20.132688378334045, -25.334832223892214, -20.660945617198948, -18.205833134651183, -20.554644386768345, -18.83395592689514, -16.352804770946502, -19.322713138103484, -15.00708770799637, -18.33184679222107, -20.577695661067963, -19.431714160442354, -16.858713314533233, -20.48624097633362, -17.753158631801604, -17.216086347103122, -17.836334782123565, -19.627018405437468], [-24.227675419569014, -19.64415307283402, -28.485844288587565, -26.826199850320815, -20.926009916305542, -25.71214296460152, -27.25189571261406, -23.662795458316804, -23.38152040791511, -18.343169103622436, -26.18617331790924, -31.83926468706131, -25.03911857366562, -17.534730256795882, -25.430235071897506, -20.455276419162754, -17.117854298353194, -27.79415573358536, -16.434583878755568, -21.347828916072846, -25.131124539136884, -22.47775597238541, -18.45044119143486, -22.960667683124544, -20.928550606966017, -22.613640564203262, -24.183141770124436, -23.620285068273546], [-14.54971436214447, -16.43666708278656, -22.194290196418763, -21.377942453384403, -17.568826867103578, -19.989306502342224, -21.117624362945556, -19.186475971221927, -18.441017808914182, -16.36853949260712, -17.25897768974304, -24.242298977851867, -18.714357202529904, -14.68365438270569, -17.81790932273865, -16.722021224021912, -14.81097420501709, -19.37138814353943, -15.054005683898927, -18.004126826286317, -20.676236514091492, -21.01041925811768, -20.272604821205142, -21.198590868949893, -18.769697068214416, -20.03388496398926, -20.532949049949643, -17.87036056804657], [-18.239954408168792, -16.55993965101242, -17.859374435424805, -17.26480275249481, -16.294965997695922, -18.538427898406983, -19.691678225517272, -18.87956273126602, -18.887653377056118, -19.00425304222107, -18.353063628673553, -20.8854453163147, -19.125447317123413, -20.27412039041519, -19.952492661952974, -19.18090452337265, -20.609898174285888, -19.503305413246157, -23.290122328281406, -23.04704865694046, -25.037064740657804, -29.812611736297608, -29.291549413204194, -27.021583102703097, -27.14523659992218, -29.600450234413145, -27.399511138439177, -25.364271310806277], [-38.78571823453904, -38.582973278522495, -37.54153627490998, -35.324903759479525, -37.027145534515384, -37.55918921136856, -37.09469025564194, -39.87491651058197, -43.30137468719482, -36.2063143606186, -37.10580204391479, -34.97130550575257, -39.775800341606136, -37.79470214557648, -39.92206936073303, -36.23197024059296, -35.92332181024551, -36.1862678937912, -38.30997742509842, -38.938474317550664, -42.83106302690506, -42.18472831392289, -38.992430947303774, -38.587305217266085, -41.32077615642548, -44.4461772646904, -35.279873160362236, -39.55875948047638], [-36.259375, -40.195750000000004, -40.383875, -39.61, -40.7156875, -41.808437500000004, -43.851124999999996, -48.325687499999994, -45.0145, -46.1706875, -38.7795625, -40.13975000000001, -41.518125, -43.313562499999996, -40.209500000000006, -41.5794375, -44.0233125, -40.91550000000001, -43.8086875, -43.5594375, -43.6790625, -53.6784375, -46.48287499999999, -45.9185, -47.721937499999996, -51.500375, -51.5918125, -47.8739375], [-40.133055043697354, -41.34101624155045, -44.90107581043244, -43.48323660850526, -44.98949279356002, -46.02084271526337, -43.767781057834625, -53.12879761600494, -46.34907323265076, -47.23020127344131, -40.9683994808197, -41.03822497367859, -42.79089680862427, -47.4863294801712, -41.595031040668495, -42.62704124212265, -44.34047420024872, -41.880762776851654, -45.00218940925598, -45.28937331199646, -48.93929714441299, -52.71630152988433, -50.522367026805874, -50.21277132797241, -55.420909504890446, -52.076943511962895, -52.3136311621666, -53.69007095813752], [-41.71788026762009, -40.78334533262253, -40.46740776443481, -41.94541754007339, -42.214783543586734, -44.454221990108486, -43.56622171258926, -45.45108868026733, -44.444315002918245, -43.6079296131134, -41.422616589069364, -41.51924891376496, -40.51613438558579, -40.02652833604813, -39.4145265250206, -39.874144186973574, -38.77209256744385, -38.930803736686705, -42.727493414402005, -43.56911027050019, -46.21766206359864, -50.51345790910721, -48.07870791101456, -48.643607929229745, -50.744661248207095, -48.650642372131344, -50.067145112991334, -51.82282280445099], [-45.13708322048188, -43.31721246242523, -45.664583998680115, -38.88909271812439, -38.595075664520266, -41.48177868938446, -38.041843622207644, -45.34643433380127, -43.67813979244232, -38.160942474365235, -35.4502480096817, -37.75942218494415, -34.71247124290466, -35.35641806602478, -36.46054061317444, -33.86896398448944, -35.16557240200043, -34.87826500225067, -41.882517823219295, -39.89352614021301, -42.368564778327936, -42.775841775894165, -47.70978071689606, -45.41155563163757, -44.891744908332825, -41.79503356647491, -44.047909482002254, -43.11532917022706], [-54.9276974620819, -52.08584137153626, -50.41634337425232, -45.172771379470824, -50.25222314548492, -51.09676082515716, -53.3920098733902, -56.378565590858464, -53.14217693138123, -53.32904114055634, -46.97854326915741, 