{"status": 1, "spectogram": [[-16.495687521174553, -19.938259077593685, -16.16382154354453, -16.1863483094424, -15.0363839494735, -16.353901849225164, -15.801776845678686, -15.16396434226632, -12.303705370768904, -14.981294669225813, -12.548294651105998, -12.789214305192232, -14.133384019121529, -14.180517929881812, -13.289455443903805, -14.538196484714748, -14.557491195067765, -14.353026855602861, -14.197151830002664, -15.319776861593127, -15.165196489781142, -14.260151830300691, -15.600339309483767, -14.78083934700489, -15.321375030487777, -14.427723227128386, -16.313098235592246, -15.778107179313896], [-13.704134241759776, -21.975902018129826, -16.81702676230669, -11.180438031375408, -8.344321678161622, -10.980911116719247, -9.182660926103592, -9.116750285744667, -7.338357543826103, -5.766687721550465, -5.743625378370285, -6.628294829189777, -10.65507179427147, -8.816178704619407, -9.719116308748722, -11.805679198265075, -10.932125284194946, -9.829911065578461, -9.60478581869602, -10.752027115762234, -10.740160987854004, -9.78972334843874, -9.104348512113095, -11.856866349875926, -11.063973576843738, -11.227741130530834, -11.099616185367108, -9.442000452280045], [-23.749446497917177, -29.31847430491447, -26.300474405527115, -19.062312557935716, -17.081811190366746, -18.31690154719353, -17.298276036977768, -16.220205371141432, -18.240964623451234, -15.476097698450086, -10.783847680330275, -12.980918015241624, -14.870473993539811, -17.105704510927204, -16.77251848554611, -18.039518205165862, -17.633125178337096, -16.826866324186323, -17.723551615238186, -16.17815216946602, -20.143830317735674, -18.497802343845365, -18.56605311822891, -19.72833049988747, -17.439401769399645, -21.353080750703814, -21.14845530295372, -19.097794558763503], [-29.73225, -31.548625, -29.2994375, -21.2511875, -21.264625000000002, -21.5029375, -18.615000000000002, -15.850874999999998, -14.0621875, -13.870312499999999, -12.315, -14.7085625, -14.7286875, -16.878999999999998, -17.5453125, -17.9809375, -17.912062499999998, -17.831625, -21.283499999999997, -17.878625, -23.0945, -21.220875, -21.282562499999997, -20.7265, -18.1115, -20.735500000000002, -23.065625, -21.794625], [-23.57126756954193, -22.416972258806226, -28.270975876092912, -19.133071892261505, -18.236723423242566, -16.614498910427095, -14.558124458312989, -11.586222819089889, -10.157572117328643, -8.290080763101578, -4.684829856157303, -8.255991140127183, -11.41902705168724, -10.680749921798707, -10.853562440156937, -11.731116041898728, -13.333045379400254, -15.845107532024382, -14.951607739448548, -15.671571526050567, -16.213768057346343, -16.351652926206587, -14.61590152335167, -14.862008305311202, -12.171258917093276, -14.26612537765503, -17.184687685728072, -16.217830196619033], [-37.06730690479279, -33.07765705013275, -32.72409195184707, -30.47137201118469, -24.95676532649994, -27.340480169296264, -24.07654149007797, -20.66940037870407, -15.817544461727142, -16.250241263866425, -12.918492497920989, -16.371204317569735, -18.087239212512973, -19.58262333011627, -20.510687385082246, -23.375792108058928, -22.883312341213227, -22.191167291164398, -23.101041921138766, -21.74918437433243, -24.406381753444673, -24.723469112873076, -23.863785461425785, -23.964184903621675, -21.055238413333893, -22.58338267660141, -24.652131988048556, -24.2826231174469], [-30.64308468556404, -26.963053092002866, -30.523677126407623, -28.60476002669334, -28.456772365093233, -26.349328537225723, -26.01951688480377, -22.234303136348725, -17.336707524061204, -18.570787291526795, -13.568162115573882, -18.20728936004639, -18.644007757902145, -17.808087881565093, -21.17983971261978, -21.952641904830934, -23.297884491682055, -23.572371430873872, -24.574688482046124, -22.17587321472168, -25.95203712415695, -23.29366964888573, -23.87892021679878, -22.65910542297363, -21.319490162134173, -22.68835679769516, -23.652355780601503, -24.390801040649414], [-27.746106951713564, -26.76883771896362, -29.29627049922943, -34.328819171905515, -29.350015587806702, -30.23395757961273, -30.145455767631532, -23.371185179710388, -18.212939784049986, -19.115365906715393, -16.00361727619171, -20.49342476463318, -20.444145322799685, -21.66071312904358, -24.760527434349058, -24.43306875228882, -22.510018354415894, -24.311641706466673, -27.684015367507932, -24.30177789783477, -27.352685841560366, -28.66348961162567, -26.87849313640595, -24.526394077301028, -24.254570335388184, -27.23919723701477, -29.07575650119782, -29.188322631835938], [-27.72442803001404, -29.307438069820407, -32.85056186056137, -30.085035544395446, -26.14225022315979, -27.479103857994076, -24.899105094909665, -21.71208035707474, -15.96405260658264, -17.385848195552825, -13.131100106716156, -15.242822163581847, -19.79995414304733, -21.004543318271637, -18.41954391336441, -21.46772347307205, -21.37183388185501, -23.98967956352234, -21.37005299758911, -22.42459004020691, -22.556328618526457, -22.79776588153839, -22.699454068660735, -22.812285125732423, -20.371562141895293, -19.382562935352325, -23.84087453174591, -22.591471871852875], [-42.48089552688598, -39.894635997295374, -38.50319412708282, -38.50038327932357, -35.611210262298584, -36.178643363952645, -36.175768878936765, -36.10484819364548, -28.70020920944214, -28.088318806648257, -25.78256868362427, -29.23164907693863, -29.764285546302798, -31.032002946853638, -34.25237234783173, -35.61772892951965, -36.9809183101654, -34.723498223304745, -35.750997467994694, -36.95452154207229, -36.843015002250674, -35.756980852127064, -34.205354524612424, -32.843001081466674, -33.55392409229279, -32.05291080379486, -35.512719419956206, -34.22014079189301], [-44.511562500000004, -46.2653125, -40.451375, -45.6884375, -44.351312500000006, -44.066437500000006, -45.56925, -46.151624999999996, -37.5255, -37.1075625, -35.350125, -39.8438125, -40.719750000000005, -43.4351875, -45.1869375, -45.38925, -42.56462500000001, -46.526374999999994, -44.529624999999996, -48.9050625, -43.8750625, -45.2008125, -44.9111875, -46.4463125, -42.7006875, -44.89175, -46.2025, -44.359750000000005], [-49.624779641628265, -57.884129563331605, -49.48126010513305, -53.88477649450302, -50.819745728969565, -55.21893494081497, -53.38993639707565, -54.0153038187027, -44.01836664056778, -46.30439065170289, -45.839260813713075, -47.95978693675995, -51.846640211105345, -48.6230706205368, -51.60251074552536, -51.57694533491134, -49.32149926805496, -51.586003164291384, -52.00293706941605, -50.63415212965011, -53.809895263671876, -51.486302711486815, -50.78786726999283, -49.36987146711349, -53.47607482910156, -53.87442979145051, -54.71743356513977, -53.954134432315826], [-55.726258603572845, -62.29711691999436, -56.95780173492432, -57.7257692451477, -56.94411523580551, -56.778026807308194, -54.87690250062943, -58.360937211513516, -47.687705777645114, -46.635072202682494, -47.23625846242904, -51.97308035230637, -54.368226245403285, -55.166705886363985, -55.90295449972152, -55.31015065526962, -55.19215836524964, -56.9667425532341, -54.338491237163545, -55.47243654298782, -57.910328985691066, -57.4575439620018, -56.89685736083984, -57.877294913768765, -54.90800138759614, -56.45717855834961, -60.570055048942564, -61.82368660497666], [-58.20686669635773, -60.52633765983581, -56.97753215694427, -60.977516040802, -61.88774384307861, -56.34928068256378, -59.84920562744141, -61.388615855216976, -50.86937320137024, -52.18276746940613, -51.76545347881317, -52.52623277091979, -54.09722298908233, -53.2990712890625, -53.42588414478302, -55.152992398262015, -55.78112857437134, -59.24425050354004, -58.28143660449982, -56.98940072536468, -57.88689971065521, -60.67296130943298, -56.42246250343323, -57.821605916976935, -57.18825740337372, -58.316526755332944, -61.92334036827088, -59.59476900672912], [-48.467923285484304, -51.97776206111908, -49.02157584953308, -50.6698001909256, -50.44150502014159, -51.651081459045415, -50.51932398033142, -49.34105088901519, -41.20976291179657, -42.79322646617889, -42.981664737701415,