{"status": 0, "spectogram": [[-35.18506250838936, -42.95564266535639, -44.16814260289073, -43.66319628152251, -45.673758787766104, -45.518696329265836, -41.61494643250108, -42.262937528714545, -42.08772316519916, -37.51783025439083, -38.535392758488655, -39.736240875557066, -42.54608913627267, -42.41566947512329, -46.31754445852339, -44.115508760079734, -41.9909552886039, -45.49686599723995, -41.42667850449681, -43.73792833104729, -42.85477658422291, -40.772348117068404, -42.0225981233865, -42.062848163470626, -48.17916072237492, -41.22318748207391, -44.119375014543536, -38.42368744145334], [-0.6345892289876939, -0.9764642146825792, -1.02133922290802, -0.8169553293585777, -0.5501607160568238, -0.5379553373456001, -0.8601427919864655, -0.882499939918518, -0.8074642429351807, -0.5411517489552498, -0.7529017239212991, -1.025964227795601, -1.0248392299413682, -1.0342856516838073, -1.108910647392273, -1.1042499364614486, -1.0944463633298873, -1.1155981652140619, -1.0527231947779656, -1.2476696082949639, -1.3101517533659934, -1.1595267599225043, -1.1509017352461814, -1.294616006553173, -1.193053501367569, -1.4176249103546141, -1.4809374271035194, -1.322044570505619], [-31.52590123152733, -47.12358157753945, -49.535143286228184, -40.819768085956575, -40.53916906571388, -39.736437616109846, -40.53706277632714, -42.972597680330274, -39.741910578727726, -46.47384020805359, -44.54171349954606, -43.932009577512744, -46.7368727645874, -49.788393873691554, -47.62364365339279, -41.976142151355745, -45.929330202341085, -50.154411546230314, -42.5131600804329, -45.74877785420418, -42.01821466827393, -48.36989330244065, -45.80589256238938, -43.19987472248078, -40.50306158804894, -43.773900308370585, -42.97902492260933, -40.40459751439095], [-13.43975, -15.0729375, -15.617625, -17.112000000000002, -18.0979375, -17.011062499999998, -15.20375, -15.344125, -15.662812500000001, -15.5485625, -14.9631875, -15.453374999999998, -15.5591875, -15.105375, -15.0485, -15.2861875, -15.2555625, -16.187875, -17.4964375, -17.082187500000003, -17.2675, -17.3299375, -16.2274375, -15.382062499999998, -15.0629375, -14.59925, -15.3933125, -14.279124999999997], [-25.434442735910416, -33.39067679810524, -30.188800774335864, -24.23263854575157, -20.603673382043837, -23.913495758295056, -34.69443610191345, -31.592997763395314, -26.166862560272214, -22.526968900203705, -28.831657830953596, -30.86162263560295, -30.153899062156682, -31.971426334142688, -30.008488394737242, -31.546354878664012, -35.760302497625354, -30.43196170973778, -26.25146039032936, -27.700121756315234, -24.85188013458252, -24.597424460172654, -29.6479883184433, -34.14604304265976, -32.83187301516533, -35.31698961400986, -32.21967639899253, -38.378874672651285], [-27.94322034215927, -31.992401011943812, -35.777530995845794, -31.360525232791893, -29.925230772018434, -30.226686307430263, -32.92437515068053, -29.911033554077143, -33.22416841363907, -29.361061077594755, -31.844561510562897, -32.08825046730041, -35.62723136711121, -32.403746556282044, -31.751121872901916, -31.145732100486757, -30.53304485273361, -34.056401469707495, -31.672900675296788, -31.958180782318117, -31.22411787748337, -34.1563208990097, -32.59444694042206, -35.19370264863968, -32.319383786678316, -33.27510131311416, -37.1099766278267, -36.646186026096345], [-8.877321271419525, -9.417731119632721, -9.487668843507766, -9.555934804201126, -9.67450448203087, -8.00768440079689, -9.390561822652817, -8.950365053415299, -8.626632182836532, -8.211480122566222, -7.935793607473374, -9.556998655319214, -9.496668478727342, -9.89333845806122, -9.593213407993316, -9.214186579465867, -9.017410012722017, -9.288792937994003, -9.679166699171066, -10.382149317979813, -11.583854802131654, -11.204756204366683, -11.55363272070885, -11.425820614814757, -10.5235261490345, -10.921741544008256, -10.512740814447405, -10.03968730044365], [-30.809982959747312, -39.02379669189453, -42.56821148014068, -29.443640346527097, -31.935406020164493, -34.190830844879144, -29.942650309562683, -34.69286259555816, -39.94433687210083, -34.849032495498655, -35.531970803260805, -35.60070289421081, -36.71326622390747, -41.420055760383605, -34.734373308181766, -35.01548410415649, -34.98714897251129, -32.35575378990173, -36.002187922477724, -38.20261839962006, -32.332485496520995, -34.43645174121856, -38.45026242637634, -32.91255545806885, -36.76073147201538, -34.65433759498596, -32.508400462150576, -35.07819401359558], [-35.08531806564331, -34.10990105104446, -32.14052713155746, -33.20614921140671, -32.393633471012116, -34.687329533100126, -33.156706376552584, -32.00073244571686, -36.349810968875886, -31.196776205539706, -31.630902703762057, -31.236409805297853, -34.83375922346115, -34.52273032283783, -37.15554140615463, -31.01099184370041, -34.016544105052944, -35.95518806314468, -31.337374358177183, -33.7238209028244, -33.721989689350124, -35.14175043201447, -35.37018575048447, -35.58869574165344, -30.510999683380128, -31.664366117954252, -32.834551822662355, -34.90366912412643], [-26.210592004776, -25.916383524417878, -28.998003074169155, -30.57326781892776, -32.700604282855984, -27.141110171318054, -30.36266245317459, -28.102121565818788, -33.009865303039554, -28.01361503458023, -30.95554586982727, -28.778218257427213, -29.928609364032745, -29.436020574092865, -25.958776281833654, -30.568474591255193, -30.061073628902435, -28.791208081245422, -33.011389975070955, -31.364330975532535, -30.217897611141208, -34.2984888381958, -33.9177368927002, -28.243648320674893, -29.34845906829834, -26.775936018466947, -27.59787096214294, -28.021377908229827], [-29.1544375, -35.9760625, -30.9973125, -33.01475, -38.073062500000006, -32.0439375, -32.231625, -32.8505625, -34.2091875, -34.4644375, -35.313625, -35.3735625, -34.9254375, -35.676937499999994, -36.1223125, -35.8963125, -36.8261875, -34.472562499999995, -37.6899375, -37.0048125, -35.2314375, -35.5914375, -34.5318125, -34.609874999999995, -34.46825, -35.737875, -33.847875, -33.5349375], [-43.22606381988525, -50.18221373796463, -49.44902347564697, -47.77388972425461, -49.72348988866806, -46.084599726676934, -52.27878107976914, -49.158265860080725, -46.567462258815766, -45.254705424308774, -48.08482899093627, -52.74638310956954, -49.85255033063888, -47.134662062168125, -48.27072342777252, -50.12932047414779, -48.55357176733017, -45.62949548530578, -53.46848086261749, -48.03195944643021, -46.995942996501924, -49.067784455299375, -51.43354131889343, -45.06410246753692, -53.80961942052841, -48.97832137537003, -53.35643945741653, -52.905277451992035], [-46.42375880002976, -43.51177971410751, -43.013343563079836, -41.29696832275391, -39.8444850769043, -40.34386108684539, -44.73961137485503, -43.831733914375306, -44.42086101627349, -44.956242892742154, -43.29149562501907, -45.509520878791804, -45.58953115797043, -42.94596803760528, -46.86265621614456, -45.063709422588346, -44.85600359916687, -44.774673744678495, -43.00673635482788, -44.26902028465271, -53.79682117366791, -48.282368519306175, -45.297057051658626, -48.17134107494354, -48.484178998947144, -49.39531322336197, -46.30906201887131, -47.47677148151398], [-34.34772201824188, -34.58678628730774, -36.241595730781555, -37.509813507080075, -36.939070256233215, -35.74535096931457, -32.96554424190521, -34.28141894435883, -34.440924438476564, -36.43576253318787, -32.24439339828491, -36.83348585414887, -35.990467364311215, -35.72855913829804, -37.03112007904053, -36.625547014236446, -34.86471790409088, -36.25388438034057, -37.73157186603546, -37.94281959247589, -39.14014983558654, -37.55125521469117, -36.67494738101959, -34.5936470708847, -34.784862635612484, -34.98732123184203, -35.57944227409362, -36.022854761123654], [-43.1181145734787, -44.5972355298996, -45.41117134857178, -47.4688392419815, -46.87267586708069, -46.12252281093597, -43.55583296394348, -43.42016561794281, -43.863008956909184, -44.69598121738434, -42.654046892166136, -45.50427820968628, -44.682585155487054, -41.69197603416443, -46.03778903102875, 