{"status": 0, "spectogram": [[-29.144803538113834, -47.011053335189814, -46.453803328454484, -45.323633743986484, -49.76191047796607, -46.184330254897475, -48.24333001451195, -47.70599080999196, -50.094356984496116, -53.34724084804952, -53.02805342066287, -48.2705356850028, -51.186196210742, -51.24389267414808, -48.68039274162054, -49.64709813438356, -48.07604454796016, -49.74926766052842, -51.00101768407225, -52.182375026315455, -52.77981228138506, -47.24217853334547, -49.97680353781581, -52.24081223855913, -49.780071331441405, -52.20488365973532, -47.17913385884464, -44.5753124241382], [-1.2651072007417679, -1.8206784970760346, -1.6713034936189652, -1.7281427713632587, -2.1284284538030622, -2.1927231119275095, -3.2121606179475783, -3.210249874830246, -3.070696306467057, -3.17094634783268, -3.3858213459253315, -2.650624884605408, -2.297249877929687, -2.693741000711918, -2.8595535002946852, -2.9565624061226843, -2.6825713220834735, -2.687267761826515, -2.9154552913308143, -2.7388749363422393, -2.6667409713864325, -2.811303462982178, -3.242241003453732, -3.431598151385784, -3.1959195316433906, -3.22647308832407, -3.5750981361269947, -3.7391874348521235], [-30.59245392680168, -45.58291156101227, -44.43228734540939, -43.340258359193804, -47.04573156881332, -43.420973508596425, -43.57722266554832, -42.50041919350625, -45.666525929212575, -47.31932993721963, -45.75445546603203, -42.245330177545554, -45.63241108036041, -44.88832268095016, -44.63863493847847, -48.36982092475892, -42.73358927917481, -50.43233274960518, -47.051705765485764, -48.159099228620526, -47.22540261054039, -42.9121336505413, -46.80363447356224, -45.08584901738167, -45.62867852640152, -54.577430136203766, -41.18467900133133, -49.156955835580824], [-17.9946875, -16.884625, -16.826874999999998, -16.201875, -15.1701875, -16.357187500000002, -17.6644375, -16.199125000000002, -15.661875, -17.2965625, -17.520125, -15.726624999999999, -15.5595, -17.5756875, -17.765124999999998, -17.346375000000002, -16.4635, -16.8611875, -18.137375, -18.3100625, -16.871000000000002, -16.5529375, -18.471375000000002, -18.570625, -16.5231875, -16.181562500000002, -17.7255, -18.551937499999998], [-15.795886308908461, -28.88242534136772, -32.41867651486397, -34.85545379638671, -30.716550330877304, -32.24052408838272, -32.517711452245706, -34.45580084967613, -35.190203105449676, -33.099471122264866, -32.12315817093849, -30.68500561380386, -32.40070239019394, -31.539185015201568, -31.274059791564937, -34.52271210408211, -33.911765499830246, -41.1343214123249, -35.69300762271881, -33.567774806976324, -36.30598050427437, -31.907264660120006, -31.948890259027483, -33.1527030043602, -34.733301132440566, -33.80550596761704, -31.020005962371826, -32.07334567022323], [-23.187910714149474, -31.28352711725235, -30.782153559207913, -33.33487654018403, -30.54228396034241, -30.24187800693512, -31.113187231540678, -32.171785490036015, -35.02087268447876, -34.80939523983001, -33.42001805305481, -28.847974908351894, -34.39319545173645, -32.077124361991885, -30.246248732566833, -35.932170673847196, -30.916663136482242, -38.49106236219406, -35.00962475967407, -35.8740355501175, -40.814498438835145, -29.886293442249297, -35.33360687351226, -37.3497527294159, -33.93965166711807, -37.791906185150154, -31.525848413944246, -35.094501570701595], [-2.266741323709488, -1.5775174512863157, -1.3123301551342013, -1.5691341011524202, -1.6202604386806487, -2.1910454056262973, -2.844170083761215, -3.3444573438167566, -2.527698428630829, -1.274098281621933, -1.7653482501506805, -2.0562873158454895, -2.230957199335098, -1.5719370028972623, -2.0093119199275966, -2.6016969366073606, -2.3440726404190064, -2.052241724252701, -1.9600529303550718, -2.2975972874164583, -2.730991911649704, -3.2555011672973637, -3.1980620172023775, -3.3876062026023868, -3.8042780845165254, -4.059448297023773, -3.079196338653565, -3.6391687648296354], [-18.05003386306763, -29.079253563880922, -30.493380442619326, -29.417881712913516, -32.55026000118255, -26.499329548835753, -34.04020282268524, -29.11512366294861, -31.446759488105773, -33.52597316265106, -32.665349192619324, -25.655267555236815, -30.543108182907105, -29.60558297252655, -32.19939540290832, -36.02427764415741, -27.57172324848175, -37.426899197578436, -36.43627717876434, -34.45356520175934, -36.7282156124115, -28.476304864883424, -34.886682678222655, -34.649126129150396, -33.21969890022278, -37.470573066711424, -30.75088325405121, -33.66069658470153], [-30.78399017477036, -33.9985610203743, -37.40743509626388, -34.14607243919373, -34.35017395830154, -32.97686421632767, -35.89736607313156, -31.713064755916598, -34.3334323015213, -35.621510468006136, -34.091572844505315, -30.795312719821933, -31.926857686042787, -36.97317979431153, -36.47667848396301, -37.90212792396545, -34.728150249004365, -37.77038583517075, -34.540133230686195, -39.4030446715355, -37.10220753145218, -31.94587597465515, -41.31512926673889, -40.079719873905184, -36.54551963233948, -34.55735130643845, -33.823600306987764, -40.495108509063726], [-21.37343829870224, -22.73835394573212, -22.360666372776034, -20.418741725444796, -17.79329145908356, -21.097206960201262, -22.881081193447113, -17.89401636648178, -17.41918643951416, -21.657232089996334, -24.11822953796387, -19.082317066669464, -17.618497642040257, -24.353291613101955, -25.6064152340889, -22.631125740051267, -20.377476577281953, -21.240947410583498, -27.036251723766327, -27.29018902778625, -21.35321525669098, -19.77551369142532, -24.726380663394927, -27.295771026134492, -19.70236206817627, -18.480658972263335, -26.363334471702572, -28.75302861595154], [-28.2510625, -26.477125, -28.3176875, -27.0736875, -25.0935, -27.1824375, -29.267562499999997, -25.664625, -24.7841875, -28.07125, -29.3833125, -24.7095, -25.6433125, -29.8290625, -27.901875000000004, -28.7830625, -28.97725, -30.038999999999998, -28.6420625, -30.16675, -27.7973125, -28.451625, -30.182375, -32.564750000000004, -30.3484375, -29.64075, -29.136312499999995, -32.8241875], [-32.27944610404969, -40.26979599952697, -44.52485457277297, -42.5543870267868, -38.91438988256455, -39.79437560939788, -40.99249873256683, -40.685985415458674, -39.45703347826004, -43.25865961313247, -43.50747121906281, -37.34257289505005, -38.033259521484375, -42.358143457889554, -40.62595981025696, -43.18237219047546, -40.909533386230464, -46.761136208534246, -43.218757955551155, -43.29838282108307, -47.41312327718735, -38.58880789279938, -44.81266661071777, -43.3332774181366, -45.73461946105957, -39.686279922485355, -41.807263940811154, -46.759692819118506], [-26.27460386133194, -28.89460678815842, -29.620544781684877, -30.53750924873352, -32.00169755125046, -31.608178822040557, -32.66961668395996, -33.43902556610108, -34.17244711351394, -34.16744013404846, -32.73750083398819, -31.70303458452225, -33.32215184211731, -31.778723449707037, -31.920222622871403, -34.27248409795761, -33.88289375638962, -33.676438778877255, -33.74575132322312, -32.91261629104614, -35.805521008968356, -33.75367777585983, -34.4839282078743, -35.50791907501221, -36.112536318302155, -36.33581351757049, -33.444311369895935, -35.5691336479187], [-28.720278481483458, -29.207524343490597, -29.812088227272035, -29.02106214904785, -28.427729682922365, -29.44112737178802, -31.274064056396483, -30.657194311141964, -28.79231852531433, -29.521830993652344, -29.118079723358157, -28.423840006828307, -29.197838727951048, -31.814069329261784, -33.388130422592155, -31.97819900798797, -30.44368915367126, -31.105057238578798, -33.192049477577214, -34.662127992630005, -32.58880673885346, -31.717100269317626, -34.23128490924835, -35.83509681129456, -31.65845345020294, -30.923168595314024, -33.186534190177916, -35.64242485713959], [-41.42755336093902, -39.053495290756224, -39.3074949092865, -39.036398346900945, -38.069205147743226, -39.32585487556457, -43.74372886085509, -42.099018339157105, -40.008411169052124, -41.83448729228973, -42.103924373626704, -38.55546378326416, -38.925464471817016, 