{"status": 1, "spectogram": [[-19.44440188111365, -32.02638410054147, -32.42038414527476, -31.23165190403163, -30.520562612786886, -31.423678759098053, -31.817616205498574, -30.679616195186973, -29.93795540334284, -31.14325010612607, -30.458437619015577, -31.170705427125096, -31.54664300119877, -31.944777010068297, -32.03996451631188, -32.553169886693354, -32.63066099104285, -32.6544466612041, -32.925009141609074, -32.35655373674631, -32.4785895062387, -33.15718769086897, -33.038625246673824, -32.386339456498625, -32.521294754967094, -32.372634053632616, -33.67350911091268, -33.80076801031828], [-17.853429273843766, -25.795465197086333, -24.724777592003342, -23.721974082767964, -23.98978656411171, -24.787045388162134, -24.606982906222342, -26.848170674860476, -26.723411750197407, -25.51384911721945, -26.942536832809445, -24.548679382920263, -25.622616995751855, -26.808742117226124, -25.885241995990278, -25.195741892278193, -26.054563444912432, -24.560000705838206, -25.638250971078868, -25.594072470307346, -24.62369719541073, -25.514992077171804, -25.3373044167757, -25.930152725040912, -25.748858147978783, -24.89021510314941, -25.429652769625186, -25.240661715149876], [-17.519029144525526, -22.810326139450073, -22.093951215267182, -20.10219197010994, -20.807620720148087, -23.87122835564613, -21.494790211200716, -24.07034439659119, -24.102656866312024, -22.42691544771194, -23.952103284597396, -21.558870597600936, -23.008844137191772, -23.419924552202225, -23.839674676656724, -22.89047802090645, -23.23334421300888, -22.391040464401247, -21.935352883577348, -21.0179331073761, -21.697424350976945, -20.6330222659111, -22.303522605895996, -22.226031528234483, -20.919540188789366, -21.1985759806633, -20.83032586669922, -19.623450582027438], [-12.856875, -13.237749999999998, -12.137, -10.471687499999998, -11.1145, -12.837999999999997, -11.91925, -13.1659375, -13.2070625, -12.64825, -12.999125, -11.824375, -12.426437499999999, -13.033437499999998, -12.986625, -12.2635625, -12.488562499999999, -11.9225, -11.7006875, -11.249812499999999, -11.265375, -10.7529375, -11.918, -11.7545625, -11.1648125, -11.26375, -10.587812499999998, -10.198625], [-2.802202673196793, -3.0475773742198946, -2.3128899664878846, -1.3455419795513155, -1.0450329208374023, -2.263362760782242, -2.486488191366196, -2.8102020313739775, -3.040478880405426, -2.5876042022705077, -3.279978880882263, -2.6466937131881716, -2.799032660484314, -2.910291469335556, -3.1685413286685944, -2.8643898043632503, -2.7115146665573118, -2.657550613880158, -2.6215507478713986, -2.1458990547657013, -2.0693899397850037, -2.1061402616500855, -2.577389865875244, -2.6385506153106686, -2.4966223301887513, -2.5125776460170743, -2.777202758073807, -2.5673994433879854], [-15.491011499881745, -13.133447569847107, -12.713447823524476, -11.033251776695252, -11.721063931941986, -12.543491494655608, -12.748367545604706, -12.541848718166351, -12.748643524169921, -12.690117158412933, -12.284054203033445, -12.444555292129516, -12.123349114894868, -12.414188087940214, -12.514313109874726, -11.7697240691185, -11.774768520355224, -11.777893907546998, -11.60308173894882, -11.309278492450716, -11.1875011510849, -11.376689504146576, -11.850813593387603, -11.751251289367676, -11.643314390659333, -12.212519628524781, -12.398895029067992, -12.06680596446991], [-15.65801754140854, -13.753091121673584, -12.870216462135316, -13.08534227180481, -11.432796736001968, -12.071894226551057, -12.84902021074295, -12.223581300973892, -13.091492486715316, -13.073859079360961, -13.214420846223831, -13.306868425130844, -13.022903537988663, -12.559965495109557, -13.086090520858765, -14.016135713338851, -13.503697630405426, -14.321242904424668, -15.165555888652802, -14.440261387109757, -14.537484168052673, -14.718502603530885, -14.22600176525116, -14.398796522855758, -14.968940354585648, -14.23393974661827, -14.031252849578857, -15.277333858728408], [-19.123018374443056, -20.04005679035187, -18.420743967056275, -18.729075139045715, -18.230244735717775, -15.915268700599672, -18.58502134037018, -15.585457105636596, -16.94842185592651, -17.93606612968445, -17.669188873291017, -19.57753915691376, -17.98429715538025, -17.075367488861083, -17.097180464744568, -17.03051986026764, -16.458511053085328, -16.16910058403015, -16.931851446151732, -16.77662941837311, -14.63134144115448, -16.680781723022463, -15.475279405593872, -15.037762350082398, -15.597656698226928, -15.625477849960326, -16.675854066848757, -16.31568439769745], [-14.975947892189026, -14.054196998596193, -12.254509068965913, -12.72666027736664, -13.378624867439271, -12.409429486274718, -13.57086589193344, -13.05364388370514, -13.499072431564333, -14.118205537319184, -13.34745627450943, -14.24876765537262, -13.195946976661684, -12.822322273254395, -12.782822484016418, -13.864062970638276, -13.853152728557586, -14.28058080625534, -14.478080373287202, -14.28142834663391, -13.91153584098816, -14.407338696479798, -14.07171451950073, -14.582553901672362, -16.558918981075287, -16.097955256938935, -15.946142192840576, -17.933329321384427], [-29.488912425994872, -33.02656953859329, -33.64813226604461, -31.928761431694028, -34.368677845478054, -37.27958363103866, -36.383339553356166, -37.47920152187348, -36.966496640682216, -35.29141667079926, -37.17316558074952, -34.635867229461674, -37.272293390274044, -37.26703346300125, -40.18515678071976, -38.23987196397782, -38.723506032943725, -37.275149949073786, -36.0513373761177, -34.50885013580322, -36.67919435548782, -36.43151917886734, -36.090767868518824, -35.4009460349083, -34.70454566192627, -34.382161587238315, -36.42053840112686, -34.576691263198846], [-31.8079375, -36.662749999999996, -38.2294375, -36.110749999999996, -36.87875, -36.886125, -39.139687499999994, -36.732625, -37.355000000000004, -39.1001875, -39.364000000000004, -38.793437499999996, -38.1524375, -37.400999999999996, -39.32118749999999, -38.4155625, -38.033125, -37.7604375, -38.549687500000005, -38.8629375, -37.87625, -40.064499999999995, -38.67456249999999, -38.3145625, -39.166500000000006, -37.951875, -39.1755625, -39.5865], [-45.841311945915216, -53.93707404708862, -55.2021308350563, -47.5558915810585, -49.94148511981964, -52.43478486728669, -51.53434676504135, -50.55671414661408, -50.92339483356476, -54.18781075811386, -52.181373777389524, -51.90478783702851, -51.48571326828002, -51.66859786081314, -53.95747113561631, -52.15166217899323, -53.10065940093994, -51.139975827693945, -52.58610004091263, -51.18119968509674, -51.50789378643036, -50.11527052307128, -50.8407702255249, -51.91091954565048, -50.039798522472374, -51.50717043828965, -50.08486259460449, -47.89737820386887], [-42.32705258464813, -48.68821165084839, -49.693648411273955, -48.53963275671005, -48.26938290166855, -48.537224077701566, -48.67459774255752, -47.95269822406769, -48.63994672489166, -49.24684660196304, -48.59234950590134, -49.68263197469711, -47.80633160066605, -48.0278403596878, -49.028090916633616, -49.29266960000992, -48.95056371927261, -48.3036788187027, -48.090866407871246, -47.73376693153381, -47.407597611904144, -48.19342707443238, -48.22017831420899, -48.211846910953525, -48.91289011859894, -48.60084539747238, -49.20240830135346, -49.73475538015366], [-33.38689646530152, -35.64419739723206, -37.42519702529907, -35.90295400333404, -35.67615140247345, -35.9864020986557, -36.43540238857269, -36.816704804420475, -36.23573218345642, -36.99890268611908, -37.27021308135986, -38.193043520927425, -35.90666158103943, -36.800733018875114, -36.59154428577423, -36.674491890907284, -37.477786426544185, -37.26412506484985, -36.03650046539307, -36.00273179626465, -36.296205893516536, -36.794409969329834, -36.54784939289093, -37.82967929649353, -38.5294280204773, -38.32518677425384, -39.12368615818024, -40.58369385147094], [-47.70441144275666, -46.86477681159973, -48.3579614610672, -43.98558192443848, -43.339215266227725, -47.24284754943847, -43.22010160636901, -43.16619324684143, -43.64313000965119, -44.14052125263214, 