{"status": 0, "spectogram": [[-29.626892867684365, -46.529616075232624, -51.21792850208283, -53.74355347713828, -45.71691062316299, -45.66658022595942, -48.109580230548985, -47.883080282256, -49.92816952423751, -49.33248207366466, -49.55466949473322, -46.110098166897885, -49.04930348169804, -50.64715166275202, -52.61158917701245, -52.776892849147316, -53.86603559735417, -53.0027052205056, -51.83795526792109, -55.96204449816048, -51.95348200008273, -51.7069195086807, -52.9912945471257, -52.83522313363849, -52.18292836669087, -51.59546408963203, -53.57708930170536, -47.97777666430175], [-9.134697248339652, -17.126341399788856, -16.99802886480093, -17.13542166942358, -16.98986804133654, -16.568537662267687, -19.853975561439988, -20.681672115147116, -16.816242902100086, -15.73584988707304, -14.873349777638914, -15.679635603368283, -16.824537492036818, -16.42978743517399, -17.437037553191185, -19.932796807944776, -23.010136432945725, -23.77217212241888, -22.52060930275917, -23.81035962533951, -24.002011562526224, -22.777761346399785, -23.724323976874352, -23.925431054234508, -24.547886387884613, -24.041297014057637, -26.448797490775583, -24.6238596047163], [-12.48647115111351, -8.979756019353866, -9.310505969285964, -9.197452506303787, -9.332559599637985, -10.021755579710007, -8.617568773269653, -8.715425879955292, -10.141175256729126, -11.368112223386765, -12.287611983537673, -12.266710380077363, -12.17478218460083, -12.855398152112961, -12.969710860252379, -12.814059631586076, -12.472462076187135, -11.963248257160188, -11.871998328208923, -12.101024761915207, -13.03606002831459, -13.939890196800231, -13.804577972650529, -13.375667551755905, -13.394444632053377, -14.233257050275803, -13.726444460868837, -13.435810494661332], [-21.327749999999998, -32.201874999999994, -31.5390625, -30.319000000000003, -30.5754375, -32.762875, -28.230375000000002, -30.207937500000003, -31.910749999999997, -33.87925, -36.9141875, -35.9540625, -36.3029375, -37.622625, -37.326437500000004, -34.911249999999995, -34.9344375, -29.649625000000004, -29.02575, -33.68725, -35.333375000000004, -34.326125, -35.094375, -36.195750000000004, -31.804562499999996, -32.906375, -34.8239375, -32.908], [-31.245278702020645, -38.25001871490479, -35.31258124518395, -35.68398283052444, -31.906375527381893, -32.824287182331084, -24.9859109544754, -34.386143153667454, -43.549342038154606, -32.78450080728531, -32.65462560844421, -30.64196411037445, -34.005213740348815, -37.15109009885788, -36.321965284347534, -35.562178833007806, -36.49854460406304, -39.7874204108715, -39.33473433732986, -38.28298266124725, -37.31324113678933, -40.539474106550216, -40.25497402691842, -36.71423224687577, -40.41500963234901, -39.12996498584747, -43.63933987379074, -40.307893039703366], [-11.41724027109146, -9.030505168437957, -9.87337972688675, -9.400263878822326, -8.10785298538208, -7.307318054199218, -6.652816839218141, -5.9121561565399166, -5.757389415740967, -6.349113563060761, -7.081051620483398, -7.599408658027649, -8.546961468696594, -10.325372259140014, -11.561559234142303, -14.283745845794678, -18.501127978801726, -21.79748330926895, -21.1316706905365, -18.311288136959075, -16.14177154970169, -17.079093272686002, -18.979530177116395, -19.539547587394715, -23.354733763217926, -24.85412663602829, -21.449939993858337, -20.91935935163498], [-15.731626906871796, -11.027629002571105, -8.385566046953201, -8.438396285057069, -6.862208565473557, -8.893853513002394, -3.5541632943153383, -2.6126095943450927, -6.027004553318023, -10.051355158090592, -14.052918999195098, -15.95405317044258, -11.802496629476547, -16.180354889154433, -14.460853484392166, -13.03376240992546, -12.800098726511003, -11.83965007328987, -10.337274242162705, -10.35680306482315, -11.409242174863815, -12.744573199748993, -12.41482243156433, -12.4274825258255, -13.702935569524765, -14.193534002780915, -13.832722942590713, -12.880249241828919], [-26.31179835510254, -32.46328663444519, -26.202982876777646, -29.981294810295104, -26.227941048622128, -27.355747636795044, -23.903190825462342, -26.417492122650145, -33.53258779525757, -25.58418039131164, -33.14461405277253, -31.113851163864133, -29.20371379470825, -28.8321955909729, -34.73163476085663, -33.41046730041504, -22.442511909484864, -20.4167784948349, -17.804901144981383, -22.099654910087583, -28.24425455379486, -27.83405250835419, -25.362422907829288, -23.318595618247986, -23.11557943248749, -23.55009614467621, -24.39541330909729, -22.715106403350827], [-29.889984228134153, -31.56649278640747, -24.63824645805359, -28.360719110965732, -26.6680135717392, -28.357104462623596, -22.13672958946228, -27.362850456237794, -28.25472015619278, -35.190477927207944, -36.11235451412201, -31.56754561185837, -30.635354057312014, -34.10764901590347, -31.515273861408232, -31.43742274951935, -28.40025876808167, -25.97777670955658, -22.790590601444244, -29.212632002830507, -30.5143488779068, -31.33195625591278, -30.071956169128416, -28.45358978509903, -27.757562962532045, -29.79327691745758, -31.2314618601799, -29.903275060653684], [-31.94565561676025, -28.23725931787491, -30.224076517105104, -29.878157202243806, -28.55052387714386, -31.17265812587738, -23.315224893093106, -26.071395739078522, -30.673016476154327, -32.20936869764328, -30.54867489051819, -34.908106569767, -32.93861664628982, -33.03746666526794, -34.03584284687042, -36.948811222553246, -30.65094459438324, -28.376448362350466, -22.97869598197937, -28.326003128051763, -30.003018075466155, -33.32148419427872, -31.156173924446104, -30.492014562606812, -27.055508569240573, -29.90968910121918, -29.221824492454527, -28.08780655145645], [-28.804250000000003, -31.46525, -31.933812500000002, -31.586812499999997, -28.0195625, -30.583000000000002, -28.30275, -26.576999999999998, -29.2345, -31.0068125, -32.7690625, -32.96825, -30.538874999999997, -34.0976875, -29.409875, -34.9776875, -36.9931875, -34.0269375, -31.4745625, -28.8053125, -33.650125, -35.410187500000006, -36.3989375, -35.1114375, -38.3986875, -40.315312500000005, -39.6931875, -37.939812499999995], [-41.1438864774704, -42.535243019104, -40.942876092910765, -44.85485452747345, -42.19336779356003, -41.02388104200364, -42.62294735717773, -43.362918470859526, -48.552992332458494, -41.99566824769973, -43.850551896572114, -41.233131823539736, -43.26865263938904, -44.07447095680237, -39.777533881664276, -45.59734793615341, -46.59821218204498, -45.38702493858337, -48.56551800060272, -49.65981011247635, -48.184284751415255, -49.13461257791519, -51.63624114274979, -46.79899727392196, -48.24527687215805, -46.499304422378536, -49.765236705303195, -52.113079205513], [-32.873821544647214, -31.967893595695497, -35.533330557346346, -35.681340178489684, -39.2131698641777, -39.08012389469147, -38.79156212663651, -40.93726697349548, -38.39017984199524, -43.78060813522339, -40.027545984745025, -39.42164557266235, -42.63048429203034, -43.629145384788515, -41.339456634044645, -40.827125131607055, -42.03128583908081, -39.013241320133204, -42.58392858219147, -46.570473068714136, -44.956463599205016, -40.47627524709702, -44.8574631023407, -43.21138333940506, -41.55754227209091, -44.35598244762421, -46.52129124879836, -46.3057836971283], [-26.75775116539001, -23.37499540615082, -25.717368683815003, -25.419647573471075, -22.49510329914093, -22.83555553245544, -24.281872260093692, -27.174942914009094, -26.249288122177123, -27.36042765426636, -25.713238625526426, -29.580006722450253, -27.68556111240387, -29.318285943984986, -24.129850029945374, -25.64789628791809, -31.187805522918705, -33.25730984973907, -33.83818586826324, -29.03916299247742, -29.94729471588135, -31.453773487091063, -37.783210923194886, -34.804505197525025, -35.679168745994566, -37.012106092452996, -35.12835663604736, -34.122560152053836], [-41.11675124931335, -45.10458761024475, -45.453395974159235, -44.87602369213104, -43.70276331329346, -46.80247954559326, -41.364101575851436, -41.842369327545164, -42.96623092842102, -40.53226774024964, -44.93358088588714, 