{"status": 1, "spectogram": [[-12.701955538019536, -22.07668787948787, -22.41150043398142, -23.131268255114556, -22.50761642302573, -21.4171342035681, -20.85007168096304, -22.058125248491763, -21.729598448947073, -23.330250343352557, -24.321062900677326, -23.301018241643906, -22.83358074696362, -22.515428869634867, -23.193303778380155, -25.67183967515826, -24.07946463340521, -22.55500921572745, -24.065571822494267, -24.63432179197669, -24.405125353842973, -23.63008957320452, -25.46952720214427, -24.513919995710253, -24.25944671818614, -24.580223525986078, -23.599973483338953, -23.95953604516387], [-24.276928961038593, -28.276874756574628, -26.734749549388887, -27.481249631404875, -29.00617813515663, -30.173606445074082, -29.178794061243536, -28.344830328643326, -28.005856773734088, -31.671901182711125, -32.70727606993914, -31.15210631942749, -30.98965084344148, -30.136329695284367, -31.302205221235752, -31.47091069853306, -29.853892433762553, -30.48968686836958, -31.238437020361424, -31.09395512586832, -29.682731820821765, -29.373758715569974, -30.731383758723737, -31.49799942922592, -33.08424040323496, -30.756874614834782, -30.802249444246293, -33.27002597409487], [-24.329145600318913, -36.731773195743564, -37.322334881544116, -35.1964326672554, -35.37842341208458, -37.80631646895409, -37.891879413604734, -37.05887145304679, -36.53486096429825, -42.18188829779625, -39.03363758015633, -37.32126108384133, -37.80024232840538, -36.87978917837143, -36.88979010820389, -38.66852279090881, -38.78297758316994, -36.31898502254486, -36.88386112880707, -36.985156083345416, -35.3407803299427, -37.21882561588288, -36.272575510501866, -38.963155100584025, -38.367108900070185, -38.36136966490746, -36.08899299597741, -39.72225275802612], [-24.913562499999998, -27.308937500000006, -26.5520625, -29.767874999999997, -33.2713125, -34.2795625, -30.3674375, -26.0105, -29.6294375, -34.123000000000005, -33.0174375, -32.2265625, -29.376625, -33.5245, -32.0374375, -32.1169375, -33.3701875, -34.4415625, -31.4560625, -33.29375, -32.898624999999996, -32.46625, -32.165687500000004, -32.97525, -37.9785, -33.485375000000005, -35.5928125, -36.69681249999999], [-20.445411608695984, -24.778134218931196, -24.49582250881195, -24.539286231040954, -35.931609904289246, -29.60882351970672, -30.068386225938795, -24.89687452840805, -29.35004662156105, -33.94682390785218, -30.812011026144024, -37.22161160182953, -27.86786832976341, -37.19477994847297, -29.920838456630705, -32.02366032123566, -32.2721620054245, -34.01818956875801, -34.00150118780136, -31.48581208539009, -37.881376587390896, -33.44115182900429, -35.11752705645561, -32.157456765890124, -30.559285822868347, -29.007813540220262, -30.953314072847363, -32.44725147247315], [-15.8474132437706, -17.94375919342041, -20.135133941650395, -17.261895101070404, -20.839731634616854, -20.5514671998024, -20.431651690483093, -16.153349957466126, -21.51239329957962, -23.84010825109482, -19.37723690748215, -26.3306512966156, -26.85272659778595, -25.12756191444397, -19.568063442230223, -19.92260861635208, -23.280365972518922, -23.64326809358597, -27.329016003131866, -21.514045819282533, -23.776072047710414, -23.288036614894867, -23.98553631067276, -25.636956438064573, -27.842477350234986, -21.760879294872282, -23.327379621028904, -27.450842768192288], [-36.21900766062736, -30.726087243795394, -31.6597280151844, -27.862418563127516, -32.57721196746826, -33.46936152863503, -33.25810964751244, -27.126037165880202, -26.94847133040428, -27.22148975586891, -25.89036920619011, -29.101269296646116, -28.821570192813873, -29.616830150842667, -24.697452644586562, -23.810667455911638, -25.174093160390854, -28.848710967779162, -26.32428699970246, -25.79022328019142, -27.11970324110985, -29.6618138256073, -27.06887971806526, -30.853949992418286, -26.653348401784896, -23.94130336523056, -26.795865546941755, -29.730337877273563], [-25.066375298500063, -24.223291593551636, -24.451732956886293, -24.703606831550598, -27.261292907714843, -28.161207817077635, -28.91513832378387, -22.479321593284606, -25.313482626914976, -21.687436236381537, -22.095124879837037, -22.469505122184753, -27.19974844169617, -26.20741567707062, -19.55735524177551, -20.021254282951354, -19.435800031661987, -27.580291425704957, -20.209242579460145, -24.614722001075748, -23.15009470081329, -25.653540535926822, -25.42866553592682, -33.3844150800705, -29.67676134967804, -22.1090990819931, -23.45209816455841, -26.140508471488953], [-27.5872605214119, -32.46221782302857, -33.80727851819992, -33.80314221000671, -31.32802854967117, -30.34561832666397, -32.32612055826188, -29.19621189928054, -31.313468876838684, -29.104413900375366, -30.07722698354721, -32.38760171937942, -31.327376463890076, -32.12015211820602, -27.020404008388518, -28.87224438905716, -29.82216335964203, -34.779331997394564, -28.666833091259, -34.8636975440979, -29.101629287719728, -34.135283931732175, -34.543724538326266, -37.020653214931485, -33.7411074552536, -37.00493680429459, -32.12056655454636, -35.0441370768547], [-35.25099180364609, -44.29618891716004, -41.15950590753556, -36.62867647886276, -37.57947804546356, -43.728786178112024, -42.466981447219844, -42.09332938623429, -37.75653508853913, -37.925930860996246, -35.07000185394287, -41.809020720958706, -37.18956934165955, -38.429357007503505, -39.64316851043701, -33.17554795408249, -33.470128255844116, -31.450287103176116, -30.543220344543457, -35.50965770292282, -34.60436156845093, -31.114915770530697, -34.52854239845276, -39.98161024332046, -36.273684458255765, -37.88489770126343, -33.40645416879654, -37.101073873519894], [-46.031875, -42.4019375, -40.035062499999995, -41.697374999999994, -40.336312500000005, -45.129437499999995, -46.379374999999996, -42.3521875, -42.3700625, -42.316937499999995, -42.060125, -43.843875, -41.034625000000005, -41.207750000000004, -43.0054375, -44.7941875, -41.7595, -41.613187499999995, -39.28874999999999, -40.1415625, -40.3248125, -40.608125, -42.384375, -42.447374999999994, -43.946124999999995, -42.988375, -43.537, -45.3945625], [-43.22606971931457, -42.55288566541672, -45.63413126802445, -42.94958992004395, -42.536125, -47.547505401134494, -47.35725925779343, -42.356881388664256, -45.18225427103043, -46.000290581226345, -43.321354790687565, -45.875483641624456, -42.56839942026138, -43.937127986431115, -44.12582124710083, -44.8881235408783, -44.147872104644776, -42.33300207662582, -42.62032193374634, -41.78590279340744, -45.39737419891357, -44.10964168787003, -44.018068660736084, -46.21419940519333, -44.3650964140892, -46.60612966585159, -46.71637638139725, -45.485037428379066], [-40.981087823867796, -40.49032063293457, -36.99769651603698, -38.805836630821226, -34.9348107790947, -40.71457921171188, -35.70870761632919, -37.208302168846124, -38.41567082643509, -37.53569822978973, -34.50651066446304, -37.597735374450686, -34.79885830879212, -38.85325016498565, -34.7287502708435, -35.634520017623906, -35.708499833107, -37.39495692205429, -35.966393861770634, -36.24820819425583, -39.82971602249145, -40.66284144878387, -40.26721622562409, -38.71369840431213, -37.64843938875198, -38.395317103862766, -38.24612503433227, -39.49152821969986], [-55.66491594791412, -63.639194600105284, -58.362073819160464, -60.837320954322806, -61.377277713775634, -63.23314433383942, -61.56871162605286, -63.14047773551941, -63.184098939895634, -62.01299589920045, -58.78592833423615, -60.42571198368072, -56.26125434970855, -54.75787801074981, -55.6200628376007, -54.30473588275909, -54.14724511528015, -51.903600444793696, -48.4246700925827, -47.60386419391632, -48.42308689689636, -47.048139146804814, -46.07957930850983, -46.99246838665009, -46.99761345767975, -46.79015665626525, -49.79640584945679, -44.920335758209234], [-38.227828323364264, -37.99546859169007, -39.651216768264774, -38.00944312381744, -44.586598317146304, -43.64676243495941, -41.439824560165405, -40.80890439701081, -41.88167184352874, -41.123842876434324, -36.62896778297424, -38.466296582221986, 