{"status": 0, "spectogram": [[-28.895035639435054, -47.210660620331765, -49.061848074063654, -48.51007117488981, -52.86596409490704, -51.5113479128927, -48.72653544998169, -46.486687376573684, -47.502696232676506, -47.26645535521209, -48.99995527441799, -47.76120523874462, -51.710410413533445, -51.91478548720479, -51.554535675048825, -48.088615942165255, -50.112785548836, -45.98069637048244, -49.597883719787006, -48.48055341520906, -47.673080303952105, -49.83176765307784, -48.518392673939466, -47.6317142046988, -48.906616029456245, -48.09431225515903, -43.602874864608054, -44.54300000503659], [-7.969553886175155, -6.674919641435147, -5.973044626891612, -5.9363481721282, -6.370205335795879, -6.342616035878658, -6.580678541064262, -6.24490177088976, -5.946517827391624, -5.62571423637867, -5.616589229464531, -5.467392791390419, -5.656723159253597, -5.659062441527844, -5.312374922633171, -5.262303488612175, -4.523116004288197, -3.5576248972415927, -3.320437383711338, -3.543374912381172, -3.8051695639491085, -3.796562403023243, -3.781562385141849, -3.765776690065861, -3.5203124113678936, -3.6045355882644654, -3.741223116338253, -3.8199284881353375], [-34.38362356996536, -46.74723278093338, -49.02948223590851, -45.79662479352951, -44.74102647852897, -45.37841776823998, -47.9465430252552, -47.61767668581009, -44.59225900864601, -48.297286392688754, -45.23353535938263, -50.66429521155357, -45.78932196807861, -45.495901935815816, -45.9850253136158, -42.76038370156288, -42.23245448994636, -41.77043668341636, -41.997123732566834, -45.57851830911636, -41.41898238325118, -43.83549894571304, -42.444998962879176, -44.40340941953659, -39.582489691495894, -43.82430218601226, -41.538616348981854, -43.77509669470787], [-16.203312500000003, -21.0404375, -20.393375, -18.8201875, -19.9005, -19.3098125, -19.741625, -20.584125, -19.4100625, -17.8895625, -17.6485, -16.9918125, -17.1755625, -17.152124999999998, -16.32, -15.5265625, -15.639375000000001, -13.47275, -12.658562499999999, -14.23075, -14.670937499999999, -13.930062500000002, -13.074312500000001, -13.884374999999999, -14.307375, -12.4259375, -13.8591875, -14.4323125], [-18.63688771414757, -19.809834450483326, -21.571084758043288, -28.12836320066452, -22.455424376726153, -25.637085903406142, -23.72408543038368, -21.925558081150054, -24.354085553884506, -27.681747314691542, -28.592122580289843, -32.278069999456406, -27.14684556865692, -28.6644085290432, -34.39959747266769, -31.46703408265114, -28.700846296787258, -40.897242381095886, -32.73036462593078, -37.08971436905861, -34.40486553764343, -42.1551444914341, -33.438704109668734, -35.30564253354073, -33.69911517190934, -30.275961785554884, -31.282024990558625, -37.832161154985435], [-30.334448581695554, -34.00936142730713, -37.09948325443268, -33.05624979114532, -33.07494034624099, -32.74029339551926, -35.89142049074172, -30.659733456611633, -31.435625339508057, -34.196566623210906, -32.70562750244141, -31.134222524166105, -29.064385231494903, -33.87051582717895, -30.520516336441037, -28.58343004703522, -27.372250841140747, -31.72525063419342, -26.561188332080842, -31.42484684228897, -27.733092371940614, -30.849294981479645, -25.394109380722043, -29.403697399139404, -26.37709060764313, -33.17735931539535, -27.709303787231445, -33.769668961048126], [-5.030709228038788, -5.234719075918198, -5.5347193734645845, -5.307703671693802, -5.290327357053757, -5.733113798856735, -5.767613567113877, -6.324674937725066, -6.4046849801540375, -5.5775787546634685, -5.538391614437103, -5.706177678585053, -5.312489695787431, -5.2946238040924065, -5.4602496109008785, -5.008571464538574, -4.42570447421074, -4.199134691953659, -4.484885374307632, -4.2176164424419404, -4.6132230656147, -4.731241618394852, -5.445742691278458, -4.457893502712249, -5.167901990175248, -5.94642174601555, -5.573920399904252, -5.065803689956665], [-34.002885033607484, -38.47627959251403, -36.1966618900299, -39.310998653411865, -36.17821194076538, -40.57661761760711, -34.96737006282807, -34.939076092720036, -41.805232685089116, -39.512426223754886, -36.725616812705994, -36.98495288944244, -34.5936168794632, -38.68863454246521, -34.1753340806961, -38.92273794651032, -34.37651460266113, -34.4862377614975, -30.64523952960968, -35.58380721378327, -34.093492782592776, -37.23347058010101, -31.771286411285402, -30.04963371181488, -29.75059092140198, -36.59008568000794, -36.82958421897888, -33.91587541389465], [-28.188686487674715, -37.41331179285049, -39.761813949108124, -41.82925869989395, -35.28266884660721, -38.04083364057541, -37.00733154153824, -36.631526120662684, -39.21340298604965, -36.669664954185485, -37.83759805059432, -38.359920900821685, -34.66382217884064, -40.75265368318558, -35.748903965473176, -36.46661820745468, -37.60282236289978, -33.72590197706222, -31.97277769994735, -40.91833122873306, -38.227277012348175, -37.1811356329918, -36.232757571697235, -36.42084881067276, -33.30509750413894, -35.12212722587586, -38.36949915409089, -34.715929712295534], [-28.300034924507145, -34.686897564888, -34.599332660198215, -26.909541550159453, -34.14631843042373, -30.97600969409943, -32.361823191165925, -32.953401996612556, -32.42158858823777, -31.03363196182251, -29.259509393692017, -28.645429472446438, -28.964991596221925, -29.056937708854676, -23.657569764137268, -23.622391574859616, -27.15748284196854, -19.03348515701294, -17.734112640380857, -21.930061576366423, -23.903344816684722, -21.55035807132721, -18.549299561023712, -20.607581765651705, -22.573740140438076, -18.738524559974667, -20.64908244371414, -22.976989181995393], [-37.500750000000004, -38.2204375, -33.9128125, -32.576625, -34.2856875, -35.32725, -36.085875, -35.03975, -38.07925, -33.298750000000005, -37.252, -36.10787499999999, -35.136812500000005, -36.87425, -34.90025, -35.3606875, -35.304562499999996, -29.002937499999998, -28.593875, -30.974062500000002, -31.79275, -34.998937500000004, -31.30075, -32.3111875, -31.485999999999997, -27.9696875, -31.7181875, -32.28], [-50.38859833621978, -51.91914277982712, -50.85709171962738, -49.314710345745084, -52.29408799695968, -53.5440812253952, -55.435260821819305, -52.13034159040451, -54.51009986114503, -50.70673583269119, -57.729102512836455, -52.57271057987213, -51.29184058332442, -58.6564140701294, -50.49867832660675, -50.91677496957779, -51.79362996339798, -50.00253005027771, -49.033473288059234, -52.32756360292435, -46.79845599412918, -51.08515848350525, -47.061227656841275, -49.956804974555965, -48.99687627601623, -50.332920218944544, -51.96310978317261, -55.10825303220749], [-42.40335842609405, -44.576769954681396, -47.40320779275895, -49.73557517051697, -49.864171373844144, -49.017045936107635, -49.877732587814336, -47.075902629375456, -49.66267181062698, -46.459742687702175, -49.48693218326569, -46.94920820569992, -49.046358063697824, -54.07443811845779, -43.72281652116776, -46.69130933189392, -44.322625916481016, -43.39606907892227, -43.46481684064865, -42.358453981399535, -41.338236216545106, -42.50848711776733, -43.003235724449155, -42.36163898134231, -42.9167915096283, -43.20484404277802, -43.586280640125274, -43.473174044132236], [-45.6709814119339, -43.00728458309174, -48.49960099029541, -48.934504435539246, -46.536565984725954, -45.86523507976532, -46.55504674911499, -48.696259990692134, -46.4521135225296, -45.829167944908136, -46.17460569763183, -44.63606616783142, -47.70345743942261, -48.162192024230954, -46.23019481468201, -50.036576064109795, -45.52399682426453, -48.36385021209717, -47.81904124736786, -46.61902976226806, -45.85260387611389, -45.65094363594055, -42.972505663871765, -46.97926563072205, -48.000790495872494, -45.83875835895538, -49.18644286346436, -47.93407101821899], [-50.91056070232391, -53.991127233505246, -53.20843135547638, -56.09390662193298, -54.48075820064545, -55.31752009868622, -55.54909144020081, -53.93036064434051, -52.88694010734558, -53.42816411399841, -52.99103708648681, -56.40770318126678, -54.917746580123904, -56.74439060592652, -54.53807800579071, 