{"status": 0, "spectogram": [[-20.76992817638815, -32.338796356417696, -32.88802846283511, -33.62076838722825, -32.85193677055897, -32.08259979409769, -31.01150326369796, -31.164715077698254, -31.739724885067165, -32.29143939079923, -32.88478621721268, -32.67020205721867, -32.31137321969564, -32.272102433641344, -32.159505633998904, -32.93898838506613, -34.41805854464609, -34.02448261281848, -33.30054839684096, -33.05271205344916, -32.976413688104984, -32.97224529761319, -33.88717429073614, -34.48609212792649, -35.11737547954917, -35.08960045223519, -36.433996540259415, -33.66949627673036], [-17.100560642515514, -27.571654493325827, -28.255149299711604, -28.949070182323457, -27.215085419358054, -23.994271667920827, -23.271496447658063, -23.960052763206594, -25.254421947873396, -27.759164538278874, -26.988588020682336, -25.801252091449083, -24.03741022414817, -24.294238568038374, -25.91729490013998, -26.302498841660384, -28.288295995476368, -30.867391444444657, -30.116605134146617, -28.910302949786132, -29.624251221732216, -30.090478450546456, -30.185467739460464, -29.716896748829853, -31.101445178151135, -35.95349267453306, -40.10067652681148, -37.21662047120343], [-16.492405276123087, -26.398062976991636, -26.993683585332334, -27.589495603561403, -25.358615056023243, -23.378233654060995, -24.52681761004959, -26.43612524800413, -28.412413794420033, -31.26886940623306, -30.039246350288394, -28.593384013059676, -27.147533019056148, -28.017504363021096, -30.33067419133884, -30.228774001968368, -32.89683207969232, -35.64972968053818, -34.39695056483178, -33.2389178332217, -34.2689246672222, -34.33411580748456, -34.498973152520605, -33.7793257936457, -35.79826508760452, -41.82630803371958, -45.16705425623436, -41.62890815248576], [-9.373249766722322, -13.249303573787213, -13.419374982118606, -13.826749999999999, -13.052285639762877, -13.251214374542236, -14.019089066505433, -15.40032176399231, -16.518714052200316, -18.179553579807283, -17.918625, -17.629910911083222, -17.22460709953308, -17.539267762184146, -18.614821577072142, -19.183303755760193, -20.881749027252198, -22.660875000000004, -22.079446020126344, -21.25753616142273, -21.489517796516417, -21.979107278823854, -22.5309643535614, -22.734946256637574, -24.076999999999998, -27.87016243171692, -32.180628513336174, -30.79263665771484], [-5.4910539381887125, -4.552985927963737, -6.816565417761681, -9.556073731422424, -8.459593605372328, -5.316194745958997, -4.2042919175089555, -4.862797619372126, -6.3592054263911635, -10.243378054618885, -9.550038283348085, -7.115520455905649, -4.842545031791119, -5.118449773165557, -7.172764615146535, -7.5884710202702905, -10.041133505587277, -12.976145968437196, -11.3220016339163, -9.614648319643663, -10.31752002014432, -10.734599321949252, -10.733657395586507, -10.435963498806471, -12.733163083553313, -20.27830795772768, -27.4416969924374, -20.610253693086296], [-18.589058947792818, -20.058785556302983, -18.309932018503797, -19.398403211593624, -17.688051956453922, -16.82909564733486, -19.7460613334419, -22.96835695726051, -25.16083081749487, -24.74149982102025, -24.087295976638792, -22.862014806310476, -23.973684552251513, -27.952679890846653, -33.456419083109054, -32.66434939913643, -38.35604121716349, -38.511001522064205, -36.87995648878638, -34.15564785345939, -35.87778522678289, -35.66563374647758, -32.55742831934816, -30.10003400010521, -27.70370583820343, -29.180483680140608, -30.450717924817752, -26.960297788800787], [-11.868881043806333, -16.54995608839452, -19.699968386581837, -19.00416555738449, -17.7593624919724, -17.419946302141184, -15.571424211521407, -14.45071609878588, -15.548972057050158, -19.668704940854028, -19.059308743953707, -16.600269074791157, -12.90492515511493, -12.0913296810945, -13.279252854619823, -13.3403901160296, -14.970748538171714, -17.436703197956085, -15.775014382050127, -13.96186688039815, -14.638950520174834, -15.089764571559705, -14.71995240353507, -14.156794100196915, -15.497129753589633, -21.54918274092352, -27.84218405987618, -31.379693160066726], [-10.788231418040185, -13.348355737109541, -16.60107766914354, -18.783669050216677, -17.755110493431026, -14.935947535582503, -13.489085910816517, -12.766070222466283, -13.04702338348055, -16.08983672998374, -15.462794971466064, -13.242274183615395, -10.586831134700464, -10.009012109716947, -10.91889334067548, -10.752319005790298, -11.998190993560305, -13.940100343704223, -12.832799201808463, -11.940328937803919, -12.479770655787856, -12.808102557844235, -12.612879761091694, -12.408384050563967, -13.641900585174561, -19.17713816569012, -23.38259720904083, -21.476004737666518], [-33.95486870003964, -35.66038911779195, -32.95384446247265, -31.891970659255982, -33.72897708931762, -36.184052950421304, -35.565474124636005, -32.91904378128027, -30.77190051065204, -28.84016379459546, -29.97605915737152, -34.03358586512732, -36.73770254033967, -35.41006118100965, -31.43520177358505, -31.42424026298525, -29.455415398812967, -29.040111948013305, -30.644358766439666, -32.17144516450463, -31.261672203998103, -31.714473400310517, -32.51418916122335, -33.72822959372469, -32.32232760429382, -30.769837633969047, -31.392818453534563, -34.24253620462943], [-34.54436995098276, -40.97009944940952, -43.225022730020584, -45.99221102905273, -44.90905971864427, -41.398576579016996, -39.68426017247467, -39.000258437876745, -39.6629963447634, -43.18252649867869, -41.614643014907834, -40.9247435224783, -36.84321493129611, -36.1762665924525, -37.67516156313393, -37.206241750562675, -39.10465300621221, -41.78535573196411, -39.65735754301615, -37.89380115808392, -38.536699092280955, -38.93230560189804, -39.38772641719581, -38.82195594081217, -41.15478738021851, -49.263832349868885, -53.778149208067454, -44.83417912229968], [-44.45871297459304, -45.76569642478228, -44.79980365300179, -45.187125, -45.421982061624526, -44.96700000190735, -44.60712523937225, -43.52276766109466, -43.15121408081055, -44.608964293479914, -43.207875, -43.954160719394686, -43.81601808071136, -43.657589289665225, -42.94824993324279, -42.66878559494019, -43.09341041374206, -43.97025, -42.489535251617426, -42.215785663604734, -42.30557140731811, -42.460964326858516, -42.86839323234558, -43.599749599456786, -44.995875, -46.36110634994506, -44.7639278717041, -44.83728654479981], [-46.08807813848603, -47.945604022363064, -48.05082670692038, -47.29573962593078, -47.86704816833314, -44.68138892690571, -44.37595143859282, -46.36929938082636, -46.034346204484244, -42.19068884939024, -44.00466946029663, -45.77628535675241, -42.11371900861842, -42.32508013678683, -45.18804291172395, -44.639766740137816, -42.528177625556786, -40.585619280815116, -42.57738867226226, -44.406429861692686, -43.92748810577402, -44.11874819806158, -45.62363313776094, -46.74598673329954, -45.93445579338074, -43.79761291079884, -44.45699099506065, -46.837644057771875], [-35.34181511245275, -36.783517119127865, -35.193250826674976, -34.2255755443573, -34.45517377539542, -35.41853867693311, -37.11816808622699, -37.14855985598708, -35.26037304669, -34.47055514452427, -35.205004308700566, -36.28468045384634, -36.58930411120899, -35.157416370508315, -33.88202541036034, -32.94929808885182, -32.96924602899661, -32.982342982292174, -33.3302897992814, -33.12427674087245, -33.19081254834548, -33.563009082366015, -34.66293250438105, -35.49297691859043, -37.18371780586243, -39.81610862535219, -44.17892310805976, -47.781321872927435], [-31.75948265808177, -33.03723316404648, -31.93483386110767, -32.38239529418945, -34.84818742084974, -35.17188684560799, -35.093748923982986, -35.04324383124538, -33.55564449527309, -32.07440950168848, -32.91076571083069, -34.74987575277963, -34.80701782539922, -34.40203950539421, -33.69025035019293, -32.4989917764859, -31.624116372401275, -30.515425350189208, -31.827016661974135, -32.506081579286224, -32.781742034308714, -32.87315547684261, -34.21934445799664, -34.885155606405895, -36.19933584403992, -35.59266322054234, -38.158071423822435, 