{"status": 0, "spectogram": [[-1.3653444780443544, -4.921112488974114, -5.094571700019496, -5.515125252991915, -6.090770742151204, -6.082732416284936, -5.99603343772584, -5.84442121704075, -5.755686491864679, -5.558303802647761, -5.5963216583132755, -5.731283429142774, -5.985609991306555, -5.950255304283024, -5.97595432023978, -5.915821716325624, -5.626147868222105, -5.277000234425068, -5.410084264429852, -5.503474777565929, -5.771387838570432, -6.163298914541397, -6.602637920356525, -6.806181162964935, -6.384982394129038, -5.748849940665544, -5.647658384392455, -6.046033133103531], [-12.661336663630546, -8.821505771447201, -8.9154241919031, -8.94930420958996, -9.045674063191115, -8.957676395545185, -9.725339861035344, -10.03129648712217, -10.265725064851791, -10.923041483212485, -11.530179354190825, -11.34635012144214, -10.823640912321135, -11.089873271338812, -10.475069582114402, -10.640487794464967, -10.840128320411864, -11.585625747799874, -11.411291866078717, -11.833648644359744, -11.161840703436397, -10.85896280785242, -12.504446688873397, -10.584092737154183, -10.822947083115578, -10.842724153479555, -11.568837680349542, -12.930421151105168], [-12.999271778490769, -26.959460942212424, -26.821675304867806, -27.635611714363097, -26.283011928188536, -25.00736350899807, -26.86988446277987, -28.64412927927275, -31.41397423292646, -29.928803089706324, -28.925611136436462, -29.477532516985672, -29.258297782051265, -30.97981720274337, -28.10448517220327, -27.08104386709151, -27.386489746948683, -30.07298671579361, -23.519583406304594, -27.90038780882854, -23.51937355295485, -22.200831700704594, -26.642571060053875, -23.764454147145678, -30.21721894168854, -23.758002547411884, -22.183526908504827, -21.351159114098703], [-10.962803485251964, -8.706553582072258, -9.077892968416213, -9.070875000000001, -10.609678812980652, -12.278838843584062, -13.677285779953003, -12.378911194324495, -12.319589152336121, -15.43189283657074, -15.30275, -14.258892792701722, -14.321375126838683, -14.257607045173646, -17.740324161529543, -23.025588601112368, -19.662099409103394, -16.7485, -15.450822946548463, -16.871231738090515, -16.03619589424133, -16.344017599105833, -16.17894642162323, -16.538430126190185, -16.866625, -13.12226649570465, -13.65451771259308, -15.695605792999267], [-9.291261948179633, -6.626752834641215, -6.400112216426367, -6.212497054100037, -6.92767083142731, -7.768346762924879, -9.37793342795179, -8.94222156820503, -9.647239049668137, -15.355172006626582, -16.827016191005708, -15.597369689474126, -12.648775409863886, -12.78844625901204, -13.958005108804915, -16.938608388472773, -17.29487070238359, -16.817014529705048, -17.484516468114624, -15.802436035798449, -15.001075852637289, -13.606641429483027, -14.194372472013804, -12.443577153731312, -15.601694145679474, -17.68831603622144, -21.42444062120098, -27.6810662399203], [-6.572299580383813, -13.15539248366997, -13.596110425411467, -13.686000129699707, -17.11044882860918, -16.310524666942325, -21.823744447912404, -20.272539505656482, -19.451092020968535, -21.943984068666662, -22.604625596046446, -19.631985437188103, -18.842288538445814, -19.766931386529503, -24.82581120261416, -24.750602224153692, -21.615885389676052, -24.77298473262787, -21.77701157636191, -26.05302950111726, -24.280656787951358, -21.10872109960015, -18.76266189213151, -17.072771048606956, -20.52071506500244, -17.48520842692045, -17.230577187674236, -16.889016634825516], [-12.237842474711226, -11.276237956937399, -12.70890035897126, -12.55510739135742, -12.770348465686077, -14.916573003949352, -13.199376959358023, -12.458357466970494, -13.816994895545795, -17.077901517206026, -18.350265770435332, -16.159803174213565, -14.108134773147937, -15.456042962657667, -19.78893573160607, -23.781288611003472, -21.47696875937951, -23.961605079650877, -22.17127397446616, -23.48726165057251, -22.247640244210416, -19.901596677401287, -18.294885639901388, -17.413609215334994, -19.316302681446075, -18.999978006820083, -20.819762228334383, -23.79491350978826], [-12.199964558320232, -15.514770647374846, -15.581319821038694, -15.790650575637818, -16.626732961820128, -12.517705825373302, -16.462195983516995, -17.26423037573768, -19.32983390669951, -22.91241290967316, -20.939044961929323, -22.091532315361018, -19.809981096092802, -19.575205296925862, -20.11493250360174, -22.464016718435758, -21.203079970515205, -24.096354419708252, -24.528730278272892, -28.44002709667171, -20.59014091763872, -19.370476619795316, -20.873331505989423, -17.0525979585233, -22.225634254455564, -21.376355580334494, -18.16822065483789, -16.709443591915768], [-29.537914504667192, -30.855393402739494, -33.7764137018579, -33.127269803047184, -30.53631844494268, -28.597328000754654, -29.257656091539072, -30.44089054530997, -31.35353518466543, -32.13880587299514, -30.865825284957886, -30.541373423936367, -28.03136950652412, -27.91699291723637, -31.289216404779317, -34.30323080070676, -31.46034256483768, -32.07880638408661, -30.199512617150326, -32.893199961797954, -34.06394380032242, -31.897871867178427, -31.563476066472646, -29.865328611024633, -33.776948765754696, -33.68538949865556, -35.969463805801254, -35.95693187567669], [-33.77019616558858, -32.93274080629754, -35.26140705128603, -33.265615596771234, -33.43662910892513, -31.508460991917403, -32.57415376565419, -33.69298460479748, -34.73957709682213, -35.47925928970257, -35.27307135581971, -32.97460487272336, -33.209827656689136, -34.69949749638085, -37.19896950552116, -39.21780850776481, -37.70690513447945, -38.08898647403718, -38.813554002296165, -38.480654766238665, -37.708434919472026, -35.51955765792529, -35.837052127681126, -35.25927541410415, -34.97770428943634, -38.51395539047766, -39.5839002894581, -42.02281562992145], [-44.277178235378116, -41.74203567004204, -44.13475028824806, -44.065625, -44.760732306003575, -42.64919594025612, -46.41560683012008, -48.60891111421585, -46.83505403232574, -48.35874956798554, -50.524625, -47.52655347681045, -48.176428981781, -48.95603584957122, -54.199677005767825, -51.43135731506348, -48.83178240203857, -47.3345, -49.75605162715911, -51.58037423610688, -47.96359110832214, -46.3859289779663, -50.88840931797027, -50.20348059749603, -47.534749999999995, -45.988980397224424, -47.23342861175537, -50.19037322425842], [-41.32548369007636, -43.822645485627376, -45.47816348587237, -45.091248735427854, -44.46227172761041, -45.072468830954016, -47.25669763482362, -52.1070221708983, -52.69442211544241, -58.382099723912035, -54.33840072154999, -53.18046810104469, -51.96005027899501, -52.617037350886136, -57.09973669373671, -54.502142169799434, -52.64550765392738, -54.87897445774079, -56.09430869799055, -56.05806817732255, -53.35895203224259, -54.740595421751465, -53.52619612748203, -57.15946156120012, -53.54630165576935, -51.49350110510299, -50.92898850075123, -50.859086168756214], [-35.970098688899995, -36.35433245644763, -37.15484292754836, -38.9757326631546, -36.01781968580961, -34.960118625942265, -38.35097222271741, -40.86848908184096, -43.054169677773075, -39.0823803278182, -42.71026929759979, -41.36186803241664, -42.51786483032795, -44.01294522960899, -41.98057653214944, -42.70210883031571, -41.20461042914082, -42.715089821815496, -42.56812458345743, -43.34163623805924, -43.96438383732928, -43.63951792430721, -44.77799096621315, -45.614070075173146, -42.87468043899536, -39.87776887021772, -38.70457228088425, -40.90983078298822], [-43.247186337128355, -42.88937466592439, -44.37548044723381, -48.19387383842468, -51.99406283189779, -52.991365788148606, -54.02112869479645, -54.471717335567035, -53.86511457270065, -54.52402905916732, -56.65026521492005, -55.99093313936333, -54.6405696893997, -49.59357822497303, -49.71761386404448, -46.391700309403795, -46.27505438518633, -48.12350011062622, -48.695139019772455, -47.69937977319816, -50.569266512888575, -50.82487227318899, -52.66698198828412, -56.796629476708446, -49.82220055961609, -51.16936819100427, -48.6294620349866, -46.13195543048036], 