{"status": 0, "spectogram": [[-3.693312594994903, -4.141294734880328, -4.328482231050731, -4.211562589183449, -3.5405090171545743, -2.7046340181380506, -2.78694651299715, -2.8842947289198637, -3.003009018555284, -3.053571522325277, -3.510321518570185, -3.478687589332462, -3.2927143800258634, -3.16111616499722, -3.419366159930825, -3.52702687163651, -3.498750087738037, -3.461910804748535, -3.5509108050763607, -3.648901874050498, -3.867687587216496, -4.144339368462562, -4.357214371263981, -4.47010723131895, -4.41425901414454, -4.358705441072583, -4.642142937242985, -5.005116150811315], [-13.44119621181488, -14.028714144825933, -14.385901591956616, -13.882124835014343, -13.35908912241459, -12.638464138150216, -13.031901567995547, -13.05874978542328, -13.075660515546799, -13.011758813679219, -13.441133754551412, -13.378499829411506, -13.326723038613796, -13.058580201566222, -13.190142672419547, -13.357999800801275, -13.176133758366106, -13.326723028600217, -13.426723008453848, -13.34487480354309, -13.498642672538757, -13.76136584287882, -14.149553333640098, -14.357910473704337, -14.177839047074318, -14.05114263188839, -14.276830098330972, -14.631722916424273], [-15.768178374290468, -13.881374659538269, -14.055999897956848, -13.684499889850617, -13.162428435325625, -12.89813374829292, -13.434633981466293, -13.261526798009873, -12.977633811712264, -13.254928216934204, -13.53230340719223, -12.957240801095962, -12.737544304609298, -12.60523181772232, -12.998732022285463, -13.237660685539247, -12.722955147981644, -12.72159805035591, -12.741160552501679, -12.785848088502883, -13.209660570144653, -13.668848321676254, -13.693223161935807, -13.553955296278, -13.524580341100693, -13.87242857027054, -13.764803697109222, -13.794553783893587], [-6.046625, -5.792999999999999, -5.2995, -5.175375, -4.727, -4.43825, -3.8699374999999994, -3.847625, -4.306624999999999, -5.525812499999999, -5.6001875, -5.219375, -5.138937500000001, -4.826125, -4.5028125, -4.1635625, -4.8239374999999995, -4.659249999999999, -4.5280000000000005, -4.420125, -5.058, -4.8826875, -5.6855, -5.616937500000001, -5.2133125, -5.2399375, -4.8671875, -4.8550625], [-6.246140604496002, -6.669487945795059, -7.459550753116608, -7.124488459825517, -6.6935687398910515, -6.347220474481582, -7.218721198797226, -7.21550676369667, -6.8937295627593995, -6.937657889366151, -7.743283117294311, -7.35417561006546, -6.857773647069932, -6.773809395074844, -7.660809966802596, -8.649756844758988, -7.74544370651245, -7.649014967441559, -8.029889873027802, -8.379033304214477, -8.94633693122864, -10.32326622724533, -10.12532823729515, -10.144747708797455, -10.191587364196776, -10.522016067504882, -11.098954133749007, -10.637677251815797], [-13.046760921001434, -15.097558592796325, -14.788995005130769, -14.373057291030884, -13.728066393375396, -13.485798845767974, -11.933734994888304, -12.635279700756074, -13.511816400051117, -14.960621026515959, -15.861120375156403, -16.058996148586274, -15.819853808879852, -15.685201773643495, -14.948325415611269, -14.523859971046448, -15.106174185276029, -15.015540101051329, -15.240664999961854, -15.144994861125944, -15.408200083732606, -15.353395468711854, -16.756521461486816, -17.11503943347931, -16.537762066364287, -16.023306440353394, -16.308805671691893, -16.658028760433197], [-15.489696454524994, -19.35247889637947, -20.469544448375704, -19.68341855573654, -18.78057899618149, -18.4295880215168, -18.320464909791944, -18.392661269903183, -18.660749554872513, -16.63706519293785, -18.000505496025085, -17.517228425741198, -17.154985951900482, -16.555048492670057, -17.43848903465271, -18.549186806678772, -18.38385479903221, -18.543560924053196, -18.75743592262268, -18.232498580694198, -18.433418258190155, -18.37417804312706, -20.720491729736327, -19.49162470078468, -19.535954837322237, -18.314776210308075, -18.001275553703305, -20.67588366174698], [-12.21270286655426, -8.530223977088928, -8.713533172607422, -9.124140634536744, -8.904355308532715, -8.449400473594666, -8.824710765838624, -9.348950982093811, -8.571970759391784, -10.550305143356322, -10.95492826271057, -9.500294341087342, -9.640821968078614, -8.967715486526489, -9.274775124549866, -10.429478841781616, -9.079794100761413, -9.253150904655456, -9.416275626182555, -9.426123056411743, -10.24923004722595, -11.716780897140502, -11.778407781600952, -11.587470721244813, -11.549942781448364, -11.341772828102112, -12.903020590782166, -12.009146080970762], [-24.107869945049284, -26.522761031627653, -27.119387450695037, -27.070271231651304, -26.75639605331421, -25.466922525882723, -25.602486012458805, -26.182146992683414, -26.15368204402924, -27.785876586914064, -29.49487793827057, -29.102368402957914, -29.014564242839814, -28.524430618286132, -28.59786930513382, -29.40564650440216, -28.748190311908722, -28.260074402809146, -29.73144954109192, -29.761655138492586, -30.452851564884185, -31.178566427707672, -32.49837852764129, -33.15986954927445, -33.04934308719635, -31.816753827095035, -33.48637908363342, -33.534638403415684], [-36.41830081987381, -34.45308439540864, -35.992393074512485, -35.675599815368656, -35.0537868590355, -33.65468087530136, -35.16261517810821, -35.57077541255951, -35.41087565469742, -34.87137205600739, -37.65255626153947, -35.93995940685272, -36.36015709877014, -35.022308232784276, -37.44292967653275, -37.5143041214943, -36.311949050426485, -36.05062694501876, -38.43787584924698, -37.422929155826566, -37.31906310176849, -38.41882888507843, -38.995579228401176, -39.821553469181055, -39.61351812314988, -39.37391917133332, -41.41385719919205, -41.50937295436859], [-39.1099375, -41.6969375, -41.066500000000005, -40.70162500000001, -41.0180625, -39.687687499999996, -39.4820625, -39.833312500000005, -40.17375, -40.90275, -41.8700625, -41.491625, -41.320625, -41.135125, -41.083937500000005, -41.860812499999994, -40.7361875, -40.832625, -42.136812500000005, -40.7685, -42.105375, -43.064375, -44.429812500000004, -45.165875, -44.599625, -44.008250000000004, -45.741625, -46.38875], [-40.68069859313964, -41.02331012678147, -41.75331077337265, -40.69367112874984, -40.62863234090805, -40.92276210975647, -40.05995074987412, -41.022021152973174, -41.938226414680486, -42.21822833156586, -41.859105085372924, -41.50814316368103, -41.71848005104064, -41.096819315910345, -41.299882017612454, -42.964441995620724, -40.87789068317414, -41.40455131816864, -41.61399118852616, -41.3970892534256, -43.43276463890076, -44.13164124965668, -44.5362634344101, -45.22513210058212, -44.15191061496735, -45.96996191883087, -48.367776388645176, -49.152376384735106], [-31.48048271751404, -30.20645522546768, -31.46176773834228, -32.36763321352005, -32.99239997243882, -31.157122997283935, -30.656811656475064, -30.945070391654966, -32.00515905475616, -34.62919325065613, -36.246192529678346, -35.2550857963562, -36.47934476518631, -34.73234386491776, -35.99509418821335, -36.37406851768493, -34.56308534908295, -34.45360378456116, -35.423041249752046, -34.206809807300566, -34.3742569975853, -35.84711461782456, -35.24080249977112, -37.8419537987709, -37.45843670797348, -35.85916018295288, -41.914222270488736, -41.625874711990356], [-44.138413393020635, -48.26347441005707, -48.280850121498105, -49.133590814590455, -49.397671069145204, -48.57961736392974, -48.56192951583863, -49.270321416854856, -48.9235006980896, -51.80643006706239, -52.54249433040619, -53.641280211448674, -53.112280339241025, -51.160733194351195, -51.731859884262086, -51.925154976844794, -51.751698524475096, -51.00047473239898, -52.44116334724426, -50.91019901657104, -52.57238517665863, -54.111010703086855, -53.880883553504944, -57.71606264781951, -56.60161827754974, -54.31143832302094, -58.81462859344482, -58.372444225311284], [-48.639456967353816, -53.74527925205231, -54.78977895259857, -52.715906624794, -50.215535437583924, -49.942864961624146, -48.8276770143509, -50.65039913749695, -49.614589371681205, -53.69660612201691, -54.219918012619026, -56.43730021762848, -55.36915864658356, 