{"status": 0, "spectogram": [[-12.455060016733345, -8.972727227409274, -8.865197896073362, -8.790776994183659, -8.654799910472667, -9.431506720810216, -9.300876469213435, -9.425078077809236, -9.524246337592292, -9.339227203908017, -9.35431268595159, -9.63673856472452, -9.229263053734691, -9.359473581908011, -9.70413151892502, -9.596873837252353, -9.086728721690736, -9.40809844057262, -9.23143745461744, -8.78755506861362, -9.147991505050241, -9.172922559968985, -9.238573318133854, -8.966500144485927, -8.725312712296844, -9.180332643497055, -9.24245565406124, -9.706844829897472], [-8.079311725961912, -13.351796968182738, -13.139799457092675, -12.81748307621479, -12.163233012471874, -12.496326193667183, -13.585176069487169, -12.686922439229802, -15.22661766831369, -16.103248640223423, -15.547527925550938, -13.681119690365964, -13.307601882984455, -13.211392242972902, -12.01671691038299, -11.705763500216069, -12.454989963263792, -12.357554362654685, -11.852354004321072, -13.757267342734078, -13.334233836824732, -12.970479078162679, -13.576403118724675, -14.079027737966591, -14.520206293046474, -15.461567347788066, -19.32376689301097, -22.474176164053834], [-20.233396555599498, -18.811822133633555, -19.219902337660557, -21.923115578413007, -21.073088493483258, -23.894741747924304, -23.446601707404174, -22.94351567568518, -19.160558101896974, -18.453631305451363, -19.653292000055313, -22.685246028097396, -21.442521481363308, -23.843050962463536, -26.45886610300631, -28.765125736712836, -23.03736595723204, -26.704831813573833, -25.397695413923824, -21.96602992986179, -25.04864255088764, -24.981865919158004, -26.11279865186116, -26.11672626083322, -24.06711611866951, -24.047838090702427, -22.424790780655435, -25.937386552829786], [-7.715749975323677, -9.27700890481472, -9.050357142448425, -7.9754375, -7.501955435276032, -8.546732441425323, -9.552268584251404, -9.111652063846588, -10.752902264595033, -14.588097942829132, -11.204125000000001, -8.815821063995362, -8.233267938613892, -7.915829755783081, -7.340321235656738, -6.714848336219788, -7.54895484828949, -7.1398125, -7.053696596145629, -6.951053480148316, -6.83399983215332, -7.0105261211395264, -6.931983089447021, -6.192481788635254, -7.4180625, -8.362421001434326, -13.525498445510864, -17.917652357101442], [-8.88151862130783, -13.263525447770022, -13.202549541663052, -12.757071729183199, -8.876351030982336, -10.801193531892574, -15.317323906354643, -10.327930128370978, -17.90738249000281, -21.39440232376654, -19.826395373344422, -14.01800092724405, -12.374908724045337, -14.733764052871113, -8.780405112422159, -9.569356596728186, -11.232331200408556, -12.333113114118575, -8.661309217415605, -15.196941668184136, -14.195506966686922, -11.680910159786384, -14.557283829273429, -13.476997293937137, -16.988204838991166, -19.052690184234848, -22.14627217779064, -19.24980836206045], [-13.042310275108795, -9.614936659100113, -8.98845061693862, -13.119792434692382, -10.017683557782423, -14.070779585352053, -15.136134508696372, -11.851426475485649, -11.514378587205915, -11.63340208043855, -13.071636404514312, -15.033701583668503, -11.893607469549963, -14.901678151880958, -15.354383155172648, -15.727522820910796, -12.207802951228194, -16.963953411102295, -12.559583116656977, -14.697400383433685, -17.4262516699821, -14.660046159201126, -18.887380414138036, -17.306135303991468, -16.446468646049496, -17.65773682830823, -16.20532136532514, -19.314028213569703], [-13.72900065642546, -16.173561395555097, -15.459096596922066, -12.631954726219178, -11.556955603331863, -10.944777494031895, -14.586725210045842, -12.90333461468381, -17.06196588167134, -21.630642883665196, -19.346735504388807, -14.196811020923942, -14.41751382261295, -13.271863015522765, -11.28339558783108, -9.417848840942035, -12.096920526375742, -10.910736135244369, -12.7708082973365, -13.77614196964756, -11.738934600779169, -12.54144842335188, -11.33785336637109, -10.271820820376321, -10.517404994487762, -12.859894256896993, -18.346536460154354, -24.660685625603517], [-18.695953148436814, -30.864010740314143, -28.66144463690316, -27.466531049728395, -23.683220805109087, -27.72666211663433, -29.561909841082635, -29.01068667878283, -32.43911088764458, -32.04230754447619, -30.245337780952454, -29.927372180236347, -28.93998977945496, -30.975146516116478, -26.864752156432772, -28.44132499905034, -27.480534616275445, -32.24328461360931, -24.328146230741797, -30.323284381242154, -32.972345945703445, -28.96542610606123, -30.912985612634394, -27.368606062261097, -29.10750088596344, -27.623626894581598, -32.16210486227871, -30.3833054776889], [-27.803396517164277, -36.62924782323839, -35.33744747671812, -36.141920599460605, -33.86906023885822, -38.8521854417522, -38.328781937208326, -37.06164280484385, -41.47743502146868, -39.567321006735696, -41.07932580900192, -39.33305445238191, -38.271602134226626, -39.36102781670472, -35.25343475222071, -37.94020534260392, -36.851617911874825, -38.569575206756596, -34.626378155249235, -38.12783739506503, -38.102553481289, -36.132501633965724, -38.0553336843096, -36.72679047879562, -40.09842251729965, -39.35593948272773, -40.034149619271446, -46.73980204769265], [-30.533288675321657, -41.7944133130313, -40.26163109338576, -42.587516020298004, -39.296198221439944, -43.560552932777746, -45.42071823643473, -40.20452332227893, -44.57759149814334, -40.47907498869657, -45.23147042131424, -44.771185876772044, -42.23051498476247, -44.42353707307026, -39.526319828459236, -40.0491241124778, -39.873597923419744, -43.295524981021885, -38.463773631844965, -45.28733690688249, -43.44346248450935, -40.03387488215414, -44.84408523679724, -41.1034016083366, -46.631270780563355, -46.35085819039305, -42.30648732292883, -47.48839892814097], [-32.011857026338575, -41.370366043448456, -41.95401780819893, -42.868562499999996, -41.91370537996292, -44.45837557077408, -44.36466919469833, -44.60395503568649, -43.91232146835328, -44.89096450233459, -46.9180625, -45.28225159072876, -44.71443836116791, -44.447589855194096, -44.003768741607665, -43.70161634349823, -44.24592871856689, -44.3906875, -41.265273789405825, -43.86444581031799, -43.67282062530518, -42.00770665550232, -43.786536476135254, -43.01549938964844, -45.508375, -47.11920603561401, -45.180564853668216, -47.64294413375855], [-33.01410788345881, -38.13437732072502, -35.63454361468938, -37.81835045051575, -37.80916733033344, -38.57158860660171, -39.378446285735244, -38.99641633699495, -39.58723418610416, -37.73209573407138, -37.51967644405365, -41.0113468227389, -38.229805114375445, -37.889497093148805, -37.139083298240976, -37.918735580189896, -39.71010755683042, -38.13934019422531, -35.297028650419506, -37.1097261262907, -38.11177871028518, -37.094663504893724, -38.82741178995678, -37.25563641240355, -40.39657369852066, -42.723171162198064, -43.941217292822955, -44.527187208905985], [-28.29970663594529, -29.750956013971425, -31.887157219536107, -30.13751528072357, -29.841999553972286, -33.773207671447466, -35.0481909120902, -35.62960212197656, -36.30890617334603, -36.94168532139932, -36.92130148124695, -36.95596884477257, -34.701370703171385, -36.83007868252922, -37.6649022182643, -37.72310471875292, -35.146281748440295, -38.03939180088043, -34.869206601873, -35.4925370959455, -38.2192651565223, -36.88557910170873, -38.49906210655316, -38.369945257428945, -41.38782213497162, -43.09639006669086, -44.70323362779151, -47.21607705760168], [-38.36066246026511, -37.65820232846057, -36.63255041482266, -37.12598636722565, -34.85839595803462, -37.47915433525608, -38.88572042472056, -39.336037268998695, -39.68328209472201, -40.22092369863941, -40.55004234790802, -41.65124417196043, -41.67460553507949, -41.12323798148433, -41.752935020232314, -40.701592359622, -39.262628424157825, -41.05606744766236, -41.49670800267313, -40.798722768121664, -41.76361150373667, -40.86950550338163, -42.55757992602131, -40.578147311189795, -42.770738863945006, -45.58976544062659, -50.744665361442955, -48.315109125803104], 