{"status": 0, "spectogram": [[-29.06421446052194, -27.544660988897085, -29.677473586425187, -29.652241391614076, -28.98343779574335, -29.9154021205157, -29.68883958929777, -29.640893145769837, -30.111161033898593, -28.957321740239856, -28.514821789979933, -27.327902072682974, -28.38248245680332, -28.535544904783368, -29.55516996662319, -26.168250229030846, -27.548107466876502, -26.371268118649724, -27.221205680564047, -27.850580734506245, -27.04258062796295, -27.915893210500478, -27.547393209517004, -26.554473553165792, -25.93640208478272, -26.1859646037519, -29.10565227167308, -26.246143146812916], [-19.72220507150888, -32.14436562305689, -32.06930357170105, -32.436446751952175, -32.851777174294, -32.000125450968746, -33.93943826061487, -35.0486529533267, -35.02799229854345, -31.59638410931825, -29.92507101666928, -30.05032974499464, -31.266285297155378, -31.478339273810384, -31.945839574933053, -30.369963644862175, -29.55687458872795, -28.676071184277532, -30.024946098089217, -29.199437252223497, -29.270642823934555, -30.111678404808046, -27.946803223371504, -28.605517253041263, -30.233079586923125, -29.283722372710706, -28.85803530538082, -29.350401268184186], [-26.94761969208717, -36.50946963644028, -37.877970714569095, -41.710472585678104, -37.3083733689785, -47.17983202886581, -39.13726710391044, -40.54051794171334, -46.99892187881469, -35.91203429865837, -33.072657135725024, -34.3773266787529, -34.39378257155418, -35.65997992300987, -40.12829446697234, -34.529595427036284, -32.46013905787468, -32.40286328077317, -32.17098811388016, -33.79108673405647, -34.75044448924064, -32.2047026257515, -28.92557623243332, -33.02442472863197, -34.300022802829744, -35.318344970226285, -35.49584554815293, -33.519317658185955], [-18.7749375, -27.5893125, -29.1275625, -28.090312499999996, -28.0388125, -28.664375000000007, -28.114875000000005, -27.867625, -27.4785, -30.02825, -30.354625, -30.135312499999998, -29.646062500000003, -30.070999999999998, -26.435375, -28.096625, -26.8545625, -26.6171875, -27.32375, -27.817, -25.720187499999998, -26.3340625, -25.014562499999997, -26.4020625, -29.186375, -31.017937500000002, -26.415, -26.991], [-16.03788283419609, -24.30510682821274, -18.95878989243507, -15.219628074407575, -14.291182075262068, -13.419493558883667, -14.518994201183318, -12.881027789592743, -12.28642979502678, -15.821948852300645, -27.300766076564788, -29.02641050195694, -23.532622139930726, -18.757146378278733, -13.496396165609362, -22.661952879190444, -23.764087334156034, -16.99842510461807, -18.229175333023072, -18.460450898408887, -15.177236196756361, -15.393952233076096, -20.10245449566841, -25.292107534408572, -28.7457055375576, -26.955178565979, -20.88992448949814, -24.574043536424636], [-16.712473071098326, -13.895769011974332, -10.781958181381224, -8.488360991954805, -8.043771718502045, -7.866548997879027, -8.48717384338379, -8.109594014644625, -8.427629957675933, -10.680682600498198, -16.3431798787117, -18.992964847087862, -17.576439319610596, -15.549208493232728, -12.658771914005278, -17.133617312431333, -17.170394025325777, -12.425056416988372, -12.623493498802185, -12.96849345779419, -10.933985420703888, -11.398199496746063, -12.62782428884506, -17.507116684913633, -19.878561781883235, -17.762535739421843, -14.970099727630616, -17.073357716083525], [-28.94873195385933, -28.475224248886107, -24.8712201461792, -21.7563818397522, -20.26888285541534, -19.66055346560478, -20.655927605867383, -18.1287420463562, -17.44793905735016, -21.106015877962115, -28.470450118541716, -28.781683535575866, -24.2607889585495, -22.22956595301628, -17.349321411848067, -24.45193215513229, -25.68039872455597, -20.659762503385544, -21.52082018327713, -22.26553450107574, -19.579879851341246, -20.445756320476534, -22.133386131286624, -26.90707249760628, -27.981696731090544, -23.792728161573407, -22.731845782995222, -24.678488740682603], [-23.921799206733706, -20.264435821533205, -16.80693886375427, -14.862736485481262, -15.111887989044188, -15.021835845947267, -14.377398446083069, -14.009238989830017, -14.554382363319398, -18.662050001144408, -24.135105553627014, -26.88698067188263, -26.16074210357666, -22.07352063846588, -17.7200226392746, -23.33351702022553, -22.82708800029755, -18.495082647323606, -20.05170552444458, -21.006786028862003, -17.837163628578185, -17.907939136505124, -20.49287546253204, -21.80798188114166, -24.386979065895083, -24.40900532531738, -20.23325806999207, -22.742461785316465], [-31.539233678817745, -34.37228664684296, -34.373607381343845, -31.984430324077607, -31.71236725234985, -30.899018924236294, -29.40901831960678, -28.529293976783748, -28.54316903305054, -29.625974556922912, -33.67759359741211, -34.53401923751831, -33.95530198431015, -33.55677083635331, -29.50308097076416, -33.53791410541535, -31.46201333665848, -28.739393113613133, -29.66470488929749, -29.77350954627991, -28.992253209590913, -27.275963750362397, -28.654084578037263, -32.51135686969757, -35.156855506896974, -34.8995155878067, -32.62633551931381, -34.333965783119204], [-36.08763982248306, -35.11012442302704, -37.88468143415451, -40.36125415086745, -40.24801351451874, -39.9199750585556, -38.968849317550664, -42.405766838073724, -42.66914951944351, -36.58548402786255, -32.57307024717331, -32.58964948749542, -34.91843446445465, -37.192244055747985, -39.93235316562652, -32.65255660057068, -32.55083794736861, -33.86324587821961, -32.64288456249237, -32.39102694225311, -34.131413107395176, -33.91687062931061, -31.451870185852048, -30.87373114776611, -30.715915511131286, -30.68236201286316, -32.84655699014663, -32.092526132583615], [-37.2103125, -42.18181249999999, -45.12925, -41.2485, -41.3440625, -39.476, -37.6100625, -35.405, -35.6265, -39.791687499999995, -41.2310625, -40.7128125, -44.3475, -43.68781249999999, -37.7658125, -39.049062500000005, -39.663125, -40.111875, -39.4490625, -41.005750000000006, -39.399249999999995, -39.2744375, -36.499812500000004, -37.1203125, -37.198375, -36.81725, -39.066, -38.765875], [-37.57696371555328, -41.100943780899044, -39.342265715122224, -38.14991441488266, -37.548878794193264, -36.83311978816986, -35.46968202352524, -34.752724038124086, -35.71342826414107, -37.10669060897827, -39.446741240024565, -39.85105147552491, -39.95535917949677, -38.28599228191375, -36.0051196308136, -37.69439351558686, -37.5866781835556, -35.037420431137086, -34.16147828340531, -34.55022112846375, -34.16326182746887, -34.098707193374636, -35.534011909961706, -37.67771830701828, -37.67852109861374, -37.296277366638186, -35.347973645687105, -37.53104955577851], [-42.04887991762161, -45.269637799263, -44.85513915348053, -42.63335516166687, -41.692131947994234, -41.282123908042905, -40.03718657922745, -38.80716083812713, -39.615714768409724, -41.235212284088135, -43.510271841526034, -42.931404630661014, -42.82321795034408, -41.08467511749267, -38.105114589214324, -39.88186997127533, -40.191566232681275, -37.60197806072235, -37.24991517972946, -37.946138360023504, -37.42097902393341, -37.9620860748291, -38.14046037769318, -39.508906150817864, -39.97433373355865, -37.526959680557255, -38.553708674430844, -39.48026261234284], [-40.75402294540405, -41.88343210029602, -43.432052017211916, -42.57390104961395, -41.84405366897583, -39.29765385723114, -37.413716592788695, -35.72210449695587, -36.345399871826174, -39.84307429695129, -44.977010619163515, -44.425439640998846, -45.629670876502985, -44.55412538719177, -38.970378656387325, -40.98739593887329, -42.35823384094239, -41.178757584571834, -39.62325887203217, -40.31476714134216, -40.43323076248169, -39.59087384605408, -40.520689433097836, -41.266012383460996, -41.83215546512604, -37.92174552249908, -39.83411724948883, -38.67440509319305], [-46.921055955886835, -50.376516456604, -49.50895238780976, -47.85405902004243, -45.92299920463562, -43.872768020629884, -42.444518081665045, -42.949600026130675, -45.513661321640015, -46.40117014217377, -45.636175183296196, -44.78915714740753, -46.10741520500183, -45.58242981147767, 