{"status": 0, "spectogram": [[-4.026202753249171, -2.2206046444658116, -2.4923559109340516, -2.6254107725024225, -2.780991133973002, -2.866169679077609, -2.878464317087615, -2.9325842279347847, -2.782742419931962, -2.7332322075963003, -2.824303627610207, -3.2458215542307904, -3.6741002066357424, -4.175417093914687, -4.303471979827297, -4.410877681066798, -4.400617463524244, -4.37640183530748, -5.113473255985551, -5.181962980592436, -5.295410941336837, -5.6685947586075995, -6.36825235030785, -6.437340691291251, -6.13737505376339, -5.732561197975462, -5.713653248211561, -5.650568473416748], [-11.402453456317291, -12.88846005417376, -12.078901428878305, -12.503106779098509, -12.4502534731736, -12.407256067992469, -13.254708601034421, -13.156114418698818, -13.609699895478027, -13.111697119086372, -13.277928190708161, -13.547845381175991, -13.830823318863391, -14.47243715775864, -14.419286640698813, -14.06149656846448, -14.713776617024628, -14.714490711510184, -15.582696327788486, -15.759184789318194, -15.532823403331696, -16.17186054367434, -16.94846652561304, -17.65318832807396, -18.16803533184528, -18.23216539409939, -18.058255623686083, -18.05927097199704], [-11.345950475358835, -15.585253608165953, -16.214443787282814, -16.05419759654999, -16.88516972906736, -17.799482181077042, -16.37051265712179, -16.469261131247652, -17.232673138302196, -17.979328147800754, -19.27646566915512, -20.630451975194774, -20.21172492711382, -22.653901880439413, -23.485943032760993, -23.959552901550104, -24.84785761568009, -24.209171242952348, -25.48822324838935, -27.32630605526847, -27.718553657337324, -28.30903673546178, -29.684017950199063, -29.701906301659015, -28.71067121243477, -26.526635907406536, -25.730970261685187, -23.626398967910955], [-5.507339172393084, -9.071339268803596, -9.810883865118027, -9.838625, -10.090098197221756, -10.28656236410141, -10.35814264678955, -10.123446290969849, -11.20654461145401, -10.82679433774948, -11.914375, -13.340759210586548, -12.74848082923889, -14.441356857299805, -14.928321308135988, -15.937598664283753, -16.267089344024658, -16.156062499999997, -17.424133707046508, -17.567312056541446, -18.052920446395877, -19.477614908218385, -20.544785064697265, -20.69707122802734, -22.012999999999998, -23.525910701751712, -22.125321060180664, -26.30076945304871], [-12.466228880346055, -10.18660034025567, -7.3759316569348075, -6.832412220478057, -8.14473997484906, -6.39434189727852, -10.81915173629824, -11.697567026162632, -12.639043561161651, -12.080966453065166, -10.641537012577055, -11.696601238075615, -11.749572693898207, -10.649023801988594, -10.239259371655349, -10.529760322673294, -10.873422813979646, -12.810911617279054, -13.051163045810283, -13.526584988817913, -12.784919566465806, -13.427006439656221, -14.303247871000115, -15.972607408523386, -17.244742079496387, -19.727419100265557, -23.989584733787286, -21.076340869865067], [-8.625327551405425, -11.683486791309056, -11.690775923821445, -13.319558812618258, -15.304491318994627, -14.990665081880534, -16.6437341069979, -18.523959071918508, -19.27766659423267, -18.659789062577513, -19.127871810913085, -19.419524311678792, -20.65337553520575, -19.895442877331597, -18.658917442555104, -18.995767882102715, -19.35329497039548, -18.497880351543426, -19.978985797814342, -19.53181920547901, -19.631467311263854, -19.798212107065993, -20.74923856554186, -20.577697747483327, -20.57454075574875, -22.005338471335214, -18.03912882301732, -21.408169438663073], [-14.430961064003576, -18.662516125859028, -16.63036327686126, -17.633489588499067, -16.442156608552292, -16.6030497292795, -16.7720950875035, -18.37453342241181, -19.285566373844407, -18.649183878186882, -19.46648835396767, -20.760371898924, -22.412703489944057, -22.920807960539697, -23.33504912185206, -21.53554615859605, -21.956166221647592, -20.901995697021487, -21.0886751166026, -21.44632173250188, -21.71627262076543, -21.367391823057307, -23.009422344207763, -22.252693343906234, -24.319995503902433, -25.719571588445362, -27.46049019755109, -26.930784904439005], [-22.08799353806494, -13.599339669795636, -12.815523372581918, -13.540800028800962, -14.061605078862609, -11.8634790878977, -15.641293545704102, -15.914536877534424, -16.109209210084565, -15.047318334162505, -14.2521676864624, -16.43327248244456, -17.20659769898998, -16.358773495810716, -15.3600468859378, -13.993060898257085, -15.87992781709059, -15.442953372955323, -15.004890898159385, -16.03399327208061, -15.723106730498868, -15.607098089431208, -16.581484266184212, -18.00316629791248, -19.77700712776184, -21.261766097340296, -22.856821278880176, -26.2374483537919], [-20.98293865516462, -25.193192399415445, -24.40511550573438, -24.16608054113388, -27.758501435683733, -27.071074388737273, -28.892172542396338, -27.87226401303768, -29.500882653859367, -29.769770520813694, -30.20942870235443, -33.35947554758623, -32.64390139131028, -31.835956413307606, -28.525184310728065, -27.214588294184374, -28.48952709855879, -28.671241790294644, -27.28846779076867, -29.23043174231729, -28.018711072561345, -28.32301940321598, -29.848083976978202, -31.312498187279505, -35.116902615070344, -39.15339023110429, -30.048838220644186, -32.72662809616308], [-30.670059294584266, -28.58742728199153, -30.523569001752513, -30.87603703403473, -35.42901194485836, -34.02544315906533, -36.966472826480576, -38.717457628787145, -34.009012968880455, -34.67971168397137, -34.16585546875, -37.12956049762446, -39.66587639807275, -38.200901599689885, -36.605351769505916, -34.67904320388832, -36.931543887243066, -34.71603330612182, -34.84133545742223, -35.125391316940366, -37.04324093930308, -36.187373689991844, -37.78234409258225, -38.02021157992585, -40.92365392589569, -36.74448252193627, -40.58692510798885, -40.763647919095035], [-39.044016606062655, -34.77555356562137, -35.94750009536743, -36.674062500000005, -38.10799111199379, -38.8393038072586, -43.747891773223884, -41.68116904735565, -48.22163408994675, -42.957828084468844, -40.16799999999999, -41.092598699569706, -48.93974443149567, -43.74697386837005, -40.455544180870056, -39.03392265796661, -41.516376026153566, -39.94825, -39.948509634017945, -40.27778636169434, -39.98543639564514, -39.67832557106018, -43.34492709350586, -43.70793749809265, -45.354625, -47.24619532394409, -44.34944551849365, -47.57571471595764], [-34.285569779883964, -37.31593344082267, -35.483650950383215, -35.69519977712631, -38.53263517667806, -42.1762329957728, -41.48953214617041, -46.346098585166445, -48.84813838143205, -45.00493365883473, -41.11405871915817, -41.29485159810703, -48.30296655263468, -43.513506254020285, -41.347538680465995, -41.13333502229547, -42.18825953504087, -41.978882149219515, -41.40736190497173, -41.54765367469078, -41.720735706550435, -43.5094807767583, -43.314196636150385, -44.28356930487451, -46.33686247777939, -47.84913660505919, -48.72628136093201, -48.55673832896013], [-33.50607730501256, -35.93608172307938, -31.73261332065711, -33.14733689498901, -36.83811380655423, -39.66117567597617, -43.356508580032624, -47.03879636483118, -42.197948703649026, -41.19767803992081, -35.68729330778122, -36.12736984530276, -42.89127780106692, -36.72767725358666, -38.62996161277921, -39.21620699578838, -40.6215516507567, -40.420863617420196, -38.90768167262152, -39.98847948646511, -41.61095122870559, -42.017504743730704, -43.70665541741302, -44.39888849977518, -44.58250641775131, -48.04413071976943, -48.22612665218182, -46.927513722060205], [-42.801056995321865, -46.57234315419557, -43.48460979856288, -46.02515146541595, -50.87811423380552, -52.40131312979561, -52.111252593955676, -59.22015187076747, -48.74735941729227, -48.30267485582549, -43.22909846591949, -45.15316868231244, -51.960500384158706, -46.84740988953247, -45.859707180841085, -46.710660279409296, -48.06909849016924, -46.3665555934906, -47.548785874678956, -47.86679098530166, -47.61516713882406, -48.7874066241711, -49.22088194568787, -47.938258268570266, -51.24561805438996, -52.83027184632376, 