{"status": 0, "spectogram": [[-12.795598545357585, -14.060795142725109, -14.289170139178633, -14.961107749164105, -15.349554204791785, -15.251527427747845, -15.750777480497955, -14.864232767611743, -15.206206004306674, -15.66144709455967, -15.122322013467551, -15.345938083633781, -15.09933091275394, -14.94604516644776, -15.284670203998687, -14.900161261975766, -15.543893458634615, -16.143741731211545, -16.246054238229988, -16.14546492874622, -15.038732675164939, -15.302393393635752, -14.903893329143525, -15.14327727432549, -15.00454510383308, -15.481821943730115, -14.845196906626224, -16.11683986327052], [-13.951838968038558, -11.658481907486916, -11.92560689151287, -11.272178417921065, -11.497053411722183, -11.904660578250883, -11.673910573124886, -11.793232001781464, -12.031624878168106, -12.415428451895714, -12.766115938007832, -12.928473041236401, -12.957106955766678, -13.297472974717618, -13.11478551030159, -13.17824984228611, -13.254410580039025, -13.418794515907763, -13.570107006549836, -13.702392692446708, -14.06582122516632, -14.244624768137932, -14.498874716997147, -14.902437196791173, -15.1036693302989, -14.48030331850052, -14.639428346514702, -14.973964111208916], [-12.247436896562576, -9.233499153137208, -8.854311577558517, -9.74348178577423, -10.104705015420913, -10.390098146677015, -9.845535551071167, -10.0770266020298, -10.669723127126693, -11.022580317735672, -11.540330241918564, -11.181526415109634, -11.18469594192505, -10.950767045497894, -11.159204761743545, -11.693624685764313, -12.015606948375702, -12.406348171949388, -12.43241058254242, -12.021624662399294, -11.923017301559447, -11.964936695814133, -11.846436386823656, -12.288534462451933, -12.304561164140699, -12.250838251113892, -12.95165100836754, -14.095758499860764], [-15.517875, -16.5115, -14.685375, -18.374187499999998, -18.186625, -20.047125, -19.541812500000002, -18.2785, -19.958562500000003, -20.3349375, -17.568625, -17.7989375, -17.624000000000002, -14.681249999999999, -15.443374999999998, -16.313875, -19.509375, -21.108, -18.945875, -19.0121875, -17.7313125, -16.863625, -14.168625, -14.520124999999998, -13.340375000000002, -14.635375, -15.791250000000002, -19.366625], [-14.118930903434753, -11.759882974386215, -11.466569647312165, -21.28985985660553, -21.185930881977082, -22.80139673089981, -25.509522004604342, -26.042914954662322, -28.3926747610569, -29.205844384670254, -22.578529635190968, -24.597421833276748, -22.824804728984837, -16.949819860458376, -18.50925898194313, -18.85901838064194, -25.8873957195282, -30.21373675060272, -22.939734194278714, -25.143894641399385, -22.616215102672577, -20.79720488667488, -16.114515773296354, -15.9956753115654, -14.911381901502608, -17.136524647951127, -19.304337593555452, -24.242821946144108], [-13.96712402153015, -19.31219133281708, -20.11843803024292, -19.006697707176208, -20.231412565231324, -21.245174112796782, -21.63798735904694, -21.156442239284516, -22.663577779769895, -25.160642385959626, -21.885199197769165, -23.504823148727418, -23.324758786678313, -23.73808444595337, -23.226462175369264, -22.946589509010316, -24.604568667888643, -24.527596817970274, -23.530154806613922, -24.37303819942474, -24.078704814434055, -22.833952899456026, -21.28176463317871, -21.687800830841063, -19.55779281949997, -23.917603984832766, -25.724168353557587, -25.674823344230653], [-18.02820192337036, -21.20468635034561, -21.61506257200241, -16.707593380451204, -16.87482522392273, -15.486912739276885, -16.01122584939003, -16.92713653302193, -17.353760873556137, -18.116296617269516, -18.710484344005582, -20.5499775788784, -22.288264319658282, -25.532561925411226, -23.016684726715088, -21.168075016498566, -20.3215026307106, -19.559153558015822, -20.48727916312218, -21.791156158685684, -22.965255536079408, -26.054730967760086, -28.83504388332367, -28.733585978746415, -27.99468313026428, -28.793381734848023, -27.998194624662403, -25.77311146402359], [-16.543400918006895, -11.315899082183837, -10.34752543640137, -10.382840545654297, -8.865385031700136, -11.964417902946472, -10.232043459892271, -11.022918257713318, -13.081300991058349, -14.534264936447142, -14.076828505516053, -11.95404605770111, -12.294190365791321, -12.251560743331908, -12.29762060260773, -13.48210859489441, -14.198669083595275, -15.585104204177856, -14.844043284416198, -12.80831383228302, -12.923619894981384, -12.705980177879333, -13.959171083450318, -14.870653924942015, -15.122465517997743, -15.083635240554807, -15.404882366180416, -19.115654147148135], [-26.662452569484714, -20.382310379981995, -21.09549708032608, -24.423715912818906, -25.320955214023588, -28.521202750682832, -27.671203823566437, -29.310033782005313, -33.3060222697258, -33.25583417034149, -34.10821168327332, -31.013100183010096, -29.618691545009607, -29.042060556411748, -28.871245548725128, -32.53101022958755, -34.18118646764756, -36.92405914640427, -36.30499791145325, -31.684225218296056, -30.754566311359405, -31.20214995765686, -30.41577431583405, -32.84884488868713, -33.31520140171051, -32.61980098676682, -30.973737708091736, -33.558019878387455], [-38.85488641691208, -26.578124900341034, -28.768625389575952, -30.939523098468783, -31.157316314697265, -33.13534942913056, -32.00872463798523, -33.084250969409936, -36.73300696849822, -38.902829088211064, -35.98195742988587, -36.19688877773285, -34.608356186866764, -32.9969798541069, -33.698599644184114, -36.14284467744827, -36.112438064575194, -37.84361209106445, -36.586616786003106, -33.27239792394638, -34.12596504020691, -33.04329071617126, -34.142916691780094, -35.987093047142025, -37.513335348129274, -34.50875502967835, -35.057878719329835, -39.162544123172765], [-41.049375, -36.6163125, -36.569937499999995, -37.875125, -39.1285, -38.566375, -40.20525, -42.2759375, -41.830625, -43.1365625, -43.0495, -43.930875, -44.403875, -43.67218750000001, -43.036500000000004, -46.0415625, -45.770937499999995, -43.1704375, -44.60325, -43.1201875, -43.9698125, -42.6905625, -42.091625, -43.5978125, -43.724187500000006, -43.875125, -43.87075, -43.839937500000005], [-43.526222023487094, -38.04640471029282, -38.180218330383305, -43.40311135339737, -42.54279062986374, -43.37960258769989, -43.47835190391541, -43.85883561134338, -45.28618502950669, -42.67602855443955, -46.4316496720314, -47.25364843320847, -48.70669226169586, -48.082547619342805, -49.20372927856446, -51.21621974897385, -48.03006986522675, -44.541321916580195, -45.78438200616836, -47.26973695707321, -46.50264922571182, -46.86238377141952, -46.432079286575316, -44.754720421791085, -45.103980065822604, -46.30805790424347, -45.60136989068985, -45.123322019577024], [-40.30191101551056, -33.20727070140839, -32.201208359241484, -36.09751887893677, -37.63692955017089, -39.84953806304931, -40.44222733259201, -41.526511032581325, -42.19435050344467, -41.66741574192048, -43.59016399478912, -44.203573692321775, -46.53961011981964, -49.321227678775784, -50.98472642660141, -47.79695958185196, -46.36778986740113, -45.81516585445405, -45.72591550064087, -49.01169115209579, -52.33728839492798, -50.76900380516052, -51.2338164229393, -48.743764106273645, -46.8635677113533, -46.99437002325058, -45.91474379777908, -46.694485442161564], [-45.798820924758914, -41.649995177268984, -39.5391819190979, -43.67458852005005, -44.21868737697601, -45.258849459648125, -45.842284555435185, -46.971922390937806, -48.67383294963837, -51.74216895389558, -51.08973445510865, -53.18134003829956, -55.215860416412355, -58.97544848632812, -57.33513244533539, -53.5977344532013, -55.72268089294434, -54.14252768230439, -52.35684302711487, -55.13847406482696, -56.74319637298584, -57.24454692935944, -57.43692034435272, -58.00658911705017, -55.56381139850616, -57.92873301887512, -58.53160699081421, -55.43057466125488], [-46.05743769359589, -46.84510778617858, -45.202979547500604, -46.01566257286072, -45.28248442840576, -46.33440387248993, -47.635715612411495, -48.27005440139771, -50.533804164886476, -54.5723581161499, -59.46341759777069, -59.07408919715881, 