{"status": 0, "spectogram": [[-15.605972326651163, -15.465999023644596, -15.909654612682601, -16.365536093771457, -16.335666297616402, -15.744112559563039, -15.55093785101814, -15.476557759621617, -15.318542483750356, -15.611986380807302, -16.054098602131006, -16.455473586821128, -16.89501812839507, -17.27403104223767, -17.94979820149806, -19.35390662119039, -20.702509949747327, -19.822072066664695, -19.05152997529173, -19.0169942170263, -18.490904478593407, -18.157121755791273, -17.92560244963242, -18.071979901855673, -17.74315227098763, -17.970648694661808, -18.34480269842336, -18.383580878481272], [-12.471556609306203, -12.029960914941462, -10.88733847043832, -9.924812724530696, -9.47328206871845, -9.407493820427643, -9.471390561692573, -9.645089570386066, -9.734351062943734, -9.537352255193545, -9.160893051862717, -8.979826660800963, -8.965788323784377, -9.025376239797307, -9.15809570901856, -9.25422065312643, -9.1973304186123, -8.982767794132233, -8.795372297926859, -8.782084137595433, -8.86262627145586, -8.76034692720494, -8.613545799369724, -8.408711849733258, -8.33694640302658, -8.588393058589519, -8.779263952363511, -8.807373698878042], [-24.719544840551958, -29.87016929954896, -24.948031381602295, -20.183626848697667, -18.53166994698193, -18.632276036272287, -19.489102790822816, -21.084067238729794, -22.124548093620525, -20.384662577969625, -18.241510651826857, -16.54260741029959, -15.231573904509522, -14.36302525940244, -13.760386877969806, -13.355649587811229, -12.694324958996033, -12.054714521884916, -12.138365497287616, -12.424611341257489, -12.191602140377901, -11.644208251228317, -11.485111099977944, -11.721316370234105, -12.421661188602448, -12.580383170439237, -12.652495343091534, -12.740889552607834], [-10.228509024628437, -11.536169687151908, -12.914098045945167, -14.444125, -14.666366058826446, -14.766785737991334, -14.479865959882737, -12.77437511396408, -11.740446599960327, -12.806687752246857, -14.039375, -14.291776707172394, -15.235294274330139, -16.961543814182278, -17.818598062038422, -18.005741251945494, -18.190419796943665, -18.185187499999998, -17.937785354614256, -17.115402049064635, -17.58855414199829, -13.634654790878294, -16.692983613967897, -17.99353548049927, -17.72625, -18.259348732948304, -17.298116364479064, -18.97103667449951], [-5.324739117420479, -4.913050026438719, -3.17027973156549, -3.4855626523494725, -5.472775198367197, -5.213920225075222, -4.243599641488489, -2.729797037932364, -2.1094180707639825, -3.1356454445878876, -5.001429158210754, -8.116435799642355, -12.604305981358458, -18.195398903145517, -22.909531134576408, -25.994706318840922, -27.797161736094488, -33.61394426941872, -27.81650063443893, -24.94223902851198, -25.711143969618284, -26.385728190179233, -24.999898883877975, -27.699467748976556, -21.77862023615837, -25.79327871403992, -23.658970847261404, -25.495490612633553], [-20.747310845320712, -21.912580335578106, -27.695762246197447, -21.97420438146591, -16.612991101537485, -17.251124716554028, -18.41438199182918, -19.38728958645165, -22.54521335604729, -23.188976756855133, -19.583606285095215, -17.129791885901163, -16.96883453542307, -17.24518862953913, -17.63639475156908, -18.93583846262533, -20.42963022021705, -21.476760184288022, -19.218934287205485, -17.70896739528662, -18.721672721406172, -17.817512043586174, -20.407766903782, -20.042636772593955, -18.092373466014863, -18.646322169401714, -18.745355781759578, -18.900985064662436], [-21.314139936218357, -15.262179813224696, -22.229239654346983, -22.072100712060926, -22.169670602779085, -22.204342514362054, -23.453464370669778, -25.006425869854063, -22.607645228085048, -24.526410448651703, -21.27419381093979, -18.95681500808575, -16.429526460038414, -15.062463711245645, -13.927617667417044, -13.15555468721312, -12.997684817828755, -13.19227607178688, -14.51501780952613, -15.03660718365127, -15.391011491455298, -16.495543418240704, -16.229066829428177, -15.067549678001221, -15.806523933172226, -14.43602932120394, -13.885930932570599, -13.235481126372214], [-22.003685095204467, -19.679872723365616, -21.95000898564861, -27.860320716857913, -29.507004641912204, -28.59152623680778, -28.216733524989923, -24.84446922384953, -24.037319455049058, -25.12608160875198, -26.61128182220459, -27.906892971662717, -26.688056274646357, -22.778829727365956, -21.19574181562595, -20.659174869070338, -19.332871711067465, -18.373019570350646, -19.317223526855216, -19.78254238650277, -18.667620108216795, -18.723362888567614, -18.33736535002179, -19.045872339093652, -20.51941809082031, -20.194459403292335, -19.766511869858878, -18.597920091181848], [-40.04023757240905, -38.934578163424334, -39.95147465409002, -38.31770197296142, -39.328102642507, -38.45875260517553, -36.58301517441791, -35.688895103454776, -37.17545979093093, -35.92654646114472, -34.69821950531006, -33.65278454346595, -33.044765560471866, -33.75436175994574, -34.340612412491666, -33.86153474878762, -34.661533779748844, -35.163531589508054, -34.52047046167138, -34.485825307174444, -35.858687405303016, -34.022201478422105, -35.7916431064113, -34.212169217342236, -32.42473876333237, -33.11213725176595, -32.535130550150875, -33.32537522934866], [-39.879510867826205, -43.81732397456255, -47.18284851893946, -41.39162678527832, -39.56678138254157, -40.051573168086534, -42.00058436592723, -43.361977128233605, -44.194346077179326, -44.788980312913516, -42.38242433309555, -42.6416090319308, -44.27395849837183, -45.425956765801565, -45.80957387766591, -47.49896072448746, -48.722793649743934, -48.24730006408692, -45.64412208514008, -44.19302814770732, -44.49203369414984, -43.79594959355978, -43.98717087487595, -45.92987156998513, -44.46806813383103, -45.97909590631255, -46.19386421733003, -46.1213464372701], [-49.9489111792203, -49.55977678620815, -49.65220526707172, -50.572374999999994, -51.328830412387845, -50.63384784531593, -49.03825888609886, -48.579455352067946, -48.61548212623596, -48.65120538854599, -48.4361875, -47.40425013923645, -46.99552666759491, -47.415580204486844, -48.48366140460968, -48.85735692596435, -47.16756435108185, -46.582499999999996, -47.004893123626715, -47.54171411895752, -47.957393028259276, -48.901499389648436, -47.33899938201904, -46.962741003990175, -47.41, -47.63456264591217, -47.60649108409881, -47.35306236076355], [-54.519699087151665, -52.859888720215835, -51.228792237430575, -52.864804977416995, -54.74860763320151, -53.109340866683105, -52.019040837132536, -50.05602414286873, -49.91441207226047, -49.9968951679728, -51.54239195919037, -50.97672741488978, -48.584417029739434, -46.83180169564778, -46.696235292960495, -45.930178588993535, -45.462273317610524, -45.73007623958587, -45.35998937283002, -44.37038086190491, -44.08750428561656, -45.3945308619679, -44.30909238981975, -44.10440709720216, -43.494283764362336, -43.65857986057999, -43.34192141173815, -43.55113851613499], [-44.98894032005241, -47.43552675094408, -46.19249577517401, -44.936903287410736, -43.71848761038865, -43.62032663166785, -43.940100254910334, -44.115861632201145, -45.12067940150461, -45.77258443811007, -44.17825248432159, -43.8222136413808, -44.65581194020284, -45.00053648421238, -43.63472429125667, -42.5644431698568, -42.290504339081565, -40.952003488540655, -40.57365351462781, -39.59008090660515, -39.471716026276944, -38.86982330591833, -37.850685378026206, -38.23025809773482, -40.06010159158706, -39.31662249921324, -38.093328733804384, -37.34417918144949], [-45.569873394398975, -47.997074916657006, -50.6398345955169, -48.98337926101684, -50.5122268166834, -51.83326709857825, -50.87821765805284, -49.09508792996877, -50.7749009751688, -51.88893240944171, -52.981649353027336, -53.02432508674868, -52.4366497218079, -54.19584414097873, -57.10982603928451, -56.88856739908249, -56.76772584335228, -57.556001457214364, -58.47144832338495, -59.17866048567661, -59.508636386016036, -56.48334315233444, -57.95197292752022, -58.13802323466104, -60.82714041519165, -59.44651816161772, -58.98396800566678, 