{"status": 1, "spectogram": [[-23.022776780113578, -44.031473148331045, -42.915098092362285, -43.176303592115644, -33.52630352586508, -44.36522300605476, -46.869160599559535, -43.50814273408055, -49.52790151678026, -45.05847299544513, -45.27234812356532, -45.05245522733033, -44.668883681878455, -45.200437372997406, -47.54631240616739, -45.92183921840787, -43.8800445279628, -47.987357031434776, -46.641981981605284, -46.07729457680881, -47.684491052612664, -47.9079373768419, -44.92931251250207, -48.46316066366434, -48.79461611951888, -49.09591974373162, -49.270169491246335, -42.755830303564665], [-13.969679770588876, -17.971350136697293, -16.064725195109844, -15.137064338624478, -17.36955555164814, -17.294912682175635, -15.897412504911422, -17.406859317779542, -18.095520123243332, -16.160225156247616, -12.387349719345568, -10.729287001252175, -10.822545927584173, -11.325528098642826, -11.436653066933156, -11.522599474489688, -12.894099570453166, -12.473358410477637, -12.897983433723448, -12.950492308437823, -12.390527944386005, -12.102474332869052, -12.31878686594963, -12.787304782748222, -13.832153053462505, -16.236912209630013, -17.307474790990355, -16.093554994702338], [-8.86012405538559, -6.5918379936218265, -7.449024650335312, -8.911452914476396, -9.142533992290497, -10.239266258716583, -10.614515841960905, -11.315238570451736, -10.778194061279295, -11.69227399611473, -13.506272463560105, -14.145753890752793, -15.964976280212401, -18.39536851167679, -19.63049393033981, -20.09766339421272, -21.051351484298706, -19.639906075000763, -19.216842465162276, -19.700324227571485, -20.95304691314697, -21.747948735475536, -19.861948446512223, -18.597457342147827, -18.033154163837434, -17.678289964437486, -18.39997771549225, -18.995583908081056], [-17.1901875, -19.38075, -23.781125000000003, -22.3974375, -25.0394375, -23.478249999999996, -28.6464375, -28.8368125, -29.7758125, -31.989937499999996, -40.377250000000004, -37.709312499999996, -37.65125, -37.9489375, -46.932125, -40.3521875, -39.0528125, -39.822500000000005, -39.251125, -39.1699375, -41.06275, -42.6176875, -38.547625, -41.011375, -39.4514375, -41.2473125, -36.933125000000004, -41.63775], [-17.241840936660765, -26.259626496315004, -26.895188511133192, -23.73433984375, -30.489421752691275, -30.10151086115837, -23.837509562253953, -26.86678603553772, -30.825581077814103, -24.57996501207351, -37.68671474790573, -25.87521383047104, -27.5453381857872, -31.950508820772168, -30.793635366678238, -31.492046726942064, -27.781652555704117, -35.28399937343598, -37.120002259731294, -28.522607333183288, -28.634293841600417, -29.00214192819595, -34.3405802924633, -26.71358888626099, -30.795785861968994, -29.694312576532365, -29.172000186443327, -32.26904520630836], [-15.851092738628388, -12.666816766738892, -9.720691746711731, -11.660290316104891, -17.618324391841888, -15.467953216075898, -15.005513236045836, -15.723354167938233, -18.538283630371094, -14.16371105861664, -9.706838210105897, -5.286205420017242, -3.5655454049110413, -2.918688372135162, -1.157876051902771, -1.1561175608634948, -1.312902190685272, -2.307081343173981, -3.5398932943344112, -4.283465637207031, -6.011609881401062, -8.66635213804245, -6.098038672447204, -6.078993240833283, -6.719251430511475, -6.584847560405731, -7.455034496307373, -5.807321396827698], [-12.823715523958207, -8.01456541633606, -8.08075968337059, -5.9587502832412715, -4.630766180992127, -4.039533110141754, -6.1549725506305695, -9.369919776201248, -9.660528233289718, -10.301083615541458, -12.452398987293243, -18.746696944952014, -20.37715387392044, -13.599185037136078, -22.71287986493111, -23.35105805134773, -16.800212344884873, -19.514883172512054, -21.94150482368469, -19.857576920509338, -26.174773716926577, -26.472157112836836, -25.04671515035629, -24.95711517930031, -29.490778161764148, -27.81705758523941, -26.05692497348786, -25.269656294584273], [-7.28782419204712, -6.139437452316284, -12.417437683105469, -17.239137139320373, -15.772991709709169, -14.926341886520387, -17.22509562110901, -16.575545622825622, -19.15749687385559, -26.123834630966186, -24.703024682044983, -22.170372625350954, -21.618730863571166, -24.56702968597412, -18.2956636390686, -20.367989855766297, -21.886437453269956, -23.98174193477631, -22.893614800453186, -23.074768800735473, -21.1873392162323, -24.75088116741181, -18.872256806373596, -26.259889369010928, -22.669741791725162, -25.993106079101562, -23.30910774612427, -23.903269510269165], [-14.308882576465606, -17.69863008737564, -22.186694894790648, -23.643211075782776, -20.01423792028427, -19.448293929576874, -23.82854637289047, -22.154242473125457, -21.160859128952026, -30.878659770965577, -24.51572481584549, -23.629413723945618, -22.088547369480132, -25.02102245903015, -26.127207066059114, -22.969307334899902, -28.920314293384553, -25.69332234859467, -27.654510556697844, -29.356478884220124, -25.365897270202638, -24.909424685001373, -25.457427167415617, -30.61136023902893, -30.516145668983455, -27.300503895759586, -28.654187218189243, -28.157589964866638], [-29.757870983123777, -27.132536973953247, -32.128478352069855, -28.512270138263702, -30.005020933151243, -26.629379895210263, -26.626633937835695, -29.5950138092041, -28.8004643740654, -31.856159991264338, -30.50040822029114, -31.35377221155167, -30.587784235477447, -30.568144579410557, -28.74696129798889, -35.367378578186035, -32.62478485059738, -34.19462033319473, -31.252057614326482, -36.83049756431579, -34.185589424133305, -37.23196648359299, -38.32434197282791, -34.152382537841795, -39.823174615383145, -39.02534994983673, -41.68978430700303, -38.901531523227696], [-28.15575, -30.768812500000003, -31.5230625, -28.378812500000002, -31.176375, -36.61075, -34.600874999999995, -32.93118749999999, -35.285812500000006, -34.8091875, -33.39475, -35.98525000000001, -35.5013125, -36.434749999999994, -34.8916875, -34.6839375, -34.2310625, -39.859125, -42.47625, -39.117937500000004, -39.3374375, -41.5004375, -42.245937500000004, -44.8428125, -39.425250000000005, -46.649187500000004, -42.8709375, -41.581312499999996], [-39.71370786809921, -40.607172619342805, -36.18266934347153, -39.23238375091553, -41.34188318157196, -41.229558241367336, -45.509366559982304, -44.47639024496079, -43.064955410003655, -43.00402266931533, -38.27090759706497, -40.88295277261734, -36.02328427648545, -43.629755529880526, -36.420393842220314, -37.44625514411926, -45.23217945337295, -40.400538604736326, -40.94760367250443, -42.75241462612152, -45.016741139888765, -45.228605978012084, -46.14566573572159, -45.24700855684281, -49.5574755077362, -47.39101641273499, -45.5519619679451, -42.98212429094315], [-35.51917125177383, -37.97347458887101, -39.34309576272964, -35.50322129678726, -35.24896757030487, -35.28312362384796, -38.62881119680405, -36.938247882843015, -41.54890790843964, -42.65414464855194, -40.56083045244217, -37.13582301521301, -38.527356038093565, -38.92776030015945, -35.893135938167575, -36.362252159118654, -37.951429479599, -39.05364314079284, -39.00158274698257, -40.03232246208191, -39.91827703523636, -39.922195590972905, -38.76507098293304, -39.616366984844205, -44.46666087341309, -43.4852685804367, -45.417521997451786, -45.23903388404846], [-32.09882863235474, -32.99927251815796, -37.22395777606964, -30.267826168060303, -31.55935805606842, -33.22575445652008, -29.058125624656675, -32.60490148925781, -32.75769728374481, -30.631012073516843, -34.32963341522216, -32.68465309715271, -28.745229910850522, -32.53922999477386, -29.876101899147034, -31.02094291973114, -31.916217023849487, -34.22738107681274, -35.22731749439239, -32.91572616386413, -35.51204147338867, -30.863794477462772, -32.16535803890228, -31.89252373313904, -37.24835413837433, -36.78331338977813, -37.97869228458404, -36.982604254722595], [-40.70604507541657, -40.520989331245424, -43.477672229766846, -42.255174352645874, -41.46090807151794, -45.66909368038177, -43.05534658145904, -46.61213200855256, -47.41933695411682, -47.05824716186523, 