{"status": 0, "spectogram": [[-32.73584817801416, -46.72657134094834, -43.40607129019499, -49.11998199003935, -43.66189278107881, -51.18486584205925, -48.8717407938987, -42.80562479603291, -48.71041944934428, -47.80682127991318, -45.10419623556733, -50.98683015064895, -47.34982126516105, -46.90261583398282, -54.79380326712131, -46.89422302795946, -47.31377671720088, -49.59788360615075, -46.183571168035265, -42.25616945905983, -46.718776574805375, -49.740991003468636, -45.53561599455773, -47.99247305099665, -44.88583901971579, -43.96524081920087, -44.78274079091847, -42.459589153379206], [-5.724481973648071, -7.205785477280617, -7.745972978174687, -6.757231857180595, -6.281160410284995, -6.333008582293987, -6.539696036100387, -5.966615717113019, -6.164704986989499, -6.099249593615531, -5.530624568939209, -5.239937099397183, -5.158767508506775, -5.2919371876120564, -5.4149996483325955, -5.139919234693051, -5.039919146120549, -5.376419079482554, -5.324606701612473, -5.305044253647327, -5.284044210851193, -4.860874634861947, -5.2308121852278715, -5.95491935378313, -6.074044319450855, -5.909999666690826, -5.82831212991476, -5.219383535325528], [-34.86687553453446, -42.30214409923553, -47.45995844960212, -43.35744684457778, -43.47617022347451, -42.66194880485535, -48.72307389831544, -46.95856407666206, -45.84581417250634, -49.236851642370226, -39.78366117715836, -41.25756299328804, -42.13571529150009, -44.647644437789914, -42.48570512461662, -44.545680588245396, -39.826678870677945, -40.32678688049317, -43.09578580713273, -46.10028698253632, -43.01387590742111, -40.38772422385216, -39.84859848999977, -40.944617483377456, -43.87465320611, -45.77684929728508, -46.96266282463075, -40.728616676092145], [-36.1973125, -39.22525, -41.516000000000005, -37.1535625, -35.1569375, -33.4801875, -32.551812500000004, -33.790625, -33.5295, -30.5343125, -28.618499999999997, -28.599249999999998, -30.7119375, -33.4206875, -31.598062499999997, -28.7195, -25.308, -23.714750000000002, -26.86125, -29.152562500000002, -27.4738125, -30.36625, -33.9576875, -36.972875, -36.3300625, -35.42575, -33.744, -32.04956249999999], [-43.2514915254116, -44.82984031105041, -48.53071529245376, -46.54377755522728, -44.96633903265, -47.65271319866181, -42.06577685046196, -43.74950926804542, -42.45998192214966, -43.916072580814365, -48.85219897508621, -43.54691135263443, -42.7998670694828, -42.95009051275253, -46.64215157580375, -43.90331353497506, -41.763036089897156, -47.13916092300415, -50.5667891497612, -44.047286211013784, -41.898660987854, -50.50275213670731, -46.12168810772895, -52.983315098524095, -45.420893471240994, -44.00892931127549, -45.416429636478426, -45.478411056041715], [-40.180262377738956, -43.48338169336319, -48.96706928157806, -39.07198752641678, -37.916075565814964, -36.0348691740036, -36.272744177818296, -36.8388599524498, -34.48298759317398, -32.75925525331497, -31.176065910339354, -33.60204713821411, -32.90892327404022, -38.80434026765823, -34.204904166221624, -29.746566227912908, -24.799138778686526, -20.093425890922546, -27.562610858440397, -33.22505590677261, -29.14427151823044, -36.52577733135224, -36.25578002357483, -34.50311517763138, -39.192430436611176, -35.32893303155899, -33.117370574951174, -33.36855658102036], [-37.20199589705468, -37.69809717130661, -46.8040375058651, -38.471810735225674, -39.647196244001385, -38.46471968078614, -42.21621616458893, -34.322322458744054, -36.56472764182091, -35.24016064500809, -39.61890685558319, -34.371393469810485, -36.96433497881889, -31.864815470457078, -35.223314835309985, -34.47559164810181, -38.68346498012543, -39.84883286309242, -35.360833501100544, -39.49463830685616, -38.10841293525696, -40.715778011322016, -35.18389942359924, -34.33723804616928, -40.52104374599457, -35.5550049366951, -39.82081829714775, -37.8925406703949], [-39.88044631195068, -44.431632967948914, -50.0471893787384, -42.05281812095642, -43.141090515136725, -38.66722774982453, -42.85090857124328, -44.333132060050964, -41.77938782024384, -35.342900443077085, -36.91070697402954, -41.49333682823181, -38.62616939258576, -42.95728941059113, -37.37229329204559, -42.68344755458831, -34.27477013111114, -37.293706448554985, -39.22784122371673, -39.7357080783844, -42.37306927204133, -41.870341455459595, -47.84995854187012, -42.780088888168336, -40.29022264957428, -42.264476918220524, -41.425528898239136, -43.380822006225586], [-36.347849745273585, -34.35998413181305, -37.87829496145249, -34.794322591781615, -35.54481453657151, -32.057503437042236, -33.158064464092256, -37.307001817703245, -33.68499359178543, -35.23042924880982, -36.87005548095703, -39.50046483516693, -37.40225031375885, -35.59354693746567, -35.80423532772064, -33.91885739421845, -30.216821065902714, -30.967693578720095, -31.13894650363922, -36.715930133819576, -34.618053877830505, -36.39129408025742, -36.3970486445427, -35.21670144557953, -33.34047747755051, -32.72347499513626, -32.277600357532506, -35.055419950008385], [-38.31894113492966, -37.58991066932678, -38.652912869453424, -35.65966708040238, -42.34347456693649, -37.54806036424637, -38.09537651920318, -38.30627516698838, -39.81148582410813, -37.54306230688095, -36.165123889923095, -35.492294544219966, -41.09302538728714, -36.411064209938054, -40.84480439949035, -36.60529404354096, -36.00406776571274, -37.89666091251374, -40.145286250114445, -41.1848238787651, -38.61366284656524, -38.05552757310868, -35.426656209468845, -35.72580738115311, -37.51044784641266, -42.83885808658601, -38.6824898929596, -46.48669129180907], [-42.166250000000005, -42.163062499999995, -45.94175, -44.307625, -42.1163125, -42.2134375, -42.2974375, -41.910187500000006, -43.3196875, -46.587875, -41.4266875, -39.714937500000005, -43.3714375, -42.9070625, -40.09043749999999, -45.0486875, -43.079750000000004, -43.550375, -43.8316875, -42.685375, -43.0920625, -42.960125000000005, -40.0984375, -41.808687500000005, -43.430812499999995, -43.888062500000004, -44.221875, -47.99825], [-49.43643905210495, -55.11068340492249, -55.19180475425721, -58.16747069883346, -54.799952650070196, -50.649994759082794, -56.88292479610444, -52.135816315174104, -53.021096640586855, -55.20683732509613, -52.111467921257024, -48.76559179973602, -46.72191074419021, -48.61597093105316, -50.048531352519994, -49.410223888874064, -48.87049559688568, -53.5258958978653, -48.9585973610878, -49.321011163234715, -50.35618513822555, -50.478346866607666, -53.70790353727341, -52.15235419607163, -51.25687825870514, -54.0741200966835, -51.78649717092514, -54.51565927600861], [-54.33050769281388, -54.82259979104995, -52.3005987238884, -51.866618986606596, -51.051796905994415, -51.010660693168646, -50.070909845352176, -48.12988443040848, -51.31885704612732, -49.576445844650266, -44.19569691085815, -46.31058766269684, -47.414043976306914, -49.23179376840591, -47.78542099809646, -45.90832124042511, -44.58524174356461, -44.24771762371063, -43.607525057315826, -46.940766768455504, -48.535427054405204, -47.81694592285156, -49.94907283973694, -50.51567066335678, -51.27856273126602, -50.48564532852173, -48.92901964759827, -49.70783821964264], [-57.60421869945527, -54.55544765853882, -51.96807251167297, -52.964205950736996, -51.89295398235321, -52.47063027668, -49.09031963157654, -51.05758786010742, -49.89342219829559, -57.68615587425232, -46.86678517341614, -48.79259644412994, -51.248207549095156, -50.62883868408204, -50.07939925289155, -49.79659642124176, -47.038620614051815, -46.569913843154914, -52.55521931743621, -49.316435153007504, -54.68874344062805, -51.1041121263504, -46.4816150598526, -52.34479618930817, -51.60296297836304, -53.15802300930023, -52.10802455806732, -54.626344992637634], [-60.880454741477976, -65.18051967811584, -60.50451790237427, -64.28319044017792, -64.21912475776672, -66.35080734539032, -65.42793510150909, -62.621116850852964, -64.5255257806778, -60.80056174564361, -60.12456277561188, -62.497434378623964, -64.37656486129761, -64.09203617477417, -64.43234379673004, -66.36956629562377, 