{"status": 0, "spectogram": [[-29.746249956279996, -48.08394628673793, -49.400821258574716, -44.88166958145797, -46.46392829445004, -48.18796398830413, -51.35108901584148, -45.58679450844228, -50.67563371543586, -45.879955232188095, -48.9962676436305, -49.76554450340569, -47.509089124500754, -49.207865950033074, -48.86786610172689, -47.17199999403953, -49.366874851584434, -45.91193720947206, -51.96693717609346, -46.6273747884035, -47.38550876958668, -53.09519629627466, -50.647446254312996, -49.76931238479912, -52.064848273232585, -48.18019643366337, -51.68213379599154, -45.062366005972024], [-2.556509215295315, -2.3268394018411636, -2.417964354634285, -2.8562857791185374, -2.9612857671976087, -2.7852232639193537, -2.3666607780456546, -2.6118215243816376, -2.7309644048213952, -2.8294822304248806, -2.9064822229146956, -2.959580421984196, -3.050821496844292, -3.0741161480545998, -3.1097411790490153, -3.245348342239857, -3.6134554547667506, -3.7459911084771162, -3.147491146862507, -2.725937568843365, -2.939964353919029, -2.847107227921486, -2.905044710934162, -3.0687679520845412, -2.8557054654955865, -2.774580419957638, -3.1565179153680805, -3.2000982868075374], [-34.14407019281388, -40.69892823791504, -42.97623998141289, -42.98318653559685, -46.532435691118245, -43.01312471723557, -43.043125714302064, -45.61290074944496, -47.67287605857848, -43.59424957227707, -42.493684204339985, -43.97781133580207, -41.889463717937474, -43.86824082159996, -43.00842754936219, -44.864125568866726, -44.80166888070106, -45.02076745414733, -44.60576691770553, -43.74982071113587, -45.062562106847764, -46.34264328241348, -45.2402051179409, -40.986259537458416, -45.11311702656746, -43.63932944989205, -45.9843305580616, -40.67919622945785], [-24.10825, -26.14025, -22.47925, -22.443625, -22.357625000000002, -22.2490625, -22.032062499999995, -24.3805, -27.4696875, -25.094875000000002, -23.610875, -23.315624999999997, -23.301187499999997, -23.494124999999997, -25.889875000000004, -27.4783125, -25.281499999999998, -22.3693125, -23.206687500000005, -22.629, -23.499124999999996, -24.2935625, -23.122374999999998, -25.07075, -25.307, -22.4944375, -23.0955625, -23.525125], [-5.4313938860893245, -7.65408204960823, -9.829832812070846, -10.525154329538346, -12.691609992980958, -11.993038503646853, -10.470038308620452, -8.730082371950148, -8.337840921401977, -10.260430674552918, -11.167180937290192, -11.77189540052414, -11.447011412382125, -10.78243090581894, -9.254367919683457, -8.942912227153778, -11.455823430538176, -15.696708482980728, -11.709582831144335, -11.08064526987076, -10.90536847949028, -10.901118315935134, -11.937555994510651, -10.634118170022965, -10.052430354118346, -12.452940095186234, -12.884315191984177, -12.68704715037346], [-22.529251365661622, -35.936545753002164, -40.76110774135589, -38.411253365516664, -41.58379672956467, -38.16889466476441, -35.449205444812776, -36.54947431707383, -37.68465204000473, -36.74843845129013, -39.78924855899811, -43.64622560167313, -39.08046458625793, -39.981465536117554, -32.78627743387222, -37.14988246965408, -39.05379157352448, -39.330081992626184, -36.049021726608274, -39.07823009586334, -37.22042275667191, -37.32820567464829, -32.33020857191086, -33.84846637535095, -35.73335791683196, -41.30009468317032, -36.48403517913818, -35.323289278030394], [-6.654099450588227, -5.89108474612236, -3.957088715791702, -4.4894644353389745, -5.652867331027984, -5.3192156770229335, -4.733339844465256, -6.1351671442985545, -7.504745220899583, -6.832712302446366, -6.631150971889496, -6.894562666893005, -6.946508996963501, -7.141150846004486, -8.27246038556099, -9.773359654903413, -9.180711435556411, -8.230109400033951, -7.955294920921327, -7.537374586820603, -7.471580523014069, -8.279766995191576, -8.11483028125763, -9.280471128940583, -9.943495916128159, -8.041679167985915, -8.557679102182389, -9.263205236911773], [-23.11968355369568, -22.355815423965456, -28.09730947685242, -29.121940582275393, -33.19512739944459, -35.699679135322576, -30.136806740760804, -25.454070205688474, -24.467671149253846, -28.591734670639042, -29.678664107322692, -32.62453651714325, -31.167418531417848, -30.567479797363283, -24.811351444244387, -23.196541728019714, -27.893876284599305, -37.45610438346863, -28.223742956161498, -31.64172638130188, -29.796277194976803, -30.091194231986996, -31.80844509792328, -28.113295213699338, -29.396372974395753, -34.24814424037933, -33.99451739406586, -32.30714390850067], [-25.049008762836458, -39.750857878685, -40.138920622348785, -40.41505360507965, -40.927212982177736, -40.265645893096924, -35.3407082028389, -37.99384948015213, -38.9939291009903, -37.43427521657944, -39.16114976072312, -40.56425859594345, -39.29168854379654, -40.28544921779633, -38.00050914716721, -43.294934355258945, -41.139269394874574, -39.29515836334229, -37.92109792566299, -38.09325176620483, -40.115261560916906, -35.80785835075378, -42.82804348230361, -42.21986757707596, -38.4302666978836, -42.77142205953598, -42.7250496764183, -42.35303503227234], [-29.762677999973295, -33.71138068723678, -37.57955208110809, -30.45697003746033, -37.71470350694656, -33.84502088069916, -32.02521439313889, -31.160797507286073, -40.177989809036255, -34.372669580459586, -35.48772842264175, -34.43042353105545, -39.26986307477951, -34.6238167834282, -35.9112588968277, -35.81564914560318, -35.464061170578006, -36.52694319629669, -39.57994456100464, -36.491205973148354, -35.243437048435204, -36.948099571704866, -37.9542915763855, -35.58954363918304, -33.748009046077726, -33.880802193164826, -40.98584969425201, -36.08651419496536], [-38.0455, -37.510125, -34.421812499999994, -37.21825, -38.510374999999996, -34.535875000000004, -34.9641875, -37.852125, -43.561687500000005, -36.5010625, -36.68875, -38.36725, -38.8260625, -34.837312499999996, -34.3551875, -36.74968749999999, -38.235125, -33.646125, -35.222, -37.8255, -34.5908125, -35.111375, -38.27493750000001, -35.78775, -36.8274375, -41.2495, -38.078937499999995, -39.196125], [-43.861437103748315, -46.590686239719396, -45.34143207979203, -48.866018752574924, -47.15196776962279, -48.563072523117064, -50.57200020837784, -50.16396168375015, -47.784100505352015, -53.66045032930374, -50.75838234901428, -49.61165793704987, -52.04330677080154, -46.27167973089218, -48.79911475753784, -43.91833281898498, -47.81408755064011, -50.277391143321985, -48.44845379924775, -49.22366452550888, -48.523375085830686, -47.266646175861354, -50.20890513944625, -50.953800522804265, -48.02147370862961, -53.236085328102114, -49.10434341907501, -49.75160279130936], [-47.32534823656082, -46.91703249549866, -45.149036149024965, -50.95584688997269, -50.033767346382135, -49.01750976324081, -52.7411365237236, -51.10919630146026, -48.52449074983597, -52.73023176479339, -53.354296685695644, -53.51541110706329, -51.33315372991562, -51.38858859443665, -50.103213988304134, -52.21542879486084, -49.47065116167069, -55.90689458084107, -52.95233047246933, -53.04913338518142, -53.04700762224198, -51.429820444107065, -56.52526073503495, -54.38049044847487, -50.23969610023498, -51.39983967685699, -50.49915293073654, -50.20442828845978], [-41.29907849407196, -43.123314129829396, -36.83630205059052, -40.80933821201324, -44.1846509552002, -42.59245322418213, -41.263829917907714, -38.76357385921478, -39.39961143016815, -42.955448157310485, -46.01763612747192, -47.58122285842896, -47.14975141048431, -45.879930163383484, -41.917431927680965, -41.088112984657286, -42.866725688934324, -43.47357191562653, -41.713570725440974, -43.688536412239074, -44.20429321098327, -43.41999939632416, -50.04593725013733, -45.53267965984344, -45.29031850624084, -48.71982573413848, -47.84976116752624, -48.94162717914581], [-47.378131545066836, -51.42437906646728, -45.87437037086487, -46.617853862762445, -50.0812553987503, -53.09377691173553, -47.58977770709992, -48.157489481925964, -47.665302595138556, -49.55117468452453, -47.7946147813797, -48.870159591674806, -50.338756173133845, -48.89919470024109, 