{"status": 0, "spectogram": [[-23.700042467224968, -49.41865163294119, -49.3353481080383, -48.46150892315805, -51.90199864375865, -48.76087065547247, -51.2284935862303, -47.099827547858574, -50.39689281641587, -51.44114629934551, -49.529705127164725, -51.137639147207416, -50.8448219894245, -49.18320040151076, -49.57892086762125, -46.39013085319258, -49.58837066330359, -49.65408912730217, -52.072228102712, -50.11150328209605, -51.9519393630505, -51.04460725071756, -52.31174577895048, -48.97212423339331, -49.709348027005795, -46.64252455772184, -53.0696724909142, -30.14365223484912], [-2.675638343907151, -0.9163981253054678, -1.1592182949550298, -1.718098440349102, -2.189877813039992, -2.0593216988018614, -1.9961315999894658, -1.6710934064838394, -1.6348982388608393, -2.921901578077205, -4.289018267869949, -3.4400215384217705, -1.9863641248989206, -1.5048266224155724, -1.8059324656493545, -2.685920096814646, -2.4924351965541662, -2.146259181439876, -1.9084453742297247, -2.062602449589847, -2.2767133065085083, -2.5793968713733473, -2.6727453710716778, -2.1663597410819744, -1.8986877325177192, -2.365489195181333, -4.029130190063508, -4.3795943303936005], [-28.812892811614052, -52.62323530245196, -49.79888739907968, -55.59681420302391, -49.51055401338849, -55.268026322272284, -51.621183677171516, -47.747322870181556, -44.49639279182099, -47.249422396747825, -49.123998991966246, -49.98949113413255, -50.0074408442838, -50.71220995727897, -49.8459531475284, -53.28175148828696, -49.9550086706417, -55.50083143401145, -52.494127994611674, -51.1986499220164, -52.68105844454825, -50.20366047565816, -51.035102783833764, -52.28505390414483, -54.851241756677624, -48.110781938830556, -51.019278771293436, -31.799333070713505], [-30.458938345849514, -36.85416075694561, -40.57505375814438, -39.803687499999995, -40.99308031153679, -40.387598180294034, -38.712641929626464, -37.273446405410766, -36.79516969633102, -41.6541849322319, -50.0746875, -43.85386529588699, -38.466933485984804, -35.79003622055053, -39.35540089702606, -43.695222434043885, -43.3369628982544, -42.855875000000005, -42.60846367645264, -41.79668548297882, -41.02475116348267, -45.87113343715667, -44.84094840431213, -43.90669485855103, -41.633875, -44.70786247444153, -49.47659383392334, -33.73208060073853], [-7.703128760399841, -8.64438749854783, -9.047501000676839, -8.728491372823717, -8.073980720014006, -7.786337938245435, -8.427740305871477, -9.123709655713036, -9.21806799542651, -9.197002923065675, -10.764355920791628, -10.671530266100447, -12.21735218214601, -13.130242276906774, -9.86434047385656, -8.81501219839938, -9.005707821121126, -9.516151900529861, -9.657311134786083, -10.347356369159645, -10.53693092549571, -10.290684368586165, -10.933194286691727, -11.363452869323032, -11.70771455335617, -11.966135675523294, -13.722477776400774, -13.946239657099866], [-22.905956811414672, -38.158888630457135, -43.13211290031547, -38.56074114656448, -42.61279011519605, -41.21223044675746, -42.62706368230262, -40.873215539854016, -34.12120626223799, -34.96544739221004, -43.58266398525238, -43.34596546250906, -44.99692831832081, -46.159280057713296, -45.055096047547025, -47.38199441867565, -44.66762857200372, -45.8907476940155, -44.456811623282206, -42.6485755971703, -43.18344367359181, -44.406500953508974, -46.67306501404434, -44.343816144116445, -45.447680718421935, -39.84434634471472, -44.28403819916196, -40.763078770960085], [-16.38745515120091, -19.271916117179067, -19.793140489821752, -25.90430335855484, -29.327533315308216, -27.249735742710175, -25.022218590725814, -24.24827317719128, -24.363706957448322, -31.922364537161243, -39.13396487164498, -32.50892591913763, -20.511087553291446, -16.738230934988785, -22.959472192876255, -35.09029733218729, -32.1477842933193, -28.494813363790513, -28.691464541223954, -30.068956362081167, -30.85082396337831, -33.91005034653743, -35.33046935511048, -30.919726986785072, -29.005323898315428, -31.347471178619042, -40.87316938971878, -32.75911672518538], [-26.41058415675942, -26.01199306358731, -25.448600319555673, -21.9065054769516, -20.29638188363595, -19.70339808844515, -20.856738401413587, -21.823826675220143, -21.678167380809022, -20.8750813801174, -24.031958462715146, -24.372709820428753, -28.645334563244774, -31.602864511411198, -23.465439503185703, -21.21699175418034, -22.08418978264948, -23.09853086662293, -22.987847141966803, -23.802853945829284, -23.98115907898676, -23.764501973211143, -24.02479793918271, -25.3505264358338, -26.236290781974795, -27.442143473357227, -30.189396644219816, -28.417219725995825], [-40.01658033096653, -41.82489357074415, -40.91328466434398, -40.365152938842776, -38.412348035544625, -42.85756908597675, -40.819682598891724, -40.79221976548695, -37.223115039572164, -34.754397688592746, -37.221021373271945, -42.431022176975524, -50.18124885052414, -50.31796249245474, -43.19921659503713, -37.50299541198955, -38.02577055041862, -39.716779791831975, -41.89309333541374, -39.17493524583756, -43.33616879419324, -42.85421608365252, -41.37913941016483, -41.816799184040605, -41.001905542373656, -40.36533663979487, -43.63887412815404, -42.2245195029218], [-29.375415325262885, -38.78333705747845, -37.039579535830974, -39.36162401866913, -34.26542382178486, -39.075917311336916, -38.01259740132682, -36.88419906298124, -35.23700554392237, -33.252480431879775, -32.12273574256897, -41.59125794059586, -43.90413413298284, -41.564553707960044, -39.74365310013641, -34.814174677475016, -35.80393947833395, -42.2758048028946, -42.93115330673996, -36.845764567272745, -37.224052671319605, -37.61594572590997, -38.60283652383866, -40.43815849038001, -40.28780453968048, -38.9627820564805, -40.69692102351266, -39.39964958365377], [-37.98557247929274, -45.229419665396215, -39.05268703389169, -39.604, -39.493285526275635, -35.98724973869324, -36.80843711185456, -37.616749584198004, -37.929330082416534, -35.06535799789428, -38.70425, -40.881044970035546, -42.32798309516906, -44.74634813785553, -41.67544755363464, -37.41032784557343, -40.571795053482056, -39.6516875, -41.670395103454595, -38.152338666915895, -41.47330273628235, -38.9193747882843, -40.1476599369049, -39.582813432693484, -43.4541875, -39.09019694137573, -40.3214228515625, -45.96412874031067], [-38.10918512467904, -39.853626322035964, -40.50733127322977, -42.22333407545089, -40.21736214803643, -38.300407548671274, -38.05591540203219, -37.351240096433735, -41.07492934840207, -44.271928733066126, -50.62990635538101, -53.60607177874038, -47.97401996361266, -46.30184425690034, -42.232432606722256, -41.195343697317625, -44.56157437535414, -42.90453304910659, -40.745839214343604, -41.00836025499049, -41.67566225579434, -43.48626112468793, -45.49750224279672, -41.87608714543353, -43.71677396297455, -42.54532155543257, -50.57985143402702, -54.335502306154595], [-40.2167437583127, -40.653671701580876, -43.30248694061254, -44.26019989919663, -43.87947201847532, -41.13702729131742, -43.03248806404511, -40.03451645750911, -40.95600704193127, -46.58521647743386, -44.66390324163437, -49.71728266250682, -43.98825669718905, -41.62042894734113, -48.30549171932407, -51.10420981646561, -49.218211025783674, -50.93304690837861, -44.490879645356955, -45.76164981243571, -50.3893479431901, -50.19609410679058, -49.7610869084495, -51.38724214044056, -48.72280357170105, -48.5733794287342, -48.23241446980854, -46.97587859614126], [-47.976495360664906, -49.529771176771305, -52.28927096985287, -51.19495300483703, -50.77268442536389, -51.563286846316466, -49.46493249461035, -49.75520987888271, -52.76535530406495, -57.8198468528646, -58.9198292427063, -55.26526360840972, -56.861020595972434, -55.215078181054196, -53.84690288687568, -61.97186983980467, -60.82436797101065, -55.92033006763458, -55.61662550217606, -57.93519752319212, -61.985767015457334, -59.45527193918265, -59.085870404763455, -61.896374976955, -57.662658941268916, -60.012022731193284, -55.976492246589395, -56.004924792030536], [-42.54385008967742, -44.01774662127306, 