{"status": 0, "spectogram": [[-22.183098460778595, -23.80674150891602, -23.79955399096012, -26.885982645869255, -28.81958085386455, -28.074920038774614, -27.360732527077197, -26.63367888468504, -28.295821841448543, -29.614259359136227, -31.060009346708657, -29.13397350980342, -30.302643223911524, -31.001348495736718, -30.70416111460328, -30.48173254442215, -30.949241486504675, -30.540410995572806, -31.951348534062504, -31.6985181376338, -30.82417887142301, -31.893893230527638, -32.45695574398339, -30.858214547067877, -31.312973450377584, -32.282884266152976, -32.760884245797996, -31.763285962551834], [-21.05244534909725, -19.349757913649086, -21.725320239067077, -31.39588212221861, -34.05095376926661, -33.39247188526392, -34.05303408384324, -32.669712804079055, -32.61820392352343, -32.34899893045425, -33.70343678408861, -33.77705274701118, -33.004472385108464, -34.32027637523413, -33.81627599388361, -34.20218667608499, -33.0660975279212, -33.70454423409701, -35.320606876611706, -35.596508742511276, -34.06325831240416, -34.83966008591651, -36.17709756046534, -35.19761547440291, -35.6543569163084, -35.998490607798104, -36.61355318939686, -34.66165149074793], [-20.69126622247696, -20.099288867235185, -22.798852975368504, -34.239686262369155, -40.02935992574692, -40.73893246459961, -41.57299370217323, -38.65644829320908, -39.14344866514206, -38.068182202816004, -38.99793366956711, -42.26421105742454, -39.47003995132446, -42.30428286719322, -40.75465690922737, -40.65537135910988, -39.329085138559336, -39.341407070398326, -40.133845422744756, -40.59705971622467, -40.00229973387718, -40.14421932172775, -41.59346963453292, -41.96161258125305, -42.58521142315865, -42.26978265309334, -41.13703245472908, -40.51147859072686], [-20.8633125, -19.9014375, -21.84525, -30.071875, -32.233375, -33.6685, -32.2265, -32.1791875, -32.524249999999995, -36.2063125, -36.308687500000005, -37.2858125, -37.013875, -37.1976875, -40.2195, -38.114312500000004, -38.586312500000005, -37.6751875, -36.84875, -36.318687499999996, -39.5853125, -38.902812499999996, -38.6219375, -42.026062499999995, -40.103375, -41.312, -40.2353125, -40.0146875], [-9.476661649227143, -7.910617047071457, -10.92699282383919, -26.91604115009308, -33.85512136626244, -34.472808117866514, -37.7076225373745, -36.16902364397049, -36.066577048778534, -47.389471605300905, -36.48571675014496, -37.780583629846575, -34.72841316556931, -34.33151742601394, -36.43883265519143, -37.02885057377815, -37.047689608335496, -33.511722768545155, -28.543282829284667, -30.7612468419075, -39.89132297182083, -39.2813140437603, -39.21181338429451, -41.46809958958626, -35.93432868361474, -37.27546353721618, -36.74689972233773, -37.3382312116623], [-4.388412350654601, -3.838532597064972, -6.206659281253815, -17.269679238796236, -23.97377900505066, -26.623613644599914, -23.7108090968132, -26.322618597984313, -27.523582441329957, -25.608846855163577, -20.167535437107087, -21.87574952840805, -23.637491316795348, -20.551000771045686, -23.75612405538559, -23.410159905910493, -22.597170063018797, -20.428376245021816, -17.83406491470337, -18.47418097734451, -24.714240875244144, -24.529347936630252, -24.870973572731017, -26.22094628286362, -23.037519580364226, -24.88316172361374, -24.41128755903244, -25.33843912124634], [-12.889510677576064, -11.055518514156343, -14.95708378148079, -28.346090996980667, -26.371080603122714, -25.120885533571247, -26.61577254843712, -28.11557954311371, -28.316714319467543, -25.565680880546573, -21.498112745046615, -22.977016733646394, -25.11974569439888, -22.63534552979469, -24.32453494739533, -23.87602928376198, -25.38165515351296, -24.42290454983711, -22.169277856111524, -22.690376634120938, -27.149811964750292, -28.040718106508255, -28.529473044633868, -30.47843546271324, -29.264623677253724, -28.80049901628494, -29.507058827638623, -30.52841010332108], [-13.743243937492371, -13.717947717666629, -14.362014414787293, -22.94943877029419, -35.297352151870726, -33.00395867347717, -31.333845615386966, -33.223045315742496, -37.472182850837704, -29.455955080986023, -23.091959971427915, -25.86828921508789, -30.386787549972535, -25.00291799926758, -28.96785158443451, -28.924834002494816, -30.020996111869813, -28.15218541908264, -24.7407499628067, -25.61243787956238, -30.821782013893127, -31.00872875118256, -33.57172860050201, -35.29010370159149, -33.67966880989074, -32.90132946395874, -34.71364271259308, -36.41962396335602], [-16.895102468013764, -17.23976680994034, -15.514890655994417, -14.168455005168912, -23.21723341798782, -27.41660700464249, -22.181610372066498, -24.25298409986496, -24.923769955158235, -34.10991800308228, -34.08223818731308, -34.29629005670547, -34.31378036785126, -33.782100172519684, -34.901969521999355, -37.771591866016394, -38.54667234516144, -36.20359929895401, -34.25241764163971, -36.05354308128357, -42.42233500480652, -40.614068912506106, -43.609693129539494, -43.674969661235814, -40.307504570961, -41.72024183130264, -42.91149314165115, -43.27336722898483], [-22.426774635791777, -23.26886031913757, -26.588908907413483, -31.736243330478665, -25.93894964027405, -23.270231330394743, -26.234722157955165, -27.96659042930603, -28.168438408374783, -27.692314292907717, -30.481638023853304, -30.043535341262814, -31.10938911056519, -35.05805539083481, -31.587417745113374, -31.481492951869964, -32.337989887714386, -36.49132602596283, -37.87701183652878, -39.37917743492126, -37.12175465297699, -37.77043362045288, -39.4767446398735, -39.71670785188675, -42.78658203077317, -41.18919438314438, -43.05675779151916, -43.149874551773074], [-34.758625, -35.194, -36.110125, -33.951499999999996, -36.1964375, -37.2491875, -35.539, -37.260875, -37.960125, -39.1108125, -39.869, -40.3908125, -41.9728125, -43.985749999999996, -42.3915, -42.957874999999994, -44.3768125, -46.853125000000006, -46.061687500000005, -47.8853125, -46.8774375, -48.592749999999995, -50.273624999999996, -52.249187500000005, -54.6258125, -53.47825, -52.931375, -55.9081875], [-40.0011035861969, -41.35779969596863, -43.21848017644883, -40.48659157943726, -43.77264366674423, -46.15526216363907, -43.59427322149277, -44.45012675905228, -45.081708806037895, -50.01617280149459, -45.02643628835678, -49.79619740247726, -52.28399638605117, -51.285833642959595, -52.12176464128493, -55.26503371143341, -57.01501308727264, -57.45698313426972, -51.11612602424622, -56.77145548439025, -57.952202314376834, -62.07134603261947, -66.08571834611892, -57.141151013374326, -54.33047914123536, -59.34344692468643, -62.48344295072555, -63.474208018779755], [-29.5202678527832, -29.690142913818363, -30.96189487171173, -30.88319692516327, -30.318271431922913, -29.984139429569243, -30.190323531150817, -30.249002802848814, -31.242583176136016, -31.82612205457687, -31.383931276321412, -32.66076270914077, -34.038378970146184, -34.88738523817062, -33.89088590860367, -33.44492191934586, -34.29055556678772, -35.16250051403046, -37.65674836921691, -38.20056959152222, -36.34572475099563, -37.109572905540475, -38.74188465452195, -40.170928301811216, -42.218542437076565, -41.397337932586666, -41.116025255680086, -43.41940037107468], [-42.828190535545346, -45.88843124771118, -46.489989628791804, -45.77779736423492, -40.7208190984726, -41.069575185775754, -42.65532378959655, -41.053087220191955, -41.848202575683594, -41.938595918655395, -43.7994698047638, -46.120522607803345, -48.76676252460479, -51.16936955928802, -49.77061982822418, -49.214825523376476, -54.50058258152008, -59.15699255466461, -54.343930866241465, -57.02398463249206, -56.24587174320221, -60.16124552822114, -63.63274195194244, -61.04671546936034, -63.95200901889802, -66.88957033538819, -67.69800995349884, -65.94672624492645], [-44.987719015121456, -46.69767061519623, -47.97604325199127, -47.0698596458435, -46.171207636833195, -45.46804381084442, -45.1902326927185, -46.05410745239258, -46.893268722534174, -47.26569673156738, -47.78594980049132, -48.174341505050656, -50.50790339183807, -51.0250587272644, 