{"status": 0, "spectogram": [[-16.144268076330423, -24.650143256843094, -25.57045572157204, -25.969839639812708, -25.335428946226834, -24.97980393663049, -24.334303912520408, -24.75300044366717, -24.4230807531029, -25.183268246084452, -25.878018296986816, -24.474303950667377, -23.71896464198828, -24.842919994726778, -25.550607502013445, -26.156259336665272, -25.14625934483111, -25.1192504016161, -24.747375383257868, -25.334420063868166, -25.672929012537004, -25.040902176395054, -25.1976521525532, -25.539955757573246, -25.156821819514036, -24.597536097079516, -24.59772354577482, -23.98845567382872], [-18.67903539288044, -29.94886564797163, -29.319928628325464, -29.127330728828905, -29.86867842483521, -29.454848085582256, -28.67397298103571, -30.068704644620418, -30.642731484532355, -29.43844631063938, -28.86619614291191, -30.795463496565816, -31.30125796574354, -29.607651506960394, -29.29596418583393, -29.910660825729373, -30.110642414927483, -29.167231734633447, -29.302106592297555, -30.25626723444462, -30.319142431497575, -29.490249670267104, -29.305062401473524, -30.308731947064402, -29.72254438740015, -28.746553302288053, -29.549178506612776, -29.890008638918403], [-30.67552028942108, -36.964915939807895, -36.5469166932106, -35.28113995957375, -36.52147888636589, -41.10347996592522, -35.48966542243957, -37.40735244154931, -38.5868083987236, -39.82487227272988, -35.70524593472481, -37.85328993844986, -37.852619952440264, -38.66595221090317, -37.8737647755146, -39.291488683223726, -35.898513527631756, -36.8883173596859, -36.06869147753715, -38.05355787229538, -41.3151130900383, -37.76320173645019, -38.400639798879624, -39.955649160385136, -34.33695089530945, -35.8903708255291, -39.06812231183052, -37.3241304769516], [-15.621812499999999, -25.6045625, -25.77475, -22.778687499999997, -25.438875, -25.6683125, -26.968125, -30.2416875, -30.0924375, -27.31325, -25.201875, -29.986125, -28.283, -27.0123125, -25.8573125, -24.769437499999995, -27.559125, -25.6283125, -27.8061875, -29.949312499999998, -25.238437500000003, -26.320875, -26.976687499999997, -25.188625000000002, -27.641624999999998, -28.6709375, -25.153875, -25.152625], [-17.690509843587876, -27.93491036081314, -18.886532159805295, -14.954102949142456, -20.387193271160125, -23.505434160947804, -27.245436279535294, -34.74715438103676, -36.815038313388825, -25.025041861772536, -23.417105638980868, -33.101046879053115, -30.208162489414214, -26.357721339941026, -22.564345342874528, -19.7010584795475, -29.519651897192002, -26.554428574562074, -28.338179106712342, -31.25627819466591, -25.921535225868226, -27.85731131148338, -23.78418440556526, -24.6878461625576, -26.808605927944182, -30.7034463391304, -22.497630658388136, -25.17565050721168], [-18.117760908126833, -20.587490698814392, -15.65061849975586, -13.966985444545749, -16.485742831230162, -18.20121554517746, -20.656527265548707, -26.864309789657593, -25.539462077617646, -19.730876096248625, -20.733125924587245, -27.88806832647323, -27.97099688386917, -19.78546482038498, -18.293965883731843, -16.85590396976471, -21.60611573791504, -21.797589059352873, -24.08346366739273, -26.327596038818356, -22.75738359546661, -21.244669892311098, -19.718545830726622, -19.70501880502701, -20.020045567512515, -21.237634157180786, -19.09632272768021, -19.976295070648195], [-20.417521763086317, -22.590984262943266, -18.169294557809827, -14.422138317346574, -18.1615797765255, -20.210009630918506, -22.434264677762986, -27.165115062236783, -27.638952335834503, -23.450563772916794, -22.820193280458447, -27.76968653249741, -28.60164303803444, -21.80135714149475, -19.87367085671425, -18.44130562019348, -23.161745883226395, -23.502154868841174, -26.32866035199165, -27.254882647991185, -24.54911198806763, -23.579323706626894, -23.098694174766543, -22.59005408096313, -22.51338874363899, -24.906359075546266, -21.448982868194577, -22.56805206823349], [-22.266876128196717, -21.26184501838684, -18.356785677909848, -15.517324231147766, -18.346294229507446, -20.66798947715759, -23.087113349914553, -27.757413768768313, -27.847190339088442, -23.99441770935059, -22.616669433593746, -29.22965426921845, -29.113065072059634, -21.847229662895206, -19.99904413795471, -19.35610724925995, -23.149657099723814, -24.564950597763062, -26.4795121679306, -26.962717132568358, -25.266174328804013, -23.777532858848573, -22.594909195899966, -22.600971160888673, -22.978372391700745, -24.260853770256045, -20.27285656642914, -22.44125576400757], [-35.67778255081177, -39.29049939250946, -37.02544511747361, -35.85533137893677, -37.46060246133804, -39.59895712327957, -42.246266562461855, -44.561162496089935, -42.98498663568497, -39.10052074146271, -37.15083253622055, -44.41131435871124, -41.56260999727249, -38.417930809021, -38.56012038850784, -38.312952548027035, -40.159168309688575, -43.97148613500595, -44.87148568582535, -45.225431753635405, -41.52127447271347, -41.41328469181061, -39.6310386800766, -38.82031456518173, -39.55633940982818, -40.70256162405014, -38.03606576108932, -39.55569603729248], [-35.448078683376316, -37.756173527240755, -41.46241292715073, -41.19645127677917, -38.029433797836305, -38.80069436597823, -37.73043839502334, -36.759818593025216, -37.099071631431585, -38.517822158336635, -38.590500547409064, -37.214791672229765, -36.87736819171905, -38.307880880355846, -39.420563406467444, -39.42258962631225, -37.49885016012191, -36.72417809009552, -35.96686269617081, -35.62658737754822, -36.41311660718918, -38.65797152376175, -39.45179193878174, -38.67971742153168, -38.38169705200195, -38.20493696451187, -38.06694327878951, -36.5275062122345], [-41.384625, -43.9434375, -46.784125, -45.983624999999996, -45.957499999999996, -47.127875, -45.3100625, -44.9205625, -44.813375, -44.6184375, -43.287125, -46.381187499999996, -45.4026875, -44.5925625, -47.12875, -47.461, -43.9933125, -45.3920625, -45.09675, -45.777, -46.4261875, -45.812625, -47.1990625, -46.483000000000004, -45.8594375, -45.271812499999996, -46.6700625, -45.062062499999996], [-48.23230995178223, -45.800361233234405, -43.74331025028229, -43.8234919757843, -45.08674957084656, -45.673400221347805, -47.48333316516876, -51.55701761341095, -49.25270114707946, -44.70895441198349, -44.99020135641098, -51.934909509658816, -50.95087533950806, -45.52372787380218, -44.92348356151581, -44.286387061595924, -47.237196478366855, -48.28787308835983, -51.296991639614106, -53.495328607082364, -49.36714084291458, -46.47720134210587, -45.835828905582424, -45.48755110645294, -46.0621758890152, -46.74798801851273, -45.933677628517145, -45.6254962234497], [-44.48995488214493, -44.10781160879135, -46.31143468809128, -47.91507747793197, -47.045263685226445, -48.607960002899176, -48.411773359775545, -46.195294332981106, -46.070320353507995, -46.73218349409103, -45.447371601104734, -45.771410392761226, -44.90154545640945, -46.10212026786804, -47.31930840349197, -48.12891583776474, -45.738444496154784, -46.03951635837555, -46.619141794204715, -46.35557139015198, -46.44710694599152, -46.47962396335602, -47.45924846076966, -46.477659525871275, -47.364096703052525, -48.32638236570358, -48.126694167137146, -46.23403344917297], [-44.510985797882086, -46.06643257713317, -46.40586582660674, -48.260881247520445, -46.79659969234467, -46.570377321243285, -46.99200435447693, -45.77251526546478, -47.49100340461731, -51.09608220195771, -47.543834918022156, -46.26306891536713, -45.09572084808349, -47.31792261600494, -46.94354592990875, -47.75018764972687, -45.92402344322204, -45.82431805324555, -44.41469504261016, -44.79937258243561, -45.700086569786066, -48.14611037063598, -49.03323462677001, -48.02103844642639, -48.2369042634964, -51.102011105537414, -49.13088535022736, -47.65345985507966], [-51.93076496124267, -51.08027779483795, -53.23414647769927, -52.75628942203522, -50.32585726356507, -50.001697076797484, -50.9280747013092, -53.40294762420654, -52.7767071390152, -52.02500547409058, -52.770751955032345, -55.787973946571356, -53.51435928344726, -51.91936054229736, 