{"status": 0, "spectogram": [[-24.7771874370724, -43.212865909203884, -47.99561598952115, -45.1642409196943, -45.09695527072251, -42.240723215416075, -38.181598169729114, -46.481705303177236, -49.56804442887008, -42.61479461257159, -47.5359820510447, -42.802089200377466, -46.591660659819844, -48.7610087429732, -44.46032152035832, -43.33185700076818, -46.87033031775057, -45.679330338731404, -43.574080261960624, -42.247999863684186, -41.576892753452064, -48.46434802861511, -44.54522331003844, -45.7179017367512, -46.49377668909729, -44.94072315971553, -43.734848175838586, -40.36072319798172], [-3.91678587782383, -1.7139556258320807, -1.930518144607544, -1.8397234730124477, -1.64937522816658, -1.3610091031193734, -1.954946586728096, -2.4248930370807646, -2.4959287440776823, -2.480982306241989, -2.96048234462738, -3.5894913045763968, -3.677723442614078, -3.647553786158562, -3.7022412874102595, -4.004884159266949, -4.000696655988693, -4.4821877625584605, -5.0418128048777575, -5.235598514974118, -5.398473512470721, -5.553053860545159, -5.591366370856762, -5.2370984904170035, -4.992803822159767, -5.028375236272812, -4.75162519800663, -5.075027008473873], [-30.308741291761397, -38.86098045063019, -39.62616875672341, -39.697294174432756, -43.306249729156484, -43.65109882569313, -43.9540342388153, -47.55419528532029, -42.68725049114228, -43.03685632562638, -48.594858465194704, -42.87623201704025, -42.244125131607056, -43.97440887928009, -41.958411182403566, -43.55013504576684, -41.66869615745544, -41.792206022024146, -40.45732954525948, -41.23929418253898, -41.12558877944946, -39.93948116254806, -38.358293676137926, -40.84941881871224, -43.742232717037204, -50.707476384878156, -37.90403496122361, -40.59912650728226], [-18.3149375, -29.556687500000002, -31.7109375, -29.101999999999997, -28.1456875, -27.3393125, -26.8300625, -32.0390625, -30.32325, -26.4539375, -27.7384375, -32.4285625, -30.33825, -32.650625, -31.577875, -29.3721875, -31.2836875, -31.168375, -31.93225, -33.6796875, -34.2426875, -32.265750000000004, -33.61675, -32.651875000000004, -29.258312500000002, -28.32875, -30.118562500000003, -28.9146875], [-4.994151019334794, -3.7109731376171116, -3.405597984075546, -2.9027232015132904, -2.93277705168724, -3.594581246137619, -4.759206476449967, -4.023259781122208, -4.144027739763261, -4.704349247694016, -4.261973892450333, -2.5792055799961093, -2.3831074423789977, -2.1599558203220366, -1.3966432547569276, -1.4979556891918182, -1.9997325153350831, -2.302750010490417, -2.6783746123313903, -2.5742228391170503, -2.5529460911750794, -2.4423032913208007, -2.3346782579421994, -2.3088212652206423, -2.325714374065399, -3.009178783416748, -3.4311166598796845, -3.803411148071289], [-25.11449198389053, -36.98198174571991, -26.554110452651976, -30.777856431961055, -36.26302695608139, -31.519761232852936, -35.41644727802277, -34.42074531412125, -37.008500750541685, -33.84574995994568, -40.91349920749664, -37.523260256290435, -37.390635961055764, -40.42496271133423, -40.2502133178711, -40.29473266220093, -39.90971785068512, -34.78750854444504, -39.75132511520386, -41.9526498990059, -37.09577456140518, -40.41313813829422, -33.30425893068313, -40.15438333845139, -38.76829257822037, -37.75414249801636, -35.11558280515671, -33.0729995098114], [-22.934168225765227, -20.23375273680687, -23.164810601234436, -19.894765551805495, -16.903581575870515, -13.76729757475853, -14.114485626220702, -16.607783009052277, -16.469817765712737, -14.997521006584167, -18.500708093881606, -19.45319367957115, -19.839177837848666, -18.437107195854185, -17.756735338687896, -19.967842918872833, -19.74598855018616, -24.28551001405716, -29.58207703948021, -29.68436071753502, -28.123958352565765, -28.823286097288136, -28.84491424584389, -27.517884763717653, -23.28244393134117, -22.30650714015961, -17.879630802631375, -18.822586904764172], [-15.032718700408935, -15.373614820480347, -15.681366430282594, -15.94164420223236, -19.05387786960602, -24.042635551452637, -25.01257387256622, -26.148164819717408, -26.752854725837707, -24.024401487350467, -22.13108817386627, -21.090825417518616, -21.043440086364743, -19.61702203655243, -17.39677110004425, -15.190709157943726, -17.120549570083618, -17.390101896286012, -16.01703600406647, -15.035740346908572, -13.760152044296266, -13.000385046005249, -12.990696406364442, -12.440018567085266, -13.631842253684997, -15.450512731552125, -18.2736416721344, -17.593638942718506], [-21.868638419151303, -26.522226492881778, -26.98141391515732, -27.964727170944215, -29.3383619427681, -34.604398418903344, -33.57283919811248, -33.75454474973679, -32.67038523054123, -32.266260936260224, -31.171192858695985, -32.17820403814316, -30.88337633895874, -29.906358899116515, -31.72835699558258, -31.816024768352513, -30.845383745670315, -31.44921350097656, -31.567588660240176, -34.225675946235654, -32.83928975725174, -32.49065579319, -28.911531699180607, -28.841755001544954, -33.28818201303483, -34.32090542793274, -30.070348920345307, -29.28187436485291], [-35.12471435070038, -34.2622579164505, -36.69481567144395, -36.09007714605332, -39.85597622585297, -35.93633815765381, -36.76814740610123, -40.564711893081665, -38.935126230239874, -35.3165490694046, -38.074497362613684, -38.86144651031494, -40.50402137088775, -39.96082591629028, -40.46763575696946, -36.28725218868256, -35.65764653110504, -34.571439533233644, -40.06861452627182, -39.71598552656174, -41.10464447116852, -36.26688025617599, -38.52518059825897, -41.18501838684083, -39.922439072132114, -38.22343415975571, -41.7456935210228, -39.534597278118135], [-32.284499999999994, -37.435312499999995, -37.454125000000005, -38.079875, -39.8615625, -42.8108125, -45.599000000000004, -43.4205625, -44.012812499999995, -43.0144375, -43.2183125, -41.6410625, -44.426312499999995, -46.441, -45.276375, -45.81225, -44.9504375, -45.3991875, -42.863, -44.733625, -44.1180625, -43.908500000000004, -42.967875, -42.7404375, -44.73075, -49.0303125, -46.313, -45.02225], [-39.610826110839845, -40.412563142776484, -38.00606401824951, -39.411007215499886, -38.83666339874267, -44.06197605133057, -44.8489742975235, -43.36266583013535, -42.267227461814876, -45.3933414645195, -41.74541013145446, -41.22619144964217, -40.98962799549103, -41.56109832525254, -41.49416231727601, -42.70703897953033, -43.1688598690033, -43.754160143375394, -47.03210123252869, -46.64419009113312, -48.801161656856536, -45.86701081180573, -48.21588806343079, -46.21101004219055, -47.04611227512359, -47.00726240205764, -46.34119579219818, -46.49299360895157], [-48.103280705451965, -47.36705170726776, -45.665427006721494, -46.08315169763565, -48.75105694723129, -46.61489849996567, -44.14564928102493, -46.49014692354202, -46.39749459171295, -46.39939714574814, -50.79552040624618, -50.90688587474823, -50.64429576587677, -50.86393788433075, -48.458940042495726, -50.01575221586227, -50.90957348871231, -53.61297629928589, -54.15573083114624, -53.533007164478306, -52.185365893840796, -52.928955192089084, -53.216765514373776, -55.58161938667297, -50.97839901208877, -51.35510397720337, -51.32047803783417, -51.53288952827454], [-35.77846357917787, -39.20593550777436, -37.014559317588805, -36.59051536750793, -36.52091219902039, -37.32511533069611, -37.9844263420105, -38.759677524566655, -38.680098992347716, -37.27501832389832, -38.381145229339594, -39.42493181991577, -37.259890509605405, -36.65895102119446, -35.662451644897466, -36.0499535446167, -37.53248824501038, -40.67695983219147, -46.15420763683319, -43.00086017036438, -44.92520688915252, -44.151406693458554, -44.96115860462188, -43.33813094329834, -40.400613515853884, -42.061785197258, -41.870404488563544, -40.65349384784698], [-43.0356256275177, -46.73909584331513, -42.34491215324401, -42.715750236511234, -42.40046610069275, -41.16239585113525, -42.167077824592596, -41.596418986320494, -41.17485940933228, -42.51522029399872, -44.644968718528744, -39.53075752162933, -36.6924330482483, -37.368996815681456, -37.718809568405156, 