{"status": 0, "spectogram": [[-33.09418747006357, -61.79148205459118, -60.7848569252193, -62.51353553918004, -64.28430336308479, -55.59849989566207, -61.08749991855025, -58.22485708716512, -57.8793570381999, -61.48197311277687, -55.8249731157571, -55.634455244377264, -57.21393742029369, -56.73824994978309, -64.9224996882081, -58.355821332275866, -59.031187240406865, -59.4315890596509, -59.8077766083926, -58.48292832654714, -61.008473009064794, -52.82229449512064, -54.39623198258877, -61.51912481340766, -57.599696349918844, -61.82841953583061, -58.435669580027465, -52.63899101088941], [-7.036812720954418, -6.423205294311046, -6.490080277860165, -6.817767747402191, -7.008919522702694, -6.899678449749946, -6.7806159061789515, -7.0710266092419625, -7.101365936219692, -7.224169497311115, -7.1477945007681845, -7.2114641165733335, -7.440267721414567, -7.652240934550763, -7.64974093323946, -7.755705251872541, -7.894053482294083, -7.933874898791313, -7.873437373578549, -7.895544491112232, -8.374928414463996, -8.41743734282255, -8.210062333643435, -8.341419491946699, -8.505089151978494, -8.537696303963662, -8.449196322798729, -8.569687388718128], [-40.47634899115563, -48.93316035795212, -55.07141134881974, -52.918634136438364, -58.185448275566095, -50.50749927520752, -58.299314018487934, -54.28234795641899, -48.51056995010376, -44.046339049816126, -51.87627658486366, -46.926936981916434, -46.632812412500385, -50.044678714275356, -48.92424064517022, -52.931411073207855, -53.865383063554766, -53.55033922624588, -62.898965817928314, -45.56873170948028, -54.88148132371903, -54.172803834915165, -48.20855323839187, -49.29833934783936, -53.30942014622689, -51.8865351600647, -47.92709827780724, -43.28879453396797], [-17.397125, -22.166625, -21.606187499999997, -20.58075, -19.9060625, -19.7054375, -17.8171875, -17.687875000000002, -19.2043125, -18.50725, -18.8314375, -17.7415625, -19.392937500000002, -19.610625, -19.461875, -21.1463125, -21.9828125, -21.4089375, -20.250875, -19.66725, -19.7143125, -19.543, -18.913437499999997, -19.550062500000003, -20.534374999999997, -21.1943125, -21.746875, -21.502875000000003], [-27.564747252225878, -27.331444078683855, -36.87950906181335, -31.061256820201876, -32.86115005397796, -34.75436498069763, -30.926550259828566, -34.881613661289215, -34.22032873153687, -29.148166393756867, -31.69679204893112, -31.926086032629012, -37.08617757821084, -36.95299889922142, -31.94737231278419, -36.6086244199276, -38.4308842420578, -41.324447334527974, -32.30325657987595, -34.63654218912124, -37.281284069299694, -36.46647148942948, -31.750594829082495, -31.359746743917466, -33.58357810497283, -35.24186438417435, -38.264428174734114, -33.61816771221161], [-22.458303281784058, -35.63277679300308, -37.22046230697632, -38.33045913791656, -35.79091535234451, -32.80565844726562, -29.226216458797456, -27.763332546234135, -32.81187972021103, -34.563179082393646, -31.885307011127473, -29.791564444541937, -31.33282817220688, -32.29157732439041, -36.049572902202605, -38.90069365024567, -41.19329356813431, -38.538274582386016, -34.465147285938265, -29.763666612148285, -31.750173000335693, -34.40863459873199, -29.557512119293214, -34.30448311948776, -30.428570057868956, -40.971554777622224, -35.87106150388718, -37.861633063793185], [-4.188465490818024, -1.352874137401581, -1.844312266111374, -3.124054724216461, -3.536912516117096, -3.6553855731487275, -5.455200339794159, -6.527477989435195, -4.885663242816925, -5.513163496017457, -5.962538547515869, -7.3093165762424475, -5.946913178443909, -6.362216909885406, -6.899279520750046, -5.809063532114029, -5.008839539527893, -5.846045610189437, -7.073984293937683, -8.588887316942216, -8.765530363321306, -8.44281600689888, -9.048066391706467, -8.532726627588271, -8.128895252227784, -8.360894810199738, -7.675393750190734, -7.749322754859924], [-26.369054582595826, -36.90095785236359, -38.8158273935318, -38.269913141250605, -41.54791992092133, -40.9344806022644, -35.30166356945038, -41.89886259555817, -43.61871156120301, -38.765004715919495, -40.503700405120846, -34.76621492767334, -40.09557308101654, -42.2155671005249, -39.9646325044632, -44.67419438934326, -47.123577528953554, -42.59296565437317, -42.347531178474426, -38.289401375770574, -37.22912042713165, -42.51736491966247, -43.29285276222229, -36.863954340934754, -42.849139564514154, -42.43653273773194, -37.27966267967224, -36.29630797481537], [-35.53063740301132, -39.6568663983345, -39.936051850318904, -40.42451321935654, -35.942974205493925, -35.29728700447082, -30.385918446540835, -31.1614009847641, -37.66353924179077, -33.27828842163086, -34.07934938955307, -30.962880482673643, -32.587020151138304, -36.388279816150664, -33.48946662330627, -39.793937059879305, -46.67699131155014, -42.065178700447085, -39.89755606460571, -32.89291227149963, -35.13365673398971, -37.011184428215024, -34.732873247623445, -34.42417295980454, -38.75848425674438, -41.24158957576751, -38.813154558658596, -39.4905613656044], [-32.792759211063384, -36.30691318559646, -33.87666708230973, -28.288236544609074, -25.251551678180697, -24.536229681491854, -22.031174913406375, -22.641729873657226, -24.170875059604644, -24.102438379287722, -23.560626395702364, -23.56801391220093, -24.238375531673427, -24.426562466621398, -24.06587576341629, -27.337038540840148, -28.743686487674715, -27.455974786281587, -25.959605511188506, -25.868404303550722, -25.15652122735977, -24.033993322372435, -23.591370968818662, -24.560984596729277, -26.072463949680326, -27.96573005914688, -30.603539768218994, -29.054058240890505], [-40.7308125, -41.6095, -40.250187499999996, -37.699062500000004, -35.4848125, -38.1303125, -34.4015, -35.518625, -38.9205, -42.40625, -43.269437499999995, -50.2459375, -41.7551875, -42.4800625, -43.3625, -43.05375, -39.63793749999999, -39.941437500000006, -41.06975, -43.3135625, -41.68062499999999, -39.569125, -41.670874999999995, -41.553250000000006, -41.643187499999996, -41.792874999999995, -41.2158125, -38.66475], [-48.3816563949585, -51.50039848756791, -51.81270972442627, -49.66731131744385, -49.81362136697769, -49.251426181316376, -42.50125525379181, -43.808703136920926, -47.834459653854374, -47.113368471622465, -47.797746558666226, -43.445743194580075, -44.745403649330136, -48.96587681436538, -47.82700238370896, -54.71066961812973, -53.7801039867401, -51.25068997335434, -48.79925193977356, -45.75365919351578, -50.51901932573319, -49.30896516084671, -49.27239861965179, -46.41354243564606, -50.00511365413666, -48.98604885244369, -48.167981967926025, -45.75130749225616], [-41.46202115631104, -45.69546119832992, -45.64559036397935, -45.65182863521575, -45.79498020792008, -46.55568598365784, -47.26624622869491, -51.84554700613022, -48.115194773197175, -47.10906473493576, -52.620562462329865, -50.35211755609512, -48.75135263967513, -49.9720667796135, -54.77412856674194, -51.714201101303104, -49.88180872917176, -48.21029923582077, -47.68536109638214, -51.689259398937224, -50.059709307193756, -50.11944432020188, -51.479445641040805, -51.21736136054993, -50.07490969800949, -48.48889744949341, -48.00702206802368, -46.389746097087865], [-40.03901997280121, -42.314341277122494, -42.981465224266046, -42.63661449146271, -41.40327673435212, -41.3804810256958, -36.821991018295286, -39.92443665504456, -41.10070103454591, -43.66816052246094, -39.71784920787812, -39.10766529083252, -40.4173668680191, -42.788752866745, -41.928446827888486, -43.72641082191467, -45.37654807472229, -44.4720043964386, -50.830622480392464, -44.617390405654916, -49.24284401607514, -46.78272933101655, -43.820851954460146, -46.13678385734558, -45.98995016479493, -47.9405705871582, -48.82312912464142, -43.93187666893006], [-41.76785127830506, -39.556679934501645, -38.55949518203735, -36.33108773612976, -33.97527663516998, -34.666597933769225, -37.45410063838959, -36.88158596706391, -38.91402727603912, -42.66996996593475, -40.249475714683534, -40.85062208175659, -42.39222132396698, -42.99602603626251, -44.78777912807465, 