{"status": 1, "spectogram": [[-15.910855924033239, -33.2911553177347, -35.93122953003341, -35.78111605139076, -35.237096364135304, -35.10221051603099, -37.777271061910355, -32.70312807868086, -28.893199149394526, -31.27892088695021, -31.746053390771152, -33.04425826063542, -42.40080756608931, -35.582775223363555, -33.521768802257, -31.200725173891517, -31.778283700451894, -32.58266950763762, -37.91589531820619, -34.26792373526769, -36.050944297093736, -36.35350626479355, -39.09464215947638, -34.947899515442074, -30.13511594028771, -27.363245652448477, -36.88442990133203, -28.60953375400507], [-4.810929413791224, -5.072194830733903, -5.532749733887158, -6.992242191851139, -6.385660470447979, -6.693502274567986, -6.611072449139192, -6.936881088237376, -6.824266409883706, -6.013296809140526, -6.344884887754917, -6.759544421933144, -7.039284254986434, -6.824024031279041, -6.9567333984034665, -7.26876386416202, -7.066540560563006, -7.521304568648338, -7.756628556395062, -7.914411208050537, -8.738511173294514, -8.579365696809727, -8.363551302510764, -7.3641770734032885, -7.513795623719693, -8.49261174075327, -8.48017307783754, -8.670072513529194], [-12.025453564655566, -18.318007918057315, -17.734296420493884, -16.46656546115875, -18.074816518063464, -18.617113489481774, -20.767812949739646, -20.66372902003561, -20.75700421023357, -22.2727985902511, -20.061360763311388, -20.38818835007418, -19.842819908672208, -19.945942994731297, -20.41538093311477, -20.135837631545943, -20.313305490465083, -20.806253935575484, -20.24985015965463, -20.874903719298658, -19.63816286861134, -21.09269065673368, -21.319155224464506, -22.52748593204369, -22.289362052202225, -22.22770600184253, -22.919549483499075, -19.464654216553726], [-16.09966086742282, -32.75439279818535, -31.385660630941395, -28.554125, -29.582223929643632, -32.37884813809395, -29.229161395072936, -32.460991508960724, -36.92056788253784, -28.78109934902191, -33.48675, -33.31158092403412, -29.468079484939576, -33.74036849403382, -37.67261443042755, -35.68819570541382, -35.623284690856934, -31.238125, -27.101554456710815, -35.803748039245605, -38.476008875846865, -38.63045547199249, -35.24995434761047, -34.153276946067805, -33.776375, -35.153282470703125, -31.749867975234984, -31.017251235961915], [-7.048237196981413, -13.122011136984446, -14.264431062090152, -18.741747247695923, -17.355469271465395, -17.229680560199593, -14.821002200584104, -16.361681754905607, -15.458324557551665, -12.4928303755559, -15.637114105939867, -15.09064572236435, -14.807251368911963, -17.40048051506072, -17.379479954033528, -15.465911796140716, -15.378911921827424, -19.316550916194917, -19.24261343734615, -20.79212457402229, -27.66038967854581, -20.622627660087545, -22.88123882547981, -18.89314629082329, -19.050111202955247, -21.886941365076012, -18.580463555597685, -24.829585292719827], [-10.443492542910775, -6.8740328332783065, -6.109775462958294, -7.002530425548553, -8.397556179596236, -8.628465292400115, -9.43346888518782, -7.736141020015424, -9.056271242628565, -10.787378599214868, -9.520121803760528, -9.553218495203787, -9.377640174689965, -9.506127536687265, -8.493911348391915, -8.552362238611298, -9.133706114311565, -10.010058759689331, -9.947533389188727, -9.80818081812076, -10.31695121999678, -10.05318703744895, -10.266197319217419, -10.862087365519896, -11.627452565193177, -10.475321996816739, -11.497831616245996, -11.083198852400006], [-24.830221522438027, -22.8752341836351, -25.602148037255915, -27.061787131309508, -21.05810982364532, -19.97659513944476, -20.898962625649123, -20.61622648738331, -22.405285850170053, -24.194139456845036, -23.738517206668853, -22.588692100462296, -26.58236935782021, -25.00636890222781, -24.851244528731172, -21.440792250182945, -28.72558133393858, -25.364823143959047, -23.690692510974465, -25.369187411458146, -33.79239384585617, -20.858195805692972, -20.045828521783225, -24.638658551287662, -24.260337415218352, -26.295998816578475, -23.772978528592056, -28.004839809961876], [-25.376093337598242, -26.471534723814102, -24.414870984904695, -30.35479060077667, -29.818914670711965, -29.28400148122726, -30.649125816774525, -28.02404328421101, -21.01956796519675, -23.405690669429937, -26.988308035850523, -26.15123994407052, -24.903932247476884, -32.301513021626874, -28.616045759088287, -26.27115758232327, -27.109184214069884, -23.605033349990844, -28.848844097720082, -27.74025833620131, -27.681492144950376, -31.69250649537367, -29.389326142409757, -25.167406890323996, -25.74735248374939, -27.81958472962887, -27.488882040777973, -29.14906935368804], [-15.445975534369282, -20.384797619501096, -19.016797950922147, -24.525890186309816, -21.4910037729988, -23.960421934697273, -26.21303599013084, -23.69675720913486, -21.05144488424335, -24.312546775340095, -26.030615685939786, -21.557125482092292, -19.989961061878816, -19.347048217597024, -17.204255312627126, -27.556493906467658, -20.95485880589998, -25.291796026706695, -24.80168937131312, -23.818329966642313, -26.438338292832086, -23.14377231885173, -23.010329549780508, -18.85784692961754, -20.689562780857088, -24.63703038359643, -23.374062249524798, -29.222831674854245], [-23.386546488527173, -24.98128756923439, -23.19928678817159, -28.320255589962006, -25.777063355612096, -20.25248076024365, -23.366764163192038, -26.86214884705473, -27.189292148337216, -21.795337158074595, -22.89813587999344, -22.643665350427355, -25.192430243198412, -26.089595942111174, -22.19368973713872, -24.282277937598174, -25.983522646124808, -23.630598911285404, -25.04708152246115, -24.1853166922034, -27.92598464610603, -21.258960921328164, -22.19480547564055, -25.4670877797038, -22.67115446662903, -24.232170372293925, -26.044129395180935, -26.041111506295508], [-27.075982516542076, -33.5850534671545, -31.729455233693123, -34.7730625, -31.45630353975296, -32.85284808278084, -32.84438417863846, -35.96191916322708, -36.04800111007691, -32.32871536254883, -35.929500000000004, -37.050856613159176, -41.86405685043334, -34.71543155670166, -33.43694783210754, -34.66624143028259, -38.89922332668304, -39.53525, -37.722455939292914, -37.1095008392334, -36.03739278030396, -36.44529497432708, -37.274883104324346, -36.18546432113647, -33.549375, -34.89488938331604, -36.47917972564697, -34.35937357330322], [-30.8643536294125, -36.60730977992152, -36.55721889108055, -32.90398379898071, -37.3642631359337, -36.05438482627584, -38.70864679334645, -35.31865470500885, -37.535813137893236, -39.44441687866159, -36.68027414274216, -37.64720961073159, -40.10790137096314, -39.04623366321006, -38.02712833334683, -36.64538339706338, -35.18123608924992, -36.42649127149581, -37.96491418011418, -39.63147538411355, -41.810485704744515, -38.76805095988029, -46.71158647550615, -39.7166047516161, -34.64357977247238, -37.99192307803214, -38.13414365904714, -42.19991166397743], [-27.363214819311658, -27.918025766884814, -25.871868212388463, -26.96584864664078, -29.453089960911086, -27.450625505243035, -26.680929926658187, -26.322973210704642, -26.255343564907754, -28.911905738500483, -26.621707086086275, -30.218450625188055, -34.542112908175056, -26.213189841884223, -26.498144900758188, -28.17514443740981, -27.695534449383135, -26.16228861618042, -28.232270928257964, -28.65296701338731, -28.214485637691574, -28.388544285782096, -28.11699005999965, -28.131329413013887, -27.61642764186859, -32.07760268497249, -31.16842523898864, -31.113182723599984], [-37.66648960986155, -42.40397225929722, -39.075903253871815, -41.51671900177002, -36.5833245292667, -37.61603945271773, -34.567998127178996, -34.963148097184714, -36.733166630054875, -38.06441970832803, -37.55553544330597, -39.76904625125955, -41.08135919327588, -37.870351439112255, -36.862333487571796, -38.32908908509393, -38.50165541699446, -38.491443550109864, -39.41689917926639, -40.01897508167781, -40.91486896807264, -41.1937492066247, -41.422517533846055, -39.21525142728255, -36.78935760974884, -45.42341474855514, -41.72733801399914, -45.148082079922254], 