{"status": 0, "spectogram": [[-9.68787515822053, -7.2824198250323535, -7.307294814422727, -6.997232328861953, -6.91947340093553, -7.004196605801583, -6.89563411615789, -6.654893046975136, -6.7028305367678405, -7.037285889178515, -7.016473390445113, -6.72741088449955, -6.416526968851685, -6.554803759604692, -6.765428754717112, -7.010276957079768, -7.533178729087114, -7.651794793620706, -7.282544797584414, -7.073660878807306, -6.864678751677275, -6.408026970013976, -6.591401979371906, -6.863741248056293, -7.27653588065505, -7.157598390236497, -7.28272337938845, -7.230893023997545], [-10.02136682587862, -10.822617167651652, -11.405054661750793, -10.557286807775498, -10.698001160025598, -11.538251273393632, -10.023563595473767, -9.85534927481413, -10.801965435385704, -11.283135127604007, -11.323072626709939, -12.042313771307468, -10.59185828924179, -9.958090365886688, -10.516777932226658, -11.636072651505469, -11.930992116510868, -12.123492048680783, -12.277367147624492, -11.73550109577179, -11.04801003831625, -10.94189396262169, -10.367956414401531, -12.07500125205517, -12.906813732802867, -12.220260085642337, -12.603572494029997, -12.662393947005274], [-21.590536564350128, -16.35741798758507, -14.549354136943819, -16.33069501066208, -16.687454122304914, -15.65439980483055, -15.788713110923768, -16.20759701514244, -15.160524699926375, -14.89615838432312, -15.14159617304802, -14.10702314734459, -15.275569439888, -15.889855623722077, -15.923668218374251, -14.854658140659332, -13.813050290107729, -12.85048758339882, -12.904424697399138, -13.218728545188904, -14.731488334417342, -15.078211693286894, -16.931713371276853, -15.207578021764757, -13.73181759738922, -14.844005955934524, -13.53406771850586, -13.750389588356018], [-12.529875, -9.3669375, -11.770125, -9.5895625, -8.4634375, -9.1864375, -7.681, -8.2288125, -9.5870625, -9.4469375, -9.1704375, -11.1173125, -9.4199375, -8.706624999999999, -8.673375, -9.896, -12.5015625, -12.7816875, -13.739374999999999, -12.06325, -10.151125, -11.8995625, -10.0655625, -11.0995625, -12.789, -11.927375, -13.643250000000002, -12.782562500000001], [-12.349019963264464, -19.34297663283348, -15.603725889921188, -16.396171852827074, -17.215448989868165, -19.20021762895584, -18.660842343330383, -19.151547650098802, -17.96953875017166, -16.721547704935073, -17.34111015462875, -14.359198749065401, -19.727637433290482, -20.128110879421232, -16.396422273874283, -15.740083257913591, -10.499430044651033, -8.444965461254121, -9.379653077363969, -11.312778814554216, -17.615771285533906, -17.59894910097122, -15.888385672807692, -18.96165515160561, -13.877511253595353, -17.350261954069136, -12.336260830163956, -13.342314719438553], [-11.201554260253907, -13.801269708633424, -14.54707998609543, -14.733975853443146, -13.974243661403655, -14.015171853542329, -13.955297666072846, -14.65606574487686, -13.717090887069702, -12.093045257091521, -12.957670320034026, -12.95692823791504, -14.644904312610628, -13.99266260623932, -14.279413208007814, -12.158401978969573, -12.72015891647339, -13.853202370166779, -14.616827951908114, -13.02039194202423, -14.128000940322877, -11.876635967731477, -13.379888057231904, -12.866412628173828, -12.624338675498961, -12.617215110778808, -12.99077549982071, -12.860392121315002], [-18.312698318481445, -18.595425565719605, -21.565685781002045, -18.900594751119613, -17.81135166215897, -18.963312198877333, -18.325371968746186, -17.447948756456377, -19.87792036700249, -23.022774343490603, -20.982895542621613, -21.65017644524574, -17.71940807437897, -18.293424870491027, -18.095739980459214, -23.360507524490355, -20.138016622781755, -17.708729254007338, -18.671355057954788, -20.870169488430022, -18.529796016454696, -17.697302448272705, -16.323106541872026, -18.45230300617218, -22.091518070459365, -19.408735857486725, -20.598490598201753, -19.77114125943184], [-7.844341154098512, -6.409668033599854, -8.502724997520447, -6.03997148323059, -5.445759000778198, -5.934890965461731, -6.248705284118652, -5.534401937484741, -5.618042308807373, -7.495129592895507, -7.840942307472229, -8.766831799507141, -5.989016575813293, -6.325365015029907, -6.822240833282471, -8.538065846443176, -10.66986469745636, -13.423710010528566, -12.113022822380065, -9.566365670204164, -7.761139304161072, -5.4719439172744755, -6.321822794914246, -6.180248074531555, -8.60606344127655, -7.970263005256651, -9.286883366584778, -8.309250574111939], [-22.736730987548825, -26.5837120513916, -24.999025925159458, -25.477658813476562, -25.246024629116057, -27.35641615438461, -25.58691841173172, -24.114543008327484, -25.632005877971647, -27.10430097961426, -25.713489731311803, -24.076266604423523, -24.75715795516968, -24.452971618175503, -26.273221183300016, -26.425506515026093, -22.820858197212218, -22.756779500484466, -22.902591172218322, -22.317071296691896, -23.510265427589417, -21.574506433963776, -22.491258517742157, -24.348461661338803, -22.21990976524353, -23.47197984600067, -20.822919612407684, -21.581883161067964], [-31.751136188507083, -33.63040393733978, -32.85178781223297, -33.85242913866043, -33.6885705742836, -32.19860398674011, -33.7868488225937, -35.094763914585116, -33.307894668102264, -31.60245093345642, -34.055942321777344, -32.93078559207917, -32.793904938697814, -35.32626551389694, -34.76139360666275, -32.81726188421249, -33.75358287668229, -32.83298350429535, -33.48192101716995, -29.921514527797697, -30.943628990650176, -28.627274969577794, -32.56370349311828, -30.47047777366638, -29.212343736648563, -30.253471903324126, -28.74572828912735, -28.681191961765286], [-34.2143125, -36.686375, -37.440625, -36.9915, -35.96475, -36.998875, -35.6995, -36.4139375, -37.079062500000006, -35.440124999999995, -36.738625, -37.347875, -35.3341875, -37.0611875, -36.6385625, -37.098375000000004, -36.704875, -36.09525, -37.153999999999996, -35.0649375, -34.4469375, -32.610875, -32.617437499999994, -32.24875, -32.6358125, -32.9476875, -32.1365625, -32.156687500000004], [-36.175066518306735, -38.91745051288604, -38.32726748895645, -38.58518198871613, -38.24728915977478, -37.388506723403935, -37.06169177007675, -38.314770398139956, -38.1796310338974, -36.15975934410095, -38.66419268274307, -37.46435471963883, -34.401319322109224, -37.9424502954483, -39.64394946575165, -36.72213196945191, -38.56955065488816, -37.46089429950714, -38.43970639181137, -35.94277182292939, -35.07930976104737, -32.4731848154068, -34.32680495738983, -32.18120337390899, -32.27394385576248, -31.69412447118759, -32.540183264732356, -31.665407170772554], [-38.43551125192642, -41.67378010702133, -43.248781675815586, -40.72597658872604, -40.28251199674607, -39.52118117141724, -37.49805644226075, -39.15777936315536, -40.497690711498265, -39.56946735095978, -41.59853021669388, -39.697870015621184, -37.29356547307968, -40.15860073995591, -39.048163992881776, -40.02664563846588, -38.89538740205765, -37.57361853551865, -38.23161821508408, -36.8548869805336, -37.132226438999176, -36.324315888881685, -37.958502039909355, -37.901913426399226, -36.50457464313507, -37.30986960172653, -36.21380698871613, -35.24419982910156], [-43.985967773437494, -42.76832172012329, -43.02857579421997, -42.02334934902191, -40.71544823265076, -44.22487517738342, -40.31631301593781, -41.83111696910858, -45.75994517707825, -42.39308055019379, -44.337138723373414, -42.18229683589935, -38.752428918838504, -40.492713727951056, -41.35696689987182, -44.90364859294892, -41.55482325553894, -39.75553425598144, -37.86341068267822, -39.65638297748566, -38.7841165933609, -35.7099108467102, -37.03303581619263, -36.21010698127747, -36.02309951114654, -36.510330878257754, -36.08183165836334, -35.59917882156372], [-44.5191214542389, -43.176423303604125, -47.05448516750336, -45.632188814163214, -44.55364706134796, -46.83986674118042, -43.9508024930954, -45.9108489933014, -48.75274002456665, -46.79771754360199, -47.552464003562925, -46.40868925666808, -41.544920286178595, -43.38837683773041, -46.92143937683105, -47.909787125587464, 