{"status": 0, "spectogram": [[-8.658268024653196, -12.27002708660066, -13.060152121439577, -13.630705710992217, -14.123902136459947, -15.910259355828167, -16.32863441605866, -16.002393341153862, -16.686348706051707, -15.74872363822162, -15.61472362972796, -15.770303975433109, -16.193062905654312, -16.12010755905509, -16.44848258793354, -16.826473685845734, -16.557768297433853, -16.362705754324793, -16.499768277317283, -16.19508971312642, -15.906580758169294, -16.396446830004454, -16.749634364053605, -16.912339714348317, -17.258857576698066, -17.383616502001882, -17.125866466358303, -16.97330396538973], [-11.95830407691002, -8.987866501390934, -8.320303890585897, -8.016250273227692, -8.316464566111565, -8.313080510795118, -7.688267916321754, -7.541982188940048, -7.849946489572526, -8.030169776141644, -7.998107296228408, -8.239687671363352, -8.679928753733636, -8.41610727775097, -8.116107249736785, -8.032357228398324, -8.24325011408329, -8.98870554882288, -8.739018001198769, -8.260142988920212, -8.4104912404418, -8.931750186800958, -8.69943761461973, -8.769678680896758, -8.990009031951427, -9.31876797616482, -9.778830543220042, -10.06814306306839], [-23.198715991497043, -28.233297916650773, -24.119547006845476, -23.207725421190265, -23.28952901291847, -20.365322799205778, -18.700509907484054, -18.334366918325422, -18.75125987076759, -20.560331710577014, -21.19876934528351, -21.641680114746094, -22.475957001447675, -21.127233454227447, -20.755295817613597, -20.45213499236107, -21.45017093539238, -23.780582093954088, -22.33364423894882, -22.01508173251152, -22.85340336871147, -23.58571595621109, -22.047278002977375, -22.2097690820694, -22.237581534624102, -23.11834950613975, -25.358599999189376, -25.675769655704496], [-13.0140625, -15.5615, -16.8000625, -17.2605, -17.40625, -17.4906875, -17.7313125, -18.2963125, -18.427125, -18.0705625, -18.357125, -18.792, -19.59225, -19.561125, -19.650375, -19.7935625, -20.116, -21.069875, -20.664749999999998, -20.2479375, -20.676875, -21.3180625, -21.601125, -21.8495, -22.147000000000002, -22.513687499999996, -23.2819375, -23.660249999999998], [-4.747428279876708, -0.5257129044532776, -0.3263387551307678, -0.5756874310970307, -0.5433034629821777, -3.663099196672439, -9.563163362503053, -11.843699404716492, -11.35606527543068, -6.74503720664978, -6.165911905765533, -5.996134878873824, -6.25798292350769, -8.381617519140244, -9.7293053855896, -11.387555803775788, -9.975769631385802, -7.390348921060561, -9.064099485635758, -9.40801042675972, -8.422134988546372, -8.24725966334343, -11.46857309627533, -12.163707178354263, -12.607073315620422, -11.972260527849198, -10.135322241306307, -9.864536242485046], [-15.040190925598147, -13.895226596832277, -11.840791174411773, -11.580015308380128, -12.2299259223938, -13.013679242134096, -14.89593218231201, -14.70170114326477, -14.63720910692215, -13.846358193397524, -13.600232747077941, -14.089053795814515, -14.635687111377717, -14.582313949108123, -14.481252099990845, -14.946922544002533, -15.232849811077116, -16.121865482807156, -15.844241832256317, -15.346590483665466, -15.682919817447662, -16.283320942878724, -16.28369833469391, -16.413055629730223, -16.94095763158798, -17.3151175866127, -18.203927899360657, -18.631364982128144], [-25.09490050363541, -23.095097248554225, -23.13453374361992, -21.69302062416077, -22.46233440947533, -17.70820676469803, -12.776019013643266, -12.702466137647628, -14.049143594503404, -17.897369758844377, -18.055435010433197, -19.77275668668747, -21.560042325973512, -18.18172047233582, -17.067909821271897, -16.127982776403428, -18.988584292650224, -22.91162526202202, -20.594119642972945, -19.03634573125839, -20.911042662143707, -22.93855442690849, -19.117925613164903, -19.501460508584977, -19.4428997759819, -20.827281665563586, -24.379848758220668, -25.275225320339207], [-10.037150099754333, -7.764903359413147, -7.634784920692444, -7.951198561668396, -7.9745907716751105, -11.674676281929017, -19.250342948913577, -19.544566035270694, -17.62798872947693, -15.830793047904969, -14.553173285484315, -13.278808753967287, -14.175382720947269, -16.893658584594725, -20.378839159965516, -20.81013982486725, -18.985189796447752, -15.349742757797241, -17.455045609474183, -18.429658199310303, -16.708539775848386, -15.760545940399169, -20.105843731880185, -21.90674195289612, -22.304740949630737, -20.801326773643495, -18.051964314460754, -16.706048875808715], [-24.2898919172287, -26.77871960878372, -22.012725406169892, -22.268120215892793, -23.126003447532653, -24.144869851589203, -24.218555206298827, -25.223259459018706, -25.148197617530823, -25.666049039363863, -25.287112078666688, -25.818710731029512, -27.19737207365036, -25.982147018432617, -25.134146114349363, -24.701582726955415, -26.038530419826508, -28.63789909362793, -27.814397862434387, -26.899388178348538, -27.341442677021025, -29.346443291187285, -27.072441117763525, -26.38352132129669, -27.05583349275589, -28.035477037906652, -30.29897885084152, -32.772728394031525], [-33.75174352550506, -36.56987157487869, -33.71343746948242, -32.046361739635465, -32.59519181251526, -32.3764329957962, -34.03805609321594, -34.926124010086056, -33.7656485080719, -31.70562900876999, -31.87925191450119, -31.7526947054863, -32.79822947645187, -32.89100356245041, -33.873066850662234, -34.044751668453216, -32.93416409158707, -33.42129990816117, -33.3450560336113, -33.0305565085411, -33.2242142367363, -33.53630938911438, -35.313190251350406, -34.77638852119446, -34.161147429943085, -34.83737960672378, -35.3214968419075, -37.04856540822982], [-39.5926875, -38.585375, -36.0141875, -36.9333125, -37.2650625, -37.887812499999995, -37.2420625, -38.640625, -38.6845625, -38.18, -38.369, -39.0245625, -40.437375, -39.8285, -39.264125, -39.957125, -39.2065, -41.0778125, -39.797687499999995, -39.26175, -40.0041875, -41.8135625, -39.7774375, -39.329875, -39.8809375, -40.4090625, -42.5930625, -44.911249999999995], [-42.233731781959534, -41.030429330825804, -37.42193539905548, -38.68068206882477, -39.85331478452683, -41.23435595226288, -38.639982794761664, -39.01349272489547, -39.41044745731353, -42.176959232330326, -42.0643966794014, -41.398004585742946, -41.536479089736936, -42.29722753620148, -42.17329012346268, -41.503747210502624, -42.112647248744956, -42.41546187877655, -43.05133495044708, -42.354361722469335, -42.380290729999544, -42.73453367519378, -43.09084463739395, -42.567631199359894, -42.86931067609787, -44.17849005556106, -45.83123915147782, -47.719696006774896], [-38.60382855653762, -39.14242792224884, -38.1383037853241, -37.135946980476376, -37.866446574211125, -39.3605256075859, -38.901276471614835, -39.450044629573824, -39.30993729925156, -39.06100709199906, -39.22306904220581, -39.828631783008575, -40.427220860004425, -40.34522092580795, -40.80909664297104, -40.9060258231163, -40.96812328815461, -41.999122652053835, -41.717622584342955, -40.85807801485061, -40.795658279418944, -42.334319225311276, -43.24638199281692, -42.666007366657254, -43.24220385408401, -44.062640832901, -44.9888282828331, -45.61480285549164], [-38.95466421318054, -38.251332522392275, -36.20871013736725, -35.75064008808136, -36.60321185779571, -38.50411989688873, -38.00037118434906, -38.23235221195221, -38.48828184986114, -40.41392836952209, -39.61586653232574, -39.51364393615723, -40.171090888977055, -41.308873302459716, -43.507121118545534, -43.73834398365021, -43.84843393230438, -44.35111594867706, -43.13298999118805, -44.126372261047365, -44.0283472032547, -45.89471437454224, -47.15958540725708, -47.449066534042366, -48.4359585018158, -48.089380171775815, -49.30688221645355, -50.980478147506716], [-48.340303339004514, -44.52676690292359, -44.050455393791204, -44.104008574485775, -45.35504432582855, -45.971722325325004, -45.89803561210633, -46.050785022735596, -46.45116015052795, -46.96651712226868, -46.72264227485656, -47.14850761890411, -47.628097455024715, -47.624989779472344, -48.171428194046015, -47.75566037559509, -47.77155345153808, 