{"status": 1, "spectogram": [[-9.548286015063525, -14.345920149698854, -14.090545110210774, -13.772268315762279, -13.98939332741499, -15.675661299049853, -14.267973650738597, -14.439705774500965, -14.26417899531126, -14.41028616720438, -14.526473673656582, -15.087920133426787, -15.206491559758785, -14.81208082668483, -15.823393392384052, -16.128982687234878, -16.4348755582571, -15.908080883070825, -16.526268424898387, -16.30293804682791, -17.94524170990288, -17.486982733994722, -16.57917019174993, -16.145411261737348, -15.451214767426253, -15.565491558566691, -16.047679102867843, -15.655054071217776], [-5.352258965432645, -5.6073303768038745, -5.587892924666404, -5.625875060200691, -5.7411071665287015, -5.7069374945759765, -6.024937555730343, -6.6034286988973605, -6.184526896536351, -5.831178588986397, -5.63930356156826, -5.738214304924011, -5.870705383241177, -5.740008891880512, -5.829571351885795, -6.0522588606476795, -6.548142833471298, -6.5357142539024355, -6.764151754081249, -6.869946383714677, -7.917508870065212, -8.230142805576325, -7.482267756223679, -6.7534463378191, -6.710651762068272, -7.2006429027318966, -7.033767835021019, -6.915910629153252], [-13.166304923057554, -10.506572068214414, -11.501822417259215, -11.411697379112244, -10.893197173595428, -9.98996485042572, -11.179965214252473, -13.032885270357133, -12.531099436998366, -10.593581049203873, -9.661018388271332, -10.511938244104385, -10.760393606185913, -9.710625397682188, -9.02575017976761, -9.259446671009064, -10.474509439229964, -10.277348623991012, -10.48553616428375, -10.416741465806961, -11.144812819719315, -11.646652105569839, -9.817151834726332, -9.217044739484786, -10.360036206245423, -12.574170511960984, -10.929295094251634, -9.85571443128586], [-18.486375, -16.0630625, -14.28725, -14.7565625, -16.5643125, -17.5528125, -14.7248125, -13.262812499999999, -13.2106875, -15.7729375, -17.3540625, -15.213375000000003, -15.1205625, -16.852874999999997, -17.509562499999998, -17.20175, -17.24575, -18.083687499999996, -18.0136875, -18.296687499999997, -19.500375, -19.5086875, -18.180875, -18.4808125, -16.6448125, -15.5275, -17.690937499999997, -18.2114375], [-13.04014574623108, -14.070807263851167, -8.860868663072583, -9.614511511564256, -14.030521316051482, -17.189450705528262, -10.327824283123016, -5.4675640780925745, -6.001876726150513, -13.152887413263322, -17.840763602972032, -12.70469989156723, -12.508467706680298, -19.233085222482682, -30.912588063001632, -26.03457776880264, -19.712728044748303, -22.158023129940034, -21.064585258245472, -22.610692624807356, -25.878014533758165, -28.971256248474123, -28.75369294285774, -33.377703801155086, -18.004173465490343, -13.746333267450332, -19.492147083759306, -28.17666669511795], [-7.470629033088684, -6.796434436798096, -4.5446198105812075, -5.114414415359496, -7.01854116153717, -7.972631854057312, -5.1295042514801015, -4.461920962810517, -4.565216228485108, -6.265434104919434, -7.945748674869536, -5.878826835632324, -5.679014285564422, -8.0079005651474, -11.668028215408327, -10.656955932617187, -8.179802364826203, -8.84771378469467, -9.02390097808838, -9.50008859682083, -11.963607641696928, -12.834455748558042, -14.904957242965697, -13.7206981549263, -9.725471325874329, -7.746415154457093, -9.99585580778122, -13.431072493076323], [-11.19226815223694, -7.435558163404465, -8.192803956270218, -8.876393056631088, -8.70104784345627, -7.637916072607041, -7.722537121534348, -10.727976961374283, -9.625576885223389, -7.151664490461349, -6.236666148424148, -6.292324906587601, -6.403253316164017, -6.132015394210815, -5.910017652988434, -5.444829694509506, -5.624791697740555, -6.3431046833992015, -6.646854626178741, -6.971283808231354, -7.942337834358215, -8.95830200624466, -8.403304794311524, -7.840973702192308, -7.16558632659912, -9.451805126428603, -7.725559795618057, -7.819285800933837], [-16.43636702346802, -18.125613109588624, -19.119675827980043, -19.417015313148497, -19.451826595306397, -17.54224776363373, -18.88187158870697, -13.260062880516053, -13.80367740058899, -18.106353363990785, -15.64254277420044, -17.73173670387268, -17.430656708717347, -13.883178435325622, -11.682306473731995, -11.816573519706726, -14.433739677429198, -13.981990583419801, -14.823490217208862, -14.455812507629394, -14.434420413970946, -14.464920492172244, -11.094112294197082, -12.147191299438479, -15.329651178359985, -19.44072801685333, -14.582356820106508, -12.439432085990905], [-23.47272030687332, -15.545142263412476, -13.338456907749176, -14.523510529994963, -17.47102653646469, -17.822918154239655, -15.22435813522339, -14.294405950069427, -14.426512612819671, -16.85313352918625, -18.520569560050962, -17.155883645534516, -16.49932133579254, -19.260050861358643, -22.30261098241806, -19.547353099822995, -17.341337272644044, -19.09477400827408, -18.72071185874939, -20.84412199401855, -22.296657692909243, -23.71369302845001, -23.9935038485527, -24.50997650337219, -18.898909469604494, -18.454705760478973, -20.59457806825638, -24.27870046377182], [-30.797386076927186, -28.44509134721756, -24.744474352359774, -25.36739726924896, -28.726489331722263, -30.51421144914627, -23.98341215133667, -21.385609179973603, -21.806761106491088, -25.916469362735754, -27.823776310920714, -25.089185078144073, -25.00106061887741, -29.572531972408296, -31.27352742624283, -29.94662678146362, -28.42927466583252, -30.203343040466308, -30.138406337261202, -31.472182319641114, -32.49425413608551, -31.764158374309535, -29.7965318980217, -32.22560946178436, -29.84784763813019, -26.080583437442783, -29.92594493341446, -32.87914589786529], [-40.4626875, -34.906, -31.934062500000003, -32.596937499999996, -33.4850625, -33.4174375, -32.3088125, -28.959875, -29.872125, -33.5515625, -32.402249999999995, -31.393312499999997, -30.2064375, -31.2385, -31.2433125, -29.692999999999998, -30.1989375, -30.849249999999998, -31.0579375, -32.042625, -31.5473125, -32.077375, -30.6244375, -31.486375, -31.999312500000002, -31.9698125, -31.941812499999997, -32.1855625], [-36.11605297231673, -34.580643512725835, -32.477388892173764, -33.57670966148377, -32.39344915390015, -31.744184463500975, -31.32436389684677, -31.3201005821228, -32.01432466840744, -31.436563694477083, -29.121758434295653, -29.04651409006119, -29.090826411247253, -29.79081998872757, -30.626753029823305, -28.39807633972168, -27.947867516517636, -28.436063531875615, -28.092626202106477, -29.067133912086486, -29.735293293952942, -30.111266081333163, -32.93344511699677, -31.97385018491745, -29.51414158201218, -28.795533386707305, -28.480036439418793, -33.15454672670365], [-43.31474990463258, -31.567965684890748, -30.43721409702301, -31.469812008380888, -33.001411408424374, -32.26541199398041, -30.81272346162796, -30.006337379455566, -30.53049830722809, -31.85212629795074, -31.072001333236692, -32.051876068115234, -32.25475106716156, -32.667786962509155, -33.74922268533707, -34.09362446784973, -33.30187637138367, -35.24842925167084, -33.694429745674135, -34.96358098268509, -36.197490736484525, -36.07967889881134, -35.61655194377899, -36.64073925352096, -35.602750464439396, -34.4241075963974, -35.12729586362839, -37.03286572027207], [-51.736698051452635, -40.726100573539725, -35.0119778547287, -36.65794259548187, -39.01430838394165, -38.60473576164246, -34.91186222839355, -34.24587066936493, -34.39987092113495, -34.99314725112915, -35.55320974254608, -34.6284702987671, -35.87915601062774, -35.00853089237213, -37.81234062576294, -38.82191282272339, -37.04196901321411, -38.11075433921813, -39.098440770149224, -37.98994075870514, -40.44961836719513, -39.437118620872496, -41.828615319252016, -39.0556878862381, -37.43765378665924, -36.910709935188294, -37.559959588050845, -38.71019683265686], [-51.06102337837219, -46.17301828575134, -41.12401994895935, -43.50468915271759, -45.330116934776306, -44.58103759384155, -39.59766200065613, -38.70903823852539, -38.05035960006714, -40.573090391159056, -39.67677860164643, -40.862089668273924, -41.04836676502228, 