{"status": 1, "spectogram": [[-27.91024996396899, -44.66074103043973, -33.74736610634625, -42.382455388531085, -35.642901805296546, -36.979125029057265, -40.28649994650483, -33.87759820644558, -32.57861616836488, -39.65786605508626, -37.34074110083282, -35.42700898699462, -34.32294648343325, -30.195580346629022, -38.61139293390513, -33.929196429431435, -40.869964125365016, -37.25225893492997, -38.92563386340439, -34.61702673514188, -42.647580387458206, -35.82255358839035, -41.211553586155176, -47.286241002008325, -39.615401803657406, -35.92866074034572, -39.24516069662572, -37.926821452200414], [-7.938625335693359, -18.088992558777335, -13.012867155849934, -13.9527605047822, -12.976608356118202, -17.54801913046837, -13.826205662906172, -13.732849034607408, -12.363464828014376, -14.687544833123685, -14.086357171058655, -13.296277278363705, -11.349545525372026, -12.544706186711787, -13.882518216729164, -12.442580992043018, -7.439599051058293, -7.691759872138499, -8.064759932935239, -12.36408106070757, -17.44488394743204, -12.633509384572505, -11.50950985044241, -8.974456300199032, -12.171126207590103, -12.296679247260094, -12.505429107666018, -10.587447333812715], [-14.167863535642624, -12.735425203323366, -10.001300976753233, -8.850567283153532, -11.994085783481598, -12.632229085445404, -17.82510505771637, -13.729756165266037, -15.48868568110466, -14.928908793449402, -18.288846143484115, -14.321596470117568, -14.192060973882676, -19.368633046388624, -17.04263205933571, -16.568248466491696, -13.904120246410372, -15.235550524234771, -13.474359996080398, -12.786862950563432, -15.563641580581665, -14.202748554229737, -14.361995423316955, -16.82431651830673, -12.331699950933455, -12.907103610515595, -14.962790251493455, -16.95062892651558], [-23.897375, -27.444125, -20.356187499999997, -25.559562500000002, -20.251625, -26.7599375, -23.502312500000002, -25.276375, -21.108125, -25.885562500000002, -20.433, -24.059375000000003, -20.4125625, -21.860687499999997, -24.0735625, -22.874624999999998, -23.7705, -20.748312500000004, -29.594125000000002, -21.182000000000002, -27.257624999999997, -21.3045625, -28.823875, -29.875125, -22.8571875, -23.8695625, -23.260125000000002, -31.996], [-18.83616068840027, -29.283279074907302, -15.210339299678802, -24.45549206185341, -22.124127703666687, -25.49591194629669, -24.226411311626432, -19.505169302225113, -16.05207036828995, -15.317873973846435, -20.258499853610992, -14.958347858190537, -12.978893704891204, -14.49041128253937, -14.399472824335097, -22.62428562641144, -12.232936024427413, -14.252758332490922, -16.561945848941804, -17.24155483961105, -18.222856725215912, -17.130293169736863, -11.614919716119767, -12.877964380264283, -24.178512347459794, -12.041910128116609, -11.458785733699798, -14.649169172525406], [-11.413525750637053, -12.742418640613554, -12.171792976856231, -7.95132881307602, -11.223794558048247, -13.698721551418306, -17.2780973200798, -20.23973175907135, -10.957686247348784, -16.741964126586915, -16.317466113090518, -16.908578321933746, -8.56264992570877, -15.019350008487702, -10.294910919189453, -15.391891059875487, -2.701815827846527, -6.193256127357483, -5.422380586624145, -11.82636369752884, -18.496106549263, -15.99095644712448, -9.425019976615905, -6.545586125850677, -5.432162700653077, -10.012231947898865, -17.435229573249817, -7.111129553794861], [-18.73590249943733, -14.05556567645073, -11.276564054250716, -17.418912401437762, -13.912409407615662, -15.769795786142348, -18.497481696128844, -21.422969579219817, -17.561421737432482, -18.405036623477937, -23.398661403179172, -17.86839374446869, -13.253679143428803, -18.32296409749985, -20.85083499193191, -20.593807589530943, -17.429719785451887, -14.268162673711778, -20.30766516280174, -18.099785833835604, -22.310120666980744, -26.299996107339858, -22.69355461406708, -22.419071518898008, -22.08966963171959, -24.88936063289642, -18.749545545816424, -24.412233216762544], [-19.34936822128296, -21.845426372528078, -19.78629625320435, -22.405920918464663, -18.83535227108002, -18.140161165237426, -19.41003896141052, -21.386285976409912, -21.559666884422306, -23.352183997154235, -20.000943690299987, -22.095708985328674, -18.08904121685028, -19.852284397125242, -22.937722044944763, -20.812909471511844, -24.21175169086456, -25.34305744075775, -27.69336751556397, -24.4833557434082, -24.615683637619018, -23.137162046432497, -22.30072148036957, -25.9771531085968, -26.92416461753845, -28.486493282318115, -22.463128198623657, -21.35959757900238], [-22.070365616321563, -22.715779136180878, -18.809776018619537, -19.55683926677704, -15.855542219638822, -15.62288385629654, -27.250384201526643, -22.22005212688446, -17.067810582637787, -22.750213505744934, -21.78677527666092, -20.85792864990234, -15.358382632732393, -17.67871367073059, -23.79608943748474, -19.89891090106964, -23.138064038753505, -20.402344069957735, -21.62278347492218, -21.61515381193161, -22.73232955503464, -21.68890954017639, -24.43659866666794, -19.362520325660704, -26.582026320934297, -22.37860988140106, -18.27366947698593, -16.893761848926545], [-18.87558127450943, -24.952328739643097, -21.614330845355987, -28.370585696697237, -28.28188406562805, -32.44175891113281, -30.63225821018219, -28.67010400676727, -25.652657359123232, -30.113419887065888, -31.841230797767636, -26.261640231132507, -25.93424247264862, -27.739544191360476, -35.08673763513565, -30.411385061740877, -26.8763508310318, -23.505783548831943, -30.914534392833716, -34.16377707195282, -36.71360697078705, -32.73084157657623, -31.533143246173857, -29.794145711898807, -32.03695665454864, -33.04357788658142, -30.076022666454314, -29.600414834022523], [-35.4676875, -35.8829375, -33.7811875, -31.3543125, -35.3550625, -35.9614375, -36.963750000000005, -35.492437499999994, -37.40675, -37.970937500000005, -41.611374999999995, -37.427375, -33.949687499999996, -40.357124999999996, -41.865625, -36.732812499999994, -35.43675, -35.5161875, -37.9950625, -38.387, -42.4173125, -40.052, -38.2193125, -39.884187499999996, -37.78375, -40.806625, -42.299375, -38.961999999999996], [-47.9188418879509, -47.60286892938613, -38.73669178771972, -45.18095571660995, -42.641037062644955, -47.20498748397827, -46.15543342542649, -43.35663025569916, -43.06699829483032, -47.2040699338913, -48.62682027435303, -44.29676224470139, -43.19668193721771, -46.65656467056275, -45.99755361270905, -45.814600442409514, -40.43208321428299, -38.899696418762204, -39.629632621288295, -45.363638755321496, -51.19310106611252, -45.942790140628816, -47.78448392486572, -43.362807732105246, -47.71238823461532, -42.783394460201265, -47.51413293600082, -44.88033959960938], [-37.13472459554672, -44.511268030166626, -38.49033010149002, -40.071165969848636, -44.2701263999939, -44.55487538051605, -46.63281204843521, -45.154392978668206, -42.59380274677277, -45.8682675819397, -44.38245451307297, -45.287787981033325, -42.590777933597565, -44.73381159162521, -45.18693846464157, -45.4860540895462, -39.86348128890992, -39.47314269733429, -39.486953751087185, -41.69784135341644, -49.57936501836777, -46.1701500134468, -44.69665241003037, -42.90678418636322, -44.60211467790604, -40.4970658583641, -41.62087732410431, -43.77446210765839], [-35.118415702819824, -41.04094110965728, -37.161003715515136, -31.64824010372162, -38.525538473129274, -41.920225106239315, -41.2882228975296, -38.88490595340729, -41.011844779968264, -39.267280573844914, -40.40734584617614, -43.82262972640991, -36.74705655479431, -41.093048720359796, -40.48492488193512, -40.55700735855102, -36.544847898483276, -39.940710768699645, -36.97477430725097, -42.35212784576416, -46.41128130435944, -46.45916159248352, -44.24722459125518, -39.15537840747834, -43.90414052486419, -44.86415330982208, -47.47128267383576, -45.88720246505737], [-52.95224699401856, -56.94581812858582, -55.300816526412966, -53.57130542850494, -53.631906721115115, -55.409275557518, -57.168648201942446, -59.982937971115106, -57.53002335643768, -61.43264078807831, 