{"status": 1, "spectogram": [[-28.328375008523466, -44.08471421539783, -44.112401599243285, -43.26536590330303, -41.64717844709754, -45.10038376702368, -43.57138381789625, -44.67379451651871, -44.05547320137918, -47.23161588548124, -45.15180340954661, -45.02510700953006, -44.08426777416467, -40.01212494412065, -44.15043734888732, -44.767990988746284, -40.20239272671938, -43.23400876779854, -46.53750872798264, -43.27876771759988, -44.836964307218786, -48.28863397072256, -44.035446228116754, -43.4907945497781, -47.46632133749127, -48.72407138726115, -46.972446441859006, -45.98807148319482], [-4.446142549157142, -2.485571185231209, -2.4650711824893956, -2.6117318953275683, -2.6707675831317905, -2.837071167707443, -2.909946158409119, -3.089080083072185, -3.2016157945990567, -3.266410427093506, -3.3257854208946234, -3.4574372035861014, -3.374115773975849, -3.253883663952351, -4.161196132063866, -4.151758606851101, -4.147597888052463, -4.170606814146042, -4.049544304907322, -4.339428239345551, -4.442990731775761, -4.038517529726028, -3.56270502692461, -3.208526451766491, -3.2029639642238616, -3.346847892105579, -3.7380979008078574, -4.114017525076866], [-29.311563264608385, -53.65708171057701, -46.208206470251085, -46.05073295688629, -48.14065396904945, -43.081401836156836, -44.45283934164048, -48.906903252840046, -50.91441273784637, -46.618947704315175, -47.07063537383079, -44.57282099342346, -47.67765322899818, -51.16537636041642, -44.75831299710274, -45.15273251962662, -47.674706343889234, -47.251215408802025, -46.648652814149855, -48.69648403930664, -46.12446555662156, -45.73759841704368, -46.15178698396682, -45.88934057521819, -43.653892899513245, -45.33534080076218, -44.88002713704109, -47.94564400815964], [-17.8849375, -16.0871875, -16.354062499999998, -16.6824375, -15.222625, -15.419062499999999, -15.060749999999999, -14.9581875, -14.8881875, -14.573687500000002, -14.4555625, -14.296, -14.1175625, -15.292749999999998, -16.1135, -14.45125, -13.978375, -13.65175, -13.4295, -13.828625, -13.20275, -13.2116875, -12.858625, -12.086749999999999, -12.4349375, -12.855812499999999, -13.650312500000002, -13.7660625], [-35.20099591183662, -41.87963948369026, -38.9768885538578, -47.74920351409912, -41.85047839713097, -40.495040396690364, -45.41954167509079, -47.05540804457664, -40.859084877729416, -44.0313980050087, -47.9283988571167, -44.79079078817367, -43.244808158397674, -41.80878993177413, -36.807101114034644, -44.70370049715042, -41.24798497915268, -48.32568351459503, -46.35480751132964, -45.144119806528096, -43.270717452049254, -43.31691442775726, -42.37160169529915, -41.353431727886196, -41.352539382457735, -45.28225439071655, -40.265315734624856, -41.83652063751221], [-24.355379255771638, -33.30227198600769, -28.545088849544523, -33.22275493812561, -27.561167626380918, -30.444398200988775, -32.8005832066536, -30.413969004631042, -27.859238798141472, -27.805783011913306, -27.92728241491318, -28.46559456920624, -26.7190689702034, -28.417292344093322, -25.751546057701113, -24.049570829868312, -24.197972319602968, -24.39021303987503, -22.723713989734648, -23.52872272491455, -22.218749853610994, -22.88720482349396, -22.33145496082306, -21.302204950332644, -22.719240187644957, -23.326293724060058, -26.975291900634765, -23.863517763614652], [-12.192433450698852, -17.13489336514473, -17.283268506765367, -18.058527344703677, -21.90177074408531, -20.416001918077466, -21.367690066814422, -23.443075418233875, -23.4287268447876, -24.714888399600984, -27.26151525068283, -26.447130620241165, -29.168186524629597, -23.880415045022964, -22.533475520133972, -34.71778735113144, -34.25520634770393, -34.152197938919066, -38.095950234889976, -34.3832778737545, -38.863594823360444, -31.16958821725845, -32.62877774786949, -37.00222035264968, -30.564981931686397, -32.82410895013809, -30.185856403827664, -35.001715450286866], [-28.818481481552126, -35.7214772310257, -38.216409841537484, -34.30164988803863, -37.16597060680389, -39.193326270103455, -40.037204035758975, -38.742115538597105, -37.85881688499451, -36.07233675765991, -45.749264374732974, -39.886236832618714, -39.09756045818329, -33.07494035053253, -35.66287061691284, -36.9330072107315, -41.92834536647797, -41.278592897415166, -40.238215000152586, -38.21885740280151, -41.59098640537262, -36.18637133312225, -38.86493012237549, -39.02909317398071, -35.879187663078305, -42.25963411998748, -40.075757260322575, -40.81850681972503], [-23.608086075305938, -24.66038519573212, -24.835135276794432, -26.669965999126433, -21.133534904956818, -21.953330088615417, -21.781267549037935, -22.042401282310486, -22.807374307155612, -23.16934719276428, -22.143971614837646, -22.917418036460877, -23.18275718975067, -23.154248401165006, -24.194747836589812, -23.88907769870758, -23.384746858119964, -22.64731815767288, -22.441880408287048, -23.12665742444992, -22.047282298564912, -21.046862962722777, -20.699175508975983, -18.821683995246886, -19.671461323261262, -21.00486343097687, -22.72098870372772, -23.97846967220306], [-33.248954094409946, -32.74290988588333, -33.01084731006622, -32.29268680667877, -29.455094066143037, -27.874500947475436, -28.458190792083737, -28.36354823493957, -28.23352168035507, -28.574390343666078, -28.865828505992887, -28.82348922395706, -28.23782886075973, -30.73827784538269, -31.639219704151156, -30.440868710041048, -30.887655123233795, -30.689718199729924, -30.708905437946324, -31.27902144908905, -33.147907846927644, -31.70632543087006, -30.59126208257675, -30.372219060897827, -30.298403612613676, -29.8943052072525, -31.386618097782137, -35.67847791528702], [-40.8449375, -41.12712499999999, -39.230125, -39.499875, -40.8785, -41.905375, -42.7554375, -40.9285625, -40.461187499999994, -40.95675, -41.666375, -41.1869375, -40.41575, -40.678875, -43.1940625, -43.642125, -43.5529375, -42.548, -43.1705625, -43.0311875, -42.54356250000001, -40.666125, -41.292187500000004, -41.500125, -40.79975, -40.7340625, -40.9029375, -49.5196875], [-45.642825359344485, -48.8713794016838, -49.14468708229065, -48.615045211791994, -47.570826652526854, -47.383089117527014, -47.347900491714476, -47.822636945247645, -46.72832462120055, -48.578393093109135, -46.750456753253935, -47.712573840141296, -47.420340684890746, -48.67228219175338, -48.1603405046463, -48.02140854454041, -48.373343988895414, -46.846334745407106, -48.0817705616951, -47.3143173570633, -46.26724362373352, -45.9969520611763, -45.27488925647735, -44.2673699054718, -44.83115699386597, -44.94682632303238, -47.31607651758194, -51.31867334651947], [-61.9348547554016, -60.739373023986815, -58.575497897148125, -62.49975259447099, -59.06698575258255, -61.15515536594391, -58.332718193531036, -61.321940076828, -59.88717223453522, -59.14760292434693, -58.29535251045226, -63.90451731348037, -60.559885829925534, -60.77585305213928, -60.64329030179978, -61.28514471387862, -59.11194883871079, -58.70980621385574, -58.51886868286134, -59.32904685974121, -58.40033239746094, -59.83404617786408, -60.11085742998124, -57.345045574188234, -56.48726109027862, -58.100545887947085, -60.3785453157425, -59.660336380958555], [-47.831190432548524, -49.735958571434026, -49.25877083396912, -46.81286112594604, -44.77535904693603, -47.107073373794556, -44.526699348449704, -45.7494742937088, -45.384018884658815, -46.694919600486756, -46.42948180961609, -46.071535165786756, -46.16316875171661, -50.97054317378997, -48.81554431819915, -46.924318920135505, -47.32907634449005, -45.548103395462036, -47.28785223960876, -45.207388616561886, -44.08487842464447, -42.95509459209442, -45.23009440517425, -43.23021845149994, -42.001996507644655, -43.07867539215088, -43.052551670074465, -50.46311129283905], [-54.69701416015626, -52.72307468223572, -53.41126270961762, -56.25879167461396, -50.46506929779053, -51.30798273849488, -50.40216608524322, -53.263709871292114, -54.004111363410956, -59.88484663391114, -55.63897581100464, -58.827712426185606, -57.009778070449826, -57.62214667034149, -57.465330417633055, 