{"status": 0, "spectogram": [[-26.891127054592175, -53.40961713551989, -53.12996411654778, -53.47283912011981, -53.40236206630905, -54.06074719431267, -52.30371870554953, -52.23120851453106, -54.98397481078275, -53.922399764824874, -56.45562491330506, -59.28729536771278, -57.659545356050074, -51.240643764827944, -52.60395979580409, -52.06444531738262, -53.61065932510699, -52.07687479689717, -52.925189233434416, -49.4859241142947, -53.5123125608813, -59.23112087997184, -55.082056330640164, -51.118688154118985, -50.35674985194206, -53.17294583514876, -54.984577729254454, -36.35693343781895], [-12.529326817778276, -9.493982648006508, -9.515681618561551, -9.577946931958198, -9.201377995174758, -9.0322912498007, -8.814605041803144, -8.815671366635634, -9.354224918428729, -9.576638263006604, -9.831339792370796, -10.032992958660039, -9.930673816836602, -10.846668658976636, -10.750291190672884, -9.901484524853334, -9.512117816613639, -9.07948258316517, -8.879602554068274, -9.17632931912431, -9.28370961555656, -9.64102610608997, -9.662423876679672, -9.663403450926955, -9.530500417947769, -9.570145865549847, -9.612655966352428, -9.299152829335522], [-24.645481246742747, -38.67012374473349, -38.141782120023414, -38.23919280004501, -39.08057126081737, -39.162122360774354, -38.80482587430902, -37.67490713903845, -38.587214121877196, -38.6627838399662, -37.9487828578949, -38.50387606850369, -37.4495955346274, -36.67046712655384, -38.4729789101061, -38.462418891934185, -38.38861244076063, -37.52205049657822, -38.027996036257825, -37.0344574149185, -39.51181607519867, -39.5771523798047, -39.977645381770955, -39.77193282356031, -39.99405099534989, -39.933471584145174, -39.89620937988742, -33.525907168147164], [-27.34255305425823, -48.56121442270279, -46.432749877452856, -45.166375, -41.11608922934532, -44.645250544548034, -39.546965166091915, -39.40107225036621, -41.212321059226994, -43.31048160600662, -46.163624999999996, -46.31030506181717, -42.0035911359787, -42.03135673141479, -39.42866056728363, -38.62174944496155, -39.3417672252655, -42.462, -40.87639435958862, -37.84827134227753, -41.03757068634033, -46.02880483341217, -42.939444058418275, -40.79112410163879, -41.481125000000006, -43.74271503448486, -44.32181990814209, -33.26267590522766], [-4.73723608017365, -6.009138225199006, -6.1232453860312095, -6.402176447868348, -5.6272942383240805, -5.3554474314864855, -4.892177192279276, -4.845646560240771, -5.188085082676974, -5.504732990868197, -6.147569295883178, -6.497796439735144, -6.1169695870245455, -7.830402350649713, -7.067943968704847, -5.504096782168901, -4.859521422843587, -4.705712760925293, -4.618728248946514, -4.901937098191768, -4.9063097189883775, -5.320383670154802, -5.139447673992196, -5.306156608931895, -5.464998663902284, -5.529179873048014, -5.525314875622339, -5.439302784716194], [-10.946382146216703, -21.940794936214225, -22.63489744542555, -21.13136588287354, -23.776080977327844, -27.40276513056901, -25.752752645298656, -24.976078611841636, -25.845105281333687, -22.12471232908534, -20.75767034816742, -19.682023130505918, -18.867597031182235, -19.31284076912478, -20.70301981267962, -22.46590954294119, -23.910587207423426, -23.496452288627623, -26.826362045013894, -22.966721388680742, -26.380255068448058, -25.907632542280304, -27.404310776031483, -28.31253991660301, -27.007398002624512, -28.381334661446047, -28.948746657272856, -29.8233405951046], [-17.027363918716894, -32.677033217787695, -34.61701214614219, -31.345248695373535, -27.037866004997483, -28.570805592827764, -25.897188830725547, -26.43287091656003, -28.22317425326912, -28.477753666039607, -32.073978195667266, -32.33576813335763, -30.08639284733386, -29.124511287649188, -25.87659197923201, -26.952850835143618, -28.175137061538486, -26.65559850502014, -27.984329209538323, -26.054489482495065, -28.485198218668007, -29.86841457301722, -30.487589973327758, -28.664286320792456, -28.48561671590805, -28.969473236423923, -28.88367075632146, -23.514577582833635], [-13.045336087055533, -13.38767796649129, -13.378918269969965, -13.197514806747437, -12.43543108179625, -12.315682049469155, -11.785943084736253, -12.15717011264872, -12.927737150922324, -13.272967729412601, -13.79913985824585, -14.716572945438514, -14.169546776986797, -17.209135223934485, -15.254984078796888, -13.601039278149313, -13.410178306035116, -12.381018537521363, -12.53064455522795, -12.728130972707019, -13.103227771778489, -13.778308094277033, -13.473565866294885, -13.991312064346333, -14.167948534011842, -14.349420591938252, -14.398092317037108, -14.91360698170797], [-15.826712165316392, -16.108612502911882, -16.026196519433228, -15.324533491134645, -16.957710271562796, -17.31694434158165, -17.347640498219736, -17.231071592720227, -16.154156906195926, -15.06858598620562, -14.287140617370605, -13.996291638072977, -14.08835522678864, -14.602846310790294, -15.962189360092808, -16.265083211157982, -15.633794715083248, -16.321888200759886, -16.630227002144018, -17.13048967676732, -17.21257206138296, -16.287389024462392, -18.575283009860208, -18.65462250102285, -19.760137580871582, -20.21005339538805, -21.09809772316221, -22.16843064761617], [-15.059225313215352, -18.018786473440798, -17.472326320794615, -16.712933720588687, -19.540888247835564, -21.565752085763297, -21.556604895884902, -21.467413911311734, -20.305626656929924, -19.24926067179764, -18.269754664421082, -18.362359142110165, -18.801572388863104, -17.32611095459813, -19.99848715610481, -22.608281082839866, -21.687158262692392, -21.189763750076292, -24.036097705512784, -22.183063927093723, -22.449904139069382, -21.494672094656, -23.396901908992277, -23.421912210828665, -24.84854315471649, -25.139809632227365, -25.460182041728086, -27.65209413560118], [-32.00362404061854, -31.759749992489816, -30.449767972707747, -30.414749999999998, -29.975678534030916, -30.30289293384552, -29.58671435546875, -29.60910722160339, -29.349392966270447, -28.551464259147643, -27.925125, -27.923357013702393, -28.274910592079163, -29.29594611644745, -31.14369598865509, -29.91955372714996, -29.5642502708435, -29.62975, -30.53941086769104, -30.71894637012481, -30.450678949356078, -29.541053584098815, -31.613232159614565, -31.77560694503784, -32.156124999999996, -32.99360663223267, -33.21394890975952, -35.362126848220825], [-39.530569589052305, -42.75006042631793, -41.02104215055565, -42.57341352272034, -40.357647663378614, -40.4547624066614, -39.23061139270287, -40.55508863309104, -41.035498777194604, -43.175750672145185, -43.76460638523102, -47.5081267337244, -43.674382822943485, -48.5126507822167, -44.30737850271083, -41.12590185882622, -40.06175765480774, -40.69709320259095, -40.574599656901526, -41.155574574910275, -41.38445420012244, -43.14069043237227, -40.75556727856933, -41.301505464965196, -40.30483226871491, -39.75721337771933, -39.74823031292768, -39.75396390540385], [-44.153526412436534, -47.815900349906485, -47.93955111047692, -47.13513044261932, -47.77179785081788, -49.05199717320243, -49.942008024604846, -49.638783156414206, -49.08920334794564, -50.369214415978576, -49.56832653427124, -51.48834840862125, -48.98376607509653, -47.822887326883524, -50.7980475445179, -50.489176518927216, -48.48987127212419, -50.401736662864685, -49.85746049345638, -50.10270594390458, -48.72590192934879, -49.77090532061585, -52.17624504194271, -48.91156480738535, -50.253148073196414, -49.79422682480043, -51.77559133073903, -52.763830088103354], [-52.93135963884673, -51.227843344772374, -50.840952085203085, -50.85589450263977, -48.24288701584439, -48.3494890335822, -45.695702971964245, -45.88526483337145, -47.546512233919444, -48.991407245677884, -46.97361657142639, -51.01280698953375, -50.07104755208762, -47.64847868039447, -50.0331551980964, -48.24956538287825, -50.679259433516066, -47.559689146041876, -46.954776682170106, -48.242965543432646, -49.335085068001455, -49.71828316160996, -47.69524997783171, -47.485276669639916, -47.95669047737121, -49.76964672976007, -48.71244407814014, 