{"status": 1, "spectogram": [[-23.83781247366965, -41.67003570333124, -40.626848075851804, -43.961437291994685, -45.24986591427028, -44.372857070058586, -42.96504444371164, -41.882419509097936, -41.34470525904, -42.13048195225, -42.11148213842511, -39.31841951493919, -42.01281240330637, -41.97558919677139, -43.54758917295933, -42.61976778501272, -41.01938384781778, -41.253973193392156, -43.580848183467985, -44.860348189935095, -42.963124880790716, -41.841678500533106, -46.187053755819804, -42.34108026526868, -41.331410550087696, -42.944642607659105, -42.5626427322328, -43.7213213120699], [-4.304357585549354, -4.521491889894008, -3.842491803109646, -4.164884676516056, -3.9505721429586407, -4.157590030908584, -5.2304651397466655, -5.665474128901957, -4.991384775459767, -6.210250968813897, -5.8883759299516685, -5.904500948190689, -5.91987595808506, -6.104554551482201, -6.0319295114278795, -6.17756342881918, -6.640429554820061, -7.820340389490128, -8.535340465784072, -7.982652912199498, -7.72941181242466, -6.9132331351041785, -7.470858191728592, -8.491760096848012, -8.002893958687784, -7.320277808964252, -7.818902877032757, -6.383375936269761], [-19.77626608610153, -27.14859643959999, -25.085846684694292, -31.112499378681182, -35.1290530462265, -30.68800733399391, -25.15206844472885, -25.315068489551543, -26.273631929636004, -23.44041727757454, -23.713040366411207, -23.059042241811753, -19.853443953514102, -20.80283642578125, -22.184961180210117, -22.059075908899306, -20.26524622821808, -17.588335339546205, -16.108208418846132, -16.888235926389694, -17.809207522392274, -18.570761967182158, -18.09838573503494, -15.859404240608216, -16.433199644804, -17.841127938985824, -17.0326270544529, -19.327799269676206], [-35.734187500000004, -33.807562499999996, -36.444375, -37.0899375, -36.346125, -33.436875, -35.556125, -33.231624999999994, -32.0131875, -28.452875, -35.13525, -31.675687500000002, -33.8919375, -30.586624999999998, -34.2961875, -36.068375, -31.089437500000003, -27.1501875, -38.432, -38.76175, -34.821625, -36.98525, -35.335, -38.343250000000005, -35.63475, -35.564375, -37.485875, -36.1666875], [-21.51774089932442, -18.26085603904724, -14.793979784488679, -15.127014394283295, -14.031434878587723, -14.116792115926742, -20.039480003833773, -17.81439228820801, -18.199659403800965, -21.55848202085495, -21.77316867852211, -20.154658933639528, -19.55431106114388, -18.447579565286635, -20.906016692638396, -19.730275385141372, -23.36292831993103, -28.578787521839143, -25.235910563945772, -32.471143181324, -27.296214783668518, -20.898943639755252, -28.606696691036223, -27.398035738945005, -27.08958852672577, -26.4216856906414, -27.41074914073944, -19.169766306877136], [-14.15711149120331, -13.3486586728096, -13.235911239147187, -11.983828124046326, -14.302909857273104, -12.437524488449098, -10.28171161222458, -9.10988913011551, -11.619980892658235, -8.783828006744386, -7.609140543460845, -6.960175530910492, -4.93614795589447, -4.16853236246109, -4.825407470226288, -5.45096973323822, -6.212727873325347, -7.456512635707855, -6.8274483346939085, -7.11885975074768, -8.81298597240448, -10.111130246162414, -11.409067506313324, -11.12409164237976, -10.94558341550827, -11.481148537635804, -7.995458801746368, -9.435622836589813], [-26.622108236789707, -28.167581750154497, -25.23326994609833, -30.83285933685303, -24.743400970220566, -29.555253011226654, -25.470935123205187, -25.405404078722, -25.39252846646309, -29.480348885297776, -24.322223174333573, -29.453967094421387, -22.647402463674545, -27.03333033967018, -26.080333841562272, -27.879587240695955, -29.438095779657367, -25.139900888681414, -28.30302719044685, -25.706564649343488, -28.106831341028215, -25.168415892362596, -26.806230075359345, -31.718075743198394, -29.839164494514463, -34.307171695947645, -36.341487053394324, -27.685429636955263], [-21.428444877624507, -24.121150131225587, -20.367470339775082, -19.55352273464203, -19.85761619186401, -21.210820145606995, -20.932822674751286, -24.04047490501404, -23.616035891532896, -24.93197940826416, -26.41935194206238, -24.922200625419617, -20.720194488525394, -25.53096848201752, -29.039401044845583, -21.906347117424012, -26.461497249603273, -23.753026198387147, -27.533030804634095, -26.264920741081237, -29.347703686714176, -25.093019710540773, -28.627455752372743, -28.9148862657547, -27.536916699409485, -28.06918947505951, -26.677065957069395, -26.20636612987518], [-26.64214326190948, -28.33257554912567, -23.22701269674301, -24.040564808368682, -26.2889232134819, -26.13970855093002, -30.754021781921388, -35.21126335382462, -27.17181777524948, -28.06505653476715, -29.87005840778351, -27.015065694332122, -23.725877132415775, -24.887130043983458, -29.52532049703598, -29.217657058238988, -31.05523687076569, -30.730305448532103, -32.003116292476655, -35.69369941520691, -36.18685173940659, -33.945946311950685, -38.33082153129577, -34.445426961898804, -34.62750879335403, -36.90827316141129, -37.13958799171448, -39.68588107728959], [-31.711100136756897, -37.42109943819046, -32.75203677654266, -27.155646439552307, -28.73765417814255, -32.18513063287735, -29.645002648830417, -30.991138308525088, -30.299283074378966, -32.93198162698746, -31.748540972709655, -32.85580074834823, -29.708596791267393, -31.841870770931244, -35.28524343347549, -32.48008148288727, -34.84791425609589, -33.098094648838035, -44.35382751989364, -37.057862288475036, -36.2540865778923, -36.62400703716278, -36.734511308670044, -39.67639818716049, -35.45210711097718, -41.26599443817138, -43.28278827142716, -35.7204539680481], [-37.18725, -36.141000000000005, -38.4755, -39.188875, -39.72725, -41.427687500000005, -41.4320625, -37.260437499999995, -40.200375, -38.927125, -39.107375, -40.416250000000005, -37.63675, -39.605125, -36.358875, -39.793875, -41.8214375, -44.411500000000004, -42.9835, -41.871375, -45.047812500000006, -40.786312499999994, -40.85675, -46.792375, -43.8564375, -40.869749999999996, -43.521875, -44.37425], [-38.855672407150266, -40.530381247520445, -41.10712966823578, -37.08919318580627, -42.63800095510483, -38.25437818384171, -37.70582684040069, -36.78270134782792, -36.78330905675888, -40.53645990467072, -36.265149978160856, -42.10042468166352, -38.11198505735398, -33.11771668767929, -34.83903209590912, -43.39298213911057, -38.59362107467651, -39.24642856407165, -40.144742138385766, -39.435504348278045, -42.45667816638946, -40.82947358512878, -44.11159818458557, -41.77315749359131, -40.97432894849778, -46.086400572776796, -41.605157693862914, -43.66639885950088], [-34.55858895111084, -38.31598281383515, -32.79823253345489, -35.500605906486506, -29.19888351869583, -34.13134590864181, -33.958719667911524, -35.04606898593903, -34.852534150123596, -34.45855206108093, -32.06017828941345, -32.72685561847687, -33.714471590518954, -35.34870232725144, -35.88489409542083, -35.853615917682646, -34.91569539546967, -32.69099076795578, -34.71436547613144, -35.85524963855744, -38.51746266365051, -33.13815018510818, -35.27146393489838, -35.926571732521055, -37.464999899864196, -37.31340020322799, -37.454464643478396, -38.359639859199525], [-43.033074382781976, -41.74459101104736, -42.36990232563019, -41.65995455074311, -43.07988637447357, -41.075076223373415, -46.515575109481816, -40.3963598651886, -41.400651110649115, -37.85004027557373, -42.89615809249878, -38.625938076972965, -40.07842673778534, -38.40223572921752, -41.1752932767868, -43.209715051650996, -44.75736291408539, -43.395007948875424, -43.563263215065, -41.86268259239196, -45.46819431304932, -40.242399414062504, -42.10977611923218, -41.91138672542573, -44.01439460754395, -41.231422652244575, -42.55854611110688, -42.19334366226196], [-42.60137311553955, -41.020053037643436, -42.178928827285766, -43.66796164703369, -45.094416865348805, -43.332606643676755, -42.67798756217957, -45.396084815979, -43.325178497314454, -48.206819061279305, -41.85651109409332, -42.901025479316715, -43.25167775726318, -41.57120769596101, -42.46120426082611, 