{"status": 1, "spectogram": [[-11.68464060909955, -21.777922257096485, -21.787919723947137, -24.84940186326206, -22.83247217705055, -23.954672152413707, -26.209362969208726, -29.119009797985438, -26.809375303238628, -28.253694959111066, -31.123437605127698, -31.09350212197374, -31.36773297330887, -29.210608138115735, -29.533800570595645, -32.127017673275276, -32.00966928652567, -34.41809828110039, -33.54637256258265, -30.934181400878302, -27.77907869772307, -29.568133275850073, -30.751055255668778, -27.225168906287582, -29.675339373290537, -31.438057123144674, -30.417188362875947, -20.305919290411115], [-11.580561381442806, -9.589456647629643, -11.265316556490204, -11.961919735968113, -11.179402093487127, -12.570976424233056, -11.31522614848489, -13.218318800305772, -12.932039865470689, -12.604356553619002, -14.77383105248213, -14.2508071436956, -14.022197967992941, -10.873328380296424, -10.535809428229603, -13.011877421658673, -14.46773228886778, -15.037625990867616, -14.982592167657273, -14.80043869312701, -15.652408391195902, -12.818007419025436, -13.589120028412978, -14.693214105044042, -12.590911445856094, -12.260609487775657, -12.971509799053315, -15.423382190918563], [-8.468241353934769, -8.366204262023073, -11.06464454217833, -10.806072092533114, -10.101858492539892, -10.612765245174929, -9.769674591419879, -11.435710133362836, -11.17368271894355, -10.436268534592152, -11.187973537683487, -10.90576897416297, -9.687106264658913, -10.156363955400273, -10.34509557809637, -9.44048860839913, -9.837644845271818, -10.146356889724732, -11.542880326047117, -11.351281614658141, -10.474446017265072, -10.21947843995382, -11.101141032150867, -11.032024270237578, -12.464739912748339, -12.50752440149441, -14.68912811229158, -17.27335915944489], [-12.840723538428545, -17.564598216354845, -19.872937656641007, -17.6440625, -18.9664463763237, -18.880009102344516, -17.041419264793397, -18.186615563392635, -16.32918758058548, -16.20091100406647, -16.8699375, -15.78149993133545, -17.814725111961366, -19.267107273101807, -19.380973299980162, -19.27747169017792, -19.266060567855835, -17.34775, -18.1641801071167, -18.199761525154113, -19.101268384933473, -20.7095001373291, -20.37510719680786, -20.092259077072143, -21.255562499999996, -21.8742043132782, -25.093808948516845, -27.894712493896485], [-5.829167138428717, -11.078160093052047, -12.01911126747907, -19.57430571746826, -11.874888756148867, -11.606006410097638, -12.428700442168605, -11.146714005407299, -16.18916589830832, -16.971790125082737, -16.193242922067643, -18.991202941408517, -16.536100289352344, -14.093170309913281, -14.048350438346443, -17.71357597935966, -16.932794696642624, -16.40658028388023, -15.674568953109505, -17.235795179060265, -15.052463131841623, -16.168072223868098, -18.379337760913543, -13.496353075723768, -16.477482310295105, -16.17599670982814, -18.204931122492898, -21.4371504178878], [-13.86891073326828, -9.136552810406183, -10.513039383333535, -11.415802082061768, -9.83914738804435, -12.453707637378397, -8.75421811194323, -13.552430549271056, -10.189046906432392, -10.818883998152042, -15.459294936656951, -14.555535416817488, -16.027837239342986, -12.003598391815299, -13.290648346278047, -19.72402829370582, -19.71106568741362, -18.287001622200012, -20.180676314401193, -17.162926074786053, -14.222318896099065, -12.809910996952262, -14.24613533111608, -18.432121006546875, -16.275082564830782, -15.690174221982875, -16.523386857550097, -24.577707874697893], [-12.944075239971541, -18.57181348869265, -13.990811340477965, -10.76718967652321, -17.915297623098727, -18.895114740707957, -14.176030149772211, -16.545211192896264, -15.634005175181462, -12.290475756548718, -17.79707213115692, -19.346193774592454, -15.673819908123876, -19.91654966390741, -20.978003333145033, -16.516953378975455, -16.698178388446415, -17.415516306877137, -20.194838711468016, -18.52764342435912, -18.081197497026828, -17.21167214722581, -18.941615449461633, -21.081264467912682, -20.43071231508255, -24.33289010042978, -23.43049675344181, -23.124957714041454], [-20.024339593413462, -17.014381389459793, -15.852235053938543, -21.43249450302124, -15.35005990304744, -18.478132255709045, -20.754582949384115, -22.381159615029816, -22.888040297488203, -20.730418186165686, -20.108147961616517, -19.52432011152628, -16.182477723886493, -24.124638394065695, -21.540742114243347, -15.159697120861354, -16.303343935499054, -15.183587837219239, -19.233132236441772, -19.294275387941656, -18.689771581573094, -24.127075996088085, -21.210827033259513, -18.932837426126646, -19.91759838962555, -23.182095512062162, -24.33897764363285, -24.888172439038144], [-21.69931160831099, -20.08681199728227, -17.21385526726197, -17.572615954875946, -14.553310897053404, -18.94646512654348, -17.468793695216185, -20.77919320610656, -18.783797324706107, -21.048000335227478, -17.852267404556272, -17.258265832902552, -15.365216456140175, -18.139179133930863, -19.61267381827609, -13.654061231409177, -14.885096133924367, -12.615333001613617, -18.231019529146607, -15.294202697186659, -17.97765001278406, -22.51110930827096, -19.901320778001065, -16.158072409025507, -18.589207106113435, -21.598078065881257, -24.33896471258093, -33.12865000358921], [-21.57036820865742, -26.550328627240997, -25.166004178217197, -25.131073913097378, -24.8277305077586, -27.41309752754299, -24.13760526911301, -22.987532464881298, -21.194810907403397, -26.151126588650857, -24.001819001197816, -24.228017039296784, -25.7528921763018, -33.81602194935159, -36.68599678461358, -28.64399518629544, -31.753977701713186, -29.87888443183899, -31.009982982723113, -31.41303821654313, -32.475257258103426, -35.55842622637173, -35.37342617838718, -33.20405966521858, -31.388934749126435, -32.43107608763415, -38.80479181099814, -36.77127946299408], [-35.468465422496195, -31.731428646564485, -34.065017893314355, -34.3885625, -32.635571653366085, -29.955963987350465, -33.36309898662567, -32.72949161815643, -31.570098147869107, -32.471776102542876, -30.527437499999998, -32.9852403845787, -30.209221449851988, -37.242169117927546, -36.586830088615415, -34.603847222328184, -35.35775853157044, -34.0131875, -36.545945888519284, -39.74257448577881, -35.5024024362564, -38.67405301475525, -41.63925714206695, -39.278956911087036, -39.8875625, -40.342955450057985, -41.77276361846924, -46.67971789360047], [-33.613162849224054, -36.75623220082323, -35.07166875527796, -38.474482508659364, -38.13339823485461, -38.06035772025882, -39.590777101100194, -37.07755685566905, -36.38824564530818, -43.59298369396264, -36.76071336078644, -36.57989826914687, -37.492949664397095, -40.38953284509371, -40.876127869284126, -39.06944075850199, -38.431932863403034, -37.77678248548507, -41.004858605094775, -40.17941622389752, -38.37560121736593, -42.1142255721656, -45.311743562870234, -38.94712699704223, -38.82048748970033, -38.36808057394254, -41.88577732882471, -47.89301050442385], [-29.206730718691844, -35.432157157832265, -36.78485367748672, -39.67259726858139, -37.602035067694466, -38.728364706856546, -36.26412458621273, -38.37819237057037, -36.339108039680625, -35.44481590099618, -35.44873319435119, -36.00399428359851, -35.42960410180228, -38.81584054074911, -39.39616388871677, -36.79859697226202, -37.702293740341545, -37.7092222905159, -39.728994103207015, -40.93450020724795, -38.34897769878357, -36.894038221660324, -38.96110692582796, -38.58631465758072, -39.89773293018341, -37.792330916804566, -41.369506809682065, -42.81302546019989], [-38.24682203582434, -38.75838610694607, -34.63578520680944, -41.42179697132111, -40.15751065210406, -36.56351051728622, -34.999957041135886, -36.04818697649001, -37.19343978327165, -36.22631457899, -36.72825498962403, -39.982481244950634, -38.11802569997036, -42.23700417896306, -42.62864590263469, -42.729827863967294, -44.53699490907727, -46.436897129058835, -47.89709630905903, -50.19332095598013, -48.47908662492421, -50.52151359503666, -53.30765427994796, -52.44855723499626, -53.22742864990234, 