{"status": 1, "spectogram": [[-36.674258896723394, -56.13913377813994, -56.01325882084667, -49.151481962442396, -50.312482120007274, -55.49384804387391, -46.88578571432829, -46.09348221227526, -53.01872318606078, -55.73568742145598, -52.203874977201224, -51.65005359134078, -58.41076780807971, -51.88732128655911, -53.48744634905458, -53.48666959349811, -56.13055347537994, -54.28082139745354, -55.69625892148912, -53.79035697218775, -51.14475001937151, -57.55593739928305, -57.17643725939095, -51.9154552014023, -51.278607003122566, -51.685723162278535, -49.950160616695875, -51.63365172411501], [-10.754357159614564, -9.097768187999726, -8.757143130540847, -8.192160964250565, -8.415348485410213, -8.543312782227993, -8.669937804877758, -8.588018154859544, -9.035652075231075, -9.1055002399683, -9.096000219464303, -9.462464473843575, -9.97031275266409, -10.397616392195225, -10.64724139291048, -10.601134209692479, -10.679714534401896, -10.495089507102968, -10.53165204578638, -10.449035983324052, -10.677973477780819, -10.817527036249636, -10.919214545130732, -10.688134160339832, -10.665410949349402, -10.436696687221527, -10.36107168531418, -10.347857398867607], [-26.676016280174252, -40.799614518880844, -48.0102405512333, -45.16866075706481, -45.85994494390488, -44.363490401506425, -44.67399040532112, -43.89214993548393, -42.836044158697135, -48.8323545846939, -47.67479475474358, -48.55800771498679, -44.20572227168083, -44.36252365279198, -39.51796045398712, -46.90409653019905, -52.97499109244347, -48.8205455019474, -46.338856640815735, -45.025392231941225, -45.08336562371253, -44.176348332166675, -46.89178508663178, -47.50220498585702, -43.969231681823736, -45.865750087261205, -46.07506100773811, -49.05611439538002], [-30.636875000000003, -37.487812500000004, -33.987375, -32.5220625, -34.2728125, -36.275437499999995, -35.726375000000004, -34.1435, -34.0451875, -35.916, -31.744, -33.267375, -35.788875, -37.767562500000004, -35.3858125, -35.7790625, -35.520625, -34.900375000000004, -34.51275, -34.563375, -35.636062499999994, -36.95162499999999, -34.870000000000005, -36.9213125, -34.44825, -35.615187500000005, -36.9075625, -36.4745625], [-2.7029819464683533, -1.7473208165168763, -2.1388837954998015, -2.501071558475495, -2.3158392038345337, -2.4269998402595516, -2.4848121297359467, -2.579687177419663, -3.0057943785190577, -4.066482346534729, -4.347795071840287, -5.4999828896522525, -4.39332152891159, -4.050847731828689, -4.512910171508789, -5.313437332868576, -6.606276909589767, -7.0792057187557225, -6.694955405473709, -6.686910657882691, -6.821919624567031, -7.169241163492203, -7.527553615093231, -8.635062792062762, -8.490321673870087, -7.691169686555863, -7.812419674634933, -7.904678627490997], [-17.75657417869568, -35.55534267520905, -38.022652881145476, -33.19392116594315, -34.73999437570572, -39.44552551651002, -36.7155243883133, -34.389163102149965, -32.97442864227295, -37.5791188416481, -31.635740548610684, -36.17215992927551, -39.105698266983026, -42.01113429117203, -35.631383200168614, -38.1957688779831, -40.1853572216034, -39.68428510761261, -38.65965894603729, -37.81898448467255, -35.87425246620178, -37.43034993219376, -39.40272116994858, -38.42564231777192, -38.42242915058136, -38.60861438894272, -43.157557899475094, -41.99651315450667], [-17.96141163659096, -22.473385247468954, -18.303387255907058, -15.649599356412889, -17.670199976921083, -18.90209161567688, -20.521097299098965, -21.33958324122429, -22.428517424583436, -17.589617770433428, -16.105929721832275, -15.741807757616044, -19.617965399742125, -25.199522655963897, -25.6025242395401, -23.208862201213837, -21.794897603034972, -20.271393558979035, -21.914526126384736, -22.928222413539885, -23.418726846933367, -22.186968326568607, -24.082782867193224, -22.978921220064162, -21.926826446056364, -23.647444416284557, -24.600625449657436, -23.091970781326292], [-11.853683750152587, -12.436918216705322, -15.064109181404113, -16.238316034317016, -15.932091753959657, -16.75993065357208, -15.6340540971756, -16.3620987739563, -16.474322432518004, -17.737548730850218, -17.949925313949585, -20.836232122421265, -17.73094128227234, -15.165580106735229, -14.744766930580138, -16.532010732650757, -18.524316038131715, -20.428549888610842, -19.06423501110077, -19.18303765964508, -19.92257342243195, -21.61593217945099, -20.990431374549864, -22.701119901657105, -22.73370043849945, -21.48501012611389, -21.90632414150238, -22.040485453605648], [-25.531511763572688, -30.71575077486038, -35.14125020837784, -34.19710086631775, -33.43480571317673, -32.17662765932083, -33.693438306808474, -33.047134723663326, -31.9604410610199, -33.96279878044128, -34.674861656665804, -39.768378987789156, -36.4121104130745, -32.661288054943086, -35.12647496795654, -36.74928117275239, -38.90686379480362, -39.51626566123963, -39.786761224746705, -36.6560771279335, -41.37136768913268, -39.03063015413285, -34.35688265562057, -37.06821313667297, -35.473821387290954, -35.42413008832932, -34.94644299697876, -36.94525427675247], [-32.43372227334976, -37.78080758142471, -44.39660534000397, -40.50577788496017, -42.390156784534454, -46.24980060911179, -41.554235898971555, -39.696098239898674, -43.97853681993485, -41.61744573831558, -38.032380109786985, -42.50088102817535, -45.24273148441315, -40.1074090476036, -38.78453379011154, -41.14087879085541, -44.97503379535675, -43.46121553230285, -44.80309222602844, -43.41937951183319, -45.440999230384826, -50.85305102062226, -47.80273954057693, -47.823198895931235, -45.4686491112709, -46.46741819047928, -44.805612735748284, -50.43114201927185], [-34.2945, -38.3674375, -43.246875, -42.595625, -42.4115625, -45.032375, -44.408500000000004, -43.084312499999996, -43.613625, -47.441437500000006, -44.32731249999999, -50.067562499999994, -47.523250000000004, -43.109187500000004, -41.001312500000004, -41.77675, -46.613937500000006, -45.5268125, -47.0108125, -43.9541875, -46.1418125, -45.0574375, -46.615812500000004, -48.028125, -48.30318749999999, -47.34125, -48.41618750000001, -49.9866875], [-38.34719641113281, -39.27057952737809, -40.08632080125809, -39.32722942495346, -38.38630385351181, -38.0251181716919, -37.839308648586275, -38.40773631715775, -38.00568113946915, -40.43575486660004, -42.057626112937925, -43.52666675138473, -41.81764911746979, -42.72768552255631, -44.52524796962738, -44.07262492609024, -45.43810364103318, -46.453724023342126, -45.35204369163514, -44.69834773349762, -44.854972158432005, -46.04253370428085, -46.499532948970796, -48.50417282247543, -47.66609284687042, -46.18602421188354, -46.994462631702426, -46.91970335960388], [-43.83244125699997, -47.67647891426087, -49.33897437477112, -48.65055407953262, -50.25471410799027, -49.974411623477934, -50.255287965297704, -49.039637594223024, -50.25526042461395, -50.61546398496628, -49.01840148067474, -46.93895625495911, -52.618114868164064, -51.756834194183355, -49.770898069858546, -51.31185106086731, -52.31760084533691, -50.6321005115509, -56.66566009759903, -52.46427965927124, -55.16309127855301, -54.07947530269623, -53.29235270118714, -55.069028202056884, -52.77899483776092, -54.0741276011467, -54.94937703943253, -56.2026714105606], [-36.27622823905944, -36.008604321479794, -35.23504584884643, -34.09457124996185, -34.49861810874938, -34.65117144584656, -34.72904691314697, -35.928172693252556, -35.522217713356014, -34.775982253074645, -34.15579169654846, -34.29662730407715, -36.097384313583376, -38.5419717540741, -39.383155646324155, -40.23865748310089, -40.73204918956756, -40.15397551822662, -40.74697747516632, -41.33849063873291, -41.175041707992555, -41.60130324077606, -42.169925654411315, -42.08816458320618, -42.35240478610993, -41.17730984687805, -42.698748347282404, -40.878764805793764], [-45.07800088214874, -41.48967468261719, -41.67561770343781, -40.48766486740113, -43.13218903827667, -41.79824144840241, -41.957427688598635, -42.26387421798706, -42.73815165424347, -43.5256743478775, -44.10467607784271, -45.41283830928802, 