{"status": 1, "spectogram": [[-14.100642902493476, -38.23007151734829, -40.12007154238224, -39.91692869985104, -40.577142970323564, -41.68500016999245, -42.4157143111229, -43.50799998021126, -43.55942845034599, -42.9566427346468, -43.323357185959814, -43.294071580052375, -44.00428591680527, -42.65642861914634, -40.80750002992153, -41.97528591179848, -39.78921429908276, -39.03564277541638, -38.34414285850525, -42.41400011062622, -41.01100008654594, -40.199285786867144, -42.47878594887257, -40.91364297306538, -40.06278571975231, -40.320999900341036, -42.05971414113044, -20.81185719490051], [-21.95564358186722, -23.436930527210237, -20.585358764171602, -20.19521581697464, -21.837001643180848, -22.403715609550474, -29.94643107509613, -29.697573721885682, -27.56414474391937, -28.609359233379365, -26.391287362098694, -26.219716167449953, -24.849787368297577, -25.521287405967712, -24.29078740644455, -22.933930049419402, -24.111573130607603, -22.894287294387816, -21.681930012226104, -24.037501846790313, -22.484430150985716, -22.238144510269166, -22.232716079711913, -21.907216136455535, -20.801215931415555, -19.16978713941574, -18.300073080539704, -11.726001023292541], [-11.087428321838381, -11.54742936706543, -10.880428863525392, -10.740643018722533, -11.47228625869751, -13.092572696685792, -13.609287235260009, -14.844430400848388, -14.579787435531617, -14.668787382125855, -14.466215902328491, -13.359572734832764, -13.394572738647462, -13.419287139892578, -12.224858280181886, -11.934358095169065, -12.10150087928772, -11.82621504020691, -11.66042921066284, -11.780643575668334, -11.86535786628723, -11.739429107666016, -11.79671452331543, -11.653428607940674, -11.399642671585083, -11.236856773376465, -10.302427600860595, -10.755641565322875], [-13.406, -14.25, -14.849, -14.523, -12.515, -11.3615, -11.613, -12.5325, -12.798, -13.103, -13.0075, -13.2155, -13.483, -13.120000000000001, -12.494, -12.067499999999999, -11.7055, -11.4805, -11.562, -11.4165, -11.3965, -11.998999999999999, -13.055, -13.604, -14.182, -15.029499999999999, -18.069000000000003, -21.177500000000002], [-8.006143577575683, -15.567859905242921, -27.952148685455324, -32.71793585777283, -18.36121848106384, -7.86178752708435, -5.935143894195557, -5.71871482849121, -6.427143512725831, -6.724215070724488, -7.1995723342895515, -9.23907310295105, -9.721001720428466, -7.841144115447997, -9.32064482307434, -10.01771673965454, -10.657574085235597, -13.237289054870606, -16.018718334197995, -13.810860671997071, -14.137503633499145, -16.995575756073, -24.394648847579955, -30.168292819976806, -30.97086393737793, -32.900720890045164, -35.9349344959259, -20.706001293182375], [-14.60942936706543, -31.679507396698, -39.44971030426025, -35.986423194885255, -31.25550017929077, -21.264433403015133, -20.635721672058104, -20.435938037872315, -22.1785830078125, -23.194797863006592, -22.15429546356201, -27.517796726226806, -27.037367557525634, -23.95158239746094, -24.193791469573974, -27.037647937774658, -28.611503620147708, -34.39393369674683, -29.035356784820557, -32.803645038604735, -30.112429115295413, -32.71185452270508, -31.06764071273804, -31.884498622894284, -35.345064579010014, -26.888995666503902, -21.969989517211914, -9.684495525360107], [-20.120717575073243, -32.236354043960574, -28.51548884773254, -25.40599185180664, -27.8267743396759, -27.356783197402954, -32.13999732208252, -30.925001167297367, -37.43907664299011, -37.08457415390015, -37.63999878692627, -37.71078831291199, -37.50985679626465, -42.682218004226684, -36.02678457069397, -32.5332069606781, -31.60792981147766, -33.445565719604495, -30.64627944946289, -32.854416702270505, -31.745492841720583, -30.826775815963742, -26.972415065765382, -21.72598834991455, -21.535980636596683, -18.784623399734496, -12.580348161697389, -10.503641172409058], [-36.986493156433106, -31.035127807617187, -21.923705627441407, -19.66713641357422, -25.888135528564455, -33.82098225402832, -37.026767494201664, -36.12056231689453, -42.9521270904541, -41.213914039611815, -37.64691316986084, -38.07227145385742, -40.04483903503418, -40.644054725646974, -34.28198477172852, -31.043056297302247, -30.559197242736815, -25.69405788421631, -24.52098779296875, -25.623343894958495, -25.98377254486084, -23.988417602539062, -21.25549318695068, -21.053709716796877, -18.991569564819336, -18.0157871017456, -18.39365076446533, -22.944797706604003], [-32.88357259368897, -31.354575454711913, -28.029650051116946, -25.35757723236084, -27.83364861679077, -39.99979089736939, -38.83014144897461, -39.84727962493896, -39.672424636840816, -41.39664005661011, -44.93835125350952, -40.51964377212524, -42.53671755218506, -40.29899839782715, -39.36207670211792, -35.54179361343384, -32.54235928726197, -34.21515270996093, -30.463864707946776, -31.444507678985595, -31.987507579803466, -29.74893658065796, -26.11636326980591, -24.717647968292233, -23.131360736846922, -23.364645061492922, -24.947997726440427, -30.29163739395142], [-19.174367153167722, -31.689126289367675, -32.02311944580078, -26.36462465286255, -30.767409332275392, -34.881635089874266, -29.092654682159427, -25.28201879119873, -27.56315657043457, -29.541151832580567, -28.618159545898436, -34.215859451293944, -34.98371329498291, -31.98814931488037, -37.623632503509526, -39.35797919464112, -33.42141761779785, -40.185470462799074, -37.196834045410164, -34.71548115158081, -39.93011365509034, -37.71125937652588, -33.462334056854246, -27.684342182159426, -24.417918796539304, -21.917567344665528, -18.687793880462646, -22.39229888153076], [-26.542499999999997, -29.6595, -37.412, -34.731, -33.268, -29.714, -32.341, -36.6195, -33.3855, -32.579, -31.762999999999998, -32.191500000000005, -36.706, -38.831, -32.852999999999994, -34.05, -33.298, -34.9095, -37.2705, -35.9295, -35.926, -36.8215, -37.138000000000005, -37.5515, -37.4165, -37.1455, -35.179, -27.6555], [-43.8694186706543, -47.49984690856934, -41.10065813827514, -39.84322900772095, -42.48936504745483, -46.25792335128784, -43.16635332870483, -41.574856658935545, -44.40957022857667, -42.97456931304932, -42.946710479736325, -49.556345294952386, -52.63434199905396, -45.889994255065915, -51.94698567199707, -50.47098935699463, -50.65855379486084, -50.27169642639161, -47.02885011291504, -49.133342227935785, -48.68384423065185, -43.05464252853394, -40.39008319473267, -38.7034493637085, -38.002664363861086, -36.197300300598144, -39.32214015960693, -49.80562254714965], [-39.03907242202759, -42.680282821655275, -46.56499865722656, -45.67121419143676, -46.76342662811279, -46.56871320343018, -46.45321706771851, -48.7723600730896, -48.21078829574584, -47.29507328414917, -46.404857704162595, -46.782713668823234, -48.73007294845581, -48.388574867248536, -45.65228543090821, -46.95828214263916, -49.41892348098755, -49.74320857620239, -48.60285359954834, -50.81478015518188, -48.66685258483887, -46.9713538017273, -42.973356792449955, -42.96150110244751, -44.10000299835205, -47.182646656036376, -44.99164139175415, -44.66742412567139], [-27.369215553283695, -30.625927085876466, -34.6618546295166, -31.628003677368167, -33.461712387084965, -30.08835297393799, -32.727785789489744, -36.31850331878662, -32.21735991668701, -32.806003067016604, -34.16514421081543, -35.67178208160401, -35.742066658020015, -35.28542793273926, -38.795064277648926, -36.88041900634766, -38.84313250732422, -39.08799374389648, -36.61978295135498, -38.09777970123291, -36.9454236907959, -34.041566680908204, -33.7261430053711, -34.565502601623535, -32.736005325317386, -34.45978733062744, -34.86784791564941, -35.02335034942627], [-39.06286172485351, -41.02771566772461, -48.41092517852783, -40.39028312683105, -42.132715942382816, -40.07842462158203, -43.94034847259522, -45.6086343460083, -43.739924476623536, -43.97492462921143, -45.15463674163818, -42.98349683380127, -42.20063990020752, -41.66099377441406, -39.7173558883667, -42.83678662872314, -41.338643013000485, -43.69292984771729, -41.2041449432373, -40.466572387695315, -39.93800193786621, 