{"status": 1, "spectogram": [[-1.8584733374863864, -2.341848337545991, -2.3873483469337224, -2.284160845041275, -2.2198840627223255, -2.417169766262174, -2.4883572532832625, -2.524080468699336, -2.4060536878407004, -2.4342858360707758, -2.572410838216543, -2.5857590458840134, -2.67193760804832, -2.6361429613232614, -2.623455466017127, -2.5058840392380954, -2.4946608324348927, -2.522134047344327, -2.5528840401917696, -2.6018751143217087, -2.510026906266808, -2.4540001234114173, -2.5703126133233307, -2.8388036754131316, -2.8087233210951092, -2.8166786850392818, -2.931553679704666, -3.0942858227193355], [-19.760839643716814, -17.734080531537533, -18.189080650031567, -17.696241395056244, -17.520696844697, -17.648955512702464, -17.008142865777018, -17.538276844918727, -17.50236617869139, -18.31029485434294, -17.9805448705554, -17.88119663655758, -18.239464421510696, -17.727196516036987, -17.68894654762745, -17.801116199553014, -17.586205559194088, -17.659857420921327, -18.019169750630855, -17.474634037435056, -17.674955613791944, -17.699535889506336, -18.401348384678364, -18.365830330312253, -18.607910808086395, -18.539143050551417, -18.611205494701863, -19.016428692460057], [-13.209748454093935, -14.208596379518509, -13.997096001386645, -14.577265759468078, -14.774131615877153, -14.683292974233627, -15.93216858077049, -16.45235590171814, -15.862079004049301, -15.617676799297334, -15.464926928043367, -16.326739813566206, -16.95812410020828, -16.383302745819094, -17.614114913225176, -16.856195338726042, -16.380686072587967, -16.497310977697374, -16.033248735904692, -16.33863263010979, -16.39987352705002, -16.284409128665924, -16.856971961259838, -16.849454596281053, -17.24876692867279, -17.014409499168398, -17.76990968465805, -17.378159629821777], [-15.913812499999999, -18.96225, -20.6899375, -18.472875000000002, -17.8293125, -18.4014375, -17.319499999999998, -17.7485625, -17.768250000000002, -17.7308125, -18.9015625, -17.7155625, -19.005187499999998, -16.541062500000002, -18.1186875, -19.193125000000002, -18.4074375, -18.854125, -16.9050625, -18.4583125, -18.2926875, -18.578937500000002, -17.555625, -19.085625, -18.0471875, -19.1229375, -20.1895625, -20.300875], [-13.598250532150269, -6.337240391492844, -7.037803510189057, -6.542187118291855, -7.57508925485611, -7.746383373498917, -10.199132565259935, -8.014462564468385, -6.871989923238754, -8.590374170303344, -8.402186740636825, -9.295766499519347, -9.572498024463654, -10.51260511779785, -9.99379283118248, -8.769873556137085, -8.526052594184875, -9.059373836517333, -8.438498935222626, -10.668329390764235, -9.215829145193101, -9.58816908288002, -9.876355940818787, -13.603239264249803, -11.650176598548889, -11.519909153938295, -14.61765853881836, -12.016123322486877], [-8.398250823020934, -17.821486515998842, -14.934044204235075, -15.796650916576386, -19.508706835269926, -15.015155073642731, -11.645282898426055, -11.75502243232727, -18.27572684144974, -15.556504570007327, -13.048751238822938, -12.670325733184814, -14.073282207965851, -13.830104055881502, -15.964230484485626, -14.967942233562471, -17.417851270198824, -17.432895057678223, -13.381335587978363, -16.23872745370865, -18.680690586566925, -18.331269194602964, -16.883022542953494, -15.15741650390625, -15.695594322204588, -16.617161973953248, -17.587166017532347, -16.585582314014435], [-18.078278134584426, -18.136169048070908, -16.122731381416322, -14.562894029140473, -17.015402578115463, -13.92343558382988, -16.87055273604393, -15.837315210342409, -18.403567962646484, -12.828694164276122, -19.098134464502333, -14.766220512151719, -18.349227265834806, -16.730575927972794, -16.535449105501172, -16.146824969530105, -14.093425467014312, -16.47832810521126, -15.709449095487596, -16.641986122369765, -16.331505409002304, -14.53801613664627, -17.955511975288392, -19.8763799097538, -19.447253954172137, -20.80931482410431, -17.278503206014634, -20.018200335741042], [-12.913348968505861, -12.728027265548706, -17.536077103614808, -13.49660662460327, -15.181657375335694, -12.972083806037904, -8.84827520942688, -9.80138965320587, -10.62880321407318, -12.667153096199035, -10.414594644546508, -12.228004112243653, -13.32742744922638, -12.472345638275145, -11.47672038078308, -11.193595626831055, -12.417629816055298, -13.675486093521119, -11.762614755630494, -11.122775075912475, -14.685888125419616, -13.854741831779481, -10.826622859001159, -13.093808950424194, -11.284945675849915, -11.844088780403137, -10.289088063240053, -10.455848112106322], [-29.83003573894501, -32.75452904748917, -32.950528900623326, -31.376111715316775, -31.835065352916722, -31.944144223213193, -29.397641814231875, -30.072900993824007, -31.180026304721835, -35.46927876710892, -33.13621507835388, -33.71760623836517, -31.987730445861814, -31.948034542083743, -32.470913225173945, -35.00013161611557, -33.340260097980504, -31.69751780319214, -30.23433045244217, -31.891045715808872, -32.671965288162234, -29.958985328674316, -28.95523277568817, -30.84515219926834, -32.48265989398956, -30.76729460000992, -30.740419605731965, -30.95102576780319], [-39.123929281711575, -39.88068235111237, -35.87494178390503, -36.32512630701065, -35.49354788780213, -37.65168959236145, -30.25176731157303, -33.982415790557866, -36.465543199062346, -40.18076104831696, -36.07026261615753, -38.72330847597122, -37.37407509803772, -38.880141023635865, -37.52076817512512, -38.533708517551425, -36.73456608057022, -36.80374911880493, -33.43619273424149, -36.03648877716065, -35.87503119802475, -33.3073437051773, -39.994657039165496, -34.68237944602966, -33.59967706823349, -38.99073054313659, -33.478111408233644, -37.05169233942031], [-40.566625, -41.6519375, -39.7750625, -40.49, -43.4464375, -38.7403125, -42.15675, -44.689375, -44.148375, -45.76025, -44.14325, -43.367999999999995, -46.761625, -45.263125, -43.713499999999996, -45.6569375, -44.392625, -46.3924375, -45.1845, -44.090500000000006, -44.578500000000005, -47.6226875, -47.2385625, -44.200312499999995, -46.35925, -44.1209375, -42.693374999999996, -42.859624999999994], [-43.69313041257858, -44.14269183301925, -44.36175387954712, -49.48388588523865, -47.57989816713333, -52.08890153694152, -45.192533595085145, -45.1262143163681, -51.728365235805505, -50.24215976524353, -49.11809685182571, -46.98973826742173, -49.42229502439499, -48.40474909877777, -46.124998829841616, -49.65156953048706, -47.506463475227356, -46.83221090602874, -46.173900161266324, -49.15553161811829, -53.850229275703434, -45.62031543970108, -49.84993959569931, -46.33751346302033, -45.71688384008407, -45.46977722406387, -47.386585951805124, -46.509187126636505], [-44.44921323108673, -43.67051995563507, -42.11764404678345, -45.26987625408172, -42.755422615528104, -47.490242537975305, -41.14899099969864, -43.28021475219727, -44.14693078517914, -44.14095615530014, -44.41051965141297, -41.5608854470253, -45.041642090797424, -47.63035698223114, -47.993358187675476, -47.540267111778256, -44.33304454374313, -44.45672420263291, -43.0195999751091, -44.15184935903549, -44.23489587593079, -41.55805415534973, -43.88992792034149, -45.64523352336883, -42.043350002765656, -44.56406204557419, -42.790751408576966, -42.09206358575821], [-27.97540404224396, -29.76979548358917, -30.3855510187149, -28.158222469329836, -26.341427340507508, -28.34179632663727, -27.976605905532836, -28.736207333564757, -29.88751181316376, -35.862792107582095, -31.972734001159665, -28.822905125617982, -31.15227524662018, -36.47735871505737, -31.210240953445435, -32.161164125442504, -35.00168424510956, -31.75665935325623, -31.188347607612613, -34.19789332008362, -33.04885839653015, -30.763964721679688, -31.768588716506958, -31.18228607749939, -27.158237354278565, -28.611252916336056, -27.085001428604127, -26.33162477302551], [-37.782670369148256, -33.88254271507264, -35.47241461753845, -35.27905890274047, -33.00361318397522, -33.729655102729794, -36.50396335983277, -36.94486523151398, -37.578188094139094, -40.28085927200317, -39.308734832763676, 