{"status": 1, "spectogram": [[-40.35399992737174, -53.776071143805986, -61.235446001112464, -60.319124809533356, -56.5004909196347, -54.20944627696276, -57.661696293681864, -56.25967853343487, -58.83699975314737, -53.74808912193776, -57.44671415781975, -58.74582124394179, -58.504883720114826, -58.39374089939892, -56.41836585165561, -54.387678332448004, -55.811222975119954, -56.82383907288313, -59.75946415027976, -58.280133808270094, -57.780991019681096, -60.69672292281687, -60.98197280912102, -54.30255336719752, -56.2849461518526, -55.45830329874157, -56.12142836681008, -47.26595532394946], [-24.40153649795056, -29.379448679327965, -30.72257409656048, -29.690207775533203, -28.53143960815668, -28.86291295170784, -27.984725181400776, -28.9371184219718, -28.640252465844156, -27.081350293219092, -31.206475954353806, -30.594118667542936, -29.399546937882903, -28.85157365190983, -29.7626363735795, -29.734154271543026, -30.169020496487615, -31.03193143069744, -31.10205644857884, -28.830707789480684, -29.477591876149177, -29.120850745141503, -29.097225675046445, -28.949216716766355, -29.557815161406992, -28.081136318743226, -26.576073617458345, -24.880216209053994], [-10.153025262117385, -11.031230389118194, -11.633730056762694, -11.490605175018311, -11.182667941331863, -11.157605347156524, -10.718980504989625, -11.001703255414965, -11.962488506555557, -12.043193909645082, -11.385194320201872, -11.201167659521104, -11.06564998459816, -11.251694549560547, -11.511882051706312, -11.57582831978798, -11.746060324430466, -11.704024512529372, -11.461087051391601, -11.21322107386589, -11.401408417701722, -11.342203077554704, -10.858453304052354, -10.938631819009782, -11.542729730129242, -11.595193979263305, -12.266756213903427, -13.058684641122817], [-22.7424375, -23.76125, -28.288937499999996, -28.069625, -24.6319375, -25.495374999999996, -24.170624999999998, -28.269, -29.102687500000002, -28.9806875, -27.916249999999998, -28.630937499999998, -24.840500000000002, -27.0036875, -25.1889375, -26.990375, -30.80175, -25.960875, -27.600625, -26.347437499999998, -28.4300625, -26.66725, -25.456687499999997, -27.159999999999997, -27.739999999999995, -28.600375, -28.4525, -29.220875], [-20.439813233137134, -34.05186837649346, -40.693617630243295, -39.59810839366913, -38.41716334915161, -39.88072552847862, -33.24328761005401, -37.57276074814797, -40.35364519786835, -30.547080720186234, -39.45120719170571, -43.704850559473044, -34.67905549812317, -38.10411817717552, -32.11667972183228, -36.57078689575195, -35.51813466191292, -34.33820727181435, -34.525643529415134, -35.42072561430931, -37.30769785356521, -34.01021596622467, -32.563965692043304, -38.289268765926366, -35.976582228422174, -33.13025807690621, -31.545946513652805, -34.20144630622864], [-8.079585859298707, -13.020724906921387, -10.798975845336916, -11.695162786960605, -14.228099376678466, -13.499376245021821, -13.878500870227814, -8.647949441432953, -7.043271686077118, -7.417950136661529, -10.18651135635376, -10.638903937339784, -11.312832606315613, -11.830501968860625, -13.364251712322233, -10.70105626153946, -9.915038582324982, -8.034860817432405, -8.208860420703889, -8.097681954860686, -7.038842956066131, -6.99146807718277, -9.117529598236084, -9.617440141677855, -7.71614633989334, -6.985378660678864, -6.160066770553589, -6.082960222244262], [-4.901068978309631, -2.3697924644947053, -2.464231770515442, -2.2831865608692166, -1.7972654085159299, -1.9133821885585784, -2.0847563245296477, -2.5512142877578734, -2.8310998051166534, -2.7961084284782407, -1.9817316818237305, -2.0947938635349272, -2.3893376870155336, -2.462971916913986, -2.3817842259407045, -2.723955046415329, -2.5733930549621578, -2.7968936686515806, -2.671705901861191, -2.9673666040897375, -3.425804679870606, -3.3149205057621, -2.7467942883968357, -2.55466031742096, -3.1956351053714753, -3.3244299445152286, -4.323243681192398, -5.020128433227539], [-9.566435983657838, -8.130266624450684, -13.049205876350403, -12.02530375099182, -9.220355556488038, -9.135765434265139, -6.852391023635865, -10.642338819503784, -17.376072546958923, -15.356248042106628, -12.3185081949234, -11.615977276802063, -7.952907934188842, -10.191696771621704, -9.887130421638489, -11.749577507972717, -13.692997039794921, -12.852686851501463, -14.002818555831912, -10.877957595825196, -12.823779396057128, -12.2546355304718, -10.62420187854767, -12.394301849365235, -14.371206577301027, -17.252847310066223, -21.096968270301815, -20.870461737632752], [-25.90645996284485, -23.68961971092224, -31.26749030685425, -29.830259065628052, -24.959073492527008, -25.913367953300472, -25.315055337429044, -26.248709169387816, -31.608420531272884, -24.68197132921219, -30.090714541912075, -30.31996398115158, -24.21184375333786, -29.88708956575394, -26.668904710769652, -28.472074573040008, -32.49551846837998, -27.956861932277683, -27.89736138486862, -26.75901383781433, -30.11419990491867, -28.358210009574886, -26.39745968532562, -30.453447532176973, -31.881690492630007, -31.45887834119797, -32.84769213390351, -35.11886139822006], [-28.38176999235153, -26.189218943595886, -30.374781533718107, -28.571700004577636, -27.079460501194, -27.15634279632568, -24.508715996742247, -27.394547279834747, -33.20497946548462, -30.722076783657077, -29.606087109088897, -28.624903186798093, -25.720859300613405, -28.003916652679443, -28.224666317939757, -29.424200033187866, -31.199465873718264, -30.324110172748565, -31.878310634613033, -28.3691325879097, -30.460178736686707, -29.854605383872986, -28.914484480857848, -30.334046581745152, -32.313563243389126, -34.3579285941124, -36.96960535526276, -38.14880399370194], [-33.598124999999996, -34.3053125, -31.567875, -32.2926875, -33.9575625, -32.3504375, -34.570750000000004, -31.0929375, -31.328999999999997, -32.546125, -31.2375625, -32.093562500000004, -34.432, -32.4445, -33.765750000000004, -33.07781249999999, -31.892375, -32.87875, -31.704937499999996, -33.552875, -31.6094375, -32.53975, -32.919937499999996, -32.2755625, -32.2448125, -32.0535, -33.030875, -34.161249999999995], [-45.78331162548065, -47.88667000055314, -59.374215149879454, -55.378220479965215, -50.07151452636719, -51.83198483610153, -47.135866625309, -54.43215916872024, -51.33037554836274, -50.524797143459324, -55.943593580245974, -55.786602543354036, -48.764473144054406, -54.794104772090904, -52.42642306137085, -53.98456393051148, -61.784461599349974, -50.772385017871855, -55.72849918603897, -51.09184801530838, -55.80427681350707, -51.4453480811119, -51.74609473085403, -55.946587858676914, -55.10727127790451, -55.18843221044541, -50.37800717449189, -47.17787237358094], [-44.14869858980179, -42.687735804080965, -41.447986461162564, -42.71629807186127, -45.411072995662686, -44.19100197935104, -44.76500226640701, -41.065415484905245, -38.52840020799637, -38.848256762981414, -40.914129433155054, -41.83470893096924, -41.059861174106594, -43.457904520988464, -43.44552966499329, -41.58955784654617, -41.73669243431092, -39.26901519489289, -41.731576954364776, -39.73863080644608, -40.64415783786774, -39.47483660793304, -40.880147800922394, -42.06827204179764, -40.00646178627014, -40.682622784614566, -40.469124266624455, -42.26202678918838], [-31.010515669822695, -30.8025908203125, -30.530163363456726, -30.58896503162384, -31.434502567291258, -31.388092208862304, -31.70702406787872, -30.260738580703737, -28.842295742034914, -28.628429116249084, -29.847114786148072, -30.50829327774048, -30.67499496936798, -31.054720273971558, -31.658654770851136, -30.889363889694216, -31.52657218647003, -29.566035590171815, -31.21509761238098, -30.407489126205444, -31.39815220451355, -30.339704288482665, -31.032761759757992, -31.975995760917662, -31.242472616195677, -31.73574943447113, -32.39393616104127, -34.29200569343567], [-42.729724876403814, -42.12386014270783, -44.664791856765746, -43.36824753856659, -42.742741230010985, -43.02254419136047, -40.72742447853088, -41.44191148090363, -41.42503538417816, -42.16776660633087, 