{"status": 0, "spectogram": [[-35.41192849615217, -58.600205205932255, -54.35945528794824, -58.565214047461744, -54.55463373298943, -54.61321415558458, -60.15483905074001, -56.82499988767505, -54.100062398865816, -56.13175890658796, -52.85788385488093, -51.785151711866256, -51.96559800978005, -53.457473025545475, -56.43772284279763, -54.35585691493749, -56.3252766995579, -50.62291960190236, -56.35210697031022, -57.6053748025298, -57.406089115262034, -56.96770513425768, -57.20995516727864, -61.0344105900824, -53.58488389621675, -55.95416946677863, -51.53885693395138, -49.110821297019726], [-9.371750010371208, -9.214365753352642, -10.329490661799907, -10.760044151484966, -9.826294206678869, -9.329231761574745, -9.792106713175773, -9.775312035501003, -9.514481702446938, -9.746347758233547, -9.627035280704499, -9.556678141474723, -9.801133530557156, -10.34105311381817, -11.137990514814854, -10.461874488115312, -9.703892415761949, -9.808124567747116, -10.13799955189228, -10.8081602165699, -10.297347781002522, -10.229571011662483, -10.917445971131325, -11.364687021195888, -11.488597740590574, -11.428812025129796, -11.324124607801439, -11.542633586347103], [-33.83117967033386, -48.141170490503306, -50.102608028411865, -47.18866147279739, -45.838420202493666, -50.1434645409584, -46.91309029150009, -52.87931439089776, -46.670919955492025, -44.2110714521408, -50.35425904297828, -46.73964331102372, -50.78947477126122, -47.704785678386685, -45.67041061496735, -48.17767905187607, -50.94101921510696, -45.45849996709824, -50.70637500858307, -52.173099409818654, -44.842436600446696, -47.87727783942223, -54.97321493005752, -48.12175958132743, -49.292814444780355, -46.506517669677734, -51.02495605444908, -48.64712581920624], [-10.687249999999999, -11.421875, -8.851125, -7.3248125, -8.0324375, -9.251375, -8.250375, -8.183875, -8.31425, -7.9604375, -8.27325, -8.4504375, -9.3225625, -8.2119375, -5.8258125, -6.380062500000001, -7.5333749999999995, -7.639562499999999, -7.678937499999999, -7.0091875, -8.0181875, -8.548125, -7.869125, -7.3965625, -7.1291875000000005, -7.08925, -9.24175, -11.088375000000001], [-27.993466507434842, -34.094225587606424, -38.24891125440597, -36.433126277923584, -37.08742877769471, -35.88347481560707, -42.192286147117606, -43.86542999219895, -42.91059885430336, -34.37882938075066, -41.99689403247833, -43.25399197220803, -40.048608780384065, -45.99305674695968, -40.35211797118187, -40.9428401837349, -42.13743008565903, -36.20081277489662, -42.977876168727875, -40.263054251194, -36.42314235448838, -44.068778584241855, -41.31827727389335, -38.038456112623216, -38.526179388046266, -41.52652007102966, -49.04108425307273, -38.71320783782006], [-17.493732937335967, -20.391820571422578, -11.319448954105377, -6.420379557132721, -9.122101640701295, -12.842618004798888, -9.698494280815124, -8.626932594776154, -9.379780259132387, -8.315414662837982, -9.877351490020752, -10.079235435962678, -12.748636225700379, -9.652093043804168, -3.613532762527466, -5.346148015499115, -8.792798170089721, -9.192574766635897, -9.313762543678283, -6.974353091239929, -10.580217578411101, -11.647279592514039, -9.81371807050705, -8.714031224250792, -8.374048852920533, -8.036022132396699, -13.052395316600801, -18.722544687271117], [-19.831359130620957, -27.914131788969044, -33.84293790102005, -33.398846542119976, -34.37675624418259, -27.97239263272285, -35.228952188014986, -37.82296169996262, -34.21895648980141, -35.38646754646302, -35.22746560955048, -32.88310013842583, -30.66511288452148, -34.249005550384524, -38.335814673662185, -37.91895097637177, -33.135455681562426, -31.52595757269859, -37.88008380150795, -37.53013385081291, -33.521894175052644, -37.50179681444168, -37.792349307298664, -38.252548690080644, -32.27859191131592, -36.6837431204319, -33.5463753888607, -37.65505307149887], [-30.674575110435484, -41.97917355823516, -37.6312773694992, -32.695200343132015, -34.887819717407226, -39.45470420265197, -34.66688593578339, -35.41329770851135, -35.37694375610352, -38.07200083255768, -34.28713389873505, -35.2315265493393, -35.89839896392822, -34.34677792644501, -26.832339176177978, -33.52964514064789, -33.34555393600464, -33.8569940404892, -34.098302574157714, -34.23981653022766, -33.36382431411744, -37.70970007705689, -36.77456797981262, -35.21078141212463, -35.847747287750245, -36.40836995124816, -37.93150398445129, -41.95502095890045], [-12.711551233768464, -13.64703332567215, -10.663654682636263, -11.197356435775758, -9.510867063045502, -8.993137487888337, -8.972135558605194, -8.863303532600403, -8.354242169857026, -8.469500629425049, -8.405563722133635, -8.266983589172362, -9.280422524929048, -9.88212631225586, -14.898496839523316, -11.228623383522034, -8.708634790897369, -8.816778463840485, -9.369152748584748, -11.638748940467833, -9.81905472755432, -9.836511154651642, -10.851009467601777, -13.421329952716828, -14.905375061988831, -15.717383513927459, -15.803386877536774, -17.983505191802976], [-24.301460726737975, -22.900974233150478, -26.514421859741212, -33.86051318693161, -29.32075935935974, -25.73675370645523, -28.43637318468094, -32.95952280807495, -31.490859982013703, -31.4482342376709, -30.874420259952547, -29.509915622711183, -27.804588482856747, -30.72477449607849, -41.67463648128509, -36.034306694984444, -30.45096620321274, -29.196979575157165, -31.639105416297916, -34.551634527683255, -29.641124426364897, -27.507535530567168, -32.79728652048111, -35.11148509073258, -33.97833352994919, -35.48079532289504, -30.1499308886528, -27.91748642921448], [-35.180062500000005, -34.544687499999995, -40.635125, -42.8025625, -40.982187499999995, -38.997249999999994, -40.9874375, -43.187312500000004, -44.35606249999999, -44.053250000000006, -44.0025, -39.9601875, -39.764875, -43.263437499999995, -46.05206249999999, -45.169062499999995, -41.7695625, -41.153375, -41.3235625, -45.275375, -43.073625, -39.3615, -42.2450625, -43.111625000000004, -41.745437499999994, -44.370125, -40.217375000000004, -37.371624999999995], [-37.94713016462327, -37.55268471860885, -36.60354412317276, -40.338194215297705, -37.77536387109757, -35.8791833934784, -38.0473626408577, -41.47619030761718, -41.40225442552567, -41.480806401729595, -40.3436838335991, -39.51444418430328, -39.082357952117924, -40.06542172622681, -46.626091360569006, -42.56849450349807, -39.585103672027586, -37.10769457626342, -38.723253558635705, -41.91818393898011, -37.98930974912644, -37.48481249570847, -38.69530557489395, -39.03078520822525, -37.648536464214324, -38.41062414979935, -34.65107421398163, -34.72891405439377], [-41.57075759553909, -46.02381571674347, -40.236443317413325, -36.80691053390503, -40.49780089950561, -40.67834441709518, -41.16703303527832, -39.53750733423233, -39.11325671052933, -39.48440948963166, -40.057783761024474, -39.90573856782913, -44.63427305459977, -41.699482096672064, -34.91392204809189, -38.862357650756834, -40.06713187170028, -40.026256381511686, -41.06675687837601, -38.439660990715026, -43.57613988590241, -42.99384651517868, -39.604909594535826, -37.257713562011716, -35.717016747474666, -34.96321357917786, -40.34733462619782, -45.98214353799819], [-37.016743887901306, -39.388658811569215, -45.345091315269464, -46.546004528999326, -43.3628711528778, -42.27925353908539, -46.592688545227055, -44.189351648330685, -46.49496358394622, -44.76651369857788, -44.76832510852814, -46.06415120315552, -46.11359687614441, -45.468484911918644, -41.15974608135223, -45.38931686210633, -43.69733292198181, -43.8268319568634, -45.04927000904084, -49.12908146858215, -49.55166453361511, -44.30509233570099, -47.22790097427368, -44.373819999694824, -47.72176896762848, -48.102045650482175, -47.90885888576508, -45.90287138175964], [-51.93110459136963, -52.32180679798127, -50.51961590385437, -49.14297673988342, -52.74714968299865, -51.22378335857391, -52.10953435230255, -48.27461038112641, -52.760605046272275, -52.62819596385957, -52.07413418388367, -51.53559789657593, -54.2217637090683, -49.11918830871582, 