{"status": 1, "spectogram": [[-31.783312424406407, -47.030553523331875, -55.633178451538086, -50.655142899930475, -46.832964319258934, -50.894687458857895, -50.098437382921574, -49.46994629189372, -50.06884805737436, -49.869151718601586, -47.26771428090334, -43.08974106378853, -49.994910668522124, -43.276500015467406, -61.30556254346669, -56.38209804521501, -55.67385704132915, -57.708785563021905, -52.9349105425179, -55.90891945959627, -51.577857104271644, -63.06323197758198, -54.915544602289785, -55.00750886394083, -54.74884818865358, -54.966107022345064, -53.399357048869135, -52.74437495684624], [-4.875437762439251, -4.652545017302036, -5.42329508036375, -5.832080806791783, -6.0327504637241365, -5.645652253448963, -5.199277192175389, -4.472652118861676, -4.122893164038658, -4.3414824752807615, -4.598107514381409, -5.694991467416286, -7.161348645985127, -8.375045062720774, -9.415795056283475, -9.253089661598205, -9.495884316861629, -9.305928956747056, -9.574366487920283, -10.02908973312378, -10.330964745521545, -10.63013440233469, -10.122009360492228, -9.478902147710322, -9.12244675385952, -9.085571758151055, -9.31769677889347, -9.663080716431143], [-26.241131504774096, -33.84991688323021, -35.57729162573814, -35.13446243524551, -35.65793583655357, -35.28856846427917, -36.064319109916696, -37.42047051548958, -37.10361408686638, -37.17160322380066, -36.464605750560764, -35.747310711622234, -37.57157857394218, -38.66394524812698, -39.000130497694016, -39.59729181075096, -40.70698839306831, -39.610077970266346, -40.17670166993142, -39.49135458517075, -39.53081043839455, -40.11545182013512, -40.097640339374536, -42.04253350877762, -41.3148279106617, -40.48737240695954, -42.1189979019165, -40.62465083813667], [-26.266625, -34.091125, -38.1699375, -41.7206875, -38.12525, -36.8178125, -36.0670625, -31.008, -30.178749999999997, -33.753, -34.6056875, -32.980999999999995, -39.131812499999995, -42.06325, -38.54575, -38.044250000000005, -38.482749999999996, -38.5063125, -41.4996875, -43.2636875, -40.337312499999996, -46.617125, -44.384125, -38.785000000000004, -35.9663125, -35.2645, -36.5835625, -35.6659375], [-1.063329925775528, -0.6645794165134431, -1.7092038094997404, -1.96528413105011, -2.4870339756011965, -2.059694718360901, -1.3159451823234558, -0.9156600856781005, -0.35024961709976193, -0.32310654687881474, -0.2739811868667602, -1.2693113811016083, -2.8944985213279724, -4.137364676713943, -5.039927285194397, -4.955722230195999, -5.340579270124436, -5.193954281568528, -5.22064153957367, -5.818391283512115, -6.170650112867355, -6.833837466239929, -6.08608783197403, -5.737713399887085, -5.380731588363647, -4.823401201009751, -4.698401033639908, -5.0259455299377445], [-18.238456894397736, -31.900246686458587, -27.22218662261963, -23.826611995697025, -24.246577545166016, -24.000043445587156, -28.13585306787491, -32.90893064594268, -32.58525020694732, -35.2878777103424, -32.12350256156922, -31.759004554748536, -26.228942402362826, -29.610523155212398, -33.59133784151077, -36.33202812623978, -34.033627074241636, -38.129039733886714, -34.72448288965225, -29.80356967496872, -26.54498569393158, -28.441364850044252, -31.65305008363724, -41.24207527542114, -35.57551966762543, -38.979162449836736, -37.775846374034884, -37.48050011730194], [-25.4016249358654, -25.7874579308033, -29.87365480709076, -30.00311108088493, -31.236368431091307, -32.70498560023308, -28.46335203719139, -22.02682716846466, -19.067522651672363, -21.967655348062515, -24.25203527903557, -26.948855426073074, -31.84542692065239, -30.49779014134407, -30.056352215766907, -29.74918418931961, -31.86963520026207, -30.204232108354574, -32.22954205274582, -35.12063498544693, -32.94940987539292, -37.39996706318855, -35.00346523356438, -29.67732707262039, -26.97941585254669, -26.134237674713134, -27.8026129193306, -29.416426583051685], [-20.16807842731476, -17.638344030380246, -15.158715141296387, -16.09274986076355, -15.486454739570618, -14.53271390914917, -16.87378047466278, -19.20956974887848, -22.120348308563234, -22.606427062034605, -18.723799759864807, -20.9724319190979, -20.88969732093811, -21.847715896606445, -24.647966796875004, -25.34054885005951, -23.32797683620453, -25.04615694332123, -24.65602789402008, -23.719599053382872, -24.057731576919558, -21.70359768199921, -24.458287546157838, -25.456718994140623, -25.386998169898984, -26.666051428794862, -27.28092496776581, -29.078228859901426], [-20.848165701389313, -22.54847525405884, -18.16791553735733, -19.191022824764254, -17.033478798866273, -19.120344225406647, -22.892717201709747, -26.111670793533328, -25.52097502994537, -28.104301990985874, -21.984867555618287, -21.23124370098114, -19.458665265560153, -22.83244167137146, -23.019628929615017, -26.152314829826356, -26.900921874046325, -27.320609200954436, -22.654798816680913, -22.817728014945985, -22.05253203201294, -21.37901455402374, -25.23870007944107, -27.587805898189547, -28.77842193412781, -31.291687519073484, -29.07212626791, -28.626636383056642], [-34.1354639787674, -39.497509987831116, -37.12801036834716, -37.02565334892273, -36.76896278047562, -38.662686025619514, -38.95893733882904, -42.37680974674225, -42.55313307666779, -40.430930830001834, -39.414371778965005, -37.63815515422821, -38.63487397670746, -40.839685733795164, -42.269684317588805, -43.22227493000031, -42.78784909820558, -43.27999259376526, -41.10699332618713, -40.57666194868088, -40.37173484611511, -39.412999102592465, -41.63962059211732, -44.118157917499545, -44.092209361553195, -47.26548718309402, -45.649429951667784, -45.7667589430809], [-37.129625, -41.120000000000005, -39.3905625, -41.353187500000004, -41.814062500000006, -43.079625, -44.2096875, -44.08325, -44.036375, -42.1266875, -42.0234375, -41.1763125, -41.87231250000001, -42.099625, -44.4879375, -47.108125, -47.1659375, -45.137375000000006, -42.949, -44.327312500000005, -45.95525, -46.025687500000004, -47.321125, -48.4405625, -47.49625, -47.223062500000005, -46.740500000000004, -45.236000000000004], [-38.39789891195298, -39.425986517906196, -43.28179883050918, -48.098277161598205, -48.109999531269075, -43.898137002468104, -42.52814153432846, -39.68381260824204, -36.90359335660934, -37.58950941324234, -37.62801756429671, -38.642288825988764, -42.177475418090815, -42.97217290353775, -44.17430432939529, -42.73173427534103, -43.84630614852906, -43.8317955493927, -44.64711381292343, -45.72371813964844, -47.82513631868362, -49.72135592746734, -46.27380369997025, -42.22049699449539, -41.34742032575607, -39.75087359333038, -41.588191236019135, -41.134898194313045], [-43.64373281860351, -44.10200389003754, -44.510695563793185, -45.660058669090276, -46.201132260322574, -44.646908530712125, -45.37834489440918, -46.63653654193878, -46.07602513170242, -45.055616512775416, -43.33174565553665, -45.15752268600464, -47.23892944288254, -47.39822287654876, -49.289973150253296, -48.31955085229873, -48.600130692482, -47.71287258005142, -48.268437468528745, -48.06725803279876, -48.275238698005666, -50.27464056253433, -50.39957998085022, -49.535308216094975, -49.336858023643494, -49.078544905185694, -48.39667264318466, -48.24917531728745], [-37.09207627773285, -37.66658127307892, -41.0837601184845, -43.23222202682496, -44.763265154838564, -44.09509819221496, -40.60072838783264, -38.464098753929136, -35.63016048431397, -35.51863958454132, -35.37376116847992, -37.91047403049469, -40.47525488567352, -41.29465121555328, -41.62821383666993, -40.17651266765595, -40.61245560741425, -39.76916414451599, -39.68472111034393, -42.567850233078005, -45.9289360408783, -48.41941446304321, -43.793798700332644, -40.53380862808228, -39.08511197090149, -38.21349586963654, -40.25793365669251, -40.79928158473969], [-53.56579387378693, -56.17770530605316, -53.925830922126764, -55.50450113105774, -55.3740918674469, -52.755138178825376, -54.747447696685796, -56.93337274169922, -58.3434713010788, -55.749170763969424, -57.82616854190826, -56.401610080718996, -54.83209360504151, -55.59231870365143, 