{"status": 1, "spectogram": [[-16.440001036688077, -22.51808331834084, -18.97780010484767, -19.223741258189083, -21.51943985330299, -19.370770412145838, -19.169339594206654, -19.86522436143609, -21.692842970137384, -21.426433827981047, -21.887660975277427, -21.434097711865988, -21.45651318321301, -23.205712132133094, -24.84471967155772, -24.783617736360245, -25.72022493745372, -36.995937501713634, -46.412191782662745, -37.51543752351577, -49.86949147884968, -51.373606714417335, -46.773358192173404, -31.80360800786956, -23.86825924386084, -23.958341053704594, -23.465738790142325, -24.151632797982703], [-4.864151824400889, -3.869142337080172, -3.925507300327049, -5.752179334759711, -5.311508354447326, -5.184615544511343, -5.207370408128676, -4.691295291193894, -4.537922844715258, -4.819825875293239, -5.129268493533134, -4.725751754628208, -4.950855162289692, -4.418267258929952, -4.482225244074463, -4.262278478174805, -5.05651284185368, -5.218518391251564, -4.665512144360061, -4.2641292447983155, -4.29980545453029, -3.669937607347949, -3.478125562208097, -3.5966316816308206, -3.364830591857433, -3.3080244581030382, -4.2421056011404215, -5.900582581195255], [-23.156835205413106, -22.56276252781357, -23.226744286191316, -19.048652699708942, -20.98471631676839, -26.211895749160448, -30.35177723064734, -29.458857265010234, -30.312722646216912, -32.37612421344254, -30.442655437231064, -30.457525018692717, -27.2321523599381, -27.992183972695205, -24.227082333860928, -27.94881784448331, -28.57777190180599, -36.63316056108474, -39.45758218153421, -31.695221834026682, -38.51119779653991, -39.595515471395174, -39.344010226800506, -32.257517271413015, -20.83493045949936, -20.96506420656609, -20.73530819068472, -21.415298923940775], [-15.918356890797615, -16.125625180482864, -14.54047317612171, -14.8141875, -17.898115947246552, -17.13415176129341, -17.515518406867983, -19.328044226169588, -19.600937573432923, -19.834106882095337, -19.470125000000003, -20.240052740097045, -21.920482484817505, -24.950389823913575, -27.684213287353515, -24.93287431907654, -28.03382278060913, -40.7234375, -38.951628015518196, -34.154144638061524, -39.59273292922974, -37.452758127212526, -37.61177569580078, -29.654550106048582, -24.4085, -24.55867906188965, -23.417010845184326, -24.882108222961428], [-7.623371352841989, -9.488681609248594, -9.985504084022946, -12.991320414543152, -13.467946160583889, -14.544227022316813, -12.915142400936102, -11.933368426269357, -12.812223446797516, -13.601879517934753, -13.051121821880338, -12.068367408503745, -11.60619189242914, -12.26811395444147, -12.320044253582745, -12.383796659216532, -15.68789105348086, -17.305033707618712, -17.303368364153673, -15.224129176801464, -13.937943719260481, -11.775953989131338, -10.727012958540996, -10.691914784275868, -12.449607431411744, -11.60236726974952, -12.37214092240986, -14.359860566397057], [-4.868762558227187, -10.472670539666394, -11.463854679653007, -11.891625411987306, -11.941053079722336, -15.26952471167666, -16.81805766023747, -15.991748322155871, -17.150630181068244, -16.659231950429145, -17.970404682636264, -18.37740553073742, -19.60909255587357, -19.58827272437459, -20.608987678966734, -23.16358305292728, -25.754554930030615, -27.73842920780182, -32.411053318649124, -24.73512085771512, -32.97148783741078, -36.69198256483159, -33.082908827690915, -26.337569577640565, -14.911766540527346, -15.241162206708161, -14.853607395775937, -17.92380578791372], [-12.992386105952011, -6.502135528720079, -7.294826933420038, -8.34782036447525, -9.848110812571726, -11.034253983128348, -10.868017886226903, -13.192204808415541, -15.801494266597865, -16.478559799651723, -14.747409147262573, -19.226913603114987, -17.924569918383963, -22.67241813542209, -24.151869078326417, -24.17063618981922, -25.5877367130845, -25.30358355259895, -31.394127391392892, -28.2250491722211, -29.099104396287224, -28.450257139701122, -24.373342879008966, -23.95925183316048, -19.88790489864349, -21.949034652499076, -23.724741555182334, -21.977076336306013], [-13.38079906842985, -18.119421163967544, -14.166784696216736, -16.562238968849183, -21.609251115944662, -26.243093847456834, -22.425537451013348, -25.672229042626242, -26.461190415090286, -32.661462168859266, -27.077433520317076, -20.31582102397691, -23.19116697513804, -26.456644208671698, -25.364608777458603, -19.979276982403476, -26.969769773322895, -27.662050514221193, -28.44151710872326, -27.17919356412384, -27.02762443015262, -29.582559354029335, -28.411114013816434, -27.1588019078591, -20.694773696899414, -19.50862397224584, -20.12013920014625, -21.06822331789951], [-16.57949759124883, -19.853651354021036, -20.29854262320594, -23.95115275335312, -25.41785354810854, -26.616901121192917, -27.337393221659834, -29.237056141639478, -29.335601118457113, -33.84864980859176, -33.83076876163483, -33.0980313368059, -34.745856320947325, -30.935006445045698, -36.41227634994179, -38.65549932942962, -38.60447601515875, -38.1641370511055, -37.96902142880059, -40.18619643385408, -37.443242766866696, -37.45735469894207, -40.58412695608533, -32.6818835943843, -33.054376663208004, -31.9642622109495, -31.0084526979675, -32.15910184403897], [-27.395998097604156, -33.88326996793555, -32.957013441002466, -35.14706338262558, -33.13469141925133, -32.22581303014637, -32.85095578076951, -38.436461917354045, -33.69807467674479, -37.15013203795942, -38.69089108371735, -38.98427643662996, -38.07332475174091, -38.476272389348814, -41.00744421248677, -42.62124716093882, -40.605874227357184, -47.12800764656067, -43.288420356522956, -46.82995351683358, -44.28654993474047, -47.66717385286212, -42.58322801800456, -39.916110151880424, -42.77582557821274, -39.4005970757867, -40.85939544154222, -36.68551328153712], [-38.1813387247324, -36.66237497210503, -35.54036654150486, -40.627125, -41.779357776641845, -43.00318861222267, -45.149489697933205, -44.03648028850555, -42.085429809570314, -42.607526930332185, -45.290375, -47.70998084068299, -44.896918332099915, -43.604149885177605, -45.50589237213134, -48.293965007781985, -47.09809044075013, -47.32125, -51.95638589572907, -51.71393758106232, -51.25833113288879, -48.178025457382205, -49.867394792556766, -45.99864465332031, -48.554249999999996, -47.47393790054321, -45.97677366065979, -47.197812578201294], [-39.51552452198397, -45.073938954611165, -43.53161671205415, -49.29845222616195, -51.31162988602584, -47.23941633765511, -48.08589634834477, -50.67013120908218, -51.39522058577347, -54.09566591333012, -55.77569631004334, -54.27665080311908, -55.570699435057875, -56.673480405064886, -53.96470863586383, -53.73654079938489, -57.0248818573789, -56.971722973346715, -55.87255422069772, -54.49439644975944, -57.807962300701725, -54.11000167496037, -54.65066919054079, -47.80144592613593, -54.6198555803299, -53.00674977497279, -49.80356152929096, -56.40029243299776], [-47.78106131386865, -47.034185726455185, -44.79630392193813, -49.259402428150175, -48.69033648852931, -52.07647226282571, -50.48860224971003, -52.574944041602144, -55.457357453511726, -54.22555508664182, -55.03081336736679, -54.03474878890911, -52.879266296600846, -56.234893536570155, -54.31489623986444, -54.50463237616544, -58.26455530300059, -61.66398246383667, -56.191940889075646, -60.60824992845609, -59.380807517547964, -60.01932131557841, -55.29022493178998, -54.75640350362265, -56.76251631164551, -57.34275808174711, -56.16783383207951, -56.182238795318206], [-35.9179299575523, -35.311401273917184, -37.54589035940129, -43.33470485877991, -42.3290944617812, -44.81186190218403, -39.27705077261966, -45.37838912168944, -49.25896463230643, -47.45477665710339, -47.11731574630737, -49.39209862860513, -48.12466889147834, -49.453918545195194, -50.7771604131344, -49.49972721189241, -49.94585765091547, -51.67997365188599, -48.484680249814495, -50.10861959687214, -48.23588871120933, -47.779779752889475, -48.32382682903638, -48.21576606552268, -45.71375462818146, -47.34053716889105, -46.9591363428086, -50.45615480214843], 