{"status": 0, "spectogram": [[-14.190959283222881, -23.058969797608803, -24.217528566427983, -25.12217900437117, -24.617441628505375, -24.396102502093015, -24.270393308946062, -24.54525536787266, -24.62732445919819, -24.523696752475836, -25.098000450730325, -24.79133709964703, -24.95961792282914, -24.929467180221053, -24.793186964265576, -25.216814309196216, -24.983745243585822, -25.142018273621794, -25.543694045587433, -25.12656927392009, -25.062967345870877, -24.91274273062544, -24.76461016482419, -25.161548865759226, -24.997321876883507, -24.985854743622376, -25.30168416808089, -21.25939047859653], [-12.368591590987101, -15.820918051520174, -17.277836493297485, -18.288035211563113, -18.05842033315921, -17.045594047169285, -16.529846553023976, -16.52234395071195, -16.82793831368369, -17.19751234361347, -17.258856714487077, -17.529864367643174, -17.248315719487735, -17.081065949323232, -17.0533847518089, -17.114826006529295, -17.439685751187557, -17.720463847637177, -17.588846729351516, -18.033397323486767, -17.41449715896284, -17.04431320525435, -16.893333835502066, -16.688538285126448, -17.169588886141778, -17.322142485891057, -17.533696114659303, -18.185568192781197], [-16.71445161920755, -16.351177500145784, -16.82249569118986, -16.813139842987063, -15.925075630635625, -15.049367433056426, -15.09186029466316, -15.464342370286301, -15.869046588031594, -16.066671349272454, -15.871551262378693, -15.703277994311543, -15.671635377086126, -15.79342415435955, -16.198077153857966, -16.198033809253243, -16.223895621825143, -16.286176175117493, -16.05613088829625, -16.53631876536789, -16.27362795167052, -16.196824761780196, -16.401664085573127, -16.60614618926099, -16.27898008775711, -16.363232504766746, -16.7560974899311, -17.62725346304386], [-9.61105350926146, -14.001017871499062, -12.11964255285263, -9.393749999999999, -8.829321412086486, -9.323374880552294, -10.18810707616806, -10.729071464538574, -10.621392881393433, -9.88500005531311, -9.391625000000001, -8.895178515434266, -9.258910948753357, -10.243089609622954, -10.7230358543396, -10.76398230266571, -10.282696301460266, -9.834375, -10.340606607437135, -9.644982254981993, -10.280981729507445, -11.42666132926941, -11.800589308738708, -12.13383770275116, -10.231750000000002, -10.270731890678405, -10.220214199066161, -10.392106975555421], [-11.692711573104917, -10.61620017055594, -7.4008395852338165, -2.6860510926246643, -0.8104519937087207, -1.6262289222651134, -3.84278401765539, -5.044189189307518, -5.133222548027337, -4.2928047938833025, -3.339085790157318, -2.118111902275899, -2.812645066105346, -4.908185147518648, -5.913337414391062, -6.123059363530364, -5.152015795493805, -4.0550145697593685, -4.8655973460534145, -4.042170500774679, -4.948541224032612, -7.223853502818208, -7.584148819611808, -9.103100462633174, -5.495263826847077, -5.4070797152714185, -6.04849877697109, -7.703438073108664], [-17.376659262617657, -23.555814149209475, -22.53568656765708, -18.718299603462217, -18.857052690019387, -19.783290565860817, -21.418251205585484, -21.633569761801667, -22.05215376908445, -21.081157203051472, -20.574672998428344, -20.009554027606054, -20.795012568337178, -22.285394142938724, -22.455766708899272, -23.136812456753372, -21.947795457373022, -21.83579806232452, -22.34373602291062, -21.347844662218478, -22.904023115314516, -24.89723035483425, -26.884358185865793, -26.589486604770173, -24.06674356842041, -24.036637176513587, -23.712205738962883, -25.680858905481582], [-21.02204527553977, -21.72006244946497, -24.402899080173178, -21.373022302627565, -17.682734117722767, -22.27597741044087, -25.042225656513907, -25.963827334949592, -24.794654977778603, -26.57691046654476, -25.100603875160218, -22.68443174955849, -24.387759849240158, -27.310025868826934, -27.669125636880388, -26.780341001336716, -25.82704904989143, -26.901296741962433, -25.477784708576458, -24.65104051954927, -27.355391356609623, -27.51499279805987, -26.908164647336417, -29.236385256837508, -26.642059236049654, -26.190476976366245, -26.810653079820543, -19.62461243453212], [-9.604089663923332, -9.94825160368363, -15.920655037348922, -22.889271926879882, -20.681943207478227, -22.74440053993008, -19.743495121993874, -19.215418574148824, -19.0427014553319, -22.193502747935092, -23.260279987335203, -26.26802624590479, -23.933871814225913, -21.821333570864148, -21.804545768816055, -21.37576984565449, -22.063736768370667, -24.745651582717894, -22.032945962429253, -27.09316524157471, -22.545243841048094, -18.93595991493028, -18.01900745773368, -17.920363102263654, -21.74277177619934, -22.57870223261493, -23.49456272243934, -20.072441770981797], [-22.967928854410808, -31.634881219097547, -29.501483074197516, -28.197248783111572, -27.714816638138842, -25.86931161455191, -26.634507818543053, -27.3956926207836, -26.984149098454672, -26.232298228088734, -26.01969804096222, -26.509711923336337, -26.237307132916307, -26.900031553025556, -27.379315334904327, -28.189488319592144, -27.49523378399456, -27.091090556144714, -27.746249276374023, -27.34893660385788, -27.531392032564078, -29.20043160269341, -29.785563673681267, -30.436868080448104, -27.56802045536041, -27.66937419708364, -27.46575452033821, -27.94497766306017], [-31.410910619008096, -33.59170567111574, -36.09316584363849, -42.42489655017853, -43.085642589763374, -40.52922240385501, -37.43632495687402, -36.604803361016735, -35.86656201163989, -37.37528017209515, -38.156906237602236, -41.03181484369328, -38.95943420807575, -37.30274317689937, -36.293376446608036, -36.703716686056396, -38.38153986261082, -40.30260014724732, -37.60847570095439, -41.65242534287286, -38.964215356609216, -36.56375483807408, -36.50361381246634, -36.04285741633598, -37.58908941364289, -38.74322105792857, -38.6590367012026, -38.668320696635774], [-34.406464039500804, -39.92551778709888, -41.799660805583, -42.589125, -42.45749996376037, -39.59123209166526, -40.39119632554054, -42.090285188674926, -42.25707154083252, -41.52648219633102, -40.852875000000004, -40.266964373588564, -40.69392860412597, -41.90303625011444, -42.799643051147456, -42.85682164955139, -42.1222140045166, -41.79375, -42.61307068634033, -42.3247499294281, -42.420785285949705, -43.41073260307312, -44.12364273071289, -44.2267305688858, -42.208375000000004, -42.23212410449982, -43.29094661808014, -43.414500061035156], [-38.72747337875027, -41.76439363789538, -42.80285357582748, -45.21079509830475, -46.21731994257156, -42.67228308584596, -40.4616782477677, -40.882342858519465, -41.98732034262822, -42.44825978316112, -43.200229212760924, -44.02905853573124, -42.8793454199834, -41.89250497830784, -41.58700171982574, -41.574552296386685, -42.40946040550461, -43.54242547416686, -43.21407757225418, -45.92568968064567, -44.172199250549056, -42.97040712516292, -42.89725003639538, -42.71857287313053, -42.10232291221619, -42.55488282834177, -44.165482558385975, -45.50087538847682], [-29.29625170140819, -31.881799371680412, -32.685354668466175, -32.77407336044312, -33.13059131928853, -33.239585733671305, -30.711747237088673, -30.257648691984894, -30.8975004717379, -30.788423170255225, -30.903144306182863, -32.383664043348666, -31.18777165514164, -29.705311611224456, -30.342056912150046, -30.959684045986684, -31.387399502462195, -32.25784024143219, -31.528309310833837, -33.837758686104706, -33.16700299453677, -31.855748665012825, -31.80712937927251, -32.976440534279085, -30.04603835487366, -30.230851264097254, -30.63583889151596, -30.909435274513644], [-34.94334651585384, -35.277251649966075, -34.33066668061334, -32.840463500976554, -32.427132608452695, -31.125117697064123, -31.47921748234313, -32.110429023051175, -32.77085544150216, -32.1379037220333, -31.966480176925657, -30.680591518324228, -31.16757516763601, -31.65642143469439, -32.88391503174498, -32.826265412330585, -32.87796505715923, -32.95769489479065, -33.066314963360114, -32.902413489399834, -33.52762564951181, -34.60482751768528, -34.894950130988015, -34.570907252584014, -32.78439081573486, 