{"status": 1, "spectogram": [[-2.6774440275315095, -5.688227363767672, -5.959060262794092, -6.0767860532402995, -6.085846001641179, -5.813717193832206, -5.940740135759724, -5.837298778029728, -5.893738828343093, -6.020828145486053, -6.256669974848628, -6.623519506579454, -7.226792386731013, -7.107018124422852, -7.184964574826608, -6.933681487031129, -6.972446810752151, -6.890839641153813, -6.368027150173272, -6.19729517567372, -6.086689088620708, -5.975251496614558, -5.987555186967167, -6.343926338086327, -6.542178877562286, -6.687145817448903, -6.845767266944673, -7.135974756823508], [-9.370648013361551, -11.001672524510598, -10.594395736071533, -10.634357437610626, -10.72845440485283, -11.060779784065124, -11.56249649045055, -11.805204326430143, -12.074240132864643, -13.015952371952505, -12.189598539292811, -12.176161401152644, -12.335099560647611, -12.045937816662445, -12.401403553651319, -12.156675869678969, -12.219908141844122, -12.456598503530024, -12.881546337088775, -13.11680003950178, -13.848740308123016, -13.424919909595104, -14.885027417191468, -14.038327911497362, -13.763009306013583, -13.88324898341357, -14.15395488678191, -14.33689667690901], [-29.29569697354841, -20.112972080483733, -19.205559815426266, -19.20461842417717, -19.857989624685157, -21.641291035165597, -21.008108489586483, -22.733086572734607, -21.55193364864466, -23.055234282430447, -22.896600905179977, -20.526421996695667, -20.79277501355854, -18.90947488461222, -20.250578855154533, -21.7939298594388, -20.818303704743396, -21.893725513696666, -22.257288712092848, -24.396236234518604, -26.477984512543568, -26.271508869555614, -27.957181484353395, -25.21508868702073, -25.09581548285484, -25.51782351684547, -24.463622410112354, -24.17825943603811], [-15.31748180885613, -22.83328569364548, -22.71926801633835, -21.205375, -23.048526656389235, -22.80005377101898, -22.47896465682983, -23.556767766952515, -23.469330454349517, -24.94755467700958, -25.9723125, -24.055394081115722, -25.879525918006898, -25.17491018867493, -24.16803484725952, -27.135028779029845, -25.92799140739441, -25.18125, -25.362220968246458, -23.5248290643692, -23.072703420639037, -21.25936036682129, -17.569761936187746, -22.35148154067993, -22.2736875, -21.097588809967043, -20.201991626739503, -21.93837798690796], [-11.205835373707838, -7.196396026094342, -11.06477621289661, -11.932258518457413, -11.498648681445975, -12.19755125890943, -11.557856617382454, -11.624305148796154, -11.398365248782257, -11.912258344956618, -15.06479389977455, -15.885408184066334, -16.656381398512707, -17.22676506438536, -19.747053346025734, -18.609865915950117, -17.47134829491032, -14.987571440219877, -17.13474460684492, -18.02326872721052, -15.617740530924296, -14.213076569734257, -14.482321699209889, -18.548628894508607, -21.004437111139296, -18.085813061120437, -15.321083118405847, -20.073125973369578], [-16.220410762282178, -10.010147987748878, -12.109372612948327, -11.704612897396087, -10.510854198047154, -12.091723711675575, -11.624152448702873, -11.784395112592282, -10.42425800002342, -11.630261114509214, -13.60197817516327, -10.866022927323385, -11.902880976063557, -11.105959023251815, -11.377679916469024, -14.238477387884917, -13.636365233353994, -13.456854887962342, -18.202883605129596, -17.7306258755002, -20.103205779816925, -19.2653510196962, -18.753209030803088, -20.44816167137718, -23.60816585302353, -23.56242490166092, -21.40360840492926, -21.17182264348569], [-15.607125949921985, -20.874184881510885, -21.306143530592653, -24.13248235678673, -18.356300780101584, -22.50664579631478, -24.27618339076477, -23.076771429343115, -22.700842763097302, -23.656495392206775, -24.530119980096813, -21.999677944097034, -23.180739847971978, -21.013648217027047, -23.4383654277081, -25.980609209934435, -25.886116309963924, -23.68250906538963, -26.017582905999202, -21.87362301202733, -24.734405553018213, -21.55691118998326, -29.964082454989043, -23.83829896593504, -26.583538032531738, -26.25771261706833, -30.39862779014824, -24.63473036045758], [-13.835432393182444, -14.18207914818431, -14.776740951995452, -10.221792026519775, -11.466808702137728, -16.187061609356498, -14.367427434494646, -17.741578360654923, -13.73671500423074, -14.67517197525433, -14.830388297080994, -19.438647584642165, -20.229481023788978, -21.783002999638207, -27.90983649491488, -19.09379825448101, -17.9159088000115, -22.93674514102936, -19.285520988662086, -19.0595247781753, -19.41398911792916, -20.169288731532028, -19.35508245303022, -23.2351575104862, -22.83587199497223, -20.83926168801813, -20.073788893217102, -22.55061702361761], [-28.49671995149188, -25.314913087161223, -27.94487557145531, -29.07727738904953, -27.489395806711393, -29.08619970415094, -27.479892366954275, -27.95145782104833, -25.59567916175341, -28.305819583602457, -31.486341860771176, -25.878272115521643, -27.814523204589918, -28.402736911228367, -30.248024563954456, -26.98174508080418, -28.172445757856813, -30.880932333946227, -31.39824761755525, -29.118502884058714, -29.555315478250527, -36.16975290905922, -32.008865858817245, -29.379554653336136, -34.30161280202866, -31.519563154106027, -35.68149637088957, -33.67370424886129], [-31.35079044088085, -33.63644307209155, -38.67242244327424, -40.490694659233085, -40.86758219779762, -40.31446543199142, -41.89988419533336, -40.719098030655225, -38.84039659011463, -42.11643385484225, -38.77815035533905, -36.58540863939486, -38.938777415441415, -39.53726645868497, -44.07566763296765, -41.106380613035306, -40.63756895095805, -40.71736877155304, -39.831797913798056, -38.42543693075635, -41.32967013698606, -34.95373752380627, -42.076184386140525, -43.36941580273105, -41.68380909633636, -39.91542320783931, -41.28122914276266, -40.25371146237595], [-43.66499871172011, -45.75409818798303, -38.109883937597274, -45.768, -42.42309805417061, -44.52800958871842, -44.07108141040802, -48.57457026672363, -48.91221464157105, -45.99552640008926, -40.5850625, -45.59354601478577, -46.67221125793456, -45.20165095806122, -45.29486527538299, -44.15323486900329, -43.73282808876037, -45.271625, -45.88065134239197, -45.63451748847962, -46.447671659469606, -49.841735355377196, -51.92348456954956, -49.75074512672425, -48.46925, -47.1220064945221, -47.8371766204834, -44.988247138977044], [-42.917053189272195, -45.05598988673285, -44.06584188162063, -48.680668319225305, -46.476436792875056, -48.24034886385341, -53.12726813032448, -44.05706983113838, -48.93819844175836, -43.155362369673405, -45.89228502559662, -49.02997664604165, -45.57088130932167, -49.64013311115503, -52.23595392477101, -49.4084270229846, -48.83862460207867, -46.99962955141068, -51.320937930638145, -47.5613213668678, -48.001659025759785, -45.83111560544801, -52.40873316503912, -52.67994432199437, -50.17858434677124, -53.87028411223163, -48.088364328202935, -52.846048136105196], [-33.805695348447436, -32.1794045511886, -33.03225277457429, -31.84412355041504, -36.39221069064417, -36.20727848811981, -39.100905467431375, -36.36664927554537, -35.54162352324539, -38.78129278163565, -41.401578835010525, -40.41114473174793, -39.46027663531887, -36.373001641467525, -38.60400462418158, -39.310314906607466, -40.909719886138475, -38.810722490787505, -38.45683824505852, -42.4997713923451, -41.5919945423633, -40.545588771955366, -38.33502631338118, -39.1209227049591, -40.53201182794571, -41.80085409814404, -41.98808208914453, -43.81821583381965], [-43.17447955382035, -43.83359850905867, -47.49744145605493, -47.95327457141876, -47.48376731348017, -49.55192815284332, -51.653861275420184, -53.68529450778463, -57.59767056905806, -49.96985650716293, -55.05335729980469, -53.32412319000572, -57.376598752585146, -54.05775104982055, -58.654300840107275, -57.96778484756635, -56.557574902414665, -51.61966190338134, -56.2595852543007, -54.694491424249925, -57.46362162591023, -53.945064098957424, -58.995303026294394, -59.31100021627138, -60.85803550529481, -59.515335928933574, -53.34204365751642, -54.391965680607186], 