{"status": 1, "spectogram": [[-32.71411606584489, -47.0977766457051, -49.31065172456205, -44.685321386843924, -47.86108028207719, -49.65124093733728, -48.53574094186723, -49.77846428665519, -52.330026825204484, -49.288553480267524, -49.474428430438046, -50.46883920562267, -50.7306427924633, -46.740294561818246, -48.21010701131821, -51.059482149243365, -50.33880356216431, -49.16476782608033, -50.84914293769002, -47.84610701203347, -48.27208924534917, -49.55516063079238, -50.22003571555018, -52.21077670501173, -50.19199104712904, -50.48155351686477, -50.18799102176726, -44.63826790797711], [-8.263099217951298, -13.496885640203953, -14.321760763823985, -15.81250194978714, -15.222091136455537, -16.881591342687607, -15.772153650105, -14.90242138463259, -15.961126896500588, -15.753957210123541, -15.237894625544547, -16.342100093066694, -14.71864450609684, -12.805019285082818, -13.728019399881363, -14.236894448399543, -14.582653427779674, -14.421206987202167, -14.858519556760788, -14.599394526839257, -13.728215843915939, -14.528358779311182, -15.346233892917633, -16.086876822352405, -16.208796460807324, -14.89644806909561, -15.059760599911215, -14.97730522274971], [-7.610444614887237, -8.743478428840639, -8.56510370540619, -9.421264636993408, -9.917264443397523, -10.16462188386917, -10.910809130907056, -11.26687134552002, -11.24593415760994, -11.629505501508712, -12.066130371332168, -12.577719797849655, -13.069576421022415, -13.17392378473282, -12.254799216747285, -12.339808454751967, -12.769790659189225, -12.53695143723488, -12.16976406288147, -12.444978184223176, -12.770915303945543, -12.438924685001373, -12.713299880027773, -12.870192959785461, -13.602969722032547, -14.255781799316406, -14.065656863689423, -14.373469466924668], [-25.973125000000003, -33.45775, -32.501374999999996, -31.378687499999998, -32.6406875, -32.1409375, -32.876375, -34.978312499999994, -34.199374999999996, -36.04125, -35.979125, -34.1881875, -38.0394375, -45.141, -41.844875, -39.535375, -38.879125, -37.29075, -37.1634375, -38.70375, -42.508125, -37.042750000000005, -35.855374999999995, -36.111374999999995, -36.4895, -38.993125, -39.723749999999995, -38.545312499999994], [-23.28412467479706, -35.59687413406373, -36.424686924219124, -36.10536565279961, -36.432106652736664, -42.14363426089287, -37.46482102060319, -39.26070409083367, -39.29480323171616, -37.68615036940575, -39.87165087103844, -37.935874742507934, -40.46019513845444, -45.99223254394531, -40.93054380822182, -40.489847188234336, -39.005559462785726, -42.44711718201637, -38.395490224123, -37.43987309503555, -39.62910595035554, -43.41982106637955, -36.65475891184807, -40.16317791891098, -38.04388335871697, -39.375408705711365, -43.833347661733626, -41.79721378421783], [-5.658997002601623, -3.2175064406394958, -3.776631013393402, -5.95072864818573, -5.230541574954986, -7.3098266110420225, -7.210014643669127, -6.013345630168915, -7.268773622989654, -6.905809420108795, -7.027059731960296, -8.61111287355423, -7.08591751432419, -4.079124310493469, -3.780311086177826, -4.657765976905823, -5.471730089187622, -5.336765771865845, -5.070765518188476, -5.12831031370163, -4.242436028003692, -5.1357122325897215, -6.797086699485779, -7.865398809909821, -8.946773735523223, -8.29353352546692, -8.19778352355957, -8.979551272392273], [-16.316735763072966, -16.86930168414116, -14.82655056118965, -14.039593916893006, -15.757934171676634, -14.483004177093505, -16.456130418777466, -18.641989078998563, -16.093925023317336, -16.115603779077528, -17.875229640245436, -16.95271982240677, -20.279954346656794, -27.045905380249025, -23.40127770090103, -20.785731830358507, -19.629972410202026, -19.926633219718934, -18.461757315635683, -19.542248951196672, -22.109438328742986, -19.802838510751723, -18.021587114572526, -17.024336244821548, -17.173568307161332, -20.045570307016373, -18.68713219118119, -19.55291827392578], [-28.13693308830261, -42.36232050323486, -41.2681380701065, -41.82392613697052, -42.1679588060379, -36.634005558013925, -46.44587771224976, -48.33685077762604, -46.880573122024536, -46.37955413246154, -42.32292925643921, -43.354932081222536, -44.681210867881774, -44.18899127292633, -40.082683864593506, -41.982004821777345, -42.73259104537964, -41.56950263118743, -42.58537185001373, -42.71260066699982, -41.418474625587464, -41.265278120994566, -43.134031119346616, -44.98201695251465, -45.485178037643436, -46.30762933158874, -45.05351048088073, -44.70902300262451], [-28.000562297344207, -35.98385483932495, -41.28128708314895, -36.07985108566284, -36.67955762529373, -38.13124226856232, -37.51399545097351, -40.33958592033386, -39.368173495292666, -38.09771028327942, -38.06702407693863, -39.66904049634933, -39.199364643573766, -42.232627714157104, -39.19593818807602, -42.07122095823288, -41.3222242808342, -42.314222790241246, -42.911531744956974, -40.0457674627304, -41.86129709386825, -41.272928168296815, -38.971114453792566, -40.60330965566635, -40.744898328304295, -42.95515089559555, -40.1553378124237, -46.0780583729744], [-46.384779257297524, -47.45735237264633, -45.89792700481415, -47.318081177234646, -47.25092875576019, -46.467974152565, -46.0270293841362, -50.52668464279174, -48.34521332359314, -50.08004125356674, -49.58172239494324, -50.92894199895858, -52.850345457553864, -46.790161958217624, -53.815280063152315, -49.36620393037796, -50.594284847259516, -53.54215379047393, -53.56347076368332, -50.32834981489181, -54.841403332233426, -53.38567944097519, -50.75807132387162, -51.25012257385254, -50.378881474018094, -49.67028071928024, -51.910090871810915, -50.525225126743315], [-38.088375, -41.98575, -40.5275625, -40.8108125, -41.5704375, -42.5505625, -43.707750000000004, -46.1181875, -45.500125, -45.2060625, -47.975875, -46.790937500000005, -48.354, -51.718375, -48.957750000000004, -47.400062500000004, -48.5276875, -47.29325, -46.6055, -46.899375, -48.917125, -46.410812500000006, -45.475875, -45.1678125, -45.5801875, -48.29112500000001, -47.7236875, -48.15275], [-45.74347085380555, -46.592628168106074, -48.28643221235276, -50.209090235233305, -49.112416094303136, -52.84681024169922, -49.47362624502182, -48.13035834503174, -49.72856918239593, -48.76872704839706, -50.0747265791893, -51.55932720422745, -49.51118850946426, -46.181425112247474, -47.83823796272278, -47.223893694400786, -47.91444683504105, -47.34937453794479, -48.82599732637406, -48.51787992477417, -47.59070643901825, -48.70358252048492, -48.88032569122315, -50.607828772068025, -50.7108799071312, -48.3791448674202, -47.92508375072479, -49.39318888187409], [-45.11126862430572, -44.566842846870415, -45.01140448713302, -45.73464422702789, -45.89406466054917, -48.505894152641304, -48.81876971817017, -49.57819961929321, -48.65593974637986, -50.67232402133941, -52.431386662006375, -50.62430528926849, -53.18096816349029, -52.93375631713867, -50.47413202476501, -50.35661217308045, -51.55098686599732, -49.435852953433994, -48.83129008769989, -48.03396901416778, -49.35023958492279, -48.8113797416687, -49.68069105005264, -48.93969911289215, -49.2352520236969, -51.69914818096161, -52.11633484220505, -50.65005762481689], [-37.85318029594421, -40.10071406936646, -42.92052762699127, -42.22527943515777, -44.457679410934446, -47.838332524299624, -51.425267190933226, -51.71978249359131, -51.00472702407837, -53.780024683952334, -56.224023732185366, -53.12044526290894, -53.511266887664796, -58.03317179298401, -48.61448530673981, -52.32953175354004, -59.9621628961563, -55.3442014799118, -50.25764028739929, -51.06487327194214, -51.14308328056336, -51.8245141582489, -58.46957725620269, -56.48985628128052, -52.93697357463837, -51.29515811920166, -51.43015843200684, -50.89439891910553], [-42.5169091796875, -43.41467078304291, -44.8370446062088, -45.07451592445373, -47.61439250946045, -50.51548943042755, -55.87230242919922, -54.25618041801452, -55.27206792259217, -51.08719620132446, -54.15875815105438, -53.0621959400177, -53.39862449836731, -52.42943989276886, -47.09656849002838, -49.810172755241396, 