{"status": 0, "spectogram": [[-41.97554461561143, -50.72617846077681, -47.80180343079567, -47.466062406286596, -44.00100000777841, -45.6881250514388, -49.42268727822602, -49.67465169848502, -48.46706228522956, -42.99183035357296, -46.928767705202105, -45.48691054207086, -48.286196259081365, -50.69703557956219, -47.54522303463518, -48.5573034375906, -48.24898216387629, -46.36561585433782, -50.11605340525507, -47.59702669040859, -46.84344626355171, -46.61815169782936, -48.16183927106857, -43.128446340084075, -46.775151782974596, -46.631392847508195, -44.783580414280294, -41.56969642552733], [-9.760536455273629, -10.415750814318658, -10.65381338208914, -10.154884802401066, -10.051554433465004, -9.982179396748542, -9.897929362654686, -9.215616785585881, -8.592741705119609, -8.076241646945476, -7.482804032921791, -7.837214790821076, -7.9836077183485035, -8.122473838150501, -8.001661341309546, -7.9382059044241915, -8.192830892264842, -8.496259525954724, -9.109509612381459, -9.454197132349014, -9.747143581986426, -9.174456008255481, -8.936268458485603, -8.908589896202086, -8.943982753634453, -8.629955966055395, -8.573643467664718, -8.906956007182597], [-26.012622626781468, -20.982049623012543, -19.60923487639427, -19.262180866003035, -19.139557173013685, -20.24491425776482, -21.86853990006447, -24.97353156042099, -29.863951681852342, -31.286954270124436, -35.11845435738563, -32.812453063249585, -32.20453390932083, -30.610191315174106, -29.107757039785387, -31.42217776584625, -31.89334702563286, -31.714022444009778, -27.178773138761517, -27.68989710640907, -26.894727520942684, -29.27931963157654, -32.851881120443345, -32.02033590459824, -32.17304223179817, -32.86855883669853, -30.708436309099195, -29.617568601608276], [-27.565, -41.8626875, -45.613375000000005, -45.80825, -34.8551875, -43.9905, -41.545312499999994, -39.1838125, -39.63225, -33.282625, -38.927687500000005, -41.9610625, -37.393249999999995, -41.7721875, -37.8863125, -38.3588125, -39.327749999999995, -44.547375, -40.4064375, -40.917, -39.98375, -38.666375, -39.290687500000004, -40.3726875, -39.524, -40.3535, -35.487187500000005, -36.74225], [-6.887951822042465, -10.973441000461579, -13.806815439224243, -13.752653824806213, -12.269351977348329, -11.190055541276932, -9.784744076251984, -7.099298865795136, -5.961139357566834, -6.05255073928833, -4.847114269495011, -4.947801577091218, -5.3942561547756185, -6.5627019469738, -6.703826992750168, -5.651577821493149, -5.554292215108872, -6.31880948138237, -9.093308150053025, -9.548754648447037, -10.61122728729248, -8.17615722322464, -7.445157605171204, -7.882282420635224, -7.661095134973527, -6.92568434882164, -7.003809201002122, -7.9509157807827], [-6.626943114757538, -8.841242141723633, -7.538740948677061, -7.505241014480591, -7.315875242710112, -7.7329472823143, -8.69313516998291, -11.34070761203766, -14.070965378284452, -16.076336898326872, -22.13389718055725, -20.758407866954805, -19.65001152420044, -18.331369785308837, -16.476554552555083, -18.21115888929367, -18.68526558160782, -18.388583902359006, -15.27683284187317, -14.639145229816439, -13.95568898487091, -13.372391859531401, -17.75745651912689, -18.224957728385924, -17.71937616586685, -18.874172567367552, -17.52517153167725, -15.90243943309784], [-18.448023246526716, -26.48650249052048, -33.74837693548203, -31.44889282464981, -28.44607773756981, -35.821001377582554, -35.01518688130379, -31.640810230493546, -33.83586128377914, -22.327509204149248, -28.74888149476051, -30.353430532455445, -31.0654376680851, -33.399720599412916, -32.80628698539734, -27.894077644586563, -30.706927212238313, -36.068283905506135, -30.61203708553314, -36.95026687908173, -31.079053941726684, -24.857677435398102, -30.659616858720778, -29.81144497966766, -27.721640359878542, -35.762801175117495, -24.7893034453392, -30.339812819719317], [-13.25072064590454, -23.338838241577147, -28.36552307033539, -28.72761299800873, -25.367429725646975, -24.30667757034302, -22.307304132461546, -17.507986614227292, -14.372525703430176, -13.325251820564269, -10.226320552825928, -9.73305136680603, -12.490716250419617, -14.633696303367614, -15.272695988655087, -13.030601600646973, -12.167441610336304, -14.136045402526856, -19.059791233062743, -19.110639721870424, -21.048075845718383, -17.326802737236022, -15.539679270744323, -15.951134059906007, -15.878670137405395, -15.49313440704346, -16.042633899688717, -17.51245377731323], [-11.92880978679657, -12.440685016632079, -16.01162347269058, -16.386275078773497, -15.874435502052307, -14.333104759693146, -12.376354066371919, -9.817387798786163, -9.459841054916382, -11.59628568649292, -12.734907367706299, -11.567943778038025, -11.171928082466126, -12.407286975860597, -12.945599333286285, -11.73948145198822, -11.43188256120682, -10.747777418613435, -10.980467494010925, -12.24327138519287, -13.687414914131164, -11.64164502429962, -11.64470595884323, -10.949733137130737, -11.40374187707901, -10.911340044021607, -12.3054652967453, -12.085028989315035], [-11.46570173740387, -14.019317456245421, -15.910501478672025, -17.658527103424074, -16.924082298278808, -17.353255152225493, -16.192381519794463, -14.81834452342987, -14.772262262344361, -18.74425429773331, -19.98388045358658, -18.54911019325256, -17.05989095878601, -15.66853044319153, -17.172094472408297, -18.004443229675292, -18.834867963314057, -17.02007814836502, -15.54538277053833, -15.492738697052003, -16.622664986610413, -15.734679388523102, -17.193871868133545, -15.943593416690828, -16.85260407924652, -17.680488854885102, -17.998861769199372, -17.631028446197515], [-26.362499999999997, -33.876000000000005, -32.118125, -32.9225, -30.569187499999998, -34.8835, -32.364374999999995, -31.221375000000002, -24.742624999999997, -24.4985625, -24.0426875, -23.372437500000004, -23.316375, -24.1404375, -26.961875, -24.6403125, -24.293374999999997, -25.602124999999997, -29.2968125, -30.4353125, -35.15225, -29.0503125, -27.36025, -26.35875, -27.0915625, -26.233375000000002, -28.9104375, -28.928312499999997], [-48.29014479875565, -41.1781040263176, -42.32079040336608, -42.81344642686844, -41.16830323171616, -42.176362849712376, -51.328666193008424, -49.98121492242813, -51.53891890764236, -42.08807440567016, -38.62446583938599, -39.519196946144106, -42.83421577835083, -45.979525172710424, -45.20203070878983, -45.85132845973969, -44.32794742059708, -49.755665895938876, -47.104224866867064, -46.24565905570984, -49.817635508060455, -52.10546227931976, -50.71165188360214, -52.42059239435196, -50.614806149959556, -52.645827669620516, -51.56320200300217, -48.677539474010466], [-43.143809616565704, -37.88429963684082, -39.5531121211052, -39.06915948295593, -39.690237634181976, -43.994917259693146, -44.39173239994049, -41.85918726873398, -40.018153058528895, -38.94982475662231, -41.02251482915879, -40.483739679336544, -37.240147266387936, -37.68562776374817, -43.72118959856033, -41.487647591590886, -40.28072810029984, -40.022637174129486, -39.170696290016174, -40.322205138683316, -40.690052897453306, -42.65521482372284, -39.774029878139494, -38.42062762069702, -38.37385953712463, -40.09672608804702, -41.81884995603562, -42.41337520313263], [-38.43686888027191, -28.046515023231503, -32.980452922821044, -37.80723311805725, -37.88035101032257, -36.24565712642669, -36.12140695285797, -36.62862027454376, -37.9987451353073, -33.073186663627624, -36.41412184143066, -38.39130383014679, -35.55570787429809, -32.77560320281982, -38.498790461540224, -38.82392416191101, -41.98666012096405, -37.219280834197995, -34.89553435134888, -35.02818792629242, -37.784082137107845, -39.50186762714385, -41.028423147201536, -38.36817399215698, -37.67628122329712, -37.03668248271942, -36.28656333827973, -37.6571361875534], [-52.057702507972714, -45.92053367996216, -49.64140904235839, -49.95015770530701, -52.67155830287933, -49.310819969177246, -48.84782162857056, -46.992124584197995, -48.43613349056244, -47.397692810058594, -48.497189430236816, -45.86559250545501, -46.810567861557004, 