{"status": 0, "spectogram": [[-19.035669933125376, -25.358589937090876, -24.39258985865116, -22.806804004877808, -23.33381298352778, -22.231384316429498, -23.522634425655006, -24.694116637453433, -24.837473803564905, -25.375848850056528, -25.034661321759224, -24.283973757043483, -23.688143354833127, -23.851348720774055, -23.91678621074557, -24.27770585115254, -23.98947372363508, -25.12244702592492, -23.811571923971176, -24.706170194342732, -23.41062545105815, -22.735232553213834, -24.30417014800012, -25.128429139763114, -24.722848755016923, -24.2270272924453, -25.051527336552738, -23.516027243986727], [-19.629463163018226, -34.97303336465359, -31.244096244394783, -33.16711392360926, -28.93605182337761, -34.36806917798519, -32.42688184863329, -36.09100650864839, -31.628640847325325, -31.77484619098902, -30.019846353590488, -29.983926717877388, -30.181167771279807, -38.378327680647374, -37.55514032053947, -36.4221851451993, -28.73492686355114, -31.135051629424094, -31.215176625013353, -32.51405152285099, -30.82981954908371, -28.92756973183155, -32.54338192147016, -33.92481928384304, -33.12563184732198, -30.11594463086128, -33.448194332003595, -29.88825716751814], [-29.00569598340988, -32.81380058288575, -31.576801746845245, -32.30600640130043, -30.133872710704807, -33.773328358888634, -32.242703520059585, -33.847505176782605, -31.514577249288557, -32.054158123970026, -30.75584546303749, -30.79508636903763, -31.183238016366964, -32.55498059844971, -34.16335456991195, -34.711122232437134, -29.488720118761062, -31.298416144609448, -31.476665811777117, -32.75746085691452, -31.41579985380173, -29.334523947954175, -33.15614844536781, -33.41141667866707, -32.8728276078701, -31.190283108234404, -33.607345133066175, -31.48365906238556], [-13.8776875, -23.819999999999997, -19.396437499999998, -21.000437499999997, -17.8878125, -23.5655, -21.042875000000002, -23.8550625, -20.937312499999997, -20.722375, -19.029249999999998, -18.27675, -19.303375, -22.454124999999998, -24.735687500000004, -25.1961875, -17.42875, -18.8055625, -19.02475, -20.7504375, -18.545250000000003, -17.1176875, -21.363187499999995, -22.3506875, -20.9624375, -18.15725, -21.822625000000002, -20.206875], [-13.424511568784714, -26.416149280548098, -20.837647860050197, -24.30662186074257, -18.81371902656555, -32.71262391066551, -24.440121862173083, -32.77919565367699, -22.937630608558656, -24.304782781362533, -22.082907418489455, -19.837933760643004, -20.589478448629375, -25.072916489124296, -28.85710447382927, -29.77865845179558, -17.812031282663344, -22.092880467891693, -21.07200516653061, -24.63397917342186, -20.92137116599083, -16.977673686265945, -24.72386298942566, -27.613854897737504, -27.191872613191606, -20.38772830605507, -29.146855500936507, -21.859067676782608], [-17.751581795215607, -24.732330395698547, -20.789889738559722, -23.410641228199005, -21.632848063468934, -23.76069485902786, -21.742379842758176, -27.432886513710024, -23.28202400970459, -23.696740189552308, -23.319615943908694, -22.81318724346161, -22.33358791208267, -23.31386149120331, -24.99204869604111, -26.17478226137161, -21.13008799791336, -21.93578465986252, -22.80316049337387, -23.56291883468628, -21.94850764083862, -21.067446505069732, -25.270322351932528, -24.343454427719116, -23.418604388713838, -22.559088503360748, -23.87221282339096, -22.23029030513763], [-23.010014497041702, -34.47355153226852, -29.32148538088799, -31.889120655059813, -27.513520147562026, -34.67061365103722, -30.877236562490467, -38.12349151206017, -30.036513372421265, -33.846355212211606, -29.3998522939682, -29.152825539827344, -29.460263599872587, -30.849573786020283, -32.82438601922989, -39.43232862114907, -27.780930666685105, -31.447897849798203, -31.3092717897892, -34.15512207126618, -31.135843350172046, -26.96151861834526, -32.3083343205452, -34.996148716688154, -31.446538371324543, -30.03501195478439, -33.24201337957382, -30.02232342410088], [-20.637407088279726, -26.356386675834656, -24.187003258705136, -25.15362160873413, -23.32748945522308, -26.674012229919434, -23.60582122516632, -26.592317019462584, -23.520888185501097, -24.9559385766983, -23.842437630653382, -23.679749055862427, -24.47304519367218, -24.02832009410858, -27.168509742736816, -28.568160268783572, -23.465336240768433, -24.372837896347047, -24.091838901519775, -25.676795523643495, -23.721660999298095, -22.635024327278135, -25.510585836410524, -25.426652094841003, -25.529381587028503, -23.16376655006409, -26.20683285427093, -24.19236928749084], [-14.046671220302581, -12.320812173366548, -12.832313473224639, -13.105750214576721, -12.96797517156601, -13.094124633789063, -11.510312626361848, -12.54680352783203, -10.61846439743042, -11.941000651359559, -11.877813801288607, -12.307117836475372, -11.973492555141448, -11.527490618228914, -13.313677491188049, -14.465168275356293, -14.298519713401795, -14.538787429809569, -15.075974981784821, -14.742572256088257, -14.559090686798097, -15.273297373294831, -14.641669926166534, -14.490116363048553, -14.206232604026795, -13.56562649822235, -14.021687907695767, -12.72605444431305], [-33.804131862163544, -32.12272927188873, -35.57541352605819, -35.67096578836441, -40.6985116763115, -36.36563923740386, -32.796707509517674, -34.399075663089754, -36.361398455142975, -36.82083131313323, -39.010702582359315, -38.88644539880752, -38.82125927639007, -33.568674103260044, -33.25929664850235, -31.53022358751297, -39.0780959148407, -40.21873547649384, -41.5117958893776, -39.06820154666901, -41.817956930637365, -40.788315824031834, -38.070007917404176, -37.16725016164779, -35.692843077182765, -40.614780157566074, -37.76472288036346, -36.02604022264481], [-37.6918125, -39.648875000000004, -40.57418750000001, -41.876875, -43.665125, -40.6526875, -39.957499999999996, -40.343312499999996, -39.697562500000004, -43.1574375, -42.974125, -41.3463125, -40.683875, -40.309625, -39.466125000000005, -38.6738125, -41.04725, -40.6184375, -41.05025, -39.6733125, -39.812375, -41.874312499999995, -41.639812500000005, -40.3141875, -41.0395625, -41.314375, -40.813874999999996, -40.8468125], [-34.50999616098404, -38.73983788347245, -38.985645415306095, -40.92733347177505, -41.09607008838653, -38.594140048503874, -38.49020465564729, -40.43886462688446, -39.367827798843386, -40.89966272068024, -41.486097541332235, -43.0742555642128, -41.808017900466915, -37.863979665279395, -37.75566961288452, -39.99664324998856, -43.55634557294846, -42.111448787689206, -41.731700109481814, -41.489184846878054, -41.599290779113765, -44.103109665870676, -43.251297976970676, -41.81097222137451, -44.239351489543914, -45.93783001565933, -45.016456397533425, -44.999285245895386], [-28.931279851436617, -30.82550216960907, -29.75250263118744, -31.71728850269318, -31.777299373149877, -32.119321537971494, -32.58950974607468, -33.13180542850495, -31.6859659948349, -32.25915545988083, -31.82803144693375, -32.41796844959259, -31.77303922653199, -31.636170788288116, -34.50341846227646, -34.685892106056215, -32.04783458089828, -31.853387081623076, -32.21232429218292, -32.23485029268265, -32.99691276359558, -33.52347601079941, -34.045850096225735, -33.67853664016723, -33.91826971530915, -32.7852977604866, -32.8972968993187, -32.80140323781967], [-34.92735566806793, -36.638967710494995, -36.25646838188171, -37.280960497856135, -35.68322950649262, -38.512422436714175, -36.74448711967469, -36.054308187484736, -35.65213008880615, -35.73619351100922, -35.325381071090696, -35.515890177726746, -35.275327676773074, -35.5954229593277, -39.45104663944244, -38.09408266353607, -35.67689072322845, -35.74826519107818, -36.32539081668854, -36.82671048069, -37.66352344703674, -36.64377270317077, -38.118334523200986, -38.27396805381775, -38.16143230819702, -36.734694064140314, -38.074505096435544, -38.677226752281186], [-42.24310546302796, -41.16284043312072, -41.7844016084671, -42.01033132839203, -40.90032201576233, -43.27294613647461, -43.41282099342345, -42.386446949005126, -42.29792885398865, -42.523902056694034, 