{"status": 0, "spectogram": [[-31.13414283889532, -50.23666059336067, -45.48734821437299, -47.81301782917976, -46.329839148044584, -54.15934814597666, -45.59772302173078, -46.94179451449216, -48.75357126185298, -50.46951777341962, -50.790080342009674, -49.992312255457044, -49.24473193117976, -52.8334909530729, -49.08855334842205, -45.812490909293295, -48.387088962167496, -47.58167839071155, -45.22786595322192, -46.08425895740093, -33.55698227474093, -30.587562639042734, -32.72106255485117, -43.167615944311024, -46.58350880275667, -43.46691949550807, -46.50660699898005, -44.73106246702373], [-3.833580321371555, -2.0714556769728665, -2.161455674946308, -2.490214628338814, -3.2568039578199386, -3.7829646956920624, -3.7852771956324576, -3.7257682774066927, -4.045920090973377, -4.011866513550282, -3.951741511762142, -4.417991536676883, -4.9815629927515985, -4.730902263104915, -4.537589752435685, -4.57940226083994, -5.04667013424635, -5.233330845057964, -5.220143319845199, -5.4408486503958695, -5.157178966164589, -5.109152175605297, -4.62683966422081, -4.250080734074116, -3.8958485862612724, -3.709053933858871, -3.863741444170475, -3.548268206954002], [-23.073543619871135, -38.11657970118523, -37.51801650047303, -35.55855252122879, -35.856622599124904, -36.41307015323639, -35.26769479608536, -35.66311255097389, -35.57323027563095, -35.832561290979385, -35.23768659758568, -34.43145295739174, -35.17427485775947, -35.29889170360565, -36.02076545190811, -33.874660552024835, -35.59182816720009, -35.91504346251488, -33.667294920682906, -36.367910116195674, -26.145672018289563, -26.101405074834823, -26.458154434919354, -36.07485807228089, -37.65928593444824, -36.98360691404343, -35.267293097257614, -36.05551626205444], [-19.925, -33.03875, -33.932125, -33.771875, -35.5913125, -36.911, -37.9124375, -37.4573125, -42.419375, -38.5053125, -39.16375000000001, -40.6170625, -42.872375000000005, -43.52793750000001, -43.66575, -36.54418749999999, -39.94175, -42.617125, -37.19562499999999, -39.8, -25.4281875, -23.1190625, -25.8026875, -32.9725625, -35.2828125, -36.822, -36.4890625, -34.7735], [-3.4906514756679536, -0.6370173420906067, -0.33295484042167667, -0.24433857774734496, -1.033784637451172, -1.851266644477844, -2.2322666096687316, -2.6801504662036892, -3.4034002001285555, -3.5185253055095673, -3.6574002397060394, -4.116489380121231, -4.777105134487153, -4.259391078948974, -4.170891112804413, -4.2605695724487305, -4.735122992515564, -4.928489096403122, -5.160676785469055, -5.595703955888748, -6.636570304393768, -7.429150763750076, -5.734275760412215, -4.320097288846969, -4.027320492267609, -3.6290973331928256, -3.587472265005111, -3.610427787780762], [-26.50253892993927, -32.045063847064974, -34.23218988656998, -35.891676820755, -31.63292259836197, -28.07382351589203, -27.42138763189316, -28.76545956277847, -26.65692528676987, -26.791897603034975, -24.407458292484282, -25.31125704097748, -23.613052065372468, -24.98536398983002, -27.287366617202757, -22.60379889822006, -21.568264670848848, -23.58335431718826, -21.366286467552186, -27.82809845685959, -14.214459632873536, -11.25791461610794, -13.32672746372223, -26.318614689350127, -31.244115642070774, -33.54799611282348, -33.56750075149536, -32.73791227817535], [-16.820060712814332, -23.492172524690627, -21.790488839149475, -23.06578406023979, -25.344117631435395, -28.039159529447552, -27.724601650714874, -29.399333538532257, -30.330476655006407, -29.442265358448026, -29.756264724731448, -31.301021524190904, -33.476438437700274, -35.16314221382141, -31.657640325546264, -28.664208235025406, -30.43732723259926, -28.89077795004845, -26.009716703891755, -29.302623761177063, -20.863561356067656, -20.802769243478775, -24.145894788503643, -26.99321081590653, -27.42045957279205, -27.822127067327497, -27.093003393411635, -25.705922774791716], [-11.384771976470947, -9.445784752845764, -8.052721914291382, -6.626497614860535, -5.40401284122467, -5.316895692825318, -6.3185204467773435, -7.0258679933547965, -7.439375490188598, -8.087179321289064, -8.350679117202759, -8.499775990486144, -8.796461973190308, -8.517641372680664, -8.293141935348508, -8.52815940284729, -8.440765178680419, -8.609917490959166, -8.116856092453004, -9.085581431388855, -12.897815737724304, -15.015949949264527, -12.167639037132263, -9.263138863563537, -9.644897933959962, -9.62484464073181, -9.263094558715819, -10.329113327026366], [-25.36079763698578, -27.128820503711697, -25.86750712585449, -22.3697492852211, -15.777136173248289, -15.21228856420517, -15.351413951396943, -16.718325013637543, -15.416897631168366, -16.076254570484164, -16.471942248344423, -14.826416149616243, -13.286443770408628, -14.267353958129881, -14.730041246891021, -14.429291446208957, -12.831586883544922, -12.873140259742737, -14.412826978206635, -18.134736376285556, -23.388539817333218, -24.273746744155886, -23.22611922836304, -22.274331480979917, -22.682063389778136, -23.313241523742676, -22.327116850852967, -25.334722900390627], [-32.045422756195066, -38.173030556678775, -40.77528508281708, -35.81016805362702, -29.577554706573483, -26.97533806419373, -27.238029273509976, -29.515478189468382, -27.58624349308014, -28.07406340408325, -26.777613073825833, -25.30420846414566, -23.105558400154113, -24.470903635978697, -24.340776779174806, -23.8818811173439, -21.890510343074805, -23.24810007476806, -22.83815303182602, -27.154150874614714, -29.57758188009262, -29.609971579074863, -28.644975006580353, -31.457102078914644, -32.25649787759781, -34.354272421360015, -31.51014442873001, -35.47254017877578], [-32.0155625, -37.3183125, -40.7649375, -37.86268750000001, -32.2529375, -30.844187500000004, -30.303, -30.809312499999997, -29.822562499999997, -29.582749999999997, -28.842499999999998, -27.724687499999998, -26.412, -26.6586875, -27.1950625, -27.293125000000003, -25.4400625, -25.8851875, -27.3875625, -30.426750000000002, -35.755250000000004, -37.59281250000001, -34.204375000000006, -34.128375, -35.8570625, -34.004374999999996, -34.035, -36.951875], [-34.64514630556107, -36.58048988199235, -42.45073461198807, -41.7887999715805, -39.82017488908768, -39.56705507326125, -42.146048613071436, -44.68048510169983, -43.28815645980834, -42.47122243404388, -42.954095989227305, -43.19551715803147, -44.22444867134094, -43.47346517848968, -43.12802808332443, -41.67323105335235, -43.442866564273835, -41.07461648130417, -41.61330046939849, -41.464167251110084, -46.77249836921692, -48.571239877700805, -47.42074556827546, -42.93525428915023, -43.13242407608032, -41.3736437625885, -39.95639579105377, -41.34345735979081], [-43.88823781824112, -51.8846116604805, -55.400110032558445, -54.094452104091644, -54.570562942981724, -52.71451301908493, -53.91857493305206, -55.081385701656345, -53.99433460950851, -53.65543224620819, -56.303181798934936, -54.75079885339737, -52.45215636968612, -52.334932318687436, -51.6046805715561, -51.15256561136246, -50.7246769156456, -49.105506868362426, -49.22806705999374, -53.029416527748104, -51.09698103618622, -50.027793150424955, -51.91054317140579, -56.47953752326965, -56.5174117679596, -57.03941928052902, -55.0152328748703, -56.449143470764156], [-38.224580563545224, -37.957955709457394, -39.94870001792908, -42.31529555225372, -43.31069852924347, -43.34091005802154, -43.72203952884674, -46.34793930435181, -44.68416026973724, -46.677759801864624, -45.17826417350769, -46.577178292274475, -42.869258001327516, -42.96233689308166, -46.30114426517486, -45.130220815658575, -41.446694478034985, -43.71220605182647, -43.22927102661133, -45.01357628440857, -42.37022021770477, -42.96519536972046, -40.54388142681122, -42.26457532215119, -47.35181410980225, -46.42501066207886, -47.170760560989386, -46.75658249282837], [-47.14543155574798, -46.683096037864686, -48.64672012615205, -53.009203524589545, -56.58515801239013, -54.82664175319671, -54.23107702064514, -56.36801383495331, -56.08914883041382, -55.618461150169374, -53.95440368461608, -56.24638892650604, -53.09470491218567, 