{"status": 0, "spectogram": [[-27.533428508967162, -49.21740163685381, -46.98327665637433, -46.78918747316301, -47.4778301783055, -45.483856927067045, -49.653981960713864, -51.09424093557894, -52.47807127302885, -50.11036594416201, -57.9511159196049, -51.10485703262687, -54.835053374409675, -48.991124912738805, -46.05849982619286, -54.768187261208894, -54.266285451352594, -48.42576768219472, -48.67995514036714, -49.81151772242785, -43.60176781094074, -36.23368745480478, -42.116562454894186, -44.96493738009035, -43.22680350542069, -48.226312406703826, -49.90537497505545, -44.12821420302988], [-4.648964784026146, -3.6104201665520668, -4.020920161902905, -4.448527292191982, -3.978839743256569, -4.054705826342105, -4.70176837515831, -5.6940451931357385, -5.281688016593456, -5.300054069399835, -4.945866566598415, -5.051598681867123, -5.455214731812477, -5.791812967836857, -6.097875473976135, -6.0771433448791505, -5.948116542994976, -5.978893344044686, -5.96401832318306, -6.163652258455754, -6.060750462532043, -6.212509421408175, -6.1255719213485715, -6.222750496029853, -6.375446932911872, -6.140750509500505, -5.656562970221043, -5.844705829203129], [-15.675917687177659, -28.120130857229235, -29.510066259384153, -29.64242440891266, -30.59037084150314, -31.000156750679018, -30.697092412710187, -29.064736858606338, -30.98373677611351, -31.67736125540733, -31.50417425584793, -32.10918345618248, -32.091763342380524, -32.47215592956543, -33.604219201326366, -33.085084647178654, -33.15169264698029, -32.460336089134216, -33.653585095405575, -33.5780225789547, -33.32751434230805, -33.27292499923706, -32.959861563920974, -32.771023060560225, -33.04448674654961, -33.05384366488457, -32.94928129673004, -33.11738886976242], [-29.032125, -36.183562499999994, -39.9224375, -39.1484375, -39.3636875, -40.6965, -45.377750000000006, -43.02425, -43.507625000000004, -45.9038125, -42.8990625, -39.3319375, -37.2118125, -42.4260625, -41.8643125, -42.00475, -42.250187499999996, -44.6918125, -40.602937499999996, -42.653499999999994, -42.5824375, -44.452625, -42.5026875, -43.222125, -40.8114375, -46.4375625, -40.0605625, -40.797625000000004], [-7.350713520526885, -4.270444099426269, -3.61531924200058, -4.122471091985703, -2.89145371222496, -2.9037214858531954, -4.058471032857895, -5.773899143457412, -5.218015598773956, -4.526783731460572, -4.609971204519272, -4.768248245239258, -4.533846716642381, -4.736123203277588, -5.297623257637024, -5.5872391550540925, -5.220337504386902, -5.657471272706986, -5.226221492528915, -5.299614274740219, -5.061373307704925, -5.6867301783561715, -5.544792752504349, -5.79458728313446, -6.101962214469909, -6.1916585550308225, -5.565283955097198, -5.591730319499969], [-14.574747666835787, -17.731607994556427, -20.193296429634092, -21.487110313892366, -24.78987573766708, -25.674360751628875, -23.232362723827364, -20.3205578789711, -22.031573808193208, -23.181876972675322, -21.65049908590317, -25.903233459949497, -27.863937598228453, -24.17291885280609, -25.10860511827469, -24.807036165714266, -26.698135531425475, -25.140857112407684, -26.93498242807388, -27.9237969751358, -26.485838473796846, -26.41010883951187, -24.846295333862304, -24.09291068983078, -23.477928700923922, -24.181162681102748, -27.27091120195389, -26.170402567863462], [-17.627526582479476, -25.297081856012348, -30.66470880723, -25.81057230997085, -29.29204192376137, -27.863738002061844, -31.30930165433883, -29.78105313062668, -31.250253022909163, -29.68566395521164, -33.78290964078903, -30.888835362434385, -29.172602290153506, -30.452026685476305, -32.63708454847336, -32.43853869915009, -32.40885475349427, -34.51548063325882, -35.187911359071734, -33.04568814873695, -29.70076650428772, -33.87348403358459, -33.852609817504884, -31.229629261732104, -30.623866173505778, -33.7762115983963, -33.726900097608564, -33.51330393457413], [-4.38449602508545, -6.633906087875366, -4.628219080924987, -5.673246774673462, -4.40682117652893, -4.7994723844528195, -6.03153232574463, -8.794860043525697, -7.355031511306763, -6.008988812446594, -5.332363633155823, -5.868909702301025, -6.1379737482070915, -6.629534345626832, -6.565847487449647, -6.767292601585388, -6.487070394515991, -6.850721161842346, -6.407222613334655, -7.166016651153564, -7.125722840309143, -7.082381749153138, -7.628506838798523, -7.62833659362793, -8.271479181289674, -8.046380284309388, -7.340070213317871, -7.010070177078248], [-8.926982585906982, -10.425320024490357, -12.337257045269013, -12.422872721672059, -14.68424602985382, -15.328130153179167, -12.14913218641281, -13.895811710834503, -14.271471503734588, -13.637631495952608, -14.964006306171418, -18.076121697425844, -18.019772575855256, -17.63609518575668, -22.259782189369204, -21.431318943977356, -22.31680015850067, -23.10757711172104, -22.18082688188553, -22.2122915225029, -21.73762194633484, -19.169176120758056, -17.9160506439209, -17.191318945884706, -16.977560881137848, -17.11681939315796, -20.824943609237675, -21.324076821804045], [-19.415439109802243, -21.59245029592514, -21.68420756292343, -22.40542504310608, -25.899593686103817, -24.703137394428246, -21.983508285999296, -21.83783917427063, -23.372441050052643, -24.487983044624325, -22.69910965824127, -23.81938567781448, -28.005019772529604, -25.89402114057541, -25.99319735240936, -23.514326025962827, -24.654317938327786, -23.891024475574497, -25.023657675266268, -25.924293271541593, -26.79043002414703, -25.74044488620758, -26.404947898864748, -25.32902869272232, -26.660265655517577, -24.20088376092911, -24.566320452690125, -24.685310185432435], [-25.0456875, -24.226, -25.500875, -26.909875, -26.539812500000004, -25.5853125, -26.00575, -26.0475, -25.814124999999997, -26.5403125, -26.4510625, -27.945562499999998, -28.552062499999998, -28.3275, -29.7113125, -27.8824375, -29.136625000000002, -27.566375, -28.453187500000002, -29.0541875, -30.0884375, -27.2948125, -26.083375, -26.919375, -26.622687499999998, -26.978187499999997, -29.361687500000002, -28.38675], [-37.377951394081116, -35.75067571258545, -36.05461430120467, -35.87325116539001, -32.943408765316015, -33.93874608469009, -38.49029898738861, -40.60149778604508, -37.44417999839783, -35.982966572284695, -36.29464710712433, -36.506695799350744, -34.59470748329163, -35.98903674077987, -35.980034992694854, -37.58661955165863, -36.73507784843444, -35.54821811962127, -35.477542800426484, -36.24020931148529, -35.87469253206253, -38.248222004890444, -37.41972262859344, -38.45287740993499, -37.883895919799805, -41.55128148746491, -36.056236469745635, -37.47264544534683], [-33.964184756278996, -31.300453080177306, -33.70614236307144, -33.49820474243164, -36.31965287208557, -35.1692142996788, -34.71333852529525, -33.99226475667953, -35.97633929777145, -35.40717916154861, -38.70155396127701, -39.856008359909055, -39.586562767982485, -36.30921417474747, -40.86484197378159, -39.03528720617294, -39.735375683307645, -37.572677964687344, -39.82942993021011, -41.615233785152434, -40.62362631368637, -39.44405343866348, -38.62305211782456, -40.11253495740891, -39.409981103420265, -38.905374711513524, -42.203187957763674, -40.06113342571258], [-29.780560461997986, -32.48237697505951, -37.100875405311584, -34.00557682323455, -30.52287025165558, -33.30908869171142, -37.15595748519898, -37.79446419429779, -35.38366397380828, -35.74067931270599, -38.311239782333374, -35.33168552112579, -33.03890444660187, -33.286385222434994, -34.0521980304718, -35.812924884796146, -33.94037406349182, -35.80662185668945, -33.49281443309784, -34.847481449127194, -32.16102071380615, -36.05028856372833, -32.588164170265195, -37.11379307937622, -34.765269335746765, -34.87344582271576, -34.42732605266571, -34.1244568901062], [-41.9067264919281, -44.23577069377899, -45.44345462989807, -46.98006030082702, -48.2837205619812, -47.84361014080048, -47.96910816669464, -46.74397867202758, -47.51504888153076, -46.03110893344879, -45.810173122406006, -48.81928698635101, -50.599758258819584, -48.369795557022094, 