{"status": 0, "spectogram": [[-37.22718748120963, -59.744535602599385, -56.62497295175493, -56.214374937623745, -55.00030345341563, -54.41079458130896, -52.02185695883632, -57.549249886453154, -57.21584813217819, -54.01877676819265, -54.5286515943259, -57.36732135173679, -56.683857099175455, -52.88301789370179, -57.81089270058275, -52.544294416293496, -50.895660541772834, -53.64393731154502, -53.90368738336861, -53.30035693517327, -52.186026631578805, -50.31924993094802, -61.66918727110326, -55.45058915263414, -57.560883769795296, -56.62415158291161, -51.18640164010227, -48.00818736292422], [-6.9636606625318525, -7.669490920364856, -7.6815534198284166, -7.71284803646803, -7.687981948733329, -7.831785513281822, -7.991785514593124, -8.05480337548256, -8.023580168426037, -7.939946236968041, -7.936071243405342, -7.945098022401332, -7.910633726298809, -7.932098021805285, -7.914785524010657, -7.835517647385597, -7.940910534024239, -8.097633752882482, -8.002008737146856, -8.057339096188546, -8.176606950879098, -8.251526597082615, -8.348401605546474, -8.422124821424484, -8.49308911383152, -8.624285532712937, -8.786410497546196, -8.907294408977032], [-37.171231832981114, -50.28721384572983, -53.41583912086487, -49.55925855517388, -49.54177730965614, -44.34518603491783, -47.2518127644062, -49.512679562091826, -52.32840134263038, -47.50385675048829, -48.72516984200478, -49.67596405982971, -46.4707228782177, -45.96146467924118, -47.18183919286727, -49.91347378563881, -45.86409834170342, -49.229766920566554, -52.05401906442641, -53.02743630957603, -47.91273172569275, -44.35691071510314, -49.525785817623145, -52.481580476522446, -54.13940135502816, -56.944715124607086, -52.90133795166015, -42.63077716469765], [-17.990875, -16.4168125, -16.269375, -15.152249999999999, -14.5349375, -14.3814375, -14.611125, -14.810187499999998, -15.069375, -14.919375, -15.446125, -15.048749999999998, -14.5986875, -15.061687500000001, -15.310187500000001, -14.264125, -15.635250000000003, -15.919375, -15.088125, -15.1143125, -15.010875, -15.5458125, -15.8783125, -15.93925, -16.391624999999998, -16.066625, -14.901125, -14.360937499999999], [-19.694262037992477, -31.436952930450442, -30.554827693939213, -30.139916447639468, -33.53131001615524, -33.288059687614435, -31.75712166571617, -31.01483578848839, -31.543880782127378, -33.06438114595413, -33.48206903862953, -33.68574735045433, -34.85561362218857, -29.92656763863564, -33.64163119411469, -32.23651450037956, -31.80050589227676, -33.26439925193786, -34.49183687281607, -34.47731904149055, -34.62075643253327, -31.210550034284594, -35.124676295042036, -32.16866650104523, -33.68421162343026, -32.29514845228196, -35.61758613562584, -33.865852998971945], [-18.70759320783615, -33.02461688995361, -29.807994370460513, -26.314457427978514, -27.183972297668458, -25.249758541107177, -25.11844652700424, -27.744587707042694, -25.91564378595352, -27.55565076255799, -26.042653636932375, -27.323544301033017, -26.79552544784546, -25.205751138210296, -26.85643745326996, -26.15780213022232, -28.265767440319063, -29.918722760200495, -27.372410479068755, -28.65725768947602, -28.45135566186905, -26.01629649925232, -28.14010843610763, -28.463340617656705, -31.799820829868317, -31.30129385948181, -27.360918746948244, -25.758784772396087], [-8.930954718828202, -8.598476447343824, -8.711038955211638, -10.170156283140182, -11.677389501333236, -12.654398948669435, -12.790023908615112, -12.927630845069887, -12.460630318641664, -12.473630557537078, -11.906379961013794, -12.615657323122026, -13.040291800498961, -12.54807703924179, -11.976514389753342, -13.393551282167437, -11.823121012926103, -11.751084878683091, -12.698148312091828, -12.912326817512511, -13.527853826284408, -13.503157214403151, -12.936531582117082, -13.062977985143661, -12.79768283700943, -14.038888798952105, -17.155765984773637, -19.599883531570434], [-40.136965298652655, -40.57782949733734, -42.609453085899354, -39.59435224246979, -42.71188865470886, -40.71247972774506, -42.8779109916687, -43.3694382390976, -45.32338893318176, -43.99431998443603, -45.01519933128357, -44.76290906524658, -43.05352706241607, -43.328838804245, -44.08683738136291, -44.171409906387325, -42.545200720787044, -42.44210052776336, -41.54016373634338, -48.91306131267548, -41.848556282043454, -41.731741295814516, -47.286236983299254, -48.285343945503236, -44.96321685028076, -49.90969501495361, -47.884383566856386, -45.20139066696167], [-26.1657556552887, -35.41694742536545, -34.734134130477905, -29.33717858552933, -29.117431541919707, -28.265136732101443, -29.91201271629334, -31.738657879829404, -32.481773546695706, -30.0132884516716, -32.184289656162264, -30.244528868675232, -29.566066122055055, -29.895974970817562, -30.821038316249847, -28.096859521389007, -30.826554107189178, -33.40584305906296, -30.620967143535616, -31.308092758655548, -30.719012210845943, -31.23317147254944, -33.21454682159424, -32.311857389926914, -35.240368749618526, -34.48391270303726, -30.363224568367002, -29.472135154724118], [-17.752019279003143, -17.12575256586075, -17.162127357006074, -15.680657805442813, -14.489758545398711, -15.10019738292694, -15.915509918689727, -16.714750432014466, -16.66956234693527, -16.247124722480773, -17.88068591928482, -16.60041030597687, -15.301037005424499, -16.645678787231446, -16.19411644601822, -14.60530569267273, -17.214471783161162, -18.304997991561887, -17.11649944782257, -17.323070929527287, -17.415660881042477, -18.495598339557645, -20.328658675193783, -21.02589940023422, -21.42880967473984, -22.78139080905914, -21.964270678520204, -21.78431752538681], [-29.33875, -28.441437500000003, -29.416625, -26.7635625, -24.632062499999996, -24.437125, -24.850125, -25.572, -25.991999999999997, -25.9851875, -26.1724375, -27.13525, -25.88975, -26.879, -26.1426875, -26.134124999999997, -27.038624999999996, -28.511187500000002, -27.40125, -27.253999999999998, -27.6205, -28.9125625, -28.5100625, -29.9429375, -29.981312499999998, -30.429875, -31.177124999999997, -32.418875], [-40.578704061031345, -40.86432773065567, -40.987395050048825, -38.86114983081817, -37.54535095024109, -36.617943310260785, -36.09576180267334, -36.103423750877376, -37.16430307054519, -36.84825563764573, -37.73505845451355, -37.77089635801316, -36.33143275070189, -37.598391891956325, -38.195895954608915, -36.08533908319473, -38.35829986619949, -39.18466438388825, -38.25279619312286, -38.10818985176087, -37.458345851898194, -38.42017152786254, -39.18723237848282, -40.5711510667801, -41.745304838657376, -40.508561060905464, -37.86031980133057, -37.46264418077469], [-44.08623323249817, -45.8109538564682, -46.23639130067825, -46.43662106847763, -47.82564591789246, -48.265786522865284, -48.419474649906164, -48.85846672344208, -47.550567266941066, -47.92336891412735, -47.05205723953247, -47.92992310571671, -48.159268725395194, -47.74201171827316, -48.95926244211197, -48.580116950511936, -46.82976279115677, -48.20022900724412, -47.39397679567337, -48.6139500951767, -48.25845831155777, -49.35339711093903, -47.61989873695373, -49.396765485286714, -49.332124514102944, -49.079255398750306, -51.94493545675277, -50.44816762971878], [-36.27142036247253, -35.65039210033417, -37.13245698928833, -35.061599534988396, -35.406615907669064, -34.81843831443787, -35.387061622619626, -36.152681303977964, -36.8246695728302, -36.46344739437103, -37.932445649147034, -36.749528285980226, -37.183686416625974, -37.33331340408325, -38.027127942085265, -35.73541120052337, -36.62653594303131, -38.431326050758365, -36.64669962406159, -38.03992383384704, -37.37454661750793, -39.49923731899261, -38.26979504776001, -39.65083403205872, -39.42650486278534, -39.337886020660406, -39.85169526386261, -40.71981785297394], [-40.03326957321167, -41.02524317073822, -41.53530737495422, -40.379701623916624, -40.33402673339844, -40.96001765346527, -42.02539250469207, -42.93603558826446, -43.68549057579041, -44.34232927131653, -41.79145406532287, -41.88864218235016, -42.92317020225525, 