{"status": 0, "spectogram": [[-32.15313389123976, -47.74188388811052, -45.912321309328085, -49.05434807159007, -48.42296422177553, -49.759794622525575, -47.59585703086852, -50.15425877939164, -46.33806242562831, -50.596901452079415, -46.807026557341224, -45.31953557437659, -49.11470519562066, -45.115580269739034, -49.9102677848041, -47.03453566336631, -48.13793741820753, -51.53123192837834, -49.61116944761574, -48.904169441327454, -49.44787479010225, -43.260098100230095, -47.207535441845664, -46.90978551995755, -46.58503561601042, -48.80068733476102, -51.02249992719292, -43.504437530681486], [-5.0648037130832675, -4.335509165942669, -3.955446611642838, -3.7228751472234727, -3.2985268749594687, -3.2215804296135904, -3.506205466210842, -4.0517769250273705, -3.341187599360943, -3.1875447129607197, -4.220232318639756, -4.202991249144077, -4.604116271436213, -5.123366311967374, -4.566428749799728, -4.121151927053928, -3.532089343070984, -3.662258988440037, -3.8015090054869654, -4.494339406013489, -4.94950909024477, -4.0243839858174315, -3.9697589747309685, -3.8779375579953195, -3.9655357731580736, -4.4067590525746345, -4.813759116351605, -4.61559839206934], [-26.1322761361599, -45.22234892249107, -45.86097456383705, -39.19919503736496, -36.77890985393525, -41.68755354404449, -42.48123995232582, -47.81454482245445, -45.931044988870624, -45.54347339463233, -45.267785901546475, -39.50926714134216, -48.256214143753056, -46.00460785722732, -37.356857400417326, -43.9662145447731, -35.85427683711052, -36.722366401433945, -34.59136543154717, -41.013348099470136, -38.40372384619713, -35.347242426156996, -41.301927474975585, -41.060339636325835, -39.73910691261292, -46.34999565696717, -45.459186318159105, -45.74121466827392], [-26.1880625, -31.550062499999996, -31.844937499999993, -26.817875, -22.301375, -24.599500000000003, -26.3928125, -33.2951875, -26.012125, -23.78925, -30.4038125, -30.339249999999996, -30.5253125, -30.8723125, -25.7509375, -28.1093125, -24.37925, -24.9759375, -23.1804375, -26.771, -28.3635625, -24.3009375, -24.934, -25.677625, -24.068375, -31.9674375, -32.863437499999996, -34.096125], [-5.919152626752853, -3.6439199492931365, -4.773982944965363, -6.200751284122467, -8.700582403421402, -9.997145255088805, -8.323457223653792, -8.156546073675155, -9.353484107494355, -10.385636380910874, -5.592322295665742, -5.875483014583587, -5.672786339759828, -5.432071633815766, -7.5640097796916965, -9.048706698656083, -13.91938668370247, -13.175922303438186, -11.761296952009202, -10.70558199286461, -10.619974323511125, -15.405377754688265, -15.729752915859223, -15.386672371149062, -14.647154296159746, -11.918412296772003, -10.031599006891252, -11.135643737316132], [-24.80449901103973, -33.60172719335556, -33.169224423885346, -34.74073951196671, -30.195926012992857, -32.09796551609039, -31.74240156030655, -36.79758514785767, -37.636037369728086, -37.853355774879454, -37.18266763734818, -34.90818617868423, -38.139709905147555, -34.64027482366562, -31.065651079654693, -33.65204509973526, -29.52266179943085, -33.620744120121, -30.25555279636383, -32.56542793750762, -33.837239821910856, -27.894833052158354, -36.87064399814606, -35.219259228229525, -32.385506390094754, -38.775191421031955, -36.07531389951706, -40.8076244764328], [-13.468192718267442, -15.880608245849608, -13.574481201648712, -10.969322888374329, -7.342176791906358, -6.606955139636993, -8.989952174186707, -13.707187522649766, -9.943059715747832, -7.682303422689438, -15.279919570684434, -16.30659638237953, -17.79291043663025, -20.232530345201493, -14.979657342195512, -14.330830757856369, -9.155634972572326, -9.600590204954147, -9.951213396787644, -13.331888438940048, -17.66017821407318, -10.30487602162361, -9.80287674832344, -10.305081099510193, -10.262983112573625, -13.921317004442216, -18.559438493967058, -19.269391317367553], [-15.768549444198609, -17.557255267143248, -19.94588282108307, -23.007642183303833, -26.823912695884705, -30.766828276634214, -26.780700781822205, -26.752003496170044, -29.476346707344057, -31.853075388908383, -23.43826910209656, -24.206278904914857, -22.354597109794618, -21.4447016954422, -23.86144923877716, -26.536810059547424, -33.637886904716495, -37.3171078042984, -31.93491809654236, -29.224824460029605, -28.153531398773197, -35.076794266700745, -39.272986602783206, -36.328458144187934, -35.516350449562076, -30.044729951858518, -26.11148218536377, -27.234419756889345], [-26.951252079486846, -30.635534967899318, -31.690475718498234, -33.48780849218368, -33.449757265567776, -38.14761894464493, -34.64305310249329, -38.39842369270325, -42.465967905521396, -35.68185799312592, -35.40278711652756, -33.24734273672104, -35.71762485742569, -32.20952785968781, -37.23058940553665, -37.85092569446564, -35.067329863071436, -40.24044393253327, -38.59782076263428, -36.49075994539261, -35.647704468250275, -33.711732641220095, -38.07704473257064, -40.79185638141632, -36.51879212331772, -41.1428916053772, -34.80038804244996, -39.940466067790986], [-26.931534633636474, -34.52392239046097, -36.50803558588028, -35.70273761177063, -30.967867472171783, -36.272051488399505, -35.46274872303009, -35.23772651767731, -36.28508858013153, -32.24274725532532, -37.425202094554905, -32.98799874162674, -41.50572122526169, -40.58796739721298, -36.61283745050431, -33.54281420946121, -30.313058083534244, -32.78634808683396, -34.92215718078614, -35.01713638877869, -40.44280239391327, -32.38862812614441, -35.05749603939057, -39.16959746265412, -35.13826509284972, -39.34353018140793, -36.54291590166092, -37.06337460803985], [-33.866, -39.6993125, -40.4159375, -41.4536875, -41.129, -41.874375, -43.3903125, -46.839, -43.4244375, -39.2424375, -44.204562499999994, -44.837625, -42.7891875, -39.8615, -42.7153125, -43.00475, -38.846625, -39.65893749999999, -41.666624999999996, -43.818625, -43.1411875, -42.1960625, -39.74606250000001, -43.943687499999996, -42.47987499999999, -46.247, -47.938375, -44.864125], [-30.584146319389347, -32.66060037374496, -33.94296967744827, -36.17132161569596, -40.286811656475074, -46.6671264090538, -40.30782394695281, -37.75056971597671, -42.581177836418156, -45.05587821435929, -35.177960559844976, -36.20222741031647, -35.3699724497795, -35.316512087345124, -36.81788005495072, -38.58781104755402, -45.59457678461075, -45.538013888359075, -44.4311397895813, -40.93194303941726, -40.10424265003205, -51.276980905056, -49.42186030817032, -48.59487820863724, -46.322283682823176, -41.098916796684264, -38.72036159944534, -40.015396802425386], [-36.05608469867706, -40.40986726951599, -36.46399421405792, -33.72229020357132, -31.322676990509034, -32.2116779384613, -35.007551241874694, -37.897630214214324, -35.12396234512329, -32.37409724855423, -37.56296751832962, -39.53118941307068, -41.093796304702764, -43.55844088363647, -38.654567483901985, -37.60226374530792, -34.009777005672454, -33.02096437454224, -34.92421336936951, -36.042148894786834, -41.609673767089845, -34.43869686126709, -33.853509712696074, -35.04016100120544, -35.01715180921555, -38.23623747491836, -41.48911057710648, -43.379888433456415], [-31.776466048240664, -32.86168634223938, -32.55574356555939, -33.51766884708405, -36.255940076828004, -37.34093778800965, -34.07731657600403, -32.32086399364472, -35.914100959777834, -37.23006255531311, -31.81463658618927, -33.060841709136966, -32.547924263954165, -31.974294481277468, -33.33397611522675, -34.47002492809296, -40.83322179794312, -40.47032074451446, -37.82469706821441, -35.906692867279055, -34.414107215881344, -36.804993047714234, -41.19155123615265, -41.05373919677734, -39.399143174171456, -34.45989052200317, -34.30083217525482, -35.676662748336796], [-36.99445141029358, -39.11980097103119, -40.10099410247802, -40.164232937812805, -39.82378803253174, -39.72855424308777, -40.632370196342464, -41.37605108928681, -40.39399352169037, -40.25779302501679, -40.12742981433868, -41.77828886890411, -41.66259861183167, -41.433299530982964, -42.75048987197876, -44.85795758914947, 