{"status": 0, "spectogram": [[-30.476160659164186, -43.46488368050754, -45.624633751943705, -41.90255344036221, -46.08678546532988, -43.840990936830636, -45.573803496241574, -44.701446267455815, -44.22266937436163, -50.25554437457025, -44.07685698372126, -44.79968724735081, -45.76362488004565, -44.50950865004957, -45.27013385207951, -48.396347925677894, -44.89906239746511, -51.27881232197583, -47.786499820500616, -45.766410498410465, -42.83619633513689, -42.952812288865445, -47.628312216088176, -47.0111604411304, -39.31416060316563, -27.617437649831178, -45.259874709635966, -45.44990163256228], [-4.5814739663004875, -3.5214201996922494, -3.1966076732873914, -3.226384422242641, -2.77857189643383, -2.6118576335906982, -2.6937326200008394, -2.649080778896809, -2.526687862098217, -1.9033664121031761, -1.9646789197921755, -2.3199556757807733, -2.5865985344052316, -2.354687820494175, -2.578750326514244, -2.7075271307826045, -2.8726610738039016, -2.8610896553993226, -2.877402155339718, -3.1432146780490875, -2.4824825125932692, -3.0975718230009077, -3.5758842995762823, -3.5799556712508203, -3.988571655392647, -3.656741226613522, -3.640928823232651, -2.8556967087984084], [-27.351104995250704, -30.754450807332994, -30.24507830786705, -31.441364612817765, -31.000963236808776, -30.40015969324112, -31.3903455221653, -32.69485480117798, -34.39396153879166, -34.57723038673401, -33.97179223227501, -37.33366878676415, -36.84543502259254, -35.79435554695129, -38.25797848224639, -36.16580148601532, -34.4541509206295, -36.12922866344452, -36.359542300939566, -35.085845949888224, -35.168202526330944, -35.06379160666466, -35.60623052883149, -39.41165036749839, -35.04958110070229, -20.25330406093597, -42.87517873191833, -39.96073980212212], [-25.78025, -35.56818749999999, -35.159125, -34.863687500000005, -36.524812499999996, -37.713750000000005, -37.497625, -34.3628125, -33.738812499999995, -32.0251875, -32.2295, -30.157124999999997, -31.90375, -31.5641875, -32.1679375, -32.2928125, -30.988374999999998, -34.847625, -35.57825, -35.4285625, -33.228375, -35.9196875, -36.1655625, -32.52493749999999, -25.1545625, -20.408625, -29.813125, -31.851750000000003], [-6.328969751596452, -5.694122304439545, -5.860372661590576, -5.853239029169083, -5.354221471548081, -5.428587298393249, -5.2672124300003045, -5.529114675283431, -6.0117044923305505, -5.0875171484947215, -4.304892126560211, -5.051749442100524, -5.881811995267867, -6.159910208702088, -6.515597633600235, -5.586356402873994, -5.675436660528184, -5.869409789562226, -5.988284813404083, -6.526222135305405, -7.205472292661667, -7.085864943265914, -7.228802608966828, -6.102954762220382, -8.449241433858871, -12.021152869462966, -8.744151898622512, -8.576214104175568], [-11.654444167613981, -21.67582344675064, -22.176008569717407, -23.144050570964815, -24.640352674961086, -23.111022287368773, -26.21846071577072, -30.501092138290407, -41.44133463525772, -37.97259575891495, -44.11828283786774, -35.383617168903356, -39.347097741603854, -41.6930188741684, -40.494831353664395, -40.79206041479111, -39.966531987190244, -38.09493060779572, -38.18105326652527, -38.85333996105194, -41.173857090950015, -39.3973147149086, -43.69981184053421, -44.79558995914459, -31.735242591381073, -19.076277642726897, -40.9435887517929, -41.79808978462219], [-26.543527011632918, -27.217706172227857, -27.682958770036695, -28.260155908346174, -30.77935702085495, -32.50511886572838, -34.289990117788314, -33.125284017086024, -30.916649738788607, -28.290249841451647, -28.073310795783993, -25.41497469520569, -27.073382237434387, -27.71561464309692, -27.860679146528245, -30.50294124913216, -28.552881047010423, -32.71956734490395, -31.64663481235504, -34.67269734311103, -34.198357590436935, -35.23292569160461, -33.455363236665725, -29.496257130146027, -22.31697806143761, -17.98361670589447, -27.53561137008667, -28.986462977647783], [-8.40235896205902, -10.082350835800172, -9.15235292816162, -8.933399569511414, -9.789409749984742, -10.350417185783387, -10.27148088645935, -10.765519161224367, -12.299809242248536, -10.985685295104979, -9.189685083389282, -10.974106106758118, -12.624963524818419, -13.920052794456483, -14.296740034103397, -11.565729752540587, -10.750996855735778, -10.256879961013794, -11.12869249820709, -11.632218208312988, -14.64746915626526, -13.274914028167725, -13.585915538787843, -12.361177493095399, -17.2522808971405, -19.29230613708496, -18.115878056526185, -17.74742085838318], [-8.079323735237121, -9.741776262760162, -10.94446273803711, -11.771568897247315, -13.266264404296875, -13.10434542322159, -15.130845082759858, -18.176129076480866, -23.875340827465056, -25.794213687419887, -25.132525742530824, -28.040962208271022, -28.550981752872467, -28.547482470035554, -28.914170412063598, -27.892197419643406, -29.272964725017545, -25.626030249595644, -25.269217086315155, -25.742574348926546, -29.885679847240446, -28.230814778327947, -27.632002538204194, -25.318939311027528, -28.525317832946776, -20.841919600009916, -32.55153870058059, -29.789610008716586], [-27.971176870346067, -30.64537197971344, -33.547051152706146, -39.00979848337174, -37.82612933444977, -33.61967711114883, -34.37187265491486, -38.556038713455195, -41.33723526096344, -42.680236760139465, -38.49411109638214, -38.18246076917648, -41.83902748203277, -40.677963180542, -42.7717095527649, -41.655434955596924, -41.60234955215454, -39.017568366527556, -43.207688053607946, -39.76351256227493, -42.790334212303165, -39.745033641338345, -43.525405165195465, -42.69152274370193, -37.16647040462494, -33.776728875160224, -46.53378986310959, -48.328973324775696], [-33.11475, -32.588187500000004, -32.241687500000005, -31.405625, -32.7078125, -31.858625, -33.77312499999999, -39.1214375, -42.150875, -42.88849999999999, -43.640125, -43.9065, -44.75475, -44.354625, -43.028125, -48.551500000000004, -43.405812499999996, -44.528125, -45.956125, -43.923, -47.4386875, -40.488, -41.71125000000001, -45.801500000000004, -46.716187500000004, -43.56, -49.48025, -46.9126875], [-44.414051171779626, -51.55709721469879, -47.99441969537735, -45.23122713327408, -43.879487567424775, -44.914991203308105, -43.993683170795435, -43.47671246862412, -44.17275073289871, -39.67520064783097, -41.688573825359356, -41.66336824321747, -44.33295592594146, -40.69286798286438, -40.742747228622434, -44.60626223087311, -43.926906026363376, -48.572726015090936, -48.773160031795506, -51.65786091327668, -45.52079687595367, -49.882111834526064, -46.84618303346633, -42.94595187234878, -45.445777163982385, -48.628850184440616, -42.6854860906601, -44.08940343189239], [-41.9276080417633, -38.78629856920243, -39.30717490339279, -37.82062409067153, -40.15517775774002, -39.487237375259404, -43.32242422246933, -48.82351235818862, -49.050714555740356, -47.87398257637024, -46.604294320583335, -45.381275189876554, -49.64774625301361, -48.52068614530564, -46.660064574718476, -47.565338596344, -46.66467984867096, -49.305259378910065, -50.10144707775116, -50.423966755867, -48.28069809341431, -49.1229121389389, -49.751977694988256, -49.85330257701874, -45.93291027545929, -43.14714378643036, -48.64513899517059, -52.19598851537704], [-51.13731602287292, -44.383731271743784, -43.86185785865784, -47.063056654930115, -50.882052704811095, -48.210282136917115, -48.73434491252899, -53.57486213207245, -55.165049264907836, -50.68018236446381, -53.38355584049225, -50.3994626865387, -50.899169674873356, -51.40911518764496, -53.30085733699798, -55.430835865020754, -51.24437958240509, -55.63615548706055, -52.59803405570983, -56.089549358367925, -52.59259369850159, -54.53912294578552, -55.86812634086609, -54.05751622581482, -53.76847348308563, -55.74512315750121, -55.58918528270721, -55.65634090995789], [-49.43408162593842, -51.673510430335995, -52.386882925987244, -52.576551642417904, -53.563824426651, -55.156368376731876, -57.22998832035065, -57.81796684169769, -56.87871131515503, -54.545335893630984, -56.51783484458923, -56.720800682067875, -56.31765118503571, 