{"status": 1, "spectogram": [[-3.2522054700404404, -4.941518102824688, -4.937143100947142, -4.899598453804851, -5.230785973578692, -4.967839553594589, -5.306027048066259, -5.033384157970548, -5.585143064796924, -5.822053773403168, -6.507116307541727, -6.7940092292279, -7.891509330257773, -10.285875568568706, -9.645063049837947, -8.046446879595518, -6.9259110961556445, -6.5243039149045945, -6.135678875118494, -6.146893162101507, -5.957089572757482, -5.831562776342035, -5.674000266045332, -5.49988417981565, -5.517419874772429, -5.895089514285326, -6.516464507967234, -7.1464467125833036], [-17.432402625143528, -18.767652528226378, -18.550465064406396, -17.60223272883892, -17.93478633105755, -18.142643500447274, -18.52451845729351, -19.338473999440673, -20.147974119961262, -20.28838477498293, -20.458322165369985, -16.39925041937828, -14.824794734656813, -14.123437480747699, -13.666875051379204, -14.257107252717018, -14.519785907506943, -13.839107447504997, -13.963670090258121, -14.49582180058956, -15.180893347740174, -16.192920139968393, -16.735670156538486, -17.665545336306096, -18.56621497642994, -18.6286613945961, -19.8529738342166, -15.861580677568913], [-20.85254625296593, -28.840387136220933, -29.42307477664947, -33.45124571728706, -30.25896838235855, -26.150494045972824, -33.138932918548576, -29.613457295179362, -28.723231983184814, -29.72184851336479, -34.49978872203827, -28.315234734058382, -20.872269217967986, -15.415045167684557, -14.440045362234118, -16.203644028663636, -17.934466057777403, -20.173931043624876, -23.93661957764625, -21.781770757675172, -24.707449922561647, -26.421852128744124, -28.601977690935136, -28.097816666364672, -31.62865657544136, -30.13600402879715, -30.797316385984423, -18.74595675826073], [-14.016187500000001, -14.406750000000002, -14.2873125, -14.749187500000001, -15.010437500000002, -16.36975, -18.248375, -17.385375, -18.155, -21.497500000000002, -18.036875000000002, -23.022, -24.478250000000003, -22.758125, -21.262749999999997, -22.560625, -19.86575, -20.435625, -15.938125, -17.8808125, -16.7710625, -16.99275, -14.3226875, -12.912187500000002, -11.461437499999999, -12.415125, -11.78775, -13.9126875], [-11.408035933017732, -11.57351673221588, -13.000015699863434, -14.386729640483857, -14.471061198949812, -11.518311709165573, -17.577561185598373, -21.569884209394452, -23.110197625160215, -25.076527205228807, -22.372838753700258, -16.445034952163695, -14.285768854618071, -22.993342671871186, -14.391592099666596, -13.431403616189955, -11.717170290231705, -9.325606896400451, -8.709043387174606, -5.017990140676498, -6.512150240659714, -6.115658928871155, -7.131720867395401, -9.503300660133362, -11.184507124185563, -13.984150462388993, -13.763526874780656, -13.973135368585588], [-12.761779366970064, -15.561999743461609, -19.43075194835663, -18.571759586811062, -16.567061048030855, -19.724120254516606, -19.40943489122391, -18.8878659901619, -22.222617782115936, -25.538716969490054, -22.33577819108963, -21.500668006420135, -16.162946537017824, -20.786292838573456, -15.032794679164887, -15.675110208511352, -19.605767847061156, -14.968264598846437, -15.199700633525849, -13.113138442039492, -16.044477230072022, -18.283895631313325, -17.060961810112, -15.33244644641876, -14.781680869102477, -14.917653402805326, -13.663901389598848, -14.197962483406066], [-18.99720043873787, -19.007114305257797, -16.202490100622175, -24.665946783542633, -20.057125938415528, -21.458609560012817, -26.161675478219987, -20.96230115509033, -27.90322000718117, -29.940849476099014, -23.103413318634033, -22.05991936707497, -22.948194038391115, -19.50428302717209, -14.732719726800918, -18.036666763544083, -21.51195035004616, -22.8690129263401, -18.954013581514356, -20.114247994184495, -16.594967786788942, -14.944181855678558, -16.48386974406242, -17.078830479860308, -17.32893754935265, -15.230120784282683, -18.97155794739723, -16.41819460487366], [-18.415577904701234, -19.2479301776886, -21.367737433433533, -28.401475616455077, -22.513191596031188, -25.369819272994995, -23.91969393348694, -16.510394411087038, -23.934947143554687, -22.896560156822204, -20.526244430541993, -19.942510581016542, -17.97472288799286, -20.06666487598419, -19.296487869262695, -20.214825333595275, -21.26220503139496, -13.944843797683715, -10.371026894569397, -12.54532370376587, -14.621812224388123, -13.035587675094604, -21.242583471298214, -18.000760921478275, -23.495390540122987, -25.11237016773224, -23.29806421661377, -17.686496898651125], [-31.529476049900055, -33.490509827137, -28.147947017669676, -29.949696194648745, -30.474332437992096, -26.23548145198822, -23.681611057281494, -28.312866274356843, -25.941536939620974, -25.562974609851835, -26.061851675510407, -28.972206412792204, -32.26131128835678, -28.32808351755142, -27.705458853244785, -28.779110082626342, -23.044923426151275, -32.53022418165207, -27.25840885257721, -26.598149631023404, -23.730500061988828, -27.25679552316666, -24.134732601165773, -28.086563012599946, -26.70026225614548, -23.422218667984005, -26.798219060897825, -32.33269550418854], [-41.11246449947357, -36.576644702434535, -46.102958989143374, -36.66371356391907, -38.65738408899307, -33.512480480194085, -37.673975193023686, -39.1681677236557, -34.30300204849243, -34.62007815885544, -38.043329746723174, -41.96233278751374, -38.259936274051675, -44.4208076915741, -35.38232025432586, -40.24979264402389, -36.75400786161423, -37.519812715530385, -41.72319145774841, -41.71901159763336, -34.93032771015167, -36.37245598554612, -36.20957813882828, -35.26780973815917, -39.05095661211013, -39.081364314556126, -37.25179915237427, -41.09857416200638], [-42.595, -40.034625000000005, -43.435312499999995, -45.2851875, -43.8828125, -41.9043125, -43.84375, -41.22725, -39.36375, -42.496375, -41.700125, -41.072500000000005, -44.057375, -41.168062500000005, -42.249562499999996, -45.11725, -39.7760625, -42.720875, -44.5225, -42.693312500000005, -41.3771875, -40.9126875, -38.2728125, -42.3125625, -41.5943125, -44.407625, -44.68325, -46.645687499999994], [-41.133032894134516, -43.39120511579514, -47.37801543998718, -46.46830776071549, -49.042599148750305, -47.06478457880021, -45.06941265439987, -45.5498954577446, -44.95847186899186, -47.30211145353318, -46.47405551528931, -45.25612999486923, -48.51628653860092, -52.810523661613466, -47.97971845293045, -44.53372512722015, -48.732247545242316, -44.553187043666846, -50.45386656570434, -49.22261221170425, -46.46220230960845, -43.956163290023795, -48.934032261848444, -47.98469011926651, -48.70620282411575, -51.98857293224334, -46.79845218658447, -48.84491119289398], [-36.87222976398468, -37.98655207824707, -34.1812406744957, -39.21040228509903, -34.6625169916153, -35.35412331581115, -33.02049884319305, -35.03839210319519, -33.21270694112778, -31.240356698036194, -33.220480189323425, -35.75687240028382, -36.65332877016068, -31.31164360332489, -33.03464446735382, -35.786562911510465, -34.9236718621254, -36.697775622844695, -36.94046668815613, -39.139170663356786, -36.4541722445488, -36.13510577774048, -37.62936053180694, -38.32730406475068, -40.89023497200012, -39.56188453626633, -38.797446449279775, -43.23615224599838], [-55.83442667579651, -52.94160674476623, -51.5487964887619, -53.319654665946956, -55.687680381774896, -55.475572578430175, -55.180382985115045, -51.256590608596795, -55.54498363685608, -52.861347405433655, -53.982098917961125, -54.586726099967954, -54.80859942150116, -54.11702860927581, -52.428652890205385, -56.979794951438905, -55.93524136638642, -51.13385058879852, -54.99585098361969, -55.673724524497985, -53.19674439525605, -55.098276859283445, -55.310519954681396, -55.48229595088959, -57.69716327476501, -57.15086676120758, -52.460928464889534, -56.2475224275589], [-51.16895893669128, -52.18054017162323, -50.77497615242004, -49.19795397663116, -53.04605832004547, -49.54267325401307, -47.48717638206482, -49.53953527355194, -52.07571778964997, -55.61325541973114, -56.072062482833864, -49.49368686580658, 