{"status": 1, "spectogram": [[-25.63682144036889, -46.75259808556736, -48.85866059696675, -49.56033021833002, -46.41518735702335, -48.72416962365806, -48.4941695111543, -47.716919724598526, -48.915098200783135, -49.193410557866095, -52.10372307650745, -48.700356948047876, -50.37836609376967, -47.261142740428454, -49.02101781687141, -48.50170532418788, -49.4204106387496, -50.93812489315867, -46.02906238047778, -47.977026694223284, -47.42306240253151, -47.77244626674056, -48.272633825615046, -50.63624097506701, -47.687517701536414, -48.125696419000626, -50.66657131955027, -41.60284818376601], [-3.2556696344017984, -1.424643110871315, -1.7633306143879892, -1.9742145410776142, -1.9875895251035691, -2.151544893562794, -2.1631074074506764, -2.0357502682209017, -1.9903841871619223, -2.1033484799265865, -1.8080359511375426, -1.6605537958145142, -1.8678305975794791, -2.1691788495779036, -2.1458038369417194, -2.058428823590279, -1.9618484466671946, -2.205419876039028, -2.4201073794364927, -2.0862502148151396, -1.9821162758469582, -2.0745805659890175, -2.1430180740356444, -2.066232353925705, -2.3319734254479405, -2.2628841204047205, -2.185946607232094, -2.1741073319911957], [-30.4737306599617, -45.242258487463, -46.868009375333784, -46.77970453810692, -43.19036433196068, -45.03236554121971, -46.89155292510987, -43.18212357091904, -46.58649116158486, -46.415392594337455, -46.856393332004544, -46.574410677433015, -45.421633302450175, -40.834051707267754, -42.38005126047135, -43.976535305976874, -50.215225013494496, -47.1193659479618, -47.44967769861221, -51.92328705453873, -47.85290094733239, -47.95018778395652, -48.246063501119615, -48.86049157357216, -46.10055350255966, -51.41550105047226, -49.160063232183454, -44.564455676317216], [-28.5069375, -34.086625, -33.603625, -33.759, -33.798874999999995, -32.989437499999994, -33.946687499999996, -33.35125000000001, -33.242000000000004, -33.5089375, -33.65025, -34.128812499999995, -34.5056875, -32.2355625, -32.4875625, -35.0416875, -34.1676875, -36.132125, -33.948125000000005, -34.878187499999996, -33.598375000000004, -34.066874999999996, -32.868125, -35.8466875, -32.5030625, -32.6299375, -33.35925, -32.0153125], [-4.949562038183212, -5.250473284482957, -5.266723232507706, -5.651000027179718, -5.662241272211075, -5.111160806655884, -4.756535687446594, -4.853285645484925, -4.84685715866089, -4.768973179101944, -4.741598440408706, -5.109795008897781, -4.894330589056016, -4.53821414232254, -4.711964247226715, -4.554366168260573, -5.332580640554427, -5.958598482847213, -5.979223484277725, -6.0021522328853605, -5.66223272895813, -5.573250517845153, -5.842687934637069, -6.097563002347946, -6.8300272858142845, -7.244268569469451, -7.816018711566924, -7.855706170797347], [-34.226703101158144, -40.6349478931427, -38.642822525024414, -37.624448274612426, -37.68042206144332, -38.65013559484481, -41.03838159799576, -36.10926932144165, -36.41819738578796, -37.97287522315979, -38.974125195503234, -39.62708268785477, -39.36457813501358, -37.38611797571183, -38.85205687808991, -38.51600879335403, -42.71118025970459, -40.656784541130065, -40.4796626367569, -39.79752518320084, -40.67117298841477, -39.41624090051651, -40.25499202013016, -42.0010743112564, -36.99413322401047, -39.78749759483337, -44.36774634456634, -37.81504173326492], [-16.703247608423233, -21.598376831531525, -21.90137989139557, -22.536903737306595, -20.70152859425545, -21.392591017723085, -21.84134536075592, -22.269022554397583, -21.841851826906204, -21.811396654605865, -20.49282889389992, -20.33452378630638, -21.543613084077833, -22.97778055977821, -22.235339369773868, -21.42124862003326, -20.820774199724198, -21.791561418294904, -22.321121914863582, -19.346107403278353, -18.155687678575514, -20.156655811786653, -19.163914051532746, -19.508027102231978, -20.71417646455765, -18.528275681734087, -19.13314567065239, -19.191558082342148], [-19.26769274902344, -17.658387367248537, -18.05313640213013, -19.034288672447204, -20.793942276000976, -20.09289664745331, -19.735083137512206, -19.165921892166136, -20.414110527992246, -19.243644953727724, -20.343272284507755, -21.914434531211857, -21.6790852394104, -19.98337672138214, -20.829752821922302, -21.874003905296327, -23.083682869911197, -22.770147942543034, -23.12245992469788, -24.46643415737152, -25.294712341308596, -23.512237679481505, -21.979799180984493, -23.113158765792846, -22.73156033420563, -24.312553428649903, -24.8294918756485, -24.571901059150697], [-31.22114622735977, -35.61283906507492, -36.16508721876144, -32.743045581817626, -33.44208294963836, -37.649274989128116, -34.24458902311325, -33.72844615221023, -35.816517052173616, -31.840563910484313, -34.42918903923035, -35.565733745098115, -35.074778133392336, -31.339332590103147, -33.1198316192627, -32.86721553850174, -38.35089201974869, -36.95582284498215, -37.70707230901718, -42.1182940864563, -37.19095011377335, -37.143145308971405, -35.965958582878116, -36.598262098312375, -39.05555425214767, -35.66285366249084, -38.100102028846734, -39.210638398170474], [-36.214218704700464, -51.301693528652194, -51.823139879226694, -51.52699680137634, -50.66437818670273, -54.584567621707926, -47.015145206451415, -48.54613741350175, -54.975269184589386, -43.8020939283371, -52.53514362382889, -45.051067756652834, -46.29855670261382, -43.27205334997178, -46.99053832387925, -46.74567444753647, -53.933877786159506, -54.05721572351456, -46.84622397184372, -51.22131566810607, -45.68309772443772, -49.29341500329971, -49.874427219867705, -54.541063711166395, -50.27041897153855, -48.48198953723908, -47.08931538248062, -49.595932455062865], [-37.542875, -45.4269375, -49.833875, -46.9184375, -47.5961875, -47.109187500000004, -47.762812499999995, -43.981812500000004, -45.06, -43.688312499999995, -45.8548125, -47.715999999999994, -48.6106875, -44.565375, -45.912437499999996, -46.667125, -46.319375, -47.186375, -48.249062499999994, -47.250187499999996, -48.0745, -47.1974375, -47.72987500000001, -46.829875, -49.5630625, -50.17937499999999, -50.192499999999995, -47.1955], [-39.1082943520546, -42.578962354183204, -42.429336753368375, -42.342302174091344, -42.39828034543991, -42.37983762311935, -41.45865018749237, -40.039820483684544, -40.507087460041035, -40.890231842517856, -40.720914786338795, -40.88201944541931, -40.6208710436821, -39.02749168682098, -38.854553653240195, -39.383372774600986, -41.34508366918564, -41.00795827150344, -41.3680841641426, -40.931001110076906, -41.05240163755417, -41.323455856800074, -42.342893578529356, -40.466313210964195, -42.035035683631904, -43.15502402544021, -43.29583482170105, -42.69296092033387], [-43.186578865528105, -54.94972514629364, -51.057978022575384, -54.724787445545196, -52.05277921676635, -53.78498433065415, -51.032485918521886, -53.157001715183256, -52.19587791872024, -52.99843995285034, -54.11406192874908, -52.21989338254929, -50.34043245840073, -51.595441908836364, -51.47618984031678, -52.22884299135208, -53.65243971538544, -53.18522495937348, -52.937474155426024, -52.858018629550934, -50.183287990093234, -51.45278847837449, -50.824600245475764, -51.795848714828495, -51.25685736036301, -48.923520082950596, -48.05077041482925, -49.18551045131683], [-40.57308545589447, -41.22397559928894, -42.74753785991669, -44.17810977268219, -43.02308070373535, -43.84542127990723, -41.32242325401306, -42.23847658729553, -41.274020455360414, -41.67571722507477, -41.083901443481444, -40.46496277523041, -40.224178662300105, -40.79239626026153, -40.617459699630736, -43.48032240962982, -44.1482307806015, -44.144221998214725, -40.81009805107117, -41.643042135238645, -42.504076639175416, -40.763925358772276, -41.70167574024201, -40.013676068305976, -41.5793889131546, -43.38638680362702, -42.28607412338257, -44.05833310222626], [-48.62330249023438, -53.88068175315857, -55.35436819934845, -55.0678330450058, -55.126513472557065, -55.430592632293695, -55.538778880119324, -56.34422513866425, -56.98765235996247, -56.45751848602295, -57.016898244857785, 