{"status": 1, "spectogram": [[-25.72086606939137, -47.04870541594923, -46.73533044667542, -46.63017860859633, -47.22398220145703, -44.22601793718338, -48.27408021830021, -47.54048215088248, -48.44823212364316, -47.07428578621149, -48.308910667300225, -45.72995535559952, -47.89816078403592, -32.97751798659563, -30.80583063812554, -39.526705480679865, -48.60566964660585, -47.87040178067983, -40.89233932977915, -39.45002682293952, -24.90508940961957, -25.108776942685246, -25.610401932343844, -48.691625023186205, -49.62214291745424, -29.210384002789855, -29.777321509808303, -34.84558036418259], [-12.716625892996788, -13.005563872039316, -11.462188704669476, -11.219376170277595, -11.618135096013546, -14.178822797894476, -13.974385252892972, -10.6793225004673, -8.712804482698441, -7.574000831365584, -8.978375954031943, -10.297634968698025, -10.553411695480346, -9.606750944852829, -7.078063239753247, -8.434366990149021, -9.30365277260542, -9.449465268850325, -11.140402876079083, -10.176134898602962, -7.34661667507887, -8.380447182536125, -8.525572183012962, -8.508143691062926, -9.53658128529787, -7.99520602363348, -8.111893521189689, -9.790527711093425], [-14.484730465888976, -12.807021423101427, -13.813582132816316, -14.189690273761748, -15.907636854171752, -15.885254762411115, -17.153504650831223, -18.836410693883895, -20.121280279636384, -21.348048873901366, -18.904110369443895, -19.735930978536604, -20.572273075342178, -23.14881349873543, -24.49506495213509, -19.286238157033917, -20.18154868078232, -21.20767211675644, -24.393613485097884, -21.8230867190361, -26.180269593715668, -26.731108458042144, -27.981858483314515, -24.770271935701366, -25.055923250675203, -22.262499423503876, -25.948687371492383, -21.985872405052184], [-28.005249999999997, -39.2128125, -39.2906875, -38.902375, -34.1683125, -36.9795625, -34.2486875, -38.6520625, -36.885875, -33.4019375, -35.386875, -32.4925625, -33.4861875, -21.322625000000002, -14.6319375, -24.527562500000002, -36.406062500000004, -39.918687500000004, -30.7163125, -29.452312499999998, -25.028374999999997, -23.6923125, -25.8413125, -40.63606250000001, -41.92275, -30.0428125, -28.1554375, -29.417125000000002], [-25.7641604886055, -26.735607606410984, -24.74310615825653, -25.89379327702522, -25.375401297330857, -28.300268784046175, -20.857518807411196, -20.69515819215774, -12.509817234039305, -8.07058471441269, -13.488023124456406, -18.498319922924043, -17.595275852918626, -14.503044179677964, -9.552979974746703, -13.683704404592515, -16.31306810569763, -18.704889944076537, -20.137017772197726, -17.56159770321846, -10.792078119516372, -12.388346752405166, -13.911408011913299, -15.411630098581314, -18.867084625720977, -15.02732950425148, -14.52482966208458, -18.55763222193718], [-9.480756130695342, -4.07461662054062, -3.3845556831359866, -3.8079308452606204, -6.012287896156311, -8.390258265972138, -8.67182126235962, -7.386352269649505, -8.72513233947754, -9.74550935268402, -8.368382025718688, -9.594942292690277, -10.631138250827789, -11.988154728412628, -14.069092526435853, -10.276469435691833, -10.976505946159364, -13.04657747936249, -15.256139870166777, -14.33349479341507, -21.16300955915451, -21.77911956644058, -24.1610552482605, -20.644989495277407, -18.753880515098572, -21.626548062801362, -25.153794487476347, -22.762957855701448], [-13.524995404958727, -22.622361070394515, -26.16423540663719, -26.856262648582458, -25.32638511514664, -19.331652775287626, -21.07733992123604, -30.98852523040771, -30.375222441911696, -23.840301316738127, -36.421306419372556, -23.694041925191883, -23.31863644003868, -12.366552020549776, -7.488426029205322, -13.926103302955628, -27.147548635959627, -27.68146547675133, -22.39634624171257, -23.847304721355435, -15.625639827728271, -17.722227531909944, -20.921040242910383, -33.29626000523567, -38.61289746522904, -31.430730895042416, -33.82398163890839, -34.713002032756805], [-26.294708810806274, -27.72385126399994, -33.92065390205383, -32.87694348526001, -33.22078888988496, -23.57038329792023, -19.54688167667389, -29.87037476634979, -26.70710861778259, -22.121545899391172, -27.535546849250792, -22.32294671058655, -23.62262589454651, -20.555859579086302, -22.615727979660036, -21.627873052597046, -25.273530038833616, -24.50375477695465, -20.188824155807495, -20.954146713256833, -23.27374585914612, -20.976607915878294, -24.919102903366092, -27.641713755607604, -34.12669349956512, -22.189283658981324, -23.753536497116087, -25.43231717681885], [-25.09349037885666, -26.873586240768432, -25.519152166843416, -26.478101480007172, -27.010545602321628, -24.113213768959046, -21.25377570295334, -24.79374406480789, -18.902398367881773, -18.13285424375534, -21.26004174900055, -22.606706067562104, -23.444116238117218, -20.9507049241066, -21.350894207000735, -20.344981698036193, -22.281422944545746, -21.839518705368043, -21.224140295028686, -21.23817676448822, -26.435339430809016, -26.28384555673599, -26.455723956584933, -24.434656804561612, -27.3441229262352, -28.886260448932646, -32.15281669807434, -30.578572341918946], [-25.359412877559663, -25.296953567028048, -28.727379581451416, -29.80156588125229, -29.21164979362488, -25.57028545999527, -21.94841151571274, -28.59000690460205, -17.08364970302582, -13.287432254314421, -18.91336035442352, -24.92386384153366, -23.949807717323306, -20.31252839136124, -19.0169063410759, -23.887720726966855, -23.694259351253514, -25.8154910531044, -23.816754245281217, -25.133967365741732, -28.202244561195375, -30.548276471138, -35.08046296262741, -26.77788546466827, -29.76968945455551, -28.49619950532913, -32.82313678646087, -29.749457230091096], [-30.541999999999998, -31.76075, -35.78093750000001, -34.8168125, -35.9760625, -31.0943125, -31.5396875, -36.4615, -31.696187499999997, -30.730500000000003, -34.1714375, -31.368875, -31.387625, -31.269750000000002, -29.776125, -30.2743125, -33.634, -33.437375, -32.6923125, -34.045875, -39.239000000000004, -38.27912499999999, -41.9615625, -40.0565, -43.54075, -45.162875, -43.870937500000004, -43.127375], [-35.4542690448761, -29.93954258489609, -28.91172318267822, -28.438266933918, -28.758918949127196, -32.78772509670257, -34.46234256362915, -31.90043731832504, -35.77577572441101, -38.635688098430634, -34.89782217359543, -35.68734789323807, -35.83620921850204, -37.93986132478714, -40.765549392700194, -36.30474991416931, -36.838487183094024, -38.620495762825016, -42.9436239013672, -41.62557325839997, -45.32352627134323, -44.05222981071472, -46.64523456573486, -46.15512389802932, -45.949583333969116, -47.17841352462769, -48.96360871934891, -51.7451939496994], [-29.270002968788148, -31.376239436149596, -31.655361972808834, -30.912458997249605, -31.006601941585547, -30.960013368129733, -33.884259582996364, -35.20881866836548, -34.65166491746902, -31.496772840023034, -36.65058341884613, -32.1429558262825, -33.45481359815597, -33.86781080293656, -35.37587561607361, -32.34905506706238, -35.914569900512696, -36.30016829538345, -33.440046712398534, -35.80796732711792, -40.53357117748261, -39.86515895843506, -43.860535423278805, -40.096525957584376, -42.29686507463455, -39.24231539297104, -41.49306762838364, -42.17866914129257], [-38.73269705581665, -38.69247317028046, -35.70091592216492, -34.75182802009582, -34.73486492156982, -39.838751735687254, -35.9863825893402, -34.19871693134308, -35.3112374124527, -31.969303494453428, -33.342934987068176, -35.490692458152765, -35.91808512210846, -38.423987939834596, -36.29761430549622, -35.529941712379454, -36.4907274389267, -38.92357522201538, -38.98306925392151, -43.00043360424041, -50.341061413764955, -54.280069883346556, -56.8541352930069, -55.98934055042267, -53.673048265457155, -56.20725796508789, -60.81662614631652, -59.11639041233063], [-48.67478041172028, -48.406574710845945, -47.328007428169244, -46.88600074005127, -47.41926957893371, -45.59247860622406, -48.512663553237914, -46.482295683860784, -50.94859731006622, -47.9478048915863, -50.913863518714905, -48.00383293056488, 