{"status": 1, "spectogram": [[-29.46029469765723, -42.826196465879676, -43.88482153457403, -45.081178647220135, -43.53925895486772, -43.77256246511638, -44.27756251387298, -46.42212505695224, -46.47395544610918, -44.57202688913047, -45.10165190173686, -46.595187624439596, -46.9726428964138, -46.29982137358189, -47.25019643318653, -48.27841963781416, -47.03015178991854, -47.12147326271236, -47.02672322048247, -47.90573229151965, -44.71676790228486, -46.769357241690166, -45.892169666901225, -45.71872327436506, -46.26638403101265, -45.98513405011594, -45.180133977100255, -44.996089444816114], [-15.05881336849928, -23.42286771708727, -23.32661775964499, -22.86594815206528, -22.117635496914385, -21.700742573440074, -22.413430175662043, -22.068546187579635, -21.490733515501024, -23.498733983397486, -22.146546233832836, -22.59666230356693, -22.87367139428854, -21.602474795639516, -21.8997248416543, -22.52332312560081, -22.702251737475393, -22.063921311438087, -22.565671215713028, -22.504126568555833, -22.825349819838998, -23.434912409067156, -23.01059982663393, -22.9925641631484, -23.052064097344875, -22.776912148714068, -24.609224971830848, -23.60042125672102], [-13.565812967538832, -10.278955553293228, -9.901080385923386, -9.480865836858747, -9.093437309503557, -8.94947297167778, -9.346160500526429, -9.572490761041642, -9.917187070608138, -9.61745483994484, -10.052392162799833, -10.237160120010376, -10.804954409837723, -10.14080254793167, -9.396927755355836, -9.555142065048218, -9.661990297079086, -9.590124282360076, -10.381186982393263, -10.475651209592819, -10.53677625489235, -11.300713678359987, -11.12183873987198, -10.047963819503785, -10.112990734815599, -10.704642623901368, -11.819892591953277, -12.06399063229561], [-14.633625, -14.311499999999999, -14.5705, -15.845812500000001, -14.93825, -15.2118125, -15.646249999999998, -16.8896875, -17.610375, -17.9345, -19.4215625, -19.375125, -21.829875, -21.4958125, -19.278125, -19.330375, -19.4536875, -18.858687500000002, -18.5345, -18.8335625, -18.4075, -19.951999999999998, -19.7223125, -17.340125, -16.653375, -16.5084375, -17.5120625, -19.0271875], [-15.509797374486924, -30.880453847885136, -27.65601520323753, -23.374763005971907, -21.716173413038252, -23.137351925134656, -21.86772656464577, -27.893781318902967, -18.842608931064603, -21.060269432067873, -20.83689431619644, -19.06631354355812, -20.864670292139053, -19.399330719709393, -19.02714330434799, -19.8475540599823, -19.988616733789446, -19.462822044372558, -22.604261092424395, -21.369322867393493, -22.13731446528435, -22.019608369350433, -21.620296040773393, -21.883939770460128, -23.323253086090087, -21.85963705182075, -22.11632412672043, -22.002483942031862], [-23.87355941438675, -27.716251749038697, -30.87731241941452, -25.4717838640213, -22.225321192741394, -22.038908211708073, -21.63222681760788, -24.067060176372532, -23.320194466590884, -21.942862532138825, -22.533985080242157, -22.27862062931061, -22.60193853664398, -19.581600604057314, -19.149415008068082, -18.051674980163575, -19.0369069108963, -19.731478169441225, -20.97585607624054, -19.984881685733797, -23.51504949951172, -19.33598074626922, -20.94435550880432, -21.446301087379453, -21.514214310646057, -21.43532363128662, -22.748509912014008, -21.693999041557312], [-21.78702732658386, -26.32214693069458, -23.677959347009658, -20.049742282629015, -18.443898308277127, -16.79652323246002, -19.183587321043014, -18.45014277482033, -19.38271508216858, -17.606736806392668, -16.94717605805397, -16.86029168510437, -15.953107023954392, -14.603393661737442, -15.265328302860258, -14.012980958223345, -15.047667624950408, -16.315584956407548, -19.53976716995239, -17.128264198541643, -17.682468834400176, -17.372854328870773, -18.394665397644044, -16.75708429694176, -17.67663931727409, -19.638336505651473, -21.593959673166278, -19.629548762083054], [-18.081792859077453, -19.09865488433838, -17.34221956348419, -15.416062153816224, -16.388561007499696, -16.23524137020111, -17.955864689826967, -17.16457282066345, -19.731689238548277, -18.57166432571411, -17.655978074073793, -17.77848720550537, -18.177891823768615, -17.17528453540802, -16.215596382141115, -17.37554314422607, -17.554639988899233, -16.47606864452362, -17.033252979278565, -17.37021016216278, -16.84040561199188, -18.324861827850345, -17.544048783302305, -15.636083289146423, -15.840974514961243, -17.161312163352967, -19.182187388420104, -18.982850922584532], [-18.397440200328827, -18.23232715034485, -17.04076361989975, -14.29361867761612, -13.572520909309388, -13.012020233154296, -15.048895991325379, -16.041510939121245, -18.250573087692263, -17.559696866989135, -17.814508603572847, -17.684714319229126, -18.700551547050477, -18.043292381763457, -16.46654335641861, -16.91866804742813, -17.207275759220124, -15.586838383674623, -14.860902619838715, -15.579999940872192, -15.341795252323152, -17.171026504993442, -15.653027048587798, -14.577197323799135, -15.001421530246734, -16.78857433795929, -17.49594873905182, -17.18054575777054], [-26.87064199876785, -31.500195831298825, -25.79413815355301, -19.873430022716523, -18.681714481830596, -17.64000298643112, -19.117313851356503, -18.846048794746398, -20.19963970184326, -19.77816030025482, -20.399101578235623, -20.874153165340424, -22.48089187669754, -21.455972853660587, -19.42465834093094, -20.43047111415863, -20.754505138397217, -20.53762143564224, -20.84905332660675, -21.157323444366455, -21.72296476840973, -22.570127388954166, -21.938876218795777, -20.441052780151367, -20.632728076934818, -23.530153719902035, -27.56621585226059, -27.014070511817934], [-34.298874999999995, -39.401875000000004, -41.1216875, -40.771625, -39.184125, -39.09375, -41.782187500000006, -42.603125000000006, -40.90175, -42.9621875, -41.31281250000001, -39.5215625, -41.5320625, -44.3366875, -38.75812500000001, -38.663937499999996, -41.2188125, -41.660375, -42.5900625, -43.854187499999995, -43.438375, -40.7745, -41.69675, -41.357937500000006, -40.9726875, -42.6180625, -44.431062499999996, -43.2954375], [-39.35401324033737, -40.778109955787656, -40.82204563760757, -40.1525558423996, -40.7707485074997, -41.03766757917405, -42.16497836399079, -41.48603322696685, -45.18893797683715, -45.02776814699173, -46.99051596689225, -44.91249895620346, -50.6507768034935, -49.64905216217041, -45.15661928415298, -51.640743640422826, -51.53874314832688, -48.063861800193784, -49.67824062538148, -52.753930306434626, -53.17454137992859, -52.57395339393616, -56.11394717979431, -50.81116946411134, -47.62889575910568, -50.027835635185234, -56.95395057296753, -53.94184462928772], [-37.96453491592408, -41.0581874461174, -42.94775166511536, -43.2603168053627, -43.444843132019045, -44.32012043905259, -48.173181547164916, -47.19240652704239, -51.0205194272995, -49.29645947694779, -50.168269907951355, -50.4616211218834, -53.04268898534774, -49.956834042072295, -47.36045974397659, -52.110296247005465, -50.16503068113327, -48.948336555957795, -54.91089559173584, -55.76603609752655, -55.08933989048004, -60.59286556863785, -60.53080324363708, -52.10493298816681, -50.42418040561677, -52.42020925760269, -57.56689385223389, -59.2611608505249], [-46.50431196403504, -50.53475437259674, -53.874126063346864, -54.2221207113266, -53.73598648452759, -53.6109593076706, -56.861336197853085, -57.77476230144501, -60.157585272789, -64.17024917030335, -62.2375062160492, -60.68571341037752, -61.09603919029236, -60.56323044109344, -62.8566638469696, -62.26609194469452, -61.26169960594177, -61.0609877948761, -60.706678343772886, -64.57534611988068, -60.58134390449524, -59.48253360652923, -62.16509181976319, -60.7971385011673, -59.03029079818725, -63.723162811279295, -59.74460485553742, -60.8624516658783], [-51.825189023017884, -59.09184706497193, -61.04590485286713, -58.28786182975769, -57.76917092037201, -58.823069149017336, -61.36576348018646, -58.73383271884918, -60.88656464099884, -60.5768870420456, -62.07194979858399, -64.07855634307862, -65.36985421085359, 