{"status": 0, "spectogram": [[-14.586357188582422, -12.293625275105237, -12.315687777206303, -12.38883955320716, -12.312384193286299, -12.319643111526965, -12.348268088489771, -12.280312736734748, -12.263187733367083, -12.422268087625504, -12.634830588802696, -12.439714513242244, -12.334330590352415, -12.452973454400897, -12.391410957992075, -12.434678804844616, -12.296982371419666, -12.388562738165259, -12.309812718555332, -12.345098440244794, -12.300232366114855, -12.433428809970618, -12.325366313621402, -12.11633951756358, -12.130035948961973, -12.035866297319531, -12.150678791910408, -12.064598421648146], [-12.315741308748722, -8.040554101228715, -7.892366575300693, -8.367446970701216, -8.629500555396081, -9.279420274794102, -11.061732927322389, -10.21809889894724, -10.66406324404478, -11.261920416772366, -10.917982873201371, -11.26979542118311, -10.803661433815957, -10.380866760551932, -10.321116771519183, -10.96850073313713, -11.503322219371796, -10.74202749723196, -11.929215111851693, -11.509715062379836, -11.96264369738102, -10.735384630739688, -10.369822103738786, -11.206956127583982, -10.942000732064248, -11.580759733378887, -12.21282228267193, -12.84791160941124], [-24.67975341415405, -23.82284336233139, -22.93715565276146, -23.76459323644638, -26.025790115833285, -26.585254307270056, -24.112627587795256, -29.326424168348314, -27.515923417329788, -25.37239563369751, -28.887646974086763, -26.069869060277938, -27.355405358552932, -29.607933132648466, -27.470307465076445, -27.551941091775895, -25.552538328170776, -28.438584283590316, -24.46876994085312, -26.38822612166405, -23.863385770559308, -28.09907518529892, -30.17632604312897, -25.805842041015627, -26.837949613571165, -25.853868625402452, -23.72230505084991, -22.86900087785721], [-7.352625, -9.1811875, -9.2406875, -8.947062500000001, -8.797625, -8.666062499999999, -8.7946875, -8.515625, -8.42425, -8.684, -8.5348125, -8.58425, -8.5353125, -8.3815625, -8.321187499999999, -8.44025, -8.677125, -8.604187500000002, -8.7468125, -8.9085625, -8.938062500000001, -8.679375, -8.5835625, -8.778500000000001, -8.881499999999999, -8.947, -9.303125, -9.7466875], [-3.409005420923233, -1.5676494691371916, -1.1312746350765228, -0.900104727268219, -1.8217294154167174, -2.765711173534393, -7.278336593151092, -5.787005378484726, -6.676487527132035, -8.210782982826233, -6.958094794034958, -8.308354357242584, -7.4143716721534725, -6.126514163970946, -6.127389093875885, -7.189157245159149, -9.257390111923216, -7.060925155162811, -10.224426849365235, -9.432086701869967, -10.446498041629791, -7.618755231142044, -6.523255304574967, -8.818934365034103, -7.988094888925552, -9.536327727556227, -11.605891268253327, -12.713106681346893], [-15.623826464176176, -16.84608400630951, -17.20795849704742, -17.218700168132784, -17.156557860851287, -15.850257455348968, -16.568887180805206, -16.418026867389678, -16.759867846012117, -17.539306182861328, -16.69061835050583, -16.867288930892947, -18.453420310497286, -17.500357106208803, -17.709731624603272, -18.215331795215604, -18.59820814371109, -18.414080928325653, -17.395772972106933, -19.437664133071898, -19.101477159023283, -18.64145563840866, -18.956766797065736, -20.583224053859713, -20.23434813833237, -21.040073651313783, -21.25763758611679, -23.229425144672398], [-27.986348873853686, -26.32616409540176, -27.744852108240128, -24.30758326649666, -24.81299258971214, -24.115562484979627, -21.90605820631981, -24.642775220632554, -25.512301311016085, -20.011943527698516, -27.335257274389267, -23.00489781880379, -20.167086545467377, -23.74541920685768, -21.974917976617817, -21.366033672332765, -18.68194349193573, -22.07523046875, -22.502601832389836, -21.08477282309532, -20.21610272073746, -20.077891507148742, -21.002392299652097, -17.282318680763247, -16.89513153195381, -17.407710286617277, -17.099709105014803, -17.786054484128954], [-12.67449940299988, -10.813924242019654, -10.137049711227418, -11.561717993736266, -11.824823962211608, -16.185535353660583, -16.280414801597598, -18.46581844806671, -19.271666748046876, -15.928905220031739, -19.575898931503296, -17.724919984817504, -18.90394360256195, -17.95177367782593, -16.54114961624146, -18.566774356842043, -17.06334975242615, -18.393738590240478, -15.429684948921201, -18.585563867568972, -16.51604012393951, -17.977730053901674, -17.37535467815399, -18.547213276863097, -17.23326829624176, -20.046659195899963, -16.25129142093658, -18.08858956336975], [-17.983348529338837, -25.8454715590477, -24.189034444808957, -23.740695541381836, -21.526669266223905, -24.450787301063535, -21.76260277414322, -21.239887355327607, -21.660816751956943, -21.319861736297607, -23.419298595905303, -22.085406250476836, -20.973691880702972, -21.609449666023256, -21.64632475566864, -22.56245950460434, -22.424870583057405, -23.49810190629959, -23.609664756774905, -24.399219297409058, -23.99146909427643, -22.59736938714981, -23.115556484222413, -22.449370731830598, -22.5499239153862, -23.31904108810425, -23.703165947914123, -24.96162201452255], [-28.007562357902525, -30.02700100946426, -32.384372767925264, -32.06284909152985, -32.968323675632476, -29.29709438610077, -31.832274122715, -33.691175443172455, -35.13092362356186, -33.17157813310623, -33.45345918416977, -35.32982815027236, -35.18466385936737, -35.729373240947716, -35.48174351453781, -34.31104746770858, -33.93331956768036, -34.497780980587, -37.33101910448074, -35.68627694082261, -36.89096723699569, -34.53936873769761, -35.48230823326111, -33.665794901371, -33.09128709125519, -34.33875759553909, -35.204501956462856, -36.20481260967255], [-30.764750000000003, -31.790687499999997, -33.2668125, -33.509625, -34.7555625, -35.543062500000005, -37.23925, -39.2889375, -41.027125, -39.932125, -39.960125000000005, -39.5281875, -40.622749999999996, -40.3630625, -38.404375, -39.831374999999994, -40.1446875, -39.279375, -39.0321875, -40.599625, -39.2446875, -40.613125, -38.828125, -41.0753125, -41.396625, -42.6916875, -42.03325, -42.497499999999995], [-34.19653763198852, -35.87860278224945, -36.94722822856903, -37.09358609199524, -38.108625277519224, -37.52132470893859, -40.41806751060486, -38.75168618583679, -39.4994042301178, -42.49815149736404, -39.985350717544556, -41.97635578680038, -44.97863344812392, -41.121055550098426, -43.70629354524612, -42.142499044895175, -45.483822694778446, -41.159600016593934, -42.01922824954987, -43.85550067567825, -44.81358604955673, -45.214986928939815, -42.438989180564874, -45.45762417602539, -47.31656221818924, -53.85485910129547, -46.67013030719757, -48.1129963722229], [-37.17956913375854, -32.29853343105316, -32.798656586647034, -33.232373726844784, -34.24916841077804, -35.34032280826568, -36.43425750875473, -38.42806228590012, -40.55279441213608, -40.304308731555935, -40.42099872207641, -41.37738260984421, -40.24535588741303, -43.12548372840881, -39.62785601902008, -40.55665145254135, -39.96901830482483, -41.13588538599014, -40.093447164535526, -41.082878361701965, -40.611947865486144, -43.40727736711502, -42.93721460914612, -40.1335899734497, -40.694518607139585, -37.9317074046135, -38.344021224021915, -38.56877715444565], [-42.266561306953434, -49.54360705947876, -49.64866818904876, -48.47128862571717, -47.99819216632843, -48.15915552616119, -50.46509166145324, -52.10265277957916, -50.747554821014404, -52.67254489040374, -52.75654698657989, -51.09526124858857, -52.86534053993225, -51.999261912345894, -53.40344975852966, -53.76547322177886, -53.02184107971191, -53.88768731212616, -52.309377429962154, -52.372161664962775, -53.11729524326325, -53.96351459312439, -55.649012863159186, -53.36044262123108, -53.76892431640624, -53.55725501728058, -51.80700760173798, -53.8529879770279], [-43.29120728397369, -46.19987717819214, -44.70819744968415, -46.042815789222715, -42.5543616065979, -43.98643271636962, -45.790053329467774, -48.05762190628052, -45.73280411148071, -44.69140163516999, -46.60140197277069, -44.550625942230226, -46.50095631885529, -46.048403849601755, 