{"status": 1, "spectogram": [[-27.359482215642927, -43.24538393448293, -41.13575883768499, -45.50620522560179, -37.75235707595944, -19.934062758132814, -29.210687736496325, -43.38638409416377, -43.0971250244379, -41.48440178047121, -50.27083930951357, -37.77802675758303, -22.03150901155174, -23.391687593147157, -29.715687594220043, -43.61466984303296, -42.43556256730855, -41.029616051778206, -47.57286586152017, -27.32163397215307, -34.97824100895226, -24.507062619492416, -23.49012508130074, -32.60017863580585, -43.41718744961917, -42.893883928701285, -41.70225885854661, -41.14373224169016], [-17.564716088056564, -18.100858697056772, -15.633983696341513, -9.104295064508914, -14.671312510192395, -12.83534820777178, -22.90084781831503, -14.672331703245641, -17.540278640449046, -18.428198158740997, -19.1746985604763, -14.603804850935935, -13.685240577638151, -13.076410464763642, -11.994036719799041, -17.58484099006653, -18.912974916160106, -18.56385878908634, -20.353609543681145, -13.19590200215578, -26.474348020255565, -19.11614302003384, -12.712142699956892, -14.26264386022091, -18.410251769661905, -18.30869803202152, -19.66657304751873, -20.171885508239267], [-2.076302762508392, -4.715865460634232, -7.3700508465766905, -21.918497034549716, -18.684116364717482, -7.147212855815887, -20.052404525518423, -2.213552616119385, -1.226222313642502, -3.191106567382813, -3.3982305169105533, -6.693810014009475, -16.12049231982231, -10.768901552915572, -5.069086750030517, -3.5515705952644345, -5.507651414632797, -5.50624941778183, -3.803060791254044, -12.001999082565309, -23.331108139514917, -19.407206951856615, -11.203516953945162, -4.525266163825988, -2.965311534643173, -3.0325350484848017, -4.00041018486023, -4.607356700420379], [-13.9494375, -23.9543125, -29.2235625, -28.9688125, -24.914625, -12.4285625, -16.993875, -20.645875, -24.2274375, -24.187375000000003, -31.2455625, -22.9214375, -15.827187499999999, -15.822125, -15.545187499999999, -25.4861875, -26.736124999999998, -28.745125, -32.21625, -16.504624999999997, -22.483375, -20.1646875, -18.59275, -18.259562499999998, -26.2056875, -23.7878125, -22.5741875, -21.9959375], [-36.10298664140701, -55.448830261230476, -41.53607373332977, -23.898920022726053, -17.184786136627196, -15.082064351320266, -22.711563648939133, -35.096759872674944, -49.80555048298836, -52.15063242149353, -53.429192380666734, -36.26834954810142, -26.378502573013304, -28.239019496917724, -28.761144120693206, -49.112773209094996, -48.265639319658284, -50.27922901320458, -43.57541288995742, -29.197438494920732, -34.36792037510872, -28.379357222080234, -30.59773262500763, -33.958009817361834, -50.61245242166519, -46.145478924989696, -49.24110497689247, -46.87327414035797], [-27.56993535470962, -36.97747620582581, -20.750541134357455, -33.298082025051116, -29.22227544260025, -11.902391196250916, -21.58644982767105, -18.509854718208313, -33.03013374614716, -38.69793192911148, -26.015179681301117, -19.690524327754975, -23.95083124399185, -24.418599887371062, -22.078843966007234, -34.04211652374267, -41.3054990940094, -39.47383274936676, -24.417519944667813, -21.585678135871888, -30.27634711408615, -25.478113840579987, -25.250241235256194, -26.318271970272065, -36.46645186519623, -37.22586557483673, -38.37761640167236, -39.921259758949276], [-21.195766490221022, -22.95602997469902, -19.709734130859374, -37.97379397082329, -28.417150193452834, -22.049101807832717, -22.593784736633296, -19.37531313872337, -21.330142349958418, -28.300432648658752, -18.652380600690844, -21.42288408112526, -31.601052687168117, -30.15625444030762, -22.543875327587124, -23.019267804861066, -33.28899221539498, -27.159488923549652, -18.669935043096544, -26.81439448547363, -32.39474829912186, -33.120743277788165, -29.819675302505495, -23.739550239562988, -19.960839725732804, -23.21908355021477, -25.420582108259204, -26.45487666130066], [-19.13879131793976, -23.470094074249268, -30.295713514328003, -29.862262999534607, -26.0807218580246, -21.30259575176239, -24.75334467792511, -29.122802474021913, -22.89025765800476, -26.415993582725527, -34.083381114006045, -28.73154214477539, -30.380622520446778, -27.533720469474794, -25.08959739971161, -25.45522948360443, -28.94826072025299, -27.417565861701963, -33.39251573181153, -30.088712980270387, -34.50606125164032, -28.829301266670228, -27.248669228553773, -28.21216608715057, -25.97844643497467, -25.099210595130916, -24.717396015167235, -25.274199213027956], [-20.091190542697905, -25.075563365459445, -35.490374950408935, -31.585115749835964, -27.42802597570419, -18.922026071071624, -22.974400509357455, -25.89572721672058, -20.120845988750457, -20.593938399791718, -28.06555697107315, -31.001014465332034, -26.847747961044305, -32.13644354438782, -24.102258429050444, -23.748658653259277, -27.614992729663847, -26.404303568840024, -28.763548741340635, -27.232694805145265, -31.143784415245058, -24.788231099128723, -25.325296318531038, -27.779578808307647, -24.4072029042244, -23.50414303588867, -27.18526801586151, -31.435429481506347], [-18.775491875171664, -24.513847618579867, -35.199484697818754, -30.604514107227327, -32.23507158756256, -22.866929399490356, -23.42780556106567, -27.394217257976536, -25.348054362773894, -28.412248907089232, -29.41420611524582, -34.02557540416718, -31.047882412433626, -33.40421187925339, -27.550080802440643, -23.156480097293855, -25.541961961746214, -24.82437545490265, -27.685018164634705, -32.835652341365815, -39.04123076629639, -37.8901192293167, -32.50049930477142, -29.792803152084357, -24.335617645263675, -24.70677959871292, -27.565090008735655, -28.547792475223538], [-34.35225, -40.4634375, -39.2489375, -44.617625, -37.984624999999994, -36.1140625, -33.14693750000001, -33.008750000000006, -39.9754375, -44.588499999999996, -38.378187499999996, -38.841562499999995, -42.96362499999999, -42.92274999999999, -37.383125, -39.4026875, -40.942625, -44.4585, -36.1075, -40.9106875, -52.5763125, -52.253625, -44.6118125, -41.9873125, -43.21825, -46.2815625, -47.6448125, -46.747], [-34.17338660144806, -44.184086813449866, -51.44282851648331, -48.85309583330154, -45.07221074342728, -44.614202606678006, -41.43383125734329, -49.15678047895431, -42.62582078933716, -47.68004415512085, -55.54446044492722, -58.2265772600174, -50.3615098900795, -50.39248591852188, -47.0710535068512, -45.10600438022613, -43.84711142587661, -44.78560713434219, -56.955770236968995, -54.28502187108994, -58.05433870983124, -55.57854004335404, -53.692603717803955, -48.7991794052124, -48.96039147853851, -46.998078665733345, -46.22945694160462, -45.92469977521896], [-41.9848824930191, -50.31397821474076, -54.57565952301026, -52.40139247322082, -46.94593013095856, -44.706464268684385, -41.34027742815018, -45.75509705305099, -43.7263418045044, -44.77649782133102, -53.2507994184494, -56.12923985910416, -48.227008250713354, -48.12570577001571, -50.06820556974411, -44.25290659189225, -45.713765162944796, -45.96806057453156, -49.59505241298676, -51.450303907394414, -55.50198202037811, -56.389945131301886, -52.07756757926941, -51.01546467399598, -50.69844647502899, -54.062163466453555, -57.389228710651395, -53.953728375911716], [-33.39977629375458, -41.546963630676274, -49.922644722938536, -47.52234829998016, -39.17046914482116, -35.49796773719788, -37.93471572494508, -41.41470649242401, -41.99955531215667, -40.96753431129456, -49.050094542503366, -47.66798271942139, -45.313954943656924, -46.87428321647644, -51.55441026687622, -40.38898521137237, -41.90605486488342, -38.573989130973814, -44.862740448951726, -46.55503848648071, -50.51343868541717, -51.07189217376709, -49.97302190971374, -48.861472832679745, -50.880594004631035, -51.00398248100281, -46.92760731315613, -43.224187579154965], [-44.40536897277833, -50.31986391162873, -51.79693043518067, -57.45471315193176, -56.23718587398528, -49.15701567840576, -49.41651510238648, -55.67586471748352, -49.37808925628662, -56.06045964050293, -59.047276619911194, -62.75558645153046, -62.777809710502616, 