{"status": 1, "spectogram": [[-18.447687790438533, -18.178125560224053, -16.34843797858059, -17.983134513810278, -17.87175948639214, -17.614589802145957, -16.11202719219029, -16.780205795511606, -16.845214750826358, -14.943509308770299, -13.19600924499333, -14.345687837347388, -17.9401165459007, -17.486678985506295, -17.99667904752493, -18.701893393963573, -17.18683976057172, -16.853143280982973, -16.635205751910803, -16.319580734327435, -17.132446829527616, -19.788411123514177, -20.10222359122336, -19.330312968507407, -18.73950052508712, -14.400348569974305, -14.386473543420433, -16.592866471514107], [-5.974455513656139, -5.863053562879562, -5.2478661269545555, -5.49466069316864, -5.669241063296795, -6.039892904043198, -6.562017962574959, -6.222383898437023, -6.069767910718918, -6.136384138047696, -6.6436342800259585, -6.558705634772778, -6.495964319348335, -6.787633897125721, -6.772446339488029, -6.626473113119602, -6.239812520205975, -6.892937646448612, -7.085250150084496, -7.1009823281764985, -7.3181875622868535, -9.050794160544873, -9.604044071137904, -8.160535524964331, -7.296062423288822, -6.445223444521427, -7.300848531782627, -7.64172336357832], [-12.451679644584656, -10.356018404483795, -9.92433132624626, -10.668911247253417, -10.792438013792037, -10.550188463449478, -12.03643878865242, -13.150545116662979, -12.07886692738533, -12.592305361747743, -15.553931320667267, -13.05827900147438, -11.459813350439072, -13.474205888032913, -15.828330479383467, -15.812357203960417, -13.399813209295274, -12.157956773996354, -12.510519310951231, -12.605314123868943, -13.340590542316434, -22.016509698629378, -22.209632035970685, -17.159624937057497, -14.443044779539107, -13.119055389404297, -14.461118581056596, -13.13398370361328], [-11.696000000000002, -18.987125, -15.191812500000001, -17.397875, -19.8029375, -16.7205625, -17.6533125, -18.808750000000003, -18.937375000000003, -15.0025625, -11.741875, -13.454375, -16.2485, -18.220375, -20.8484375, -20.4990625, -21.274749999999997, -18.086875, -18.621499999999997, -18.424375, -17.4470625, -10.7368125, -10.6641875, -17.94725, -21.60125, -18.44325, -16.0549375, -19.822375], [-18.332929381370548, -22.53451227736473, -14.70219863653183, -23.541842839241024, -25.535673531293867, -19.64583322930336, -14.738519412040713, -22.82187754011154, -20.543315081357957, -9.634553983211516, -5.937615288496017, -8.68953568649292, -24.776949654102324, -26.65439617300034, -36.588710513830186, -34.85633435940743, -26.005941280603405, -14.578956708669665, -14.267331455469133, -13.886375853061676, -17.68534990000725, -14.047748328208923, -14.23306116604805, -27.434510219812395, -28.449583401441576, -9.681250354766846, -8.00156183218956, -13.977018934726715], [-19.40517378282547, -16.182382283210753, -11.25706613969803, -17.00931128883362, -17.199802233219145, -14.379959625720977, -15.080207134723663, -19.73483578634262, -16.085665314674376, -12.636052435874937, -16.09592432117462, -14.222051064491271, -18.07854989004135, -19.679766067981717, -24.96426827955246, -25.86495612335205, -18.436979008197785, -14.725474142551423, -15.200598701953888, -15.320008616924287, -16.771332758426666, -22.507945727348325, -23.047445218086242, -26.393237453460692, -23.143061990737912, -16.20509657239914, -18.419656834602357, -16.683705945491788], [-9.436700228452683, -8.445434020280839, -10.173678575754167, -9.680211110591888, -9.588265089511872, -11.927670591831205, -20.621910954475403, -15.6937748401165, -14.12579737710953, -18.004737459897996, -19.534376031160356, -19.862904622316364, -12.488172378540039, -10.54153223466873, -11.759785314559936, -13.633778104543685, -13.697727328777312, -17.288798448801042, -20.93479000449181, -18.68517114400864, -16.39590015363693, -22.275589393615725, -27.820768764734265, -15.830190963983537, -10.9802417242527, -20.516936131715774, -21.29525850009918, -19.06879220581055], [-21.17665539932251, -24.019462424278263, -27.242768367767333, -24.44197129058838, -24.17955257701874, -27.47607301521301, -36.745067323684694, -29.6133022069931, -28.48484383010864, -27.248254019737246, -25.563073146820066, -27.726939099311828, -28.104083107948306, -22.634757272720332, -24.868698889732357, -27.94725483798981, -31.19975517272949, -32.84029059028625, -34.009104250907896, -32.451573307991026, -32.60656778240204, -36.18037806415558, -43.74349458408356, -31.75010271835327, -26.474860695838927, -29.68591712284088, -27.62129709148407, -32.28831955051422], [-44.459328088283534, -38.88891743516922, -34.631358978271486, -38.97458754634857, -39.70777450704574, -36.584296174526216, -40.574861043930056, -41.34844593524933, -39.352365860462186, -37.725208722591404, -37.959514455795286, -38.072742214679714, -37.08386619520188, -35.79362298202515, -44.01212129116058, -49.242270991802215, -42.059882717609405, -37.49014741897582, -40.790398394584656, -41.0676295003891, -40.19903865909577, -51.67882930040359, -52.96445048761368, -46.850051888465885, -42.94514688920975, -40.39659956502914, -40.335782929420475, -37.68388853406906], [-42.324393063068385, -44.78651197528839, -40.219527127265934, -44.05921052837371, -45.50446608686447, -41.355342475414275, -40.628969014644625, -45.02663900947571, -42.790135493755336, -39.063564066410066, -42.899612608909614, -41.083513025283814, -45.20856921577454, -46.85069360017777, -52.233379530906674, -48.5532737646103, -45.8953182888031, -40.40859138250351, -40.97534005498886, -41.9139974656105, -43.78774256515503, -47.1684908080101, -46.910548826217656, -49.249592912197116, -47.17624932718277, -42.67246522045135, -44.584392427921294, -42.1461435675621], [-39.1256875, -43.289625, -42.989937499999996, -43.630062499999994, -43.88875, -42.9630625, -42.9005, -44.589749999999995, -43.8494375, -44.216812499999996, -44.088187500000004, -42.9986875, -46.7185, -48.1165625, -47.160624999999996, -44.936125000000004, -44.236625000000004, -44.84456250000001, -45.04056250000001, -45.030312499999994, -47.204, -51.4365, -50.69975, -51.066, -47.5420625, -43.808499999999995, -44.626625000000004, -47.249062499999994], [-35.66862586402893, -37.986606258392335, -41.41534547519685, -38.226729948043825, -38.05135667037965, -41.42769609498977, -41.000197285175325, -38.35818689775467, -38.88357737779617, -40.32223958349228, -40.032176032066346, -38.93089381027222, -42.90403735399246, -42.944143006324765, -40.48195638895035, -39.7399901471138, -37.7831064901352, -41.36780424737931, -40.42236807918549, -39.10396938276291, -41.566093123912815, -48.51567908716203, -49.8974870853424, -47.73414702558518, -41.99216732645035, -37.80563992214203, -38.62870107316971, -42.81408322238922], [-30.86833987903595, -30.940921451091768, -31.63616924619675, -30.34852768182754, -30.65393894815445, -31.738759035587307, -33.41113213205338, -34.0110896949768, -31.421590527534487, -31.75896590614319, -35.56490213060379, -32.802448444366455, -34.330474660396575, -34.34381587839127, -33.31912582683563, -36.11876615524292, -32.55792130327225, -34.3869093132019, -34.504972105503086, -33.35872281503677, -35.16738251638412, -42.61618629693985, -41.30518984937668, -43.29944447231292, -36.9720341758728, -32.84462547397613, -34.73231238698959, -38.751337503433234], [-48.532974368095395, -47.49022544193268, -48.05122510433196, -48.56747463130951, -47.99247390651703, -47.30989381790162, -50.182519031524656, -55.62651658439636, -48.38871529579162, -47.24437553024292, -51.127625957489016, -47.11511619853974, -46.16936794948578, -46.44429688930512, -51.63285725212098, -54.51759788608551, -50.35444803428649, -48.051937720298774, -49.978625188827515, -49.76103664016724, -52.88214315032959, -62.115950560569765, -62.98145639133453, -61.88950230598449, -53.20958116626739, -48.97865202999115, -50.91521405029297, -54.86124977302551], [-40.897514220237724, -40.69713977336884, -43.61126118373871, -41.36911183929443, -40.15704086112976, -42.26810066509247, -43.36453814315796, -45.301610921859734, -40.878602286338804, -38.439076927185056, -42.57051531124115, -38.65861023521423, 