{"status": 1, "spectogram": [[-25.93851302565877, -52.04877789864309, -52.65671133397002, -51.647571248471735, -49.137025672943, -46.55248461030941, -51.37525667738124, -49.026910505580055, -48.2525590147309, -54.00425504734131, -47.05273197236657, -48.28378047266114, -50.10010316389206, -50.196570843287844, -49.97304993292384, -55.20712519952102, -54.726520708009296, -53.961321267068385, -52.256083620495346, -55.892603726651075, -53.52651201388019, -53.57145611220952, -49.451459069101055, -50.860471866105875, -50.1081427258253, -51.51774507185397, -47.13013885459436, -25.970012896267328], [-3.199958918601576, -6.1896345523972895, -6.661445810879979, -8.010499277353288, -7.779246779230174, -7.01908616278122, -6.261774941176783, -6.108695921233716, -6.681213756799691, -7.535713785920809, -6.641213701248169, -6.090433123773458, -6.438104404816798, -7.3221883230160545, -7.951280038239995, -7.44392815147125, -6.765922600765633, -5.553535220146179, -5.130239328695803, -5.706400149810066, -6.095741773855921, -6.329908052488234, -6.186228892472324, -5.787754793113567, -5.994570876359939, -6.167938098630136, -5.9469851803341225, -3.970430854796709], [-27.161968470250812, -43.98405085115042, -47.32506476115689, -47.31501913595199, -46.711809364537814, -48.90206324581238, -46.194853032676896, -46.82788244238661, -49.489148204920234, -46.01778623226781, -46.932928617477415, -46.94233192494497, -52.121184307592664, -42.77353153544059, -46.75022288182338, -42.75975483295788, -50.22887711696455, -47.47405481100082, -45.93389985261899, -46.025634804882465, -49.44180397299273, -47.78028521182472, -45.64520834338823, -48.322583907351216, -55.21091450166702, -50.038765863485196, -50.17152466262403, -28.80965137741221], [-18.72478630849719, -17.111071431398393, -17.53783928799629, -18.385875, -19.168857120513913, -19.050678589820862, -18.82666062450409, -18.28041080570221, -18.49185706138611, -18.006482289791105, -17.716250000000002, -17.496857147216794, -17.471518372535705, -17.912910647392273, -18.105589241981505, -17.979214485168455, -18.024428535461425, -17.80925, -18.729267644882203, -18.656321435928344, -18.57735688781738, -18.413070846557616, -18.559321434020994, -18.251928398132325, -17.442999999999998, -16.43778562927246, -16.48300044250488, -15.839072036743165], [-35.55221637960211, -43.53159049898389, -44.13505945132226, -44.910911336421975, -37.41886809018186, -38.999378315575505, -44.69637414668554, -47.59648643677565, -42.86774339699248, -39.199326503870374, -42.52353581523895, -51.29572577608779, -45.77206463312423, -47.11164032474874, -44.11822646886454, -40.52658966631024, -39.69398158746783, -45.12505381536483, -45.17886510342965, -43.06019879892889, -48.27727040373962, -41.09509337228669, -45.33069992426642, -52.894424323362394, -45.98559073877335, -46.1786400055288, -39.984748432431196, -31.61166070792409], [-9.667806193479045, -7.7114885907902995, -9.001736060497745, -8.094892917633057, -8.40433695419469, -8.72249634089787, -12.551820837760527, -12.446501721635315, -10.748405526102935, -7.260483421384466, -9.5709083070755, -10.686461081368673, -9.530695517053944, -7.348492677027112, -5.676547578150123, -6.735117879751146, -7.961850655302463, -11.739496082305907, -14.618881992496027, -12.65425076523611, -12.028251837769682, -12.824041651550884, -12.79501687341777, -11.763525795139023, -9.449800517082215, -8.51234462878137, -8.37664890285494, -9.68501541995666], [-33.72091631718425, -36.8716661728318, -36.99251015355183, -40.30246821594238, -38.87110542263322, -33.54062716713754, -39.68191270235388, -35.77607485687435, -42.890981109073195, -37.03415648079058, -41.349572794914245, -36.99455871817643, -48.36230960169237, -39.798761842814784, -32.34841136923826, -40.212241762572006, -40.66087347024891, -42.22052179574966, -35.768465778624055, -38.400680273453105, -39.5068824712486, -38.99530435183792, -41.17363977447019, -43.77491373394385, -36.760584371089934, -37.59084553393124, -35.8864936501848, -29.296736299620974], [-18.953101172098023, -24.946693963633503, -23.816620098289278, -19.92065134620666, -20.903130410238262, -22.084529058301257, -31.187924740188407, -30.98884678013479, -27.365323605333444, -23.10535434473863, -28.80692987632751, -31.72943590195314, -31.122778223331743, -25.38051615703452, -22.530656588457582, -25.87039260000223, -28.776837660807942, -35.26558924484253, -44.43497450786334, -39.748741646434326, -37.404190174177316, -38.801852247582346, -36.55978513036045, -37.37358144643673, -29.528428884506226, -29.188657112275948, -29.06281398835965, -28.07723933214633], [-35.06639424837926, -36.34357030411884, -35.67822648923737, -42.13168646526337, -40.202946307698, -36.19949824358463, -31.354390451158643, -32.29480799624386, -32.647493507939714, -35.92257855505778, -33.187031492233274, -33.3896085042764, -32.912844508617496, -35.175344582109396, -38.17492935593197, -35.910690516879896, -33.03226570966324, -32.96449912834167, -32.10275538456172, -33.50330956217755, -33.079055319629454, -33.12241561593826, -33.939602661619574, -34.07222560475748, -34.92080083179474, -35.02903539281963, -35.559176609037905, -35.536255560160235], [-36.517531175593845, -32.90507716604264, -33.38943532385234, -37.070852859497066, -33.82482278862791, -38.46165796873574, -33.554387661953385, -36.470046779243546, -39.20101585136264, -33.82358231636772, -37.4798983707428, -37.39551022056945, -37.362509473612135, -34.38464916490339, -38.65936861381007, -37.68462986173576, -39.67803488582958, -35.99420974254608, -33.17279954719133, -33.508112871516, -35.3034542562244, -33.6823184202181, -35.78346043072729, -34.80041828529578, -35.172538610458375, -36.73925025317154, -35.597844400807425, -33.084282333868046], [-35.06380455341935, -36.861821405768396, -38.473607079982756, -36.206250000000004, -37.41707163619995, -38.191375108242035, -43.220375086784365, -39.75066195201874, -41.40867878818512, -40.08783948087692, -38.266125, -42.206878110885626, -41.69049878692627, -38.157284870147706, -39.15433915615082, -39.04741107845307, -39.74642597198486, -39.571124999999995, -35.513607067108154, -36.01391214847565, -39.45444779777527, -38.372624216079714, -41.34226636123657, -37.23592743682862, -38.111875, -40.95057242584228, -40.48046643829346, -35.88275648880005], [-39.79416888204543, -44.406244649423684, -44.20650892751572, -43.8220172624588, -46.88752210464297, -48.61693258280538, -46.05066299282618, -47.37081225344555, -49.31580790398919, -51.84692823628092, -46.33828436470032, -47.23904710347248, -50.138184892342046, -47.40721781415513, -49.61141508783578, -43.80617290387123, -48.352925974312235, -47.721100622177126, -48.266424111930334, -46.82166599862631, -50.84894427832036, -48.11704870125045, -51.102414879810475, -48.41399228668981, -44.497609577178956, -51.2784918484152, -44.21994116219028, -44.35718164564375], [-46.5179767780332, -47.229745255900895, -47.037754266125816, -47.25100273323059, -49.69085683990516, -48.65153431417476, -51.11120831641402, -50.05626027675561, -50.06409482266993, -49.941943111653714, -47.78034108257294, -48.769393171582195, -48.63971167879687, -50.50465218310495, -49.83132045189235, -51.781545903848745, -48.41378257331088, -47.73714268875122, -51.479785911890744, -49.617850349036786, -47.97659903569164, -48.77502913981097, -51.02280939590683, -48.06514452689042, -47.76255532932281, -48.697789579390516, -47.365899028293114, -46.28335888786985], [-49.484499527914025, -48.71170592008803, -50.83370205338169, -48.14188213920593, -49.04811039168492, -49.30933024608828, -54.38827646177413, -54.722302609986926, -52.06405089277201, -52.688002300534976, -54.28164262008667, -52.55847009370872, -54.13527368740452, -53.42560387599803, -50.58555171211366, -57.4176286025972, -54.35340420065104, -53.179627923965455, -56.47288780181404, -52.06258610999391, -54.3049207320702, -55.02302542542195, -51.69819648423685, -53.87988750239968, -51.73833982276916, -54.19301066659452, -50.320673445569355, -50.22401560249646], [-39.361111523410386, 