{"status": 0, "spectogram": [[-31.388979835068696, -49.71661211762866, -49.882729782803935, -52.45057139122486, -50.193515057394684, -50.57528592288495, -54.17199940100733, -51.05477605825298, -49.966947842656346, -50.65131142810047, -47.05278559410572, -47.655052588972545, -49.129177861188154, -46.9792083494432, -52.09796044889756, -51.149908947681865, -50.2515072664423, -47.273964213669295, -51.380412382278, -53.68001739494153, -51.398296162498255, -47.471025163169905, -49.43823622138272, -51.906787629621086, -52.349857067465784, -49.77944078992215, -51.09052957036659, -30.401678830273248], [-5.448714852724754, -4.115709573543801, -3.8794084981606893, -3.2245717639923095, -3.013862629155729, -3.609434143353491, -3.725724912740751, -3.7974698415289163, -3.362878030767253, -2.7687911919331105, -2.508607452630997, -2.7575614109428406, -2.970469765303089, -2.811648302501564, -3.339291564683559, -3.7752606577824634, -3.405959363548103, -3.249786044597626, -3.7121223387815023, -4.632336413188797, -4.714464852843977, -3.622275602720198, -3.262317586441517, -4.616494202599129, -5.771321956396102, -5.1780048815327575, -3.9930729864666823, -4.407611897040304], [-27.449483450586072, -38.46656386784391, -36.50169715269021, -38.49078376579285, -38.891640442439716, -37.318345881637256, -36.06450651519124, -36.42972171084781, -37.135981974932434, -37.126594891246626, -40.23732003498077, -39.860361706442056, -39.98868264727689, -40.95221754535367, -37.666579753292346, -39.196380726171796, -37.133888839176, -37.5591062707901, -39.35762753042844, -36.332049470709215, -36.24917092965552, -39.22657692526005, -43.0610589098455, -36.69223198857725, -36.024961979866035, -37.15364770315178, -42.87093950590825, -34.3917711065449], [-22.699750185877086, -37.92407139611244, -37.75103557670116, -35.54474999999999, -34.2176789689064, -38.00917901134491, -39.83328541469574, -39.69075041055679, -37.64517828273773, -35.41346484327316, -34.97175, -35.517178429603575, -35.66232143115998, -35.97510672569275, -37.83896446037292, -39.887572381973264, -34.637676489830014, -35.198, -42.44850157928467, -43.478495513916016, -44.82703761863708, -37.25221410369873, -36.436610681533814, -42.060387844085696, -46.8255, -45.84613241577148, -37.38300164794922, -25.97643699645996], [-4.334693793596043, -2.202866232356251, -1.7922387252754373, -0.9513922090530397, -0.7241474145285556, -1.1153510773716298, -1.6579682354050784, -1.9411110114856307, -1.2243817577750633, -0.5966371392716884, -0.4799638547897339, -0.3699024388061625, -0.42845326672765444, -0.35959121260349636, -0.7778464415800262, -1.4451469411654871, -0.5287334430462942, -0.2937137069702148, -0.9335850833585975, -2.2500429895562335, -2.5407586338470063, -1.5863920134137515, -1.8118832194847854, -3.2776759258006494, -5.306569093704223, -4.597314530937671, -4.470009696647904, -6.106759052918838], [-32.843159194500494, -35.01361850698854, -33.69999755474706, -34.52142811203003, -37.69823235885477, -34.023372043006624, -32.65859918032906, -30.830903994041805, -35.12300291116057, -37.18542877960155, -34.60574791526795, -35.15164163099202, -33.7266519507975, -40.42434994576681, -35.95771468407658, -32.28649712046874, -31.113546744581903, -37.24360505485535, -38.43599479135962, -29.12289596136959, -31.17199643792806, -38.67119810438991, -37.07801828703936, -33.21316398207186, -27.21390064430237, -32.207294323390144, -35.1642104527998, -32.57466538464536], [-24.691582446556907, -32.17515607461644, -31.344137372150534, -28.553523901939393, -27.52731716349783, -30.579381047813136, -34.18444228577892, -32.38083883998196, -32.210647513445466, -27.197942484418306, -26.34701976490021, -27.617629025320447, -27.922096768243065, -29.95137016612022, -30.32046343105062, -32.38778351550265, -29.237264658286875, -27.705025298118592, -31.567180149422292, -39.397919125664245, -35.641067731853546, -29.4172191608395, -28.46493029509076, -35.51837746798262, -42.06503729724885, -39.84134446143929, -28.95381763174408, -25.382908407790747], [-15.683945165171352, -12.62105972920877, -12.731254754833035, -13.182007316589356, -13.0512166044563, -12.89652889378155, -12.50219650848514, -12.605547785787895, -12.262677775129355, -12.971145205176443, -13.26254457473755, -12.887415228785976, -12.84084752524602, -13.329297932877584, -13.200923615356267, -12.820564953161345, -12.975506487711334, -13.759114955902099, -13.417697773605177, -14.061401501756366, -14.03614808175902, -13.614390005969646, -14.442319592099432, -14.642775698297893, -16.678603038787845, -15.199034342089842, -14.743344135899214, -15.578159589067074], [-15.826865373514728, -13.870151344087631, -15.046962017380263, -19.408882177352904, -23.347684394146306, -14.323068865893404, -12.210845971876541, -11.86392796289703, -13.898313431195529, -18.615826311734406, -24.8417352848053, -20.4467648187749, -16.450000382521335, -19.35205064695681, -17.568064017006442, -14.056518528705064, -17.619498168106606, -21.022881216049193, -15.247337423380442, -11.67253297587567, -12.006786846005577, -18.559901974344687, -24.669289820154635, -13.44314817603302, -11.981641265869142, -13.310886003919643, -21.75417573976457, -24.07205881787995], [-27.630936087587678, -27.670930633761785, -28.958539359798298, -31.80014821624756, -33.741284306926076, -27.526037020195947, -25.89298211699208, -25.7438939492431, -28.990862230926478, -32.55358424232594, -36.135406976699834, -32.29662935675124, -30.415058255722105, -32.892808957858605, -30.684677049838935, -28.93774928904807, -32.36685749523232, -33.731151660919195, -29.021021708369265, -23.58443776492783, -24.37736589548367, -33.03842751086348, -34.924231359851, -26.62851426388722, -22.203488203048707, -26.591101233217138, -37.93516218055463, -32.609316246889314], [-35.996285689175124, -32.80950002503395, -32.97675011050701, -35.93475, -38.13999929523468, -32.93242823600769, -31.9970712556839, -31.90642856693268, -33.527749283790584, -37.61967828512192, -40.53525, -37.3749651632309, -34.84382093334197, -37.02810701179504, -34.75792644500733, -33.154071229934694, -35.248430046081545, -36.29525, -33.67239494037628, -31.074786762237547, -31.669499423980714, -36.56089507102966, -41.166778957366944, -34.905074790954586, -33.33825, -35.737254360198975, -43.34831356239319, -42.040645595550544], [-38.2468018227665, -38.77016640084123, -36.57603342593902, -34.32187510681152, -33.19939455896528, -36.15238802120004, -36.45223710886371, -36.16620964969745, -34.72361075070633, -33.343860058366744, -32.21176510047913, -32.77384373703568, -33.96173595210527, -33.54123266274782, -35.217501694352336, -37.30055655251869, -35.55566351127205, -34.707160346984864, -36.52076561944932, -39.523187728664915, -39.606561658585015, -35.865621468288296, -35.55380320413995, -40.27389900647515, -48.96472480773925, -44.73649094399379, -39.23029389386449, -40.63705768157128], [-45.13836034888031, -45.6353025674771, -44.30918316434075, -45.001750028610225, -44.99984521924309, -43.77746666733212, -44.42204002505014, -43.7459871087161, -43.25655706359031, -45.01349424098511, -45.848925655364994, -44.12760682391895, -43.05014988107105, -43.7679805963478, -44.145882202074425, -43.94343995773556, -44.19815607012167, -44.61200037002564, -42.95697020707466, -44.26443360861738, -45.2379533109096, -45.48320259031689, -46.8117165068109, -46.70112941040675, -46.13657918548584, -48.1532420577202, -51.69896595843423, -47.45583886181333], [-38.682817515196845, -41.13391316663009, -38.19161085665054, -34.77061317825317, -34.02980302520598, -35.68434475711748, -37.94303112213826, -37.606245120524285, -35.18512180581238, -33.66609480109433, -33.0090802307129, -33.376925119714485, -33.962050170723394, -34.65158136597552, -36.71623019280259, -38.397730444420624, -35.13744903529764, -35.152078926086425, -37.051060665973104, -43.268347513716726, -43.3615828856589, -38.270808436184126, -38.0752124080949, -42.745879526423934, -46.69991575622558, -48.82939926724881, -46.12528896003304, -42.126449048529466], [-38.780233727591956, 