{"status": 1, "spectogram": [[-18.71238399384916, -34.554357227087024, -33.55216973589361, -34.20797330932319, -35.4648661274761, -39.83873244634271, -35.91460727390647, -32.310214314222335, -34.743312516465785, -33.32330354082585, -35.22424108786881, -29.573116130098704, -17.02889290431142, -21.241125014871358, -16.370000036776066, -17.82009823073447, -16.64166968883574, -15.532285811811686, -14.985160776883365, -16.971276822194458, -16.724098257198932, -14.337482214301824, -17.72966970615089, -13.563794702395796, -15.900214327543974, -18.65367857378721, -14.189866126880052, -17.29547324155271], [-12.577982968211176, -16.7498224644661, -16.33007238507271, -17.26467969238758, -17.62872434002161, -18.041161845088006, -17.279161749482157, -15.77368835288286, -17.73775125515461, -17.320652923524378, -16.513215371489526, -13.551679107666015, -8.029080424010754, -12.52983071488142, -7.901955352723599, -9.380678620815276, -10.252607244610786, -12.27426795578003, -8.500830270946025, -10.39862499475479, -9.496776808798314, -7.297749899625778, -10.536312424361705, -9.17698197686672, -8.731035778164863, -9.49750897425413, -9.57750880175829, -10.975437657177448], [-13.630635578870773, -11.304277590036392, -11.183902648687363, -11.064474099397662, -11.643679579734805, -11.785251147270202, -11.700251077651977, -11.434117078065873, -10.825206214666366, -10.63500982117653, -9.835884812116621, -10.188795514822006, -15.867419848680496, -15.930982017040254, -16.448544685602187, -18.288615559339526, -14.797437595129011, -20.984946835041047, -20.810134861707684, -18.243795198678967, -15.33103612279892, -18.071045204401017, -14.541232894897462, -16.402241744279863, -16.11058923482895, -13.056392775058749, -17.64108091711998, -15.62597309613228], [-15.4284375, -15.787375, -15.3179375, -14.582999999999998, -15.2951875, -15.5545625, -14.9184375, -15.419375, -15.609, -14.9571875, -14.1618125, -14.7956875, -20.525374999999997, -24.616062499999998, -19.153875, -23.269000000000002, -19.91125, -24.857875, -19.384749999999997, -22.9429375, -17.9780625, -18.092937499999998, -19.106625, -16.429125, -20.000812500000002, -22.461000000000002, -19.005187499999998, -23.419249999999998], [-17.375958354234697, -18.96297633385658, -18.601288724899295, -15.025582783460617, -17.65164538097381, -15.797350472688677, -15.870100422143935, -17.29834156465531, -18.820627498626713, -16.22192168879509, -18.126484714031218, -17.9019044072628, -14.228365126848221, -20.560704567670818, -13.79539273452759, -19.5280268599987, -16.439000990390777, -15.13662510585785, -17.018686868429185, -19.237295392751694, -17.054938132047653, -16.703607855319976, -21.877795581102372, -16.602679193496705, -14.883597130060195, -18.592231324195858, -14.3179199488163, -16.038472294092177], [-31.032311549663543, -31.75070735216141, -25.81320482110977, -28.14599929046631, -25.73382364177704, -29.736382441997527, -32.441200106620784, -27.836619124889374, -29.197115064144135, -32.059706096172334, -28.64358204126358, -24.29869388103485, -17.54441229438782, -23.1503242521286, -21.410446566581726, -21.123492693424225, -21.916223789691927, -26.14868698835373, -21.02837728309631, -20.12105691623688, -19.67573207950592, -19.945366559505462, -23.289993290424345, -18.729446319580077, -19.30505557727814, -18.34003517723084, -20.479159457206723, -21.239851354122163], [-18.718117631196975, -23.20459226322174, -18.092401814222335, -18.845785235881806, -24.73623670864105, -23.671659739494324, -23.021220354795453, -20.130276977300646, -18.573712928771975, -19.937821385860445, -25.218258516073227, -23.14273177623749, -18.131650506734847, -20.491452122449875, -15.399949061155318, -24.657274133205416, -22.05449843502045, -22.240807944297792, -20.445620907068253, -22.483759789228444, -17.505933928728105, -18.488428353786468, -16.678553655624388, -22.138163601875306, -20.457366835832595, -14.154035886764527, -21.948596730947497, -21.812082041978837], [-21.00721081638336, -18.841450627326964, -19.55294637775421, -22.609116676330565, -25.561525131225586, -21.170262727737427, -17.803263288497924, -21.71956719207764, -20.598142162322997, -25.767598299026492, -24.24947825241089, -21.077028946876524, -17.907452931404112, -24.04566140937805, -24.22084818935394, -20.41366397857666, -19.89572005367279, -22.78072270679474, -27.17746917247772, -20.517658000946046, -23.737926174163814, -24.907380948066713, -19.069817907333373, -21.845693136215214, -22.909545701026914, -21.639239573478697, -25.990485144615175, -24.35385662651062], [-20.053920696735382, -19.13412541103363, -18.460811732769013, -25.157152348995208, -28.9236771030426, -20.992644300460817, -20.976392092704774, -22.840445451736453, -20.316483358383177, -25.73717839241028, -25.643678648948672, -23.49686516427994, -22.76122250127792, -21.35559904050827, -24.11140813922882, -23.213420419216156, -21.116883640766147, -22.25225926065445, -23.869073712348936, -23.264983819007874, -22.492473974704744, -24.612905034542084, -24.17971395492554, -24.27224041986465, -23.825261394023894, -21.076687457561494, -25.878500473976136, -29.570623690605164], [-26.173365584373474, -23.152547452926633, -22.83436018037796, -24.229910383224485, -25.905995794296263, -24.696844894886016, -24.215718195438384, -24.944126101493836, -20.537047559261318, -24.916669526576996, -26.887171048641203, -22.982941927433014, -23.49817364645004, -29.404182829380034, -19.84306770277023, -27.135625763893128, -21.88660076856613, -27.759360134601593, -29.587052036285403, -28.828924384117126, -26.366447563648226, -21.887942553997036, -22.995996048927307, -21.907121778964996, -24.68604816865921, -21.02529480743408, -21.4564777970314, -27.035243800640103], [-34.4101875, -32.5523125, -28.750875, -28.4641875, -29.356312499999998, -28.435624999999998, -31.191437500000003, -31.968874999999997, -27.434687500000003, -29.589687499999997, -31.258312499999995, -33.4825, -31.805812500000002, -33.114625000000004, -34.43718749999999, -31.4678125, -33.638875, -30.784625000000002, -33.6533125, -34.57243750000001, -30.55875, -32.963, -32.2525, -35.8858125, -36.313875, -31.424374999999998, -33.58475, -32.8789375], [-38.62329539060593, -41.24758774280548, -40.68358675003052, -39.99853521728516, -40.196734379291534, -42.80117053937912, -38.82704660367965, -40.313074068069454, -40.701924069404605, -43.958891229152684, -43.352963452339175, -40.40246092319488, -43.54442087650299, -38.360092246055615, -39.26002458906174, -43.454743453979496, -41.29076122331619, -36.498141289711, -42.55020402288438, -42.757441180229186, -44.59717947053909, -42.80726327419281, -38.19670229196549, -39.7983990855217, -42.04069556617737, -43.39438467836381, -46.73338692140579, -43.991980574607844], [-31.02598251247406, -34.39311577558517, -31.463930305480957, -31.63850038433075, -33.74027775716782, -32.512382418155674, -32.94475825548172, -31.566758632183078, -30.353635052204133, -31.14832283782959, -27.966696873664855, -29.969244106769562, -31.82712737941742, -31.98882169151306, -30.607947356224063, -33.48665216588974, -31.824580413341522, -31.307105771064762, -36.35667214155197, -34.72201843547821, -32.39133236455917, -34.10556394433975, -34.33268668603897, -32.28102530241013, -33.317046220302586, -31.55329293394088, -34.03673457717896, -37.19314188575744], [-44.26458885765076, -42.75538914394379, -46.13375702762603, -46.99106938362121, -42.60277064037323, -41.15270745658874, -44.58726342868805, -46.73319855403901, -46.50053525733948, -41.82563537597656, -44.38438897323608, -46.426671257019045, -45.65028016853333, -47.43861313056946, -46.92129301929474, -48.221732622146604, -46.024036485672, -47.825018390655515, -48.08470209789276, -47.254417068481445, -43.24726249790192, -45.47800436019897, -46.223755300521844, -44.12685348796844, -41.31128022861481, -44.361401389122015, -45.24453097438812, -46.90026610565185], [-43.6930372543335, -40.443924827575685, -47.483418909072874, -41.27407890033722, -41.127481018066405, -42.018362341880795, -42.70605495071411, -40.30099197101593, 