{"status": 1, "spectogram": [[-7.48000016155839, -8.426125419199465, -8.790500441342592, -8.544902212664486, -8.242795043870807, -8.807295065060257, -8.548107548981905, -8.811152205303312, -8.733696848511697, -8.339643259823323, -8.798830786511301, -8.536545054510235, -8.16619681417942, -8.408250401556492, -8.019750372767447, -8.253928952366113, -8.800116489097476, -8.788902217581867, -8.487402206137777, -8.70698257368803, -8.851330789670348, -8.741375407606364, -8.145375376164914, -8.669116481885315, -8.88638434843719, -8.417893237113951, -8.66676823359728, -9.302545068725944], [-1.4484287620782854, -2.324241186082363, -2.273178677678108, -2.0822858253717422, -2.4999733667969704, -2.816500154137611, -3.0645001677274704, -3.062634081661701, -2.852089425563812, -2.68959839206934, -2.8214733529686926, -2.5111162101626396, -2.7830894728899, -2.5158573179244996, -2.8693573755025867, -3.0058930786848066, -2.800839423060417, -2.302642954349518, -2.381142988681793, -2.3887322771549226, -2.8241697700619697, -3.380562677681446, -2.974562703549862, -2.9656430110931398, -3.0465983404517174, -3.5194645022153854, -3.8477769868969918, -3.5948037161827084], [-7.430098713159562, -9.39832269859314, -9.665635143518447, -10.002063735246658, -10.346849692106247, -10.583510414361953, -11.173197994709014, -10.797546104192733, -10.750456767797468, -11.768564136266708, -10.355376366138458, -10.603894234657288, -11.292849879980087, -11.703323079586028, -12.840635924100877, -12.85938586640358, -10.452367396593093, -9.957813643693925, -10.479876395225523, -10.54663532137871, -10.258653106451034, -11.734599811315537, -12.71366253852844, -10.943563965082168, -10.687135236024858, -12.797608981609343, -12.561233922004698, -11.10731390595436], [-7.1230625000000005, -10.530625, -10.57875, -10.8508125, -10.736374999999999, -11.207999999999998, -11.3344375, -11.3828125, -11.099562500000001, -11.2551875, -11.152812500000001, -10.886000000000001, -10.2911875, -10.3845, -10.0331875, -10.337625000000001, -10.6998125, -10.745124999999998, -10.472562499999999, -10.7219375, -11.321250000000001, -11.820875000000001, -11.722, -11.529812499999998, -11.4343125, -12.043125, -12.4395, -12.339812499999999], [-3.405170203924179, -8.161207040071487, -8.748582252740858, -7.526091018199921, -6.992420877695083, -7.117831507444381, -6.961393866539002, -7.589813682794571, -7.829974618196488, -5.121581121206284, -7.800519213199616, -6.604572767734528, -5.267206078290939, -4.677304486751556, -3.7841788282394413, -4.111375394821167, -7.264287176609038, -8.211242985963821, -7.290555036067962, -6.558421023130418, -8.000590775966645, -6.591545535802841, -5.416420258760453, -7.310733256816863, -8.497849800348282, -5.471616436719895, -6.953554164886475, -8.529269147872924], [-7.04534924173355, -6.011028435230255, -6.864528730869293, -8.514421822071075, -6.1124289398193365, -6.56151855278015, -6.747080399990082, -6.88003629207611, -7.17516152381897, -9.161482048988344, -6.848108153343201, -8.435394264221191, -7.271499518394471, -8.457428381919861, -9.248238914966585, -9.465480240821838, -7.351572436332702, -8.65845807790756, -7.022393753051757, -8.18992064523697, -6.995733630180359, -8.336428378105165, -9.578052189826964, -7.6070274949073795, -7.737671164989472, -8.74819540309906, -8.49575819349289, -7.642572294235229], [-10.78187687277794, -13.56736038160324, -10.967801963567734, -11.474605148553849, -14.730466750144956, -16.30446633243561, -16.74740509343147, -16.462671162843705, -14.643484539031983, -14.175463233709337, -14.616897894859314, -14.418735624790191, -15.717398557186126, -14.545178674459457, -16.37293536067009, -16.71755752968788, -13.347792274475097, -10.781936910152435, -13.273494378328323, -12.030641504526137, -13.987521799087524, -16.45017663741112, -17.654549432992937, -15.046890588998796, -13.507309044837951, -17.838057805776597, -18.1778676943779, -16.62113594841957], [-12.396607908248901, -17.50497002696991, -18.06021866321564, -16.772764862060548, -16.24853828430176, -16.138931751251217, -15.986622504234314, -16.972628604888918, -16.898903750419617, -13.377242221832274, -16.803545027732845, -15.039376811981201, -14.871473779678343, -14.394168598175046, -13.368296546936037, -13.551983540534971, -15.91302792263031, -17.787593241691592, -16.49966104698181, -15.87944808959961, -16.882900883674623, -15.380454504013061, -14.171272362709045, -15.927717943191528, -17.493990124702457, -14.859896845817566, -15.330457649230956, -16.92361061286926], [-22.11895154762268, -21.610235881805423, -22.390923139095303, -22.327654735088352, -22.459567831516267, -23.135433678627013, -23.304121681690216, -23.111308594703672, -23.212495823383332, -24.48064798927307, -22.67745943212509, -22.410449900627135, -22.424184282302853, -21.762853566646577, -22.622290496826174, -22.60632637786865, -22.84940557527542, -22.691752394676207, -22.088817229747775, -22.632459991931913, -23.51132555961609, -24.070755586624145, -24.606254885673522, -23.130968719482425, -24.004718260765074, -24.310488193511965, -24.21186259174347, -24.305040353775023], [-28.949831506252288, -28.023449320316317, -29.301885199546813, -27.573105755329134, -27.76436708164215, -28.21692122077942, -28.405919017791753, -27.991984168529513, -29.428937390327455, -28.021736076354983, -28.53361716461182, -27.47921486330032, -26.77015676736832, -25.434131697654724, -26.859999859809875, -27.065063786029814, -28.70084081029892, -27.923518890857697, -27.35339488077164, -27.609830582618716, -30.0553063454628, -29.205621655941012, -34.486805543899536, -29.659321868419646, -30.338741955757143, -29.97654700422287, -30.466799052715302, -30.87259975337982], [-33.345062500000004, -34.6536875, -35.74875, -33.345625, -35.2379375, -36.6358125, -36.3759375, -36.984875, -36.1355625, -34.4016875, -35.364625000000004, -34.124625, -35.0870625, -33.19675, -34.63175, -35.3824375, -35.3088125, -32.843625, -34.3455625, -33.573375, -35.279062499999995, -36.3985, -37.960375, -35.886874999999996, -36.164, -38.722875, -38.161125, -38.4655625], [-38.35824113082886, -37.90978761434555, -37.442224225997926, -36.847362901210786, -37.955064772605894, -38.480459383964536, -39.30727310419083, -39.56198513174057, -38.68885991716385, -40.095755032062534, -38.67606768226624, -39.38116396474838, -37.910329858303065, -37.403524549007415, -36.117841327667236, -37.40782182788849, -39.10769973134995, -36.31187409877777, -38.390367818832395, -38.78995125341415, -38.99498529481888, -40.62003222751618, -36.411849266529074, -38.56880890226364, -38.99509235429764, -38.43132889127732, -39.40032902002335, -40.47610172939301], [-27.774223091602323, -26.836080312252047, -26.975579606533053, -26.747964732170104, -26.05085813999176, -26.75969721412659, -27.623010494709014, -27.646376333236695, -27.160179240226746, -26.481806907653805, -27.917992285251614, -26.954849014759063, -26.428752449989318, -25.830858675956726, -27.59079697084427, -28.965956757068632, -28.044768689155575, -27.817643514633183, -26.174518717765807, -27.21478708744049, -28.08749157094956, -29.06660928440094, -29.56798236179352, -27.7195996966362, -28.112679306030273, -28.382154750347137, -29.623529778003693, -29.580340891838077], [-42.621452593803404, -40.69891282463074, -41.85003569984436, -40.16590437221527, -42.345028445243834, -42.78652817821502, -42.92127833843231, -43.148547209739675, -41.98919024181366, -42.53479666423799, -43.335859050750734, -42.11078587532043, -42.74087597846986, -40.72461779308319, -40.773181367874145, -42.46292201900482, -43.02277658557891, -39.40335968399048, -40.45885822105407, -41.018484649658205, -42.07948369026184, -43.4753684835434, -41.21830524253845, -41.63164538383484, -41.8947616109848, -43.80963401889801, -45.807510426521304, -44.26252787494659], [-42.32896681022643, -42.84788409900665, -44.26944730949402, -43.30136800098419, -45.11363339138032, -43.9499115486145, -43.536599425315856, -46.02822357463837, -44.18063359165192, -44.962903307914736, -44.60746760940552, -43.57376205348969, -45.00159914302826,