{"status": 1, "spectogram": [[-13.705462990312245, -20.048159813355728, -21.197398191292066, -20.128500326812265, -15.04259044587614, -13.617233580586557, -14.756303583617719, -17.418027640872786, -21.03198953398122, -20.763749492230787, -20.278866372838614, -18.712349586107294, -17.89334922309649, -16.239845884922495, -15.892546444159944, -15.381661260924197, -18.16937320093018, -16.218687721773982, -14.89053819512349, -14.687545335980419, -15.104510430258783, -16.105614169721616, -17.417408637296425, -19.64277726398409, -19.124152237161994, -18.254673968326088, -18.46852211845375, -17.62906067687319], [-12.009400078793268, -14.70284922059458, -16.565138478642833, -15.18396396481991, -14.036120027595526, -17.999418175954027, -18.74486564282497, -17.340452816879182, -14.386767606428663, -14.31886996005501, -13.438303584218026, -14.410664007977616, -18.14301242014968, -18.442902520579885, -13.873371010442012, -13.719840704052995, -13.49782794038018, -17.111464144468307, -15.929686532383148, -15.904997928220457, -15.03325330868163, -15.157822451527142, -16.439285296419392, -15.14228001095814, -17.112392699718473, -17.301338934200146, -15.380413328726926, -15.410373223127133], [-19.60829634521626, -15.523006578569476, -19.094894219627136, -19.98395532441139, -20.118432297696536, -24.10537135255576, -27.46413076807994, -28.452809670842186, -22.753055203023763, -23.753640028559044, -22.357848978281023, -23.91905006594564, -26.566644691063335, -20.686249398713368, -20.444766422270508, -26.574843202502393, -21.188310450812306, -21.99079409003258, -24.495344379677658, -25.636605475865085, -28.024295009987775, -22.91266138671473, -19.192890394016167, -19.884080637148536, -21.194812273740766, -22.727828312095387, -22.45600462060677, -23.708521967610626], [-11.827303406260906, -14.888482170701026, -17.076785577774046, -18.6001875, -18.184607142448424, -16.7333927564621, -16.30732130241394, -18.912402519702916, -22.193392637252806, -24.134016996383668, -22.439999999999998, -21.775276812553404, -22.28856176042557, -23.791562462329864, -22.38523431968689, -21.711901487350467, -29.12697111606598, -20.7476875, -21.311410776138306, -21.759268184661863, -26.067826374053958, -30.909863354682926, -31.51538423728943, -31.105731939315795, -32.7831875, -29.637595782279966, -29.19327942085266, -31.989358489990234], [-10.051734886324674, -15.216127582301878, -15.003771612646615, -17.239135639905932, -10.813726131643959, -18.049326973156166, -15.012861621637946, -13.626281494155409, -15.847421096023666, -14.429391857429938, -16.892803552627566, -13.548574423780398, -17.21264552694366, -18.434876244272573, -17.929355893017767, -13.767879956986144, -23.967022775697743, -14.665875296115875, -17.27541869010802, -17.610813943686225, -17.547233872403588, -20.786547021538293, -30.803721514078877, -27.988264817252606, -34.12875997662544, -27.445920711259795, -18.59167771121458, -20.48264245477501], [-6.027541357217832, -8.683457146527786, -8.474199380093573, -5.681779777050018, -3.4165142000264677, -5.368065483687314, -6.681363596371586, -6.622535713681733, -5.560473145388438, -7.792993768469568, -10.33834879732132, -10.698445368933019, -8.684789544572384, -8.719511485742142, -7.225675779574551, -8.364506491156789, -10.174590953737606, -8.61892922782898, -11.532115562098618, -10.595658821203834, -16.490744956246036, -19.45626239225727, -20.746432178409606, -16.617709357085815, -25.270737078666684, -21.479602077697972, -13.190137904079645, -15.35474464644112], [-7.602573239573862, -13.658303120473041, -14.537054908618696, -13.214668214082717, -12.307161046214073, -10.870145274950552, -12.624669030690374, -11.449660074087381, -10.601967491667228, -15.314801614283578, -13.918776761293412, -18.401944718279484, -16.134229392062302, -14.07559922206658, -11.938511856636127, -13.218525188195178, -12.302873538893966, -13.049013576030733, -14.110928045807835, -15.984222959956954, -21.34848351453187, -27.619339796447175, -26.789965038736344, -22.823737820245608, -30.219553887367248, -25.904032525333037, -23.59618466938521, -28.23091930091043], [-17.546095249604186, -14.330860600225694, -18.938086565523697, -17.627250886917114, -15.875707198107989, -15.047062833158527, -20.860447480426544, -20.00771570305068, -17.291463408987337, -14.861526315610362, -17.01334410095215, -21.95793938551043, -20.884643061832293, -21.311319413593736, -22.444769086487124, -18.334102488886856, -27.72593165160471, -23.854842171669006, -24.047833558725642, -24.294686418027034, -30.72517406716518, -31.89308870875105, -30.514333569918556, -29.614476845330007, -28.64958307933807, -29.45293523332804, -36.32196100380682, -34.239394777655995], [-14.766717063250717, -13.264413455251539, -14.103657339967015, -16.1463280711174, -14.7734473148696, -14.912982848916776, -13.31432162915421, -14.989895708725719, -16.203782088726342, -16.28607441453523, -17.0768918094635, -14.760069964272843, -16.092157048711783, -16.293629261542403, -14.453124359752982, -16.874739268400358, -16.403471088584816, -17.511623182296752, -20.66075660837948, -22.107330775787993, -30.439483134152844, -30.681720378524737, -30.7698079711664, -26.105903412098705, -26.943768030166627, -27.935187388137024, -26.918345979759458, -33.16634074058259], [-15.0668063415984, -16.796084973732682, -21.32310445520377, -19.887713901042932, -17.415671854691627, -17.020348937862103, -18.494575608057485, -17.48149812046256, -16.514495565451774, -18.063319800280908, -16.379036049842835, -22.601420011842894, -21.361137665027627, -20.773226619352464, -22.83513522172244, -20.32093872904383, -23.608363126257586, -24.39614234495163, -23.120166126442584, -23.932631441676914, -27.267194953578134, -27.136045483788003, -38.104865858110436, -34.32481891085849, -29.70516520357132, -31.34131739106393, -28.012515151952524, -27.271323958122245], [-26.428499598145486, -24.99704477351904, -28.064142765998838, -28.8501875, -30.007196028232578, -27.49713372778892, -26.055232010841365, -27.989330807209015, -29.772472898960114, -28.79634845066071, -29.4513125, -29.207348246574405, -29.776008124828337, -30.56478595352173, -28.622795901298524, -32.27552374458313, -31.77278623199463, -32.22475, -33.98705307197571, -36.17976284980774, -36.02495948410034, -35.01480261421204, -41.00222438240051, -38.847500068664544, -41.358875, -42.27243572330475, -40.45459009933472, -46.91075543594361], [-29.796209052743954, -29.593850162028, -28.113184168477225, -30.471021101951603, -26.877535159811405, -27.06207664903802, -28.401940875754864, -29.519740793151332, -27.43922125537905, -28.03641889933171, -30.227068563461305, -34.9882135585578, -33.040070092065534, -31.56736479237607, -30.52176409358145, -33.798707434022525, -36.30186101178769, -36.67629951572419, -36.092265665724106, -38.291173472881795, -42.75781653621272, -40.3271839540597, -44.82521311979157, -46.66083855643136, -44.91874413537979, -45.848469260196055, -44.1501728555676, -43.76005829082579], [-23.491625269008996, -23.613017225269072, -25.921545742428997, -29.5843386631012, -29.319094099361664, -26.069239476033705, -24.491348960662332, -25.995359768478092, -28.574151155939106, -29.345582854212957, -26.022856787681583, -29.684124227310605, -30.440428616524073, -29.137863744229556, -30.495449550231662, -31.04818230337814, -37.00334496227747, -31.713192121505738, -30.35588116404446, -34.23378606752698, -36.836384471960244, -39.10810156775563, -41.52843017458274, -38.0296030810417, -38.70625789499283, -40.2319363578683, -37.227450866875266, -35.76816243834266], [-46.30522462104248, -44.905865084717504, -41.77782572133458, -42.746714796066286, -38.31450098270284, -43.87105385228051, -43.95840533765511, -45.482706150425805, -44.13396137737794, -43.197740974505564, -45.342172930717474, -45.681714225846434, -44.998606887273674, -45.81767473154554, -43.35248525269619, -46.198144189407, -50.24074004831054, -47.55050828266144, -47.96772437364224, -50.239378632974436, -49.86411085603538, -50.73754069476001, -55.2633798838252, -54.92566263689348, 