{"status": 1, "spectogram": [[-26.378267908036708, -40.963446337997915, -43.820383938625454, -44.86620528818667, -46.32066054260731, -44.98954444570839, -42.9142320022583, -44.60991948176921, -45.1187678950727, -46.61669627711177, -45.509821137338875, -43.465651650413875, -49.562830365017064, -49.66824984681606, -43.891062383010976, -43.54406241698563, -43.6698570792675, -42.92194620427489, -49.5424461261332, -44.25507149159908, -42.245955274388194, -48.21022295330465, -44.9032854925692, -45.39441052412987, -44.11308017785847, -43.83558925503492, -44.12658918783069, -42.10288382486999], [-11.51535795855522, -17.00690366858244, -16.966153630435464, -16.52657331585884, -17.984430904507636, -16.931814779937266, -16.590564422786233, -17.754483938694, -17.80115361398459, -17.600698459386827, -16.262948578238486, -16.62647540062666, -16.272439626276494, -15.459260931432246, -15.600198535084722, -16.690850063025948, -19.479876712083815, -17.499412366032598, -18.013600549399854, -19.008314400851727, -19.357787573218346, -18.128385774195195, -18.938011213004586, -19.277332022845748, -18.795296443879607, -18.93150230193138, -17.42031407660246, -22.405965689897535], [-7.0218375620841975, -5.272918449640273, -5.649105903148651, -5.757007412195205, -5.360033812522888, -4.941953283071518, -5.067078820466995, -5.711141736984254, -5.923382539987564, -6.258194343566894, -5.880506134748458, -5.471345485925675, -5.294077564477921, -5.232970150709152, -4.6545329413414, -5.104989513635636, -6.712740385770798, -6.360445178508758, -5.657569445133209, -7.461463104724883, -7.984838046073913, -7.962632221937179, -7.667506561994553, -8.649239760637283, -8.369185910463333, -7.452140721321106, -8.041641416549682, -10.638508875131608], [-17.5828125, -19.5318125, -20.618562500000003, -23.28325, -27.671625, -28.953624999999995, -24.514312500000003, -21.127625, -23.548, -30.323625, -30.700312499999995, -30.3244375, -29.476750000000003, -29.682624999999998, -30.4066875, -25.473, -19.9905, -23.5161875, -30.7130625, -24.52075, -25.708937499999998, -28.8399375, -34.063250000000004, -26.5830625, -27.746, -31.818, -28.180187499999995, -23.675812500000003], [-27.0532346200943, -34.28824543261528, -30.184806219100953, -33.23226139950753, -34.109170181036, -34.23779140162468, -36.135297224283214, -35.54825395584107, -32.91747538542748, -34.3687675280571, -33.24726664924621, -35.88341938042641, -42.18390218806267, -35.378634231805805, -34.77313483595849, -33.74265298247337, -31.956869544744485, -40.69884402036668, -37.15390364432335, -36.96999421429634, -36.97755654859542, -37.58198339080811, -39.2295449564457, -33.64751042723656, -36.18131385970116, -32.1282674870491, -35.29939414882659, -36.19480027604103], [-12.178957631111146, -20.7951128616333, -22.33767479276657, -18.361329439163207, -13.120341244220732, -11.759913395404816, -16.233786219120024, -25.133906495571136, -23.157845873832706, -15.41959167432785, -10.873281401634216, -11.044620498657226, -10.8688438372612, -10.468210280418395, -10.363022348880767, -17.4509208984375, -29.940346752166747, -24.134803132534028, -15.37893113565445, -27.934586379528046, -27.7666674823761, -21.980295020103455, -16.89061062192917, -27.51336416816711, -23.429874997615812, -17.96212747335434, -22.39287612581253, -35.159138689041136], [-10.397665240049363, -8.062413637876512, -8.616601079940796, -8.48024586868286, -7.822275714159011, -7.609973095655442, -8.135845111608505, -10.471127379178998, -11.246325029611588, -10.908454867601396, -11.695458310842513, -11.373109941959381, -11.077654618024827, -11.681271465301514, -10.737020711421966, -10.412390481472016, -17.801988627433776, -14.584833170890807, -10.89765133500099, -15.795101331710816, -16.925440436363218, -16.021907856941223, -17.3610368309021, -17.61960209131241, -16.9796207742691, -14.900526460886002, -16.02458636522293, -29.338426547288897], [-15.977914943695065, -13.895091959953309, -15.379029708862305, -18.026754702568056, -22.396709328651433, -22.248530682563782, -18.95058662223816, -17.215653591156006, -19.710173641204833, -25.403815167427066, -29.54330080509186, -32.331794370651245, -31.582213829994203, -32.88877721691132, -31.28410503578186, -20.892945253372194, -19.413389740943906, -21.219117418289187, -24.798004671096802, -20.459297359466554, -21.04124341773987, -23.978167237281795, -32.30697657585144, -25.344128878593445, -25.404049827575683, -28.475175079345703, -23.696987166404725, -25.172872898101808], [-15.813006311893464, -13.932210089683533, -14.307835208892822, -17.901369338035586, -25.29302475070953, -24.614400488853455, -22.769402420043942, -21.116871019363405, -27.440288770198823, -29.18294764471054, -31.634446136951446, -31.702133246421813, -30.519481997966764, -26.98127142953873, -28.917518002033233, -26.211294962882995, -22.597829201221465, -27.555300729751586, -29.586105497837067, -28.071316168785096, -25.975138878822328, -28.186484748363494, -35.187107352733605, -21.927718479633334, -25.84226278591156, -38.02072222709656, -29.53997716140747, -22.938441523075106], [-23.46387020301819, -20.398623252868653, -21.016311172008518, -24.792127192497254, -25.817960572719574, -25.662526664257047, -22.152403735637662, -22.85095936775208, -25.300356594085695, -29.00742129278183, -31.74660345554352, -33.91119060325623, -33.41579817771912, -34.42626436185837, -29.98583211326599, -25.082369388103483, -26.115317276477814, -24.942449263095856, -27.420219945430755, -28.612906430244447, -28.45932718706131, -29.18968350601196, -32.84149100923538, -26.22980793905258, -26.230760348796846, -29.02133595609665, -30.123328474521642, -34.02892498445511], [-32.655812499999996, -35.12468749999999, -34.188875, -32.47387500000001, -29.76775, -26.3513125, -31.306, -36.230375, -38.204062500000006, -34.281124999999996, -33.63975000000001, -33.613375000000005, -32.119375000000005, -32.638062500000004, -31.150125000000003, -32.9591875, -38.122875, -38.3515, -32.98950000000001, -37.3890625, -37.4006875, -32.1971875, -30.5745, -34.1326875, -33.09075, -40.659875, -35.3508125, -41.09125], [-40.759451587677, -34.6079834036827, -36.696419537544244, -40.6403734202385, -47.880434607982636, -42.41239999198914, -40.710211022853855, -35.40915395164489, -38.665545066833495, -46.8419672050476, -42.318546394824985, -42.046892754554754, -46.650190733909604, -44.8592431139946, -40.63724829816818, -42.17798086595536, -37.53706521368027, -38.768022054195406, -49.47563089799881, -40.315688645362854, -39.30252907752991, -44.21439868736267, -47.328586268901816, -47.173945846080784, -43.08245422554017, -47.3327277622223, -41.78447512149811, -40.80497830104828], [-41.91349061059952, -41.622294197559356, -44.76829345178604, -44.23221269512177, -43.675542525768286, -42.478972368717194, -48.14203552436828, -50.16363540792465, -52.433976814746856, -50.693619057178495, -45.58905463218689, -49.52359211444855, -49.97996411514282, -46.05045658349991, -47.575579947948455, -50.25305254364014, -48.84049376821518, -51.03443255901337, -48.67617724227905, -51.36304754400253, -50.7768610868454, -54.474695118904116, -48.42407128715515, -52.79723191261292, -51.887734141349796, -49.08377660989761, -50.76321545219422, -55.534957062244416], [-42.66216641139984, -41.72089301013947, -41.06420372772217, -46.87297189331055, -44.78092464447022, -43.346024518013, -43.85733601379394, -48.18266506481171, -46.376007424354555, -48.4514580450058, -48.47077232551575, -47.62624027633667, -47.07691896629333, -46.10489758872986, -49.850961518287654, -48.86930547523499, -50.28205113983155, -49.29155474472045, -51.801870965003964, -53.30744495773315, -54.06264944171905, -51.32805850791931, -51.147812286376954, -57.95605354309082, -54.31876316356659, -52.78182843971253, -50.581390500068665, -54.689066006660454], [-55.32006790924073, -55.646957746505734, -58.13658596992493, -60.11163756752014, -62.50904946422577, -60.351375542640696, -57.607565353393554, -57.67770485973358, -58.43581618022919, -58.2480009098053, -62.02274547576905, -61.563746885299686, 