{"status": 1, "spectogram": [[-37.26489291250706, -48.84312500092387, -51.11824983042479, -47.80374995845556, -52.580776613548394, -48.807437258377675, -45.04324990156293, -44.94633028142154, -48.07088376002014, -45.202321336388586, -45.19888384543359, -43.576107233226296, -48.31449990147352, -48.33433909365535, -45.34496429806948, -47.5762320266962, -54.43691055244208, -48.945946255475285, -43.71519636061788, -49.29669630998373, -46.18670522914827, -46.71608910480141, -51.39102651841939, -46.94643740682304, -47.526205338105555, -46.89161596556008, -45.88992850396037, -49.67828568825126], [-3.291964227437973, -2.89465178579092, -2.776839227437973, -3.0031160601973537, -3.1762767835259442, -3.328428586125374, -3.461991087734699, -3.6711964544057842, -3.4269732121825216, -3.4252053068280217, -3.8030178087949755, -3.441696398735046, -2.8726606929302214, -2.8219910848736767, -2.639178539991379, -2.5599731293320653, -2.4590356184244153, -2.6824731209874146, -2.7447856557369232, -2.8759999648332597, -2.9923749604225156, -2.975169613659382, -2.730107120156288, -2.7415446189045904, -2.8108392750024795, -2.9710446249842644, -3.111044651687145, -3.2081696389317513], [-33.831902312517165, -46.106555467605595, -48.395741938829424, -41.032535189151766, -47.539983148097996, -45.78698237323762, -47.87623319530488, -44.39592958688736, -48.768634992361065, -46.77610796165467, -48.624358100891115, -41.09388389754296, -51.97610846424104, -47.00897285914421, -41.36566038751602, -51.13400093269348, -50.21524246335029, -47.46642027115822, -47.79441891980172, -46.415972536325455, -46.927678692340855, -45.95704507899285, -46.662732774257655, -45.821867322206494, -46.53174157357216, -49.93797619175911, -46.3409725997448, -46.8560270512104], [-16.2388125, -20.848374999999997, -18.2868125, -20.6464375, -21.462, -22.620812500000003, -23.295437500000002, -23.5765, -22.2198125, -19.8995, -20.209249999999997, -20.271375, -20.531875, -22.159875000000003, -19.6175625, -17.2221875, -17.081312500000003, -17.5835625, -19.4954375, -20.600875000000002, -20.45575, -20.7726875, -20.883812499999998, -20.4030625, -21.1679375, -20.923125000000002, -22.2806875, -22.364687500000002], [-16.72220057964325, -16.028539818286898, -26.438979906320576, -17.488861495971683, -17.034200666427612, -15.031333975076675, -15.483021497726437, -14.445735494613647, -17.53790592265129, -25.14964879846573, -25.951524037361146, -22.40121078324318, -18.49374569773674, -14.990218043804168, -20.26228172802925, -31.854293304920194, -37.62488413763047, -35.19574944710732, -27.09437253022194, -21.818978315114975, -22.08388911366463, -22.270844562053682, -20.37621909570694, -20.430719171524046, -18.563593715190887, -19.951451172828676, -15.900950195312504, -17.56086124563217], [-29.25867329263687, -26.05028619289398, -31.521975776195525, -28.040837378501895, -28.416865160465242, -31.459368765354156, -34.12467923068999, -28.838262286663053, -29.37197655057907, -33.23941173648834, -32.69997609567642, -31.412667835712433, -35.13491481542587, -36.30759100818634, -24.491275970935817, -38.64624613285065, -34.06377547693253, -35.62147891521454, -33.79391749715805, -32.734256752491, -33.51167001390458, -33.56381197786331, -30.10937411212921, -30.18636529970169, -33.76975830698014, -36.73439720582962, -31.758838370323183, -31.526694627761838], [-9.453017641544342, -7.3359243698120125, -9.875864914655685, -8.48481759929657, -7.93211193060875, -7.954477118492127, -8.302476922512055, -8.594806688547134, -9.026263648986816, -11.001730578899386, -11.52554312682152, -10.250176200866699, -9.29188080096245, -8.330887998104096, -10.044952834844588, -12.669411134243012, -12.370455831766128, -12.449196986675261, -12.043320187091826, -11.356033230304718, -11.155435296297073, -11.095256335973739, -11.444380935430527, -10.65205970978737, -10.760987352609634, -10.57725556921959, -10.258441565036772, -10.242728119850158], [-23.676857595443728, -33.06009764575958, -35.532407642364504, -31.89315274715424, -32.897518476486205, -37.22436615562438, -43.14535832214356, -37.150702809333794, -32.968012253761295, -35.76735918045044, -34.7124156293869, -35.87794035434723, -36.35651952552796, -37.73297665786743, -37.75085518455505, -38.365920102119446, -36.75313232517243, -39.31555358886719, -37.38980888557434, -38.53231658840179, -36.46607327461243, -37.5514568605423, -40.52995302867889, -34.42099317646027, -36.51868218040465, -39.528466577529905, -32.92783687973023, -41.22559636974334], [-31.709986543655397, -33.00258950042724, -34.07777853822708, -31.862108340263365, -33.53061725187302, -35.543447423934936, -42.55675971460342, -31.71808108282089, -36.5800814166069, -35.937628372192385, -38.050998738288875, -39.34491187000275, -34.18763492155075, -32.97452532911301, -30.75334155082703, -33.86976936721801, -34.14732924318314, -33.95666309928894, -33.09591046142578, -31.606777741909028, -35.69102871751785, -37.44163582658767, -35.58707056617737, -35.09170624494553, -34.8771716837883, -35.85548909235001, -35.59417584514618, -35.7758037443161], [-36.46894208335876, -37.26873123693466, -33.57685823392868, -38.020802289485935, -43.71285609340668, -41.21522849035263, -41.64604081726074, -39.51664299058913, -40.679790960311884, -37.61985465478897, -35.458046147346494, -38.342105421543124, -43.665918912410746, -40.03997000789642, -36.37984630966186, -27.944731572151184, -27.122420177936554, -27.11025109767914, -31.95361879348755, -38.142725509166716, -36.94529848718643, -38.290759936809536, -37.708699114799494, -37.127494279384614, -36.76264852046967, -40.877773946285245, -38.39246930980683, -36.455596289634705], [-42.628249999999994, -43.55437500000001, -41.48675, -44.8383125, -44.1105, -46.818062499999996, -47.17637500000001, -47.736562500000005, -46.449374999999996, -43.6628125, -46.530625, -43.44075000000001, -45.5624375, -44.92675, -43.97081250000001, -42.2181875, -43.4074375, -42.621249999999996, -41.692875, -46.05918750000001, -44.3315, -42.379625000000004, -43.459374999999994, -44.6838125, -43.176625, -44.017375, -45.1850625, -44.671437499999996], [-54.989989299297335, -58.8725057349205, -55.91245210838318, -55.596281210899356, -57.321467825412746, -53.99328528499603, -57.50996485567093, -59.15113946294784, -59.189402846336364, -57.44612612342835, -56.24200374412536, -54.0227904291153, -57.82759365224838, -61.10769223165512, -56.02189218139649, -56.93979437732696, -55.42451852369308, -60.65287828922272, -61.41474723529816, -58.472255714893336, -56.34939006423951, -62.13403958702087, -57.60105137157439, -55.387972222805026, -56.513022130489354, -54.32107947397231, -60.61306441068649, -59.428504615783694], [-51.80121658039093, -50.20278608322144, -47.71179041194916, -45.81418966817856, -49.28701992893218, -53.102170081615455, -50.69423238277436, -56.19632802248, -51.254214905738834, -47.56472591543198, -50.110166060447696, -52.058812080860136, -50.08827060604095, -48.68362642288208, -50.10506419324875, -47.35994887542724, -50.06226114892959, -50.983583311557766, -49.54808203172684, -45.96134312725067, -45.51815547895432, -45.98125471973419, -46.65962827682495, -44.290878766059876, -45.86344921875, -45.5126985988617, -47.60476082372666, -45.59391361999512], [-50.26985618114472, -50.194583693504335, -47.94590123176575, -50.53434155845641, -54.294722472190855, -53.8658752708435, -53.934065102577215, -52.2345846567154, -52.93122661685943, -51.990581218719484, -52.9346465845108, -51.404218931198116, -51.19789468383789, -53.57384430980683, -52.51522508716584, -45.900487238883976, -42.895935414314266, -45.98597531032563, -50.5279634847641, -50.19547041130066, -52.00679881954193, -52.80967435932159, -54.70785786437989, -54.963352755546566, -54.81826995086669, -53.56247316551208, -51.971600385665894, -53.71392500591278], [-50.71056187534333, -54.231682288169864, -51.437680369377134, -52.96943367671967, -54.6392479133606, -53.49978299713135, -54.33953277778626, -55.56832879543305, -54.06109431171418, -50.86205427837372, -52.09537280654907, -51.545559519767764, 