{"status": 0, "spectogram": [[-50.594794612571604, -54.750133876636625, -56.25938375486434, -55.38629440374672, -52.624580345317725, -55.07025880609453, -54.210508750006554, -57.02217838615179, -54.8485981477052, -56.1479373524636, -52.75299986630678, -57.412749941468235, -57.334071330726154, -53.38898193445802, -55.23360700991749, -58.41843744234741, -55.43543730466069, -55.18445515866578, -59.0336426230669, -57.806999908089644, -57.79274980142713, -57.58678560489417, -57.178347937390214, -57.120008835509424, -58.94249995997548, -59.15816935552656, -57.88960696965456, -49.72643736366927], [-6.169383948266506, -6.241598189413548, -6.316598192036152, -6.71303572678566, -7.042116116702557, -7.2482411046624176, -7.487178583979608, -7.458392840743064, -7.539374987363814, -7.6772856979370125, -7.8537856813669205, -8.079946396827697, -8.185169624269008, -8.192383908927441, -8.33538391751051, -8.560571427702902, -9.105723202645779, -9.535357092618943, -9.550482071638106, -9.618830305278301, -9.611366054952144, -10.003383936703205, -9.885883949339389, -10.201142902851107, -10.63463399630785, -10.824946497917175, -11.07525900143385, -11.306232211470604], [-38.603428899765014, -48.02772317290306, -47.967720541238776, -47.80367694520951, -47.697902373075486, -49.711223342657085, -47.658347805738444, -49.970991109609606, -49.993812090635295, -48.74357071399688, -50.983820232391366, -50.20121428108215, -48.65358112311364, -45.37762503004075, -51.03624944591522, -47.67933856964111, -51.80615887641907, -50.380900691270824, -54.78971526527404, -54.14410733127595, -51.42525054883957, -51.00670570397377, -52.69089325475693, -50.674606513977054, -51.44056253933906, -55.03116086769104, -53.382348659276964, -50.08317038655281], [-18.635375, -19.917125, -20.224249999999998, -21.9859375, -24.307750000000002, -23.595000000000002, -22.2374375, -21.0734375, -21.726062499999998, -21.5560625, -20.985999999999997, -21.3716875, -22.1919375, -22.531437500000003, -23.0686875, -23.88525, -24.1615625, -23.0940625, -22.226937500000002, -23.161062499999996, -25.002125, -26.745375, -27.805875, -29.169312500000004, -31.1608125, -32.41, -32.263875, -32.388625000000005], [-18.350406005620957, -20.308683358192443, -20.470120873212817, -16.14273586988449, -13.056708276987075, -14.240458532094955, -16.39283406662941, -20.915093998908993, -20.70813843178749, -21.575861807346346, -24.17898740148544, -24.606130285739898, -22.285290376186367, -23.0967279446125, -22.40172769856453, -21.087763036489488, -23.190772218227387, -32.26558681082725, -40.264088859796516, -31.90097950148583, -25.274986666202548, -22.96601276803017, -21.508637392759322, -20.141717260837556, -18.951752519607545, -19.088627423286443, -19.468564942598345, -20.1300204000473], [-23.306491374492644, -38.145040967464446, -40.983416305065155, -33.73505327987671, -38.491920574665066, -38.99659791135788, -40.150846071720125, -40.3070773472786, -37.986819474220276, -35.52608063745498, -35.881641789436344, -40.06759541749954, -37.0157132396698, -35.402949514389036, -42.98400649499893, -41.72528492927552, -40.48291653203964, -36.82446509742737, -37.856839333534246, -40.13041242790222, -38.501061795711514, -42.16327507352829, -43.12940490961075, -42.09258102560043, -44.00921756935119, -40.27676936626435, -43.98076890182495, -45.12790042448044], [-4.165643283843994, -1.075211368083954, -1.3728361506462097, -2.1219237546920775, -3.355528485298157, -3.4868684039115907, -2.798182249307633, -2.9962645373344428, -3.493460790157318, -3.723791274309159, -3.815104717731476, -4.588577857732773, -4.60590752363205, -5.551532586574554, -5.784594728231431, -6.2234244256019595, -7.105728368759156, -7.628784118652344, -8.039660381793976, -7.626980809211731, -8.587130755186081, -9.09539719080925, -9.97008372735977, -11.006117714405061, -12.076580394268035, -13.00589275765419, -13.075517588853835, -13.495536021471024], [-26.302702296257017, -40.241580716133114, -38.022144491195675, -40.57032969951629, -42.94351900100708, -39.44502449798584, -40.10745715618133, -40.72850541400909, -39.98510732269287, -41.816748603820805, -42.82943735599517, -41.29394124317169, -43.9634765958786, -40.34378932571411, -42.79353235054016, -41.113676115036014, -42.89055779743195, -41.15232301139832, -45.6218864774704, -44.77791738224029, -40.34423640537263, -38.29115947151184, -41.69878782463074, -43.870983980178835, -39.581945508956906, -45.83979571056366, -46.59716831874847, -40.0193333864212], [-33.51411487913132, -39.38784548711777, -40.9011584444046, -37.98072283601761, -40.494295607089995, -42.513000003814696, -44.723188383579256, -42.03370498418808, -40.519698424339296, -45.41807782888412, -35.75126774978638, -41.61777543783188, -38.596570378303525, -41.74204233598709, -40.41754286909104, -47.66300717115402, -47.60825581121445, -44.33393825101852, -40.296060653209686, -42.02011503648758, -41.72451843738556, -41.590587887763974, -45.71802535581588, -43.724072838783265, -45.46023748064041, -46.06177627325058, -45.556467374801635, -42.69589284324646], [-35.126334569931025, -41.44155269336701, -37.806932903289805, -36.25601097679138, -41.18295614528655, -37.44603653287887, -39.99477687692642, -38.89742168569565, -43.4049458398819, -40.75729006004334, -35.901727175235756, -37.21005906200409, -37.50698179864884, -43.435081005096436, -40.71490346288682, -41.81068571043015, -42.37233587408066, -37.079000648975374, -44.48974675226211, -40.814082847595216, -39.247321756362915, -42.81063688945771, -44.29750224208832, -40.92629058122635, -41.10207959508896, -42.97397918987274, -42.94616330957413, -44.79078860139847], [-32.892624999999995, -37.705875000000006, -37.621, -38.27025, -44.4979375, -45.009375, -44.2765625, -42.314125000000004, -39.9285625, -45.4655, -41.438312499999995, -40.805125000000004, -42.9519375, -40.2645625, -41.3233125, -43.438500000000005, -42.173874999999995, -39.2283125, -38.562875000000005, -40.37237499999999, -41.7969375, -46.188437500000006, -44.608625, -43.9169375, -47.2289375, -46.7015625, -43.3424375, -44.210187499999996], [-46.65203667545319, -47.44397544145585, -46.86404014873504, -52.59954273128509, -51.45811960601806, -53.85833014011382, -49.35308783340453, -50.89679196786881, -52.0025755572319, -54.24744815969467, -55.257513430595395, -51.0831731877327, -52.35756928348542, -51.11803586864471, -49.53415948390961, -52.32087993955612, -46.929729020595545, -46.785183659076694, -46.429377534866326, -53.836369909763334, -51.1064467587471, -49.78007292318344, -49.12926617527008, -45.36835909366607, -54.9679978055954, -49.600679107666025, -50.118364417552954, -52.12828386640549], [-34.72390545988083, -36.273129687309265, -37.05844179677963, -37.754154460430144, -39.84793809175491, -41.1715460305214, -40.21898478603363, -39.66824527025223, -39.902289445877074, -38.890289592742924, -40.32935264635086, -41.62765670061111, -41.515325322151185, -38.89284360790252, -39.146843012809754, -38.224538506507876, -39.620646327972416, -43.57764745616913, -45.01439797019958, -45.462550916194914, -49.392063600063324, -47.429822996139535, -51.76750797986983, -46.78027655267715, -48.23770469045639, -48.707525473117826, -46.80590156888962, -46.36632162284851], [-41.333610140800474, -40.84922404670716, -44.398225929260256, -43.629957122802736, -42.65483885097503, -44.56336462593079, -42.21805259609223, -45.36232687759399, -44.44248348522186, -44.272794559478754, -42.87873929500579, -47.48441489124298, -46.135731212615966, -43.18442914962769, -45.23242968177795, -44.98807987689971, -45.24844541740417, -44.36044016361236, -42.74888122940063, -44.15081005382538, -42.192750804901124, -46.64169517326356, -41.97451104259491, -43.39467686843872, -44.40497059345245, -45.376261811256406, -44.75188367557526, -47.04772209072113], [-48.12612802410125, -50.55656355094909, -52.9476267080307, -49.335248445510864, -53.097832843780516, -54.80526406288146, -54.7798849105835, -52.939225738525394, -54.391939273834225, -57.25011535835265, -58.090492509841916, -56.766612025260926, 