{"status": 0, "spectogram": [[-11.031393270254135, -14.649357759296894, -14.479670225784183, -12.889750449061392, -14.399188050970436, -13.940589783191681, -14.720839837759735, -13.583018295794723, -14.3032594140023, -14.900545179054141, -14.254170114055276, -14.632893346995115, -14.502795119956136, -14.103830768212674, -15.105893350630998, -16.45771490570903, -14.788563060685991, -16.605384635344148, -12.908884400054811, -13.970045302256942, -11.66637552112341, -12.13680412620306, -12.706866662606597, -13.15192025925219, -11.463812973931432, -10.983795099452138, -12.728670229986307, -11.462625493198633], [-6.9548125547766695, -8.18616958194971, -8.249357083320618, -8.005482139229773, -8.312294630467893, -8.595062442600726, -8.200187449395656, -8.377624948143959, -8.62858030182123, -8.366133901298047, -8.473383901894092, -8.334366026699543, -8.219633928835393, -8.557946382761003, -8.501383891165258, -8.322374928355217, -7.349276679456234, -7.253705245912075, -6.330767797350884, -5.44572308164835, -4.869508806288242, -4.8012677621841435, -5.000705241978169, -5.306321292519569, -5.552821297168732, -5.446294489562511, -5.359856985926628, -5.3504016723036765], [-13.03884911084175, -12.070857444763183, -12.116044922590254, -12.894616704225541, -13.331000558853148, -12.700161007881166, -12.114911040782928, -12.684991389513016, -12.91461639237404, -12.964437963247299, -13.080750453472138, -12.530678935050965, -13.083813132047652, -12.426553926944733, -12.634366468667984, -11.961000187873841, -10.485160714149476, -10.086571429252624, -10.183321704387666, -8.307276642560959, -7.933419561624526, -8.472544719934465, -8.480419616460802, -8.517740914583207, -8.994321310520172, -8.786071154117582, -8.228258655786513, -9.013910692214965], [-14.112437499999999, -19.266375, -19.465875, -17.5664375, -19.0121875, -19.469312499999997, -18.191812499999997, -19.752812499999997, -19.7265625, -18.8234375, -18.9476875, -18.937625, -17.019, -19.1950625, -19.260687500000003, -18.1108125, -16.305999999999997, -16.313125, -16.2811875, -13.836500000000001, -13.8465625, -15.1519375, -14.674625, -14.0755625, -14.574375000000002, -13.5650625, -13.099124999999999, -15.1613125], [-20.181065001249312, -29.757281403303146, -35.90153313231468, -23.511655386209487, -26.914513090372086, -29.649352704286574, -28.10260263323784, -33.97906831908226, -32.6457910618782, -27.182548906564712, -29.475111960411073, -28.75131692862511, -23.42222663283348, -32.432710855722426, -29.213710007429125, -29.771486631393433, -30.597058178424835, -34.4732378616333, -25.775861238956452, -25.452262158155442, -30.00274588179588, -34.017622336149216, -30.953621036767956, -27.810646535873417, -28.94755752706528, -24.123412863731385, -23.63185041308403, -33.92382719516754], [-19.137051557064055, -20.02012493848801, -20.98500078058243, -17.442952752113342, -18.75235491323471, -21.49917779111862, -21.278240387916565, -22.60311664581299, -22.700008791923523, -19.80453337430954, -21.620410776615145, -21.331927565097807, -18.03319342660904, -21.092651646614073, -20.78483845663071, -21.59857998657227, -22.540973766326907, -22.34662621259689, -18.314499387264252, -20.01080192613602, -20.666500316143036, -20.843180192470548, -21.73980469942093, -21.730142803668976, -22.690598704338075, -22.28713155269623, -21.30100599861145, -22.179884870529175], [-15.950364568471908, -18.95937404870987, -19.210998950004576, -17.261272810220717, -18.247416198492047, -19.004793462991714, -17.079418133974077, -18.775561131715772, -19.312025370836256, -18.44304190516472, -19.266854550361636, -19.56459632611275, -19.185933445215227, -20.097533959865565, -19.691721088647842, -20.353972750902177, -21.259626208782198, -20.464465284824374, -17.660838399410252, -21.598921956300735, -20.395698112487793, -19.564125535011293, -21.634001567840578, -22.972038052558897, -23.463894983291627, -24.559021815776827, -23.558083791494365, -22.669126574993136], [-20.242662289619446, -23.414215155601504, -23.65821527957916, -26.849613748550418, -28.22065867519379, -26.271268630027773, -25.02108125114441, -25.044759971618653, -25.266786480903622, -26.508677256584168, -26.15905316638947, -25.57646447658539, -29.116675253868102, -25.993107338905336, -26.59954429626465, -23.382172321319576, -19.783925144195557, -20.464192544937134, -24.218751315116883, -17.679900151252745, -17.664193983078, -20.425432824134823, -19.00424713897705, -18.591605503082278, -18.820203640937805, -17.931080540657046, -17.549892784118654, -20.0032823638916], [-24.89562409687042, -31.426497769355777, -29.398997519493104, -25.80863297891617, -28.29801634788513, -30.21713986492157, -26.120452693462376, -26.866800627708436, -27.855219841480256, -24.61049806499481, -25.492184943675994, -26.615425728797913, -24.245231115341184, -28.98374664115906, -27.32230967950821, -29.720236768245698, -31.774423270225526, -30.49803174495697, -25.30128262329102, -27.633177114486692, -28.07253125667572, -29.148468039035798, -31.42221944570541, -31.199462483406062, -31.398728919982908, -29.468552783966068, -28.941551963806155, -32.19223682260513], [-40.374362583160405, -45.79337398338317, -44.850565338611595, -42.211834155559536, -43.95299147129059, -42.68714872455597, -41.50041189670562, -44.5790249786377, -48.11295179748536, -45.006786813735964, -49.6256422214508, -48.30654259443283, -42.96631091880798, -45.2328589410782, -42.65430044794083, -43.688507714748376, -39.43412089681626, -38.707530576229104, -41.93777932882309, -35.02096513414382, -38.855015101909636, -41.39936817884445, -37.106496921062465, -34.676348299026486, -34.36266909980774, -34.34066385889053, -33.75203790330887, -36.42732550048828], [-42.515125, -41.4659375, -42.40875, -42.0944375, -42.697187500000005, -43.5424375, -43.7804375, -45.7140625, -46.1479375, -45.728187500000004, -46.822375, -44.963687500000006, -46.6948125, -47.8221875, -49.077375, -46.516312500000005, -44.724937499999996, -45.2151875, -45.23225000000001, -44.3475, -42.004625, -43.0035625, -43.0263125, -43.3091875, -45.51375, -43.8403125, -44.197312499999995, -43.78868750000001], [-45.55736661195755, -43.243120860576624, -43.66774690771102, -42.34737425661087, -42.72048231744766, -44.32999743700028, -43.25268481254578, -46.92206678152084, -46.886174613475795, -45.96922790288925, -47.08941566753388, -45.55072049331665, -45.07639939498902, -47.30453831577301, -48.971725001811976, -47.29728850746155, -47.05209675168991, -48.43825617933274, -47.53201161241531, -45.66540550518036, -46.34123689126969, -45.58348206233978, -45.25660370635986, -45.54861112451553, -46.842386677742, -46.486081903457645, -46.73333077335357, -46.059453908443444], [-39.62592187166214, -39.555833548069, -39.96208292627335, -40.79888558340073, -40.595680549621584, -40.60864383506775, -40.80633178091049, -41.70386634969711, -42.45579387044907, -43.16851003694535, -42.07782349491119, -41.161734661102294, -40.52061815404892, -40.84222631120682, -42.144475489139566, -41.71864426040649, -41.210999530792236, -41.44453705978394, -38.75422592210769, -40.368839412689205, -39.65423201274872, -39.43742190694809, -39.760733108520505, -40.237180102348326, -40.04794895553589, -39.89246383190155, -40.778026713848114, -39.6929043354988], [-41.490079241752625, -38.45467973327637, -38.576117592811585, -37.581773933410645, -37.0166132698059, -39.264001836776735, -42.5557502746582, -41.24192110729217, -40.99731445407867, -41.10143112754822, -42.393868659019475, -44.56368734264374, -42.87115317249298, -42.49421635246277, -44.05752884197235, -43.13500253677369, -42.179253362655636, -45.31316047096253, -43.31372390079498, -40.45418249511719, -38.93924411487579, -40.62726658248901, -40.366017278671265, -39.30398159980774, -40.44408857917786, -39.432048468589784, -38.413988191604616, -39.8877073545456], [-44.13972648906707, -45.185678464889534, -46.03342752075195, -46.98826704025269, -48.42180105018616, -47.64893498706818, -44.985250797271725, -46.58991145896912, -47.6641877527237, -46.346529088020326, -46.78715319156647, 