{"status": 0, "spectogram": [[-7.806562798425555, -12.600625566482545, -12.249500556588174, -10.398562930092217, -10.634518355190753, -9.96112545850873, -10.306125452548265, -10.400518312633038, -11.085670174166562, -11.027804084897042, -10.534741559550167, -10.359839772552252, -10.77355411952734, -10.244000464797018, -11.110375556737184, -13.646581116721034, -12.13968812675774, -10.757009425655006, -10.922134420976043, -11.62586661116779, -11.758482674151658, -10.525759358242155, -11.442321940958498, -12.0652147782743, -12.781598717793822, -12.82096480438113, -11.26521466961503, -12.127982570320366], [-4.255812546551228, -3.889491003572941, -4.068991009771824, -3.975392760753631, -3.4823570837974547, -3.7770089232325557, -3.76875886708498, -3.5845981630682946, -3.1354463416337968, -3.145392750382424, -3.062517726063728, -3.0429463236331937, -3.0117231064438816, -2.4215087776780133, -2.898508822262287, -3.250857069373131, -2.8312945291399956, -2.853696257472038, -2.865758706867694, -3.013240917146206, -3.6276516485810277, -3.8129463896751403, -4.306258866608142, -4.5601249076128, -4.152428503394127, -4.378115885317325, -4.801303331851959, -3.973687316954136], [-16.964258026838298, -15.621901979207992, -16.093214510440827, -15.48756249499321, -16.519518228530885, -18.144339985847473, -16.54565188860893, -16.836446860313416, -15.252687587976453, -15.634741159200669, -14.115053318023683, -14.207651908159256, -14.483571520328523, -13.429026491880416, -14.88383931684494, -15.679018071174621, -14.256205213308336, -13.327017532825469, -12.374017136096953, -13.570303334712982, -15.162714111328127, -17.064259592294693, -17.451508999586107, -18.25112504339218, -17.76955380821228, -17.640597844839093, -17.285784772396084, -16.513999485015866], [-20.250375, -22.548000000000002, -22.27675, -20.2974375, -22.276125, -20.834625000000003, -20.7668125, -21.805625, -21.175062500000003, -21.0574375, -17.105937500000003, -18.5464375, -21.1313125, -16.3569375, -20.212625000000003, -21.828875, -19.540937500000002, -17.48525, -14.612187500000001, -18.23725, -20.754375, -23.0155, -21.3578125, -22.8754375, -20.792749999999998, -19.497125, -16.40225, -16.407562499999997], [-20.733509795904162, -31.93275399684906, -23.78406450009346, -26.836171836137773, -26.321512173891065, -24.790860007762905, -27.57148453426361, -27.146539160251617, -31.621771758079525, -28.103931493759156, -28.377118495702746, -24.01885012125969, -31.320396986007687, -23.115653086423873, -25.361154410600662, -27.382940544843677, -29.45811008882523, -25.16643061542511, -18.50242764139175, -25.446885806798935, -25.969162220478058, -25.315851188898087, -28.480663715839384, -27.087904401540758, -29.025610864639283, -28.359715435504913, -20.91814941287041, -27.366626918315887], [-16.358995708942413, -20.51038391208649, -18.220132908821107, -18.8591857213974, -16.145274804115296, -15.224916034698488, -16.479040800094605, -19.561241163253783, -20.619080391883852, -20.372409719944, -20.37453099679947, -18.15899654340744, -19.244443432331085, -22.219624915599823, -21.513809452056883, -19.122427506923675, -19.827853387355802, -20.966780619144437, -22.60983906936646, -22.55507554149628, -23.014747327327733, -19.33783575582504, -19.157397336959836, -24.622980725765228, -25.292288361549375, -25.252834250926973, -27.707702960491176, -25.45221609210968], [-22.293225019693374, -18.90488344168663, -19.11844612836838, -17.923473534822463, -17.660535099983214, -22.66437891125679, -19.254259392976756, -19.833730278491974, -18.098430264949798, -21.130393464088442, -19.250958353757856, -16.68897400832176, -17.495697586059567, -20.587664473056794, -17.89247400975227, -18.83134800839424, -18.40442991018295, -18.774665307044984, -21.809667461395264, -17.591387112379074, -18.82188612961769, -16.739650038957596, -20.804777058839793, -19.42182194519043, -19.50606249928475, -22.57065641331673, -28.198909443140032, -21.83514739227295], [-20.69925893974304, -15.826976102828981, -15.28235136795044, -16.463692375183104, -15.784002751350403, -22.17392679309845, -17.24793120479584, -19.512688344955446, -14.090388082504273, -15.518254118919373, -11.440132195472717, -12.038148472785949, -14.150647379875183, -10.533928691864013, -14.265363234519958, -14.97306657409668, -11.268702216148377, -10.343109260559082, -12.792926032066344, -14.828178886413575, -16.556748188018798, -18.868451661109926, -20.42676128578186, -19.180086353302002, -22.914405164718627, -18.233284509658812, -19.711042377471923, -19.60664532470703], [-32.92181258249283, -32.048801630020144, -33.25205117893219, -31.856363017559048, -29.50348985719681, -27.003383594989778, -29.344256110668184, -31.076764162063593, -31.024093997478488, -29.455961730003352, -29.80964849328995, -30.645334850311283, -31.054987146854405, -29.70827353429794, -31.531584554672243, -29.091442997932432, -29.706262219429014, -33.57028074264526, -30.874035193443298, -29.527810942173005, -32.99129953765869, -32.33162228775024, -27.322748641014098, -38.26957879114151, -38.38789164352417, -33.179535864830015, -38.364095077991486, -34.43889301490783], [-44.856331305027005, -41.16501027822495, -41.982320256233216, -38.295180282592774, -37.32131051826477, -37.655684119701384, -42.53961896896362, -37.03372545909882, -39.758406128406534, -41.456291923046116, -39.60566688299179, -35.58861767292022, -37.10903973388672, -33.017235088825224, -39.8026692199707, -37.71252058076858, -42.07502252912522, -34.589103171825414, -35.870279741287234, -31.15536337900162, -37.41126093673705, -36.18281795358657, -36.65738524723052, -39.31413668012619, -41.84190513277054, -36.297308736324304, -33.7855664153099, -35.83714064884186], [-46.162, -41.83262500000001, -38.86375, -37.599625, -35.173125, -35.5525, -38.2269375, -37.472, -35.506, -36.818375, -39.86075, -33.753125, -35.152375, -33.4875, -34.5519375, -33.7301875, -33.2380625, -34.975562499999995, -31.588875, -33.83925000000001, -36.4903125, -37.253125, -34.353812500000004, -39.1051875, -38.484375, -38.195125, -33.9658125, -34.871624999999995], [-41.23067849254608, -40.57836184883117, -40.71092121458054, -36.66566587352752, -40.98425435686111, -38.866143824577335, -40.18732809877396, -45.19620311021805, -44.659835362434386, -40.49056898975372, -45.51075271177291, -40.17956357431412, -41.04448083782196, -39.22276333999634, -42.266260301589966, -43.70872931575776, -43.116582049846656, -41.98549064779282, -36.96025083875656, -44.141836933135984, -43.98187429904938, -40.69192188119889, -43.80584880256653, -47.931945969581605, -43.941206798076635, -45.48130970621109, -44.257239356994624, -44.237456715106966], [-61.086927604675296, -59.19155331420899, -58.191926156044005, -58.87226564121247, -57.80485536575317, -57.97924702644348, -56.71205910825729, -57.46848038482666, -58.84160478115082, -56.04442736816406, -59.63580004692078, -58.44011227369308, -58.754336551666256, -54.75751441955566, -57.88451318550109, -61.47916335821152, -58.488709360122684, -58.763264410972596, -57.65495035600663, -59.214798619270326, -58.98230199241638, -57.417583448410035, -56.572273603916166, -59.71565553188324, -62.36830070400238, -63.92493554067612, -62.58162511253357, -65.17036479806899], [-61.96063302516937, -61.97024250507355, -60.654804780960085, -62.076652682304385, -63.48869473266601, -64.09301184082031, -60.89489143371582, -60.65917003536224, -58.22081932830811, -58.990681438446046, -58.13142588424682, -60.69675809001923, -60.446784961700445, -59.62266635799408, -61.810041508674615, -58.81721348571777, -60.10803202819824, -61.34677603912354, -59.49984154415131, -58.900990265846254, -59.42135752105713, -60.07201865577697, -63.31882862186431, -63.857435898780814, -65.46336562824249, -61.93307173156738, -68.2822550535202, -66.53193636798858], [-50.26438938426971, -52.469047434806825, -55.62979491710662, -54.79486535167694, -51.11000247001648, -56.33457533740997, -55.27039108085632, -54.412345295906064, -51.817177465438846, -54.20689140319824, -52.013581330299374, -53.82745025920868, -53.01071011734008,