{"status": 0, "spectogram": [[-6.846642979085445, -4.837643055826426, -4.9628305519372224, -5.068607345372439, -5.202607350379228, -5.2232948500961065, -5.205419849440455, -5.3340359289646155, -5.4354912872761485, -5.812696641594171, -5.869446639150381, -5.776187713965774, -5.624553786933422, -5.705785931557417, -5.840473428562284, -5.827830574408174, -6.042839508086443, -6.214973434731364, -6.2847859345078465, -6.204000217318535, -6.008268072307109, -5.853910930752754, -5.896785930335522, -6.103491290017963, -6.280562721893191, -6.209116290643811, -6.271428789615632, -6.535187716707588], [-12.10832179403305, -11.155715288877488, -12.04177787643671, -10.959875967502594, -10.74067056876421, -10.794983057856559, -11.171858080506324, -10.610143729329108, -10.805956213891506, -10.937759782850744, -11.12763481539488, -11.258590191006661, -11.001929438829421, -10.868866916000844, -11.038116947114467, -10.834759778559208, -10.553063290297985, -11.021081198036672, -11.21220620161295, -11.433250845909118, -11.77572409039736, -11.725224075376987, -11.93191157925129, -11.507572265744209, -11.369724039018156, -11.56773298048973, -11.548357970952988, -11.663375850319863], [-18.841195243358612, -18.56308043885231, -17.627142313480377, -19.018259283304214, -19.594188314199446, -20.120920789957047, -19.705483075618744, -21.541028436899186, -22.754502121925352, -22.081537719726562, -21.038099613904954, -20.932804800510407, -21.463546305418014, -22.6995109975338, -21.646760537385937, -22.610877050876617, -24.289520668506622, -23.14004684948921, -23.16810927915573, -22.547073422908785, -22.57217144703865, -23.55041288328171, -23.779412690639493, -24.44533283829689, -24.54790432047844, -24.452645266532897, -24.373957739591596, -24.100752220153808], [-9.362, -9.630999999999998, -9.847562499999999, -8.899437500000001, -8.5448125, -8.214625, -8.6963125, -8.57275, -8.744, -8.528749999999999, -8.16825, -8.467500000000001, -8.7071875, -9.015875000000001, -8.423937500000001, -8.420437499999998, -8.339, -8.5665, -9.3964375, -9.587250000000001, -10.7463125, -11.346, -11.847375, -11.012562500000001, -10.8064375, -10.785250000000001, -10.967687499999998, -10.4521875], [-11.084001576900482, -14.053341592788696, -16.863405219316483, -12.059501415729521, -10.437277423143387, -9.759366286993027, -10.881241830587387, -9.227794353723528, -8.869248974323273, -9.154784883022309, -9.850848305940628, -10.114785729408263, -9.25170493388176, -8.893141979694366, -9.464454850435256, -8.905901032686234, -7.396864288568496, -8.388757695436478, -9.237382992982864, -9.4929276304245, -10.68241025829315, -10.915017158985139, -11.35457981467247, -9.731409533977509, -9.447248809814454, -9.727775755643846, -9.60808824157715, -10.20381166434288], [-4.876931206703185, -7.488915935516356, -6.254914501190186, -8.813211336612701, -9.266337246417999, -9.660766576290131, -8.611077714920045, -10.633471592903136, -11.877596584320068, -12.06928467988968, -10.813596684455874, -10.84880127477646, -10.608426550388337, -11.923721859931945, -11.229472318649293, -11.730507123947145, -12.436389875888825, -12.7359001789093, -12.580774792671203, -12.726882840156556, -11.56521248292923, -12.769293433189393, -12.20554229259491, -12.548560873985291, -12.612230247974395, -12.6166949839592, -12.824632970809937, -11.718319770336151], [-9.694581665992736, -10.790498087644576, -12.20668848657608, -10.168383130073547, -9.62248962020874, -8.580919530391693, -9.57054380941391, -8.336107966661453, -8.070699118375778, -7.3932618651390065, -7.682197852373124, -9.065375549554824, -8.785975062847136, -9.18385958456993, -9.056171319961548, -8.9989306371212, -7.6734062061309825, -7.6229586815834045, -8.59327048420906, -8.669306648492814, -10.292626349210739, -10.419010603427887, -11.677385506153106, -10.171235976457595, -10.104378450632096, -10.3138518037796, -10.250414148569106, -10.41640507030487], [-6.49562218761444, -8.905026052474975, -8.251777616500855, -10.218032975196838, -10.62554868221283, -11.744295638084411, -11.665236572265625, -13.840588094711304, -14.611790608406068, -14.780460723876953, -12.259465467453001, -12.705975022315979, -13.700516435623168, -14.027684651374818, -13.950936245918275, -13.911248168945312, -16.230626196861262, -14.812450974464417, -15.537764337539674, -15.218157604217529, -15.983249971389771, -15.420652007102968, -15.349777474403382, -16.109185307502745, -15.721148613929747, -16.105773427009584, -15.526774874687193, -15.743327715873718], [-22.142080650806427, -24.271066176891328, -25.352626128196718, -24.440780331134796, -24.348843361854556, -23.93143278980255, -24.876744969844818, -24.460808159828186, -25.157549679279327, -26.10047770452499, -25.182539942741393, -25.033557559013367, -25.32037086725235, -25.123736632347107, -25.48848654937744, -25.113656331539154, -25.126808274269102, -26.46013887453079, -26.415575434684754, -26.39231678724289, -26.42303966236115, -26.6063353638649, -26.580210513591766, -26.374986233711244, -27.167843517303467, -26.74573689651489, -27.108236762046815, -26.993530630588534], [-33.02063377952575, -34.06174783945084, -33.319689764022826, -35.48998939704896, -35.6784901266098, -35.53122282409668, -36.93515785074234, -35.33469889307022, -36.389413292407994, -35.751172475814826, -35.05167162609101, -37.37865369415283, -35.271198117733, -35.987360683918006, -36.323611170291905, -35.75861947536468, -34.00149862098694, -36.564941266059876, -36.33694203567505, -35.36044024181366, -35.28879688644409, -35.97008251285553, -34.953144307613364, -34.864629039287564, -35.58606705570221, -34.570647283077236, -34.40308395195007, -35.50672712421417], [-36.51675, -37.0390625, -37.176, -36.9030625, -38.92475, -39.08381250000001, -40.60675, -39.444562499999996, -39.8390625, -40.0134375, -39.455625, -39.018875, -38.34675, -39.0265625, -39.383125, -39.2158125, -39.403437499999995, -39.37025, -39.771874999999994, -39.6563125, -40.945125, -42.075125, -41.40356250000001, -40.3058125, -40.038875, -39.607124999999996, -39.59706250000001, -40.172812500000006], [-37.11711676359177, -40.11227528715134, -40.35271406459808, -41.44143656301498, -41.14114272594452, -41.1248814368248, -42.51013176012039, -42.866095109462734, -42.68219562625885, -42.495014879226694, -41.61901585769654, -42.093863936901094, -42.39640827178955, -42.66493500947953, -41.9244350438118, -42.174149898052214, -42.00591943216324, -42.322695923805234, -42.64275595617294, -43.11761517858506, -44.13512477684021, -44.552714525222775, -44.79846320056915, -42.78072648096085, -42.48836026382446, -43.84055636215209, -43.16193313312531, -44.38024648094178], [-32.7809104309082, -33.46225193977356, -35.10543893766403, -33.774636283397676, -34.77760990524292, -34.528511497020716, -36.225511105060576, -36.508555809974666, -37.37065293264389, -38.441279029369355, -37.35459032917023, -36.617117289066314, -36.16685844230652, -37.23078728675843, -36.1017873210907, -37.09030475521088, -37.47873303890228, -37.15978686523438, -37.94109880304336, -37.34552947092057, -39.54758110761642, -40.94778579330444, -40.4819097700119, -38.538965660095215, -37.47564573001861, -36.840636065959934, -36.42282501792908, -36.85792300462723], [-36.40016965007783, -37.021814999580386, -36.13112858581543, -35.79249399471283, -36.78418083953857, -37.90694002437591, -36.79063014221191, -38.21951317882538, -38.35654027748107, -38.399850226402286, -38.3998513879776, -37.97479859638214, -37.43291653251648, -37.373799742698665, -38.11636123085022, -38.55012002849578, -39.51327123260498, -41.22944649314881, -40.32551037693024, -40.488665496826165, -40.803354294776916, -41.02897847270965, -43.75403701782227, -41.514300757408144, -40.98424639415741, -41.969058385849, -42.90643408584595, -44.6460734539032], [-43.09926610183716, -43.30008020687103, -44.18420390033722, -43.840802505493166, -44.923088020324705, -45.46352603626251, -46.58446388816833, -46.91035603141785, -47.490581187248225, -47.91810568046569, -46.97841823863984, -47.118454276084904, -47.361275963783264, 