{"status": 0, "spectogram": [[-32.35795542360842, -50.973205334082245, -55.0874553334564, -53.52455353489518, -54.02275000321865, -52.00327673496305, -54.665151807501914, -53.20291969798505, -51.0670893163383, -50.77247321622073, -52.939348129883406, -52.65685712176561, -51.53424110250175, -55.62840176759659, -53.21165179117024, -51.97676787367463, -53.527401715382936, -54.753187522724275, -50.03443760736287, -53.989910752266645, -50.415107113659374, -51.77746429657936, -50.98171421664953, -49.85566076657176, -50.53422321431339, -51.693357074826956, -50.98773207813501, -51.47655358314513], [-20.997733236312868, -21.884135677039623, -22.6884482960701, -21.665555218338966, -21.909608870625497, -21.250305263161657, -20.770180196285246, -23.551689471066, -23.989251957416535, -23.209064355432986, -22.905001793265342, -23.198689338147645, -22.80699292999506, -21.709573155879973, -21.509885652840133, -21.752742781937123, -22.15905532312393, -22.228805336117745, -21.780367779791355, -20.681599755108355, -20.84093908625841, -20.202331858336926, -22.301707090198995, -24.32733230787516, -23.2447607601285, -21.477983788967133, -21.108483689785004, -21.48409980541468], [-12.217498159885407, -12.753612718343735, -12.774550201892852, -12.554720096349715, -12.678264590263367, -12.968103649139405, -12.851478660106658, -12.607711178302765, -12.357184625387193, -12.707345163106918, -12.728345253229142, -12.736086169719695, -13.0923716545105, -12.835880553007126, -13.106505535364152, -12.988960831165313, -13.34918403697014, -13.525942810535431, -13.65769275856018, -14.785754571199417, -14.557603024482725, -14.899995720386507, -13.816371322631836, -13.495443157196046, -13.279710975646974, -14.211219289541246, -14.097969401121139, -14.36677306342125], [-20.5314375, -25.965249999999997, -26.169999999999998, -23.57825, -24.8175625, -25.1994375, -27.096874999999997, -24.584625, -23.285375, -23.816250000000004, -23.335437499999998, -23.6063125, -26.098625, -27.640375000000002, -27.002499999999998, -26.705937499999997, -25.8008125, -28.867625, -29.2530625, -29.857187500000002, -30.570625, -29.746, -27.7125, -25.5130625, -26.911187499999997, -31.534125, -28.101062499999998, -28.435750000000002], [-12.520017590522766, -19.250044725656508, -23.007356721401212, -17.70750922417641, -19.11558882379532, -17.09035715723038, -22.26116921496391, -18.74666091775894, -18.23589317893982, -17.763438149213794, -15.342749766349792, -17.04183103299141, -16.452008638620374, -22.406544858694076, -19.581356823921205, -20.81364298152923, -18.745276464700698, -22.819623872756956, -27.353688966989516, -18.8865352563858, -23.60125129175186, -19.881795200109483, -20.57217013669014, -17.589214634418486, -20.44616125392914, -19.76052523207665, -16.51521351623535, -17.845150976419447], [-5.477094686031341, -3.7336041736602774, -4.0517914528846735, -4.644871550559998, -4.2459163813591, -3.5656489100456232, -3.170711603164673, -5.234871273994446, -6.551951147556304, -5.54034461927414, -6.097094224452972, -5.388907013893128, -4.661782377243042, -3.2627473287582403, -3.3492471723556516, -3.2763366661071776, -4.150488063335419, -3.61366716337204, -3.7193546657562253, -3.162498337745667, -2.937043161869049, -3.003837886810303, -4.565211573600769, -7.034478297233582, -5.818246810913085, -3.9679980583190915, -3.9803731479644773, -4.794355006217957], [-19.865375672101973, -15.423309133052824, -15.155433959960934, -14.206165085315703, -14.470451355457307, -15.49398818922043, -15.424113342285157, -13.897825414180755, -14.103190826654435, -14.75941472196579, -14.89897692656517, -15.60696887397766, -15.748049478292465, -16.47570284461975, -15.989015175104143, -16.27810460448265, -15.753353969335556, -17.006211921453477, -18.05765001010895, -20.15364241242409, -21.022169866085054, -21.67391130709648, -17.691345707893372, -16.282771970272066, -17.23122880625725, -19.092347126960753, -19.550033812284468, -19.429337260484697], [-24.029382195472717, -25.978134043693537, -28.936139542579653, -24.639001091003422, -26.96377194404602, -23.991626502990723, -29.822253250122074, -27.303104742050174, -25.90648804569244, -26.96386878967285, -22.523877182006835, -27.796967532157897, -23.51810126018524, -26.845620551109313, -27.209057941436768, -31.352659845352175, -27.190766513824464, -34.05156421566009, -29.937441094398498, -26.463769495010375, -28.77624128818512, -24.155271083831792, -27.59045534801483, -27.49013815307617, -28.293624338150025, -28.93057424736023, -25.93594668197632, -26.84621633720398], [-25.952553685188292, -23.926633789539338, -28.152193643569944, -22.142186517238617, -24.75982854890823, -22.41712518405914, -28.286685742855074, -22.81696385002136, -21.866071163177487, -21.207063826084138, -20.607624088287352, -21.43189423942566, -22.323204280376434, -26.64530171394348, -26.266864624500272, -25.61694607448578, -23.748553400039672, -31.934846416950222, -29.880722406864166, -25.196804643630983, -26.59250075531006, -24.373231662750243, -25.93148282146454, -23.192814105510713, -24.778679328918457, -28.169750872612, -24.03875095653534, -25.75521524429321], [-29.850599632263183, -32.39137995195389, -35.678631210803985, -30.70925572156906, -33.042281683921814, -31.685585777282714, -34.685458662986754, -31.62533615207672, -31.511057651996612, -30.96929062128067, -30.34753598356247, -31.83584504652023, -31.9078493232727, -34.51937743711471, -34.281313814163205, -34.62061199998856, -32.57260323143005, -38.95865374851226, -36.43015519618988, -34.26450697135926, -34.04781160259247, -32.01375231695176, -32.31357075786591, -32.20746863317489, -33.86987064552307, -37.45285309076309, -32.896481229305266, -33.5076174955368], [-35.81575, -36.0431875, -36.444375, -35.630875, -35.5773125, -35.4556875, -36.2344375, -35.5085625, -36.3083125, -36.6275625, -37.200250000000004, -37.7234375, -36.82225, -37.113125000000004, -36.180375, -36.88825, -37.165875, -39.3050625, -40.3384375, -40.820499999999996, -40.4365, -38.94525, -39.54375, -42.462125, -41.421499999999995, -42.950562500000004, -42.9348125, -45.6058125], [-39.86971934652328, -41.61221672868729, -42.248405591964726, -43.43486296749115, -42.645840281009676, -40.33552938175201, -40.46240990924835, -46.15161902952194, -49.40733966255188, -46.27471020555496, -44.43802464675903, -46.39043450355529, -42.780734151363376, -40.87138116598129, -40.248378482341764, -41.76096781587601, -43.572963469982156, -43.04929401254654, -43.7358576669693, -42.83074986076355, -42.84926022291184, -42.28021260356903, -46.28320969676972, -51.89411571121215, -49.71398297834396, -45.713467470169064, -48.37245733356476, -50.08155008602142], [-37.518681222915646, -39.26059134197235, -39.66534121990204, -39.70483104085922, -39.1993315911293, -38.33001072359085, -37.920011660099036, -41.36311646699906, -43.76177687978745, -43.15067060613632, -43.24079584646225, -44.84244757175445, -41.1739483795166, -39.316342133522035, -38.20459173488617, -40.10772558259964, -41.880948119163506, -41.91746756839751, -41.44609280776977, -42.325842688560485, -43.68592488908767, -42.472191715717315, -44.13875276660919, -52.13541194057465, -49.89206389665604, -49.00624580430985, -47.070118246555325, -50.295940664768224], [-29.53864157485962, -29.26382204437256, -29.74557266998291, -30.44293007469177, -29.951688939094545, -28.576884322166443, -27.846008355140686, -30.70353826713562, -38.1236444644928, -36.692654400825504, -36.23215143108367, -42.63813611888885, -34.70367009067535, -32.21180308532715, -31.782365492820738, -32.380928176879884, -33.642572563171385, -37.2010255727768, -36.906838178634644, -37.21631910896301, -40.16271060752869, -38.62003190231323, -39.071159463882445, -37.649841053009034, -36.79413505077362, -41.38517529296875, -40.779051126480105, -40.521801008224486], [-43.24779665470123, -45.363463079452515, -46.68246309471131, -46.72041784191131, -46.1900610704422, -44.569659093856814, -43.88672324275971, -49.453845803260805, -57.56179473400116, -57.59081017208099, -55.259059981346134, -53.318496448516846, 