{"status": 0, "spectogram": [[-30.69691964815557, -46.18121410021186, -45.67746402478218, -42.85944629782438, -43.380651635691535, -38.48233021609485, -42.4291425421536, -45.173446434378626, -47.03278551873564, -47.622437374934556, -46.8163746765256, -44.820508685544134, -42.54281224696338, -34.49837486276031, -38.354624766319986, -40.52042847663164, -37.970687332406634, -44.390053268373016, -41.857678473711005, -46.390213878989215, -45.82499975678324, -42.435892727285626, -45.57426767399907, -44.17077656160295, -41.56070503474771, -41.825499732971195, -44.38793719635903, -37.127955152586104], [-3.1972858089208605, -2.2888305917382237, -2.1121430652141573, -1.3171787848472594, -1.1023216325044631, -1.2807323709726333, -1.7621073780059813, -1.9514823610782623, -2.515937765777111, -2.76226813018322, -2.8806430758237838, -2.567321652054787, -1.9555091221928596, -1.4960537557601927, -1.2962411997914314, -1.3779465366601942, -1.2945001306533814, -1.3446965625286103, -1.4053840726017952, -1.5727412032485009, -1.6330894289016724, -1.653910859823227, -2.0179108589887615, -2.326098353683949, -2.1940001462697984, -1.912259052455425, -1.6748215448856354, -1.8547590253949164], [-44.061160770893096, -43.2938845436573, -44.756884730577475, -44.9882243616581, -43.49588503098488, -44.56236584115028, -48.529054962158206, -43.53923341608048, -46.32156322836876, -44.870000779151916, -43.94106171917915, -47.66622396302223, -46.96538398385048, -48.66323256254196, -43.236420236349105, -47.1139748775959, -45.34143779397011, -43.46604488492012, -43.22473242092132, -46.31571579265595, -48.83206354784966, -45.56433946800233, -51.618154469251635, -46.51591830039025, -49.52145814776421, -47.40147470927238, -47.90522246050835, -43.20077747273445], [-25.0266875, -35.731375, -33.43056249999999, -33.3633125, -35.0234375, -34.861375, -34.9081875, -33.0449375, -35.3435625, -36.9965625, -35.727374999999995, -34.581, -34.799125000000004, -32.1349375, -31.6160625, -30.1243125, -32.253625, -33.434625, -32.1698125, -31.039125, -30.4065, -31.768500000000003, -32.2396875, -32.8994375, -33.048874999999995, -30.8438125, -30.8175625, -28.476937500000002], [-9.157135030984879, -5.6062235171794885, -6.071536264896392, -6.2052415983676905, -5.964357710361481, -5.413509171724319, -5.32388414645195, -5.197250361442566, -5.066151787042617, -5.225223086118698, -6.35147364640236, -6.426795077562332, -6.706161426544189, -6.790099048376083, -7.351912118911744, -7.97403756093979, -7.2966443924903865, -6.751590664863587, -6.424903065919876, -6.935099687337876, -6.502117393255234, -6.456849498987197, -7.253287018299103, -7.9592603123188015, -7.992242391824723, -7.895840815067291, -7.86452843785286, -8.793859127521516], [-22.654598668575286, -31.29056243085861, -29.306189229488375, -28.301509944438934, -30.396991605281833, -32.8086992816925, -30.088322352409364, -24.87804661512375, -35.13911987829208, -41.45923973798752, -35.59799048089982, -31.807526000499724, -35.38030753040314, -33.300685760974886, -31.144503390312195, -32.572874513626104, -34.20722318124771, -27.658735104560854, -30.29617087984085, -31.96127738618851, -31.89742839717865, -28.958812166690826, -33.294561702251436, -34.45210672283173, -35.864454772472385, -36.01882815504074, -29.195772114753723, -33.582125441551206], [-19.055982930898665, -19.624400787591934, -19.4195872797966, -18.09075211048126, -17.890617874860766, -19.157093578338625, -19.191284769773485, -19.229108901023864, -22.506057695865632, -24.780375658273698, -19.914185612678526, -20.318279671430588, -19.349600313425064, -18.01520063352585, -16.307448135852816, -12.42447096300125, -14.758475297689436, -14.514779605627062, -15.562402578592302, -13.432351410627366, -15.330545224428175, -15.946303285598756, -16.406992593050003, -16.807189636945726, -17.39850871825218, -14.792879513740539, -13.882005144596098, -12.947416497707366], [-16.994812915802, -18.653047470092773, -21.456488556861878, -20.01894244003296, -20.873836610794065, -18.107637331008913, -17.85007340526581, -19.173398467063905, -17.274583072662356, -16.62151075553894, -19.32982623386383, -20.38288171863556, -21.34372183132172, -21.905355140686034, -24.152664206504824, -27.731007130622864, -25.14714919567108, -25.179189245224, -24.320695924758912, -24.246374141693114, -23.837871574401852, -25.384929492950437, -24.83742628097534, -26.34249871063232, -26.11810545539856, -26.88970587539673, -27.408150418281558, -28.79385335922241], [-35.977486251354215, -33.25402323865891, -33.50646197032929, -36.75051615810395, -34.849874168396, -32.964686718463895, -35.63980753850937, -38.83139672899246, -37.67323540735244, -35.047307972431184, -35.32174779510498, -35.11357999277115, -35.78332904577255, -34.70874311113357, -37.801617831707006, -34.021475462436676, -36.34603740310669, -40.385078294277186, -33.702266785621646, -37.49419564914703, -34.54063293218613, -32.59158141946793, -32.85170721292495, -36.53205284976959, -36.901162799835205, -33.297511579990385, -35.43863459730149, -38.140615788936614], [-38.53845423460007, -43.98086081838608, -45.38798896551132, -43.47068042659759, -43.15230179595947, -45.20165836906434, -45.38033948469162, -47.288379230976105, -43.56557512903213, -47.28366199970245, -44.92584960699081, -42.303202976226814, -42.780273258686066, -40.261611900329584, -40.46579504156112, -42.74924679803848, -40.36821212768554, -43.85909282970428, -43.69257964611053, -44.15859626197815, -45.15110642957687, -43.56385173511506, -46.53747203731537, -45.2481530160904, -45.25506032133102, -47.56939525699616, -47.79633208322525, -43.12992966175079], [-53.128437500000004, -49.844625, -53.265, -52.474875, -51.59043749999999, -50.796687500000004, -50.670249999999996, -50.4068125, -47.94175, -49.72275, -54.271437500000005, -51.46118750000001, -52.295937499999994, -52.647625000000005, -48.4410625, -52.525687500000004, -51.195125, -51.973937500000005, -51.29056249999999, -55.64818749999999, -53.6983125, -53.4210625, -52.9135625, -53.925875000000005, -55.280437500000005, -52.278437499999995, -56.951375, -56.049499999999995], [-42.43074846696854, -43.264180154800414, -44.88611466360093, -48.92286300420761, -50.21907784128189, -50.71044044828415, -44.852381073951726, -47.243679837226864, -43.89040942239761, -43.45116985034944, -44.29703691387177, -44.85344832992554, -45.55400568437577, -47.827077280521394, -49.13376112270355, -51.46313049793243, -50.399052001476285, -48.9211696434021, -48.663483415126805, -49.2231330757141, -48.46190362548828, -49.798642771244054, -52.44908151435852, -49.890311491012575, -50.12654605674743, -52.61303564882279, -55.19234385871887, -53.072502273559564], [-46.678093279361725, -51.45591178941727, -50.60991108465195, -53.22134820747377, -52.22698465204239, -50.75621814870834, -51.49496661233901, -52.07235709905624, -54.21781226825714, -54.80690363407135, -51.710715349674224, -52.78992062282563, -52.1857784461975, -51.3629755935669, -44.86697727584839, -46.001872548103336, -45.89788012647628, -46.4158889503479, -47.97682531404496, -48.5395856628418, -46.64562047004699, -44.998799304962155, -45.4622989320755, -45.15799563980103, -46.97938830280304, -47.12183515262604, -45.96839885663985, -48.70220399141312], [-31.286836497306822, -31.934710993766785, -31.18845930767059, -33.070682893753045, -35.7116281375885, -37.65527284812928, -33.76996300792694, -31.631442646980286, -33.81875028896332, -34.05799247550965, -32.113300015449525, -32.59319345188141, -32.88251202869415, -30.86532347869873, -28.857383442878724, -33.76936262798309, -31.746059521675114, -34.10380124282837, -31.779489773750306, -37.954659887313845, -35.81354379558563, -34.72396331596374, -35.91315127468109, -34.9175070066452, -34.57984803676605, -36.09254266834259, -36.8680427942276, -37.65616168022156], [-46.2110439529419, -46.15430083942413, -46.932051190376285, -45.61374813175201, -49.283076576232915, -45.89748617744446, -47.91910993766784, -47.31505715751648, -48.23511815547943, -46.54356479167938, -50.105628408432004, -49.18596770095825, 