{"status": 1, "spectogram": [[-20.910562537774446, -40.00431255431473, -40.94606253458559, -42.764973225578665, -40.83298213914037, -46.98876788425446, -45.35101770576835, -42.469357131838805, -42.94867852735519, -42.503642917752266, -44.11001785710454, -41.35650891064108, -41.865285743027925, -39.04656239862741, -39.91862494748831, -41.25125897105039, -36.2082946279198, -40.99535717505217, -36.736419704303145, -40.89792859819532, -40.941892894178636, -39.30543754835426, -46.25093747295439, -42.27556256152689, -45.94510716176033, -43.34157146063447, -42.7391340443939, -37.03046426430345], [-19.836893793940543, -20.588724257051943, -19.708411494851113, -20.293233066082, -21.53009941357374, -22.085715438604353, -21.41390278977156, -23.36526050168276, -22.216144228577612, -23.031769373774527, -23.360644481897353, -19.394920386493204, -20.412242167532444, -20.68264395678043, -20.177518885970116, -20.372099362432955, -18.196536390185358, -19.635768668174745, -18.711080936729907, -19.52623279798031, -22.10529574674368, -20.272527603089806, -21.606152844607827, -20.911599147617817, -24.195653356730936, -20.89638481873274, -23.133947630524638, -20.384705964148043], [-13.801920091867448, -15.712627221584322, -16.102189947843552, -16.17477027750015, -15.700868275880815, -16.199502410411835, -16.89500242757797, -15.430618206262588, -14.56862711238861, -15.179225394964218, -15.197912736892702, -15.810493346452713, -14.913260989904403, -14.753216388225557, -14.897591308116912, -14.59295725274086, -14.602975201845169, -15.85035035300255, -16.609225498914718, -16.896002333641054, -17.294475645303727, -17.272511285066603, -16.91376124501228, -17.296939902544022, -17.179877259254454, -17.758395263195037, -18.259270358562468, -18.9112882771492], [-12.660562499999997, -13.708625000000001, -13.800062500000003, -13.929124999999999, -13.02925, -13.942375, -14.683499999999999, -12.93275, -12.320375, -12.419625, -12.416125000000001, -13.1578125, -11.9699375, -12.09825, -11.8554375, -11.5695625, -12.00075, -13.040687499999999, -13.737625000000001, -14.357375, -14.3623125, -14.1131875, -14.236124999999998, -14.38775, -14.4275, -14.7486875, -15.618, -16.5664375], [-6.463946230888366, -7.04630362701416, -6.157115677118302, -6.340490575075149, -6.744187434434891, -6.539258603334428, -7.4635710554122925, -7.024651764631272, -6.044312594652177, -6.279419616937637, -7.021044815301895, -6.533303426265717, -6.506250140666961, -6.124919620275498, -6.454857300281525, -7.081420044660568, -6.742634179353714, -7.32576789188385, -7.5300175533294675, -7.75086580491066, -7.301606750965118, -7.401856822013856, -7.705731984615325, -7.556776374578476, -8.260526630163191, -8.121249651432038, -8.423686955690384, -9.43968692946434], [-16.69979134273529, -14.784579367637633, -12.796766731739044, -13.473542505264282, -15.532366827011108, -12.925982784748077, -14.740420351028442, -16.277081580162047, -15.159554666042329, -14.840376111507418, -17.60075150632858, -13.883204542160033, -14.856542947769164, -13.526470529556276, -14.591846288681031, -16.307186009407044, -13.003843710899353, -13.626033793926238, -13.020219758033754, -12.665649239540098, -13.263802577495575, -13.86098031282425, -13.761544021606444, -13.594837291240692, -16.71646446943283, -14.588829106330872, -13.712829537391663, -13.394140841007232], [-23.86725730729103, -29.81699145102501, -27.801432290554047, -22.213554046154023, -31.947071494579315, -25.77227480149269, -29.031462582588198, -31.68417883300781, -26.497071116924285, -33.98274386286735, -33.41705366420746, -27.37370166039467, -28.489434356451035, -25.089865176439286, -30.364115751504897, -33.770007699251174, -24.702942964076996, -31.547736584424975, -30.328743350744247, -26.364105980873106, -33.218781944036486, -29.649637904882432, -34.679382092714306, -27.811931822776796, -33.19295796751976, -30.885763585805897, -28.846135010957717, -35.183454082012176], [-34.4314109172821, -32.72327526950837, -36.50333499717712, -35.486890539169316, -37.36291827869416, -37.37960336303711, -34.81642009830475, -40.330658052444456, -36.825053018569946, -38.61174765777588, -41.696186377525336, -30.006445140838622, -34.44753149318696, -33.94854602336884, -33.846485523223876, -34.53427603244782, -27.192923281669614, -27.6359282207489, -29.182492075920106, -27.63700723361969, -32.75032201004028, -30.6335537109375, -30.855361891746522, -30.490498662948607, -37.44135043430328, -31.653078763008118, -31.90645794010162, -29.939632145881653], [-31.40719502258301, -34.807714938163755, -35.76296110725403, -30.711435985088343, -34.3587036061287, -33.02332987928391, -37.818454528331756, -37.18045369577408, -35.05345300722122, -35.97390729141236, -35.037973203182226, -36.94347166585922, -32.98634699487686, -33.27203416347504, -34.41890885066986, -34.102445508003235, -34.749930122375496, -38.931918253421784, -40.90441609621048, -40.400953631877904, -36.59907859754563, -36.108523653507234, -37.91814766836166, -37.39059476709366, -40.280350699424744, -34.646988915920254, -32.01230184841156, -37.14941541051865], [-43.904478314876556, -36.14100942087173, -33.85176420164108, -35.02711545896531, -40.473194430828094, -34.23234126758575, -36.701777349948884, -40.998358555793764, -34.548686443328855, -32.30502428674698, -36.925516107082366, -36.84940900182725, -37.452059268951416, -37.07235117769241, -45.86840581989288, -42.399590935707096, -36.647914122104645, -32.060100808620454, -40.32022697305679, -29.567164697647097, -36.17516124773025, -35.27816967868805, -33.60304260730744, -35.06804181480408, -37.31129378032685, -35.385281238079074, -40.47152829122543, -37.045168076038365], [-41.761875, -39.40356250000001, -41.153999999999996, -36.19425, -45.146, -39.996750000000006, -46.521625, -42.5828125, -40.7110625, -41.8998125, -47.323499999999996, -40.117999999999995, -42.747937500000006, -38.884625, -42.157999999999994, -44.39149999999999, -38.1196875, -43.8773125, -43.0416875, -35.185812500000004, -44.005437500000006, -43.722375, -42.6176875, -40.5141875, -42.9639375, -44.1054375, -41.61125, -42.35825], [-52.98331630039215, -47.15455725479126, -50.77286333036423, -48.80791684865952, -52.961316741466526, -49.02119623327255, -53.371068795681005, -48.53343830537796, -47.74652615404129, -49.870171826839446, -47.269423984050746, -47.566942036151886, -47.24304073619842, -46.27082553863526, -46.54163672685623, -50.08235039377213, -47.17164385604858, -49.9204938750267, -49.94587404203416, -47.942297822475425, -52.568907242298124, -50.43721296358108, -50.33033880186082, -49.14716043519974, -51.709765717983245, -51.592776311874395, -50.850585002422335, -51.925196879386895], [-45.84276146364212, -44.33857141780853, -49.01169625854492, -46.428187536716464, -48.223243121623995, -48.87716128444672, -47.908723628520974, -49.546286989212035, -48.47147390413284, -49.90319581794739, -48.43957418155671, -47.14230331325531, -47.738664727211, -47.97964575290679, -45.054081767559055, -49.42813588476181, -46.25421411037445, -48.92460084867477, -48.32041151618958, -46.535194961547845, -50.10241975259781, -48.09801835155487, -54.207205242633826, -51.53346368312836, -50.90079625177383, -52.09856393957138, -54.171063884258274, -48.27628773593902], [-35.54003621864319, -37.75130165767669, -36.76542360591888, -35.11946883583069, -34.06039347553253, -34.33922340583801, -33.747470890045165, -34.327829290390014, -35.72500589942932, -35.00133725452423, -34.02158892917633, -36.16662299633026, -33.45790940761566, -34.129222616195676, -34.79966210651398, -35.33687142086029, -34.388657216072076, -35.424953706741334, -36.445947195053094, -36.32625263023377, -35.790533253669736, -35.90232122898102, -36.037501752853395, -35.70124684047699, -37.67114294528961, -37.213622469902035, -38.37906143379212, -40.0265104932785], [-48.561786991119384, -50.24458179569245, -50.96532910633087, -50.28283710861206, -50.270980651855474, -50.60898248672485, -49.598356739044185, -49.898293185234074, -52.48377098178864, -48.74313991355896, -52.386388866424554, 