{"status": 1, "spectogram": [[-19.401625226408242, -26.24558976128698, -25.63096473246813, -25.890562945052984, -25.411312946006653, -24.670357571929692, -24.611045074447986, -24.94597364704311, -25.559321880817414, -25.87662542885542, -25.80193792264164, -25.67992007417977, -24.93455399748683, -24.934830780461432, -25.020393281280995, -25.321071819067, -26.634161130964756, -27.164527216985817, -26.5495896512866, -26.88446470603347, -27.43036647428572, -28.281429011851547, -29.299304034680127, -28.527536135435106, -27.974384346172215, -28.179321885198355, -27.704196855366227, -26.892482499212026], [-20.24983845293522, -22.374347219288346, -20.45928487038612, -21.3820883718729, -19.273668902456762, -17.845731538414956, -17.62154404371977, -18.680847515523432, -20.03955276119709, -21.58367764723301, -20.59486523550749, -20.212320623755453, -18.278535068154337, -18.583329677641387, -18.51239219582081, -19.65490997159481, -21.894463414430618, -22.11953486287594, -20.655160032510757, -20.005285097002982, -21.095535050988197, -22.503945641279223, -23.742070556998254, -22.96282062804699, -21.86430284833908, -21.285883255302906, -20.95900828307867, -21.042936887443062], [-24.7355865688324, -22.07802099394798, -19.15395790576935, -20.443912796258925, -17.618628276586534, -15.040317457675933, -14.978567492961885, -16.08391468834877, -18.05091324210167, -20.4752703192234, -19.277019749879837, -18.4428772752285, -15.729816925525668, -15.955789743185044, -15.707915004491806, -17.069870162487028, -20.405921570301054, -20.929430071115494, -18.332182411909102, -17.179433410882947, -18.36806678247452, -20.381627995729446, -22.409563457489014, -21.474822603464123, -19.442476842403412, -18.55586122584343, -18.171236584901813, -18.10432641005516], [-4.324, -5.911812500000001, -4.1408125, -4.676749999999999, -3.75725, -3.3581250000000002, -3.2268749999999997, -3.0569375, -3.6411875, -4.576875, -3.8558750000000006, -3.5361875, -2.94025, -2.9021875, -2.90175, -3.4564375000000003, -4.7069375, -4.8895625, -4.6856875, -4.8435, -5.3253125, -5.679937499999999, -6.47225, -5.968375, -5.393375000000001, -5.34075, -5.331125, -5.6591249999999995], [-6.173830026865006, -7.034206399202347, -4.393517951011657, -4.908768270969391, -3.902258635759354, -3.7994271297454834, -3.7681145989894866, -3.3603205776214597, -3.737124774932861, -5.074563016176224, -4.050000085353851, -3.992535540580749, -3.605534706115723, -3.7793919200897217, -3.585891827106476, -4.017669116735458, -5.342607285022736, -5.795259096860886, -5.167945695400238, -5.921980841636658, -6.648168522596359, -6.5846692907810205, -7.229607398033142, -6.845285610675813, -6.60421370601654, -7.017374081611634, -6.871061485528946, -7.015971856832505], [-12.65170739221573, -14.392282763004303, -12.765279436588287, -13.323530566692352, -13.1230008354187, -13.816846053600312, -13.630221114635468, -12.611383666515351, -12.427367948055268, -13.536504342079162, -13.09706508874893, -12.974796307086946, -13.365489913463591, -13.01992799282074, -13.473615102291106, -13.512126049041747, -14.655770871162414, -15.165734930992127, -16.083044100284578, -16.63159638261795, -16.531516882896426, -16.11245681142807, -17.008521035194395, -16.651903717517854, -16.299062694072724, -16.140767189979552, -16.422516689300537, -16.966275176525116], [-11.902409992694855, -12.722250660896302, -12.032684449434282, -12.10305187177658, -13.183868997573853, -17.824593767166135, -18.021278854608536, -13.956785735368728, -11.866790282964706, -11.385623970031737, -11.158559432268142, -12.15977222943306, -15.289712105035782, -14.201008507728577, -14.879007433414458, -13.205511860847473, -12.688479428768158, -13.118425797462463, -16.29960666632652, -18.87824528813362, -17.989676259756088, -14.728342970132825, -13.730595908403396, -14.600487003564835, -15.887090817213059, -17.133284915685653, -17.683409259080886, -20.160924543142322], [-3.8466161661148073, -3.387430458068848, -6.344236777305603, -4.565631976127625, -8.971288079261779, -18.846994984626768, -19.8773059425354, -13.13917689037323, -7.8813865451812735, -3.9103290338516232, -5.830451245307923, -7.697565481185913, -15.301738143920899, -14.033685522079468, -15.693684156417847, -11.21611686897278, -7.362478288650513, -7.472228389739991, -14.621035206794739, -21.02868235397339, -19.170246306419372, -12.590055159568786, -8.561996938705443, -10.61155684375763, -14.624615827560422, -17.752256364822387, -18.401381074905395, -21.46516481590271], [-31.885685416221623, -29.142803344249725, -31.290233144760133, -29.334567327022555, -31.820748019218442, -30.56007600927353, -31.259450674533845, -38.383776569366454, -32.75750742387772, -29.125247312068936, -31.02836720514297, -33.885309714794154, -33.5898781952858, -38.11983014202118, -34.88408267211914, -35.123468616962434, -31.17722594976425, -31.841163267135617, -35.621030473709105, -34.85946795797348, -36.94505663061142, -37.06602415418625, -32.08740568590164, -34.61257109069824, -40.73783145809173, -37.99273468828201, -36.9398599562645, -35.008512849807744], [-31.08496471452713, -31.186815849781034, -28.532303779125215, -28.78554049062729, -29.32961830282211, -34.473871134281154, -34.124121220111846, -30.02222917842865, -28.057122076511384, -28.321319288253783, -27.45668767642975, -27.72116659450531, -31.161457324028014, -30.097022469043736, -30.988895572185516, -28.637725253582005, -28.13852868080139, -28.60459062719345, -31.54863942146301, -35.261114019393915, -33.96910080242157, -30.758316661357878, -30.075636767387387, -30.11300699806214, -31.54341028881073, -33.60646823835373, -34.29615392017364, -36.38261496067047], [-40.193875, -38.9738125, -38.112375, -38.912875, -36.62575, -37.0803125, -37.11225, -35.3445625, -36.79625, -38.696312500000005, -36.917, -36.3089375, -34.89875, -34.4489375, -34.86631250000001, -35.363375, -38.0188125, -38.0060625, -36.7513125, -38.2886875, -38.26225, -38.837500000000006, -40.514, -39.2523125, -37.839875000000006, -37.9091875, -38.422375, -38.94318750000001], [-36.51447170019149, -38.37211006021499, -35.28124754858017, -35.88176058244706, -35.54465683031082, -38.50120086431503, -38.09676368045806, -35.82221926879883, -34.86566929244995, -36.33856201791763, -35.54338125133515, -35.179035277843475, -36.48483213853836, -35.9994328327179, -36.886867753505705, -35.73567716836929, -36.65411203479767, -36.822219426155094, -38.2907183303833, -40.68812041091918, -40.3398390789032, -38.8601236615181, -39.573244856357576, -38.67273146486282, -38.532052033901216, -39.96089499473571, -40.349454592227936, -40.67261567926408], [-25.52510679721832, -24.780723435878755, -25.095534910202026, -25.713641147613522, -23.751582075595856, -21.588201279640202, -22.028638526439664, -21.575514007091524, -22.797332017421724, -25.39826643371582, -24.3033922624588, -22.962786803245542, -21.67605067205429, -21.366389993190765, -21.612328182220455, -21.798727274417878, -25.366418926715852, -25.68606199407578, -23.45106799650192, -23.422407619953155, -24.150104585170748, -24.340262328624725, -28.176320470809934, -25.814948092460632, -24.136085533618925, -24.907828585624696, -24.398953347206117, -25.367005120277405], [-34.45483344554901, -36.84037500953674, -35.12462631416321, -35.423528395652774, -35.8597677154541, -36.41042817497254, -35.69542784500122, -35.134097512245184, -35.191143363952634, -35.237492022514346, -33.752243062019346, -33.997947814941405, -35.03058051776886, -34.47919642829895, -34.44875916957855, -34.012965854644776, -34.419689944267276, -35.0591360578537, -36.71538384532929, -37.473285106658935, -37.78732090377808, -37.2059383649826, -36.668438626289365, -36.47281402683258, -37.0507589597702, -37.23428591346741, -37.46453514862061, -38.200695888519284], [-29.536240666389467, -30.140260258674623, -29.734882515907287, -30.12324079799652, -30.598025246620175, -30.201652483940123, -29.69502751064301, -30.042284774780274, -30.856032865524295, -30.26756334209442, -30.242000280380246, -30.318231527328493, -30.70857131576538, -30.170088737487795, 