{"status": 0, "spectogram": [[-20.337714552789926, -20.821357485294342, -19.82473245045543, -17.64098239004612, -17.90005393254757, -20.563259390696885, -22.08225933019817, -23.513786040753125, -23.932312880769373, -19.825625298500057, -20.807562828555703, -21.113143317371605, -22.417911148786544, -22.519375476330517, -20.902000488609076, -21.911518416434525, -21.334321833997965, -22.288571823596953, -24.149446866273877, -23.716223509177567, -23.959062805280087, -22.6592770383507, -22.257027156308293, -22.181152076408267, -22.430402123883365, -21.745241477862002, -23.410428962081674, -22.765089625328777], [-23.260285351991655, -27.16837400436402, -28.982436199486255, -28.695212679505346, -27.526283994078636, -27.933185987651346, -27.285374287843702, -27.269526728928092, -27.474776691257954, -28.959605827331544, -26.8561687797904, -26.746686233699325, -26.806570612311365, -28.311677347898488, -30.455739218771456, -32.542569351911546, -31.341909146904946, -28.517972361743446, -27.069972788512707, -28.166633962094785, -28.68913408786058, -27.46599091464281, -28.08786510616541, -29.22038323348761, -28.80619573700428, -29.060766620874404, -27.725579842865468, -26.94459765356779], [-20.26662713289261, -33.244753752708434, -34.92319022393227, -35.59507353067398, -33.62151724100112, -36.50696618461609, -32.521717588424686, -34.32028245711327, -34.51243462228775, -36.560637003660204, -33.55788762688637, -34.94086003303528, -33.67211984610557, -34.14666328525543, -33.52041119480134, -36.32896267938614, -37.45435886001587, -36.79544191145897, -35.96044299721718, -33.83620212459564, -36.90715861344337, -36.01841677236556, -36.11697676014901, -38.04861221837998, -36.19490662598611, -34.234913322448726, -37.22085364127159, -34.89998641300201], [-17.3918125, -25.544937499999996, -25.413249999999998, -24.398125, -23.643, -27.1450625, -26.124812499999997, -25.744, -24.5739375, -26.880000000000003, -28.432250000000003, -26.4123125, -26.925125, -26.487, -24.542749999999998, -25.582625, -28.440375000000003, -31.5366875, -28.182375, -25.485437499999996, -25.1901875, -25.002312500000002, -27.3565, -29.071062499999996, -29.24525, -27.6508125, -28.48775, -29.184], [-14.277945407390595, -25.451491894960405, -27.674867696046828, -26.955092046737676, -27.629807858943938, -33.0056560394764, -25.721964785099033, -23.841908708572387, -17.478684202432632, -29.990949004650112, -29.06125975060463, -28.405341517448424, -32.78781509280205, -31.45579749178887, -30.6781115064621, -30.608209640264512, -31.730797226190568, -35.59290448880195, -26.83702594971657, -19.943961280345913, -19.22965687894821, -22.71694465208054, -30.933198440551763, -26.961954591035845, -30.715920225381854, -27.17691201400757, -32.19428563165664, -28.183383451700212], [-20.334719103336333, -25.926545003890993, -30.620919903755187, -29.269540640354155, -30.679974073886875, -28.344826132297516, -28.829195449352262, -20.434957788467408, -20.692699023723602, -25.956770909786226, -27.771955515861507, -25.386030353546143, -25.32451833772659, -25.617495392799377, -31.232064608097076, -29.66294885921478, -30.64048615694046, -27.351912236690524, -22.805099782943728, -19.91716311311722, -19.45418157529831, -20.523529311180113, -31.30840101146698, -24.637073777675628, -26.171268172740934, -24.856156235694883, -25.468964457035064, -26.188312793731694], [-27.347461688518525, -30.67025308561325, -29.188126215934755, -28.647936047315596, -29.087021483898166, -32.78653220176697, -28.586657404899597, -29.800708421230315, -31.854959246635435, -33.46183973407745, -30.59226958870888, -32.17126497364044, -29.34146482133865, -28.765590184688566, -31.297159062623976, -34.10419792628288, -37.52609169960022, -33.231696829319, -32.2536366918087, -32.54968776679039, -29.946676578521732, -35.14332099795341, -37.21956403565407, -35.62531380677223, -31.715268827438354, -28.81559094285965, -32.61708555698395, -35.9336143553257], [-21.929490011215208, -19.726092885017398, -27.48740398788452, -23.50858828544617, -26.377877193450928, -26.47370457935333, -22.52051159667969, -25.065467280387878, -21.54455665874481, -24.279318273544312, -26.052809465408327, -21.103310873985293, -23.743857909202575, -24.461475734710692, -25.728605697631835, -26.044565966606143, -25.198827721595762, -21.99850867176056, -20.49693858337402, -20.865770480155945, -18.7742991104126, -22.586017197608946, -24.402274748802185, -25.214752789497375, -26.942077667236326, -29.312480900764463, -25.904355259895326, -23.86786041736603], [-29.869848602771757, -35.883981910705565, -39.95691438627243, -35.7773639292717, -32.82367640304565, -35.88046853780747, -40.827599082469945, -40.723299027919765, -39.403538812637336, -36.16612597846985, -41.67724786281586, -36.762688698291775, -38.59662398815155, -35.64908953666687, -35.66127615404129, -37.69789182853698, -40.832035238265995, -38.829733273506164, -38.34442283678055, -34.62574382925034, -38.55898445892334, -35.65525237178802, -48.18387161254883, -42.0649590754509, -37.80356431818008, -36.826670916080474, -42.41710981273651, -41.573198811531064], [-34.12509107589722, -35.14578222513199, -38.114153188228606, -35.39799135160447, -43.03986296367645, -40.095131104946134, -41.09326917695999, -49.69424975395202, -44.94388010406494, -38.266256565570835, -42.59764248323442, -39.65455560684204, -44.929220378398895, -42.50598868274688, -40.164801710605616, -43.5117148938179, -45.43990502738953, -40.52387493419647, -48.64811876296997, -45.15699852943421, -47.184847435474396, -44.94978848409653, -46.54904821157455, -49.54417565727233, -40.524174830913545, -41.76062276029586, -44.88187019968032, -44.50184453201294], [-39.0096875, -47.890812499999996, -49.146, -52.866375, -50.974562500000005, -48.44981250000001, -48.50975, -49.2510625, -49.434062499999996, -47.3620625, -51.4063125, -45.942, -51.2755, -53.0546875, -50.85974999999999, -50.024625, -49.962562500000004, -49.14875, -50.37287499999999, -51.322500000000005, -50.32675, -48.685874999999996, -53.662875, -50.82775, -51.488, -49.047124999999994, -49.075562500000004, -51.831999999999994], [-49.01287297725677, -50.69155341768265, -53.247554341793055, -46.33624786281586, -42.77391345596314, -46.463320282936095, -48.14962912225723, -46.58180815839768, -49.1089370546341, -47.02806838035583, -51.926120041370396, -48.90288328170777, -46.014888477325435, -48.479022377491006, -50.00964550065994, -47.49330762910843, -50.15712958002091, -49.60103263950348, -50.944526339530945, -48.877980600357056, -46.85616157913208, -51.845753075122836, -47.5103164806366, -48.502215360641486, -46.78556045007706, -48.13937549448014, -46.67325819349289, -49.21189905118943], [-46.814358389854426, -55.02728334331512, -53.805848795413965, -54.493426180839535, -55.00148199939728, -54.77160489368438, -55.60860708808899, -55.73995240068436, -55.083925884246824, -54.19870640420913, -54.103830774784086, -50.780483066558844, -54.51761490011215, -51.779874629020696, -51.10774878501893, -51.838801226615914, -53.35115960407258, -52.822616108417506, -58.01099172067643, -60.07807847833634, -59.44602637434005, -58.40891855955124, -61.71960727405548, -57.59077726888657, -54.669784790992736, -54.93014390468597, -58.33064087295532, -58.61027467775345], [-54.76959559154511, -69.23696134376526, -70.46577777957916, -68.74889242362977, -68.07894387054444, -64.44292574501038, -66.69786371707917, -68.28235781288146, -69.17109108161927, -66.28814913082122, -65.73446175193787, -65.72030802440642, -64.98639443016053, -71.84561063098909, -66.41136477184295, -66.74739390563964, -68.4919995956421, -66.99373667812347, -62.7029936132431, -63.95966912937165, -66.25912528419495, -67.20556246471406, -65.39687797737122, -65.28953101158142, -61.522212013244626, -64.38974902915955, -65.04274775314332, -61.87191263389588], [-45.27513793277741, -46.79525140190125, -51.70131423091889, -50.80445795345307, -47.414719585418695, -46.56272968769074, -49.51303875541687, -50.291882610321046, -51.65639329719543, -49.15578626441956, -51.130787488937386, 