{"status": 1, "spectogram": [[-35.80802518509602, -55.00140525368099, -55.76764162359764, -53.91882145193219, -57.50660326171316, -55.86154178769159, -55.35944069768103, -60.5781962528132, -54.155551787149264, -54.88560484244688, -56.29108903804421, -58.12443049557007, -54.046755610679135, -56.36241268561018, -55.787562436621016, -60.502270141102215, -58.19309264135932, -57.43244615465403, -53.80423105445512, -58.09768123447076, -57.80611593901629, -59.84522033647039, -52.50069061938489, -57.34711365910257, -58.219044422194365, -58.10859875427043, -57.01830950617995, -56.57640999278705], [-26.830167708895647, -42.57510110935387, -43.2298068392727, -41.96453457772732, -38.47643665730101, -38.01713560361401, -37.84463103878984, -40.55127908726974, -41.94949503628452, -41.110346987528466, -39.877865013301374, -39.44352749832555, -41.96842548208212, -47.27313095023061, -47.6356141832603, -47.05448460504715, -47.77092873956471, -42.52143648940324, -40.858091448760746, -40.64879243267069, -42.3339323597404, -42.48956359488137, -41.307285689276085, -42.17135221429135, -42.3346150212884, -42.48197721979199, -43.00349073937113, -43.20549524621211], [-26.462518345169205, -37.29738004049716, -40.176805851853615, -37.451568595170976, -36.71978073689409, -38.249703562152746, -37.79659819179145, -41.438998004737705, -37.29930534977319, -37.23962826975029, -39.60096146035194, -39.16916162962833, -38.96555351648031, -43.230480252231544, -44.169404665313856, -41.9128499291869, -43.25967738509164, -38.74933660531044, -39.295640560661084, -39.46169969198651, -38.91926950061072, -39.36679121719083, -39.648235051306, -39.016205767548676, -39.755470279693604, -40.252446312174115, -41.06934773710331, -41.080992255468686], [-31.84022308704257, -43.713946468114855, -44.2123572511673, -41.796124999999996, -44.543946143150336, -44.252856813430796, -44.053590008735654, -42.40489263725281, -42.885937996864314, -43.61591979837418, -43.9520625, -42.943286888122564, -44.95600861263275, -47.209573135375976, -46.20636849021912, -47.721089658737185, -48.54608941078186, -44.4939375, -45.46521608734131, -43.568571601867674, -45.55007272338867, -44.5879372959137, -44.89438614463806, -44.28593874740601, -44.587625, -45.635347087860104, -45.44435748291015, -45.70375006866455], [-11.562808659822988, -21.0578278788669, -18.338866472786815, -25.0727566678524, -29.099403339750644, -29.798217709589537, -30.211583829763438, -21.19398216498166, -23.183243228859265, -25.068867098005352, -25.170272878408433, -26.979403753771457, -23.067004801316997, -16.697417669524633, -17.06982595780066, -17.41575992734559, -16.170790689901445, -22.54991614127159, -24.25223909278748, -25.812814545981947, -24.651233905700234, -23.345637479986806, -25.96543433198772, -24.931146271948904, -24.722612418413163, -24.41740550702985, -23.28955981134263, -22.874709386695333], [-17.563317169447327, -37.337649343298544, -35.32801871137421, -32.05934085559845, -36.58979440940204, -38.110653251044496, -32.710975853532986, -33.88266141696903, -34.3334236668864, -35.59954823746954, -36.45060584259033, -35.07014807520809, -41.46978662196988, -36.79803767282942, -37.653978597765686, -38.8152778413926, -44.62323965240902, -37.84694779872894, -37.788722683508816, -42.126616352392745, -38.32518118842651, -45.258443006776396, -44.036066933327874, -39.90351801789176, -41.66059722280503, -45.274178964604886, -42.969248823539736, -38.983532083619316], [-5.734460373691237, -7.720366723257527, -5.92576744863709, -9.924125315189361, -12.886903705761794, -13.891002694012208, -13.952131576775605, -9.034882169635534, -9.776771688786543, -11.543197098512923, -12.379335617542267, -13.860190439357734, -10.480186898405169, -5.7654377705613005, -5.10129717559681, -5.320465711000427, -4.981601520791723, -8.019644254207611, -10.147992032823062, -12.267305194625614, -11.064552952967372, -10.340951512854852, -11.83886630142523, -11.604802645468386, -11.444656607151032, -10.445534881043598, -9.40260310733936, -10.048148674127702], [-17.169121439757355, -29.479411037102004, -26.550239282736662, -28.844566477775572, -30.292054630173496, -31.096004764386635, -28.533165380575767, -31.514667693417774, -33.25881716385973, -32.39818937600343, -32.96138498783111, -32.171633927009665, -35.02874117131142, -38.022456179835196, -30.878215509840288, -39.27017782655134, -45.358969116727636, -35.76844563674927, -34.27257152693785, -37.54162100943583, -33.096367334905494, -42.16997999109799, -38.883471925040794, -39.134175940429266, -41.5321840467453, -42.26270531174005, -39.546324546705144, -41.29367260330054], [-17.18063507154158, -20.520769769889988, -19.873347310234053, -24.33728119945526, -26.76142472537748, -29.020198058844468, -28.270383200411175, -24.010349923348578, -24.928842697999585, -24.834009295541826, -29.174880671977995, -29.656677322098478, -27.096099952610448, -21.261513451498264, -20.806777361704576, -20.951454295372272, -20.853091384984772, -25.343940742492677, -28.292204529208824, -30.896511185208084, -29.406964760409956, -28.692860073974778, -29.799300942124972, -30.30048168289236, -31.842640327453616, -31.88028406227651, -31.589055349299493, -31.82377061648345], [-16.104345121150573, -15.751060574230081, -16.82790460960467, -15.328887975692751, -12.243703231325894, -10.587819909139817, -8.80571142640334, -10.759659660440327, -11.791392341747024, -10.285133717361758, -9.90078337097168, -8.77509123166099, -11.381277743873936, -17.137001628634156, -16.938449180268872, -16.47818084297375, -17.142060244767453, -12.6001841506958, -11.708212231112963, -11.318313282519462, -11.428737875159626, -12.762624382283377, -10.843749453732482, -11.509267352454655, -12.261245954036713, -12.940635289475235, -13.494462641633989, -15.29804473843667], [-29.34576775175333, -39.48991076016426, -39.491741193175315, -36.7921875, -38.39043787717819, -37.502893017768855, -39.21516016864776, -38.86092241048813, -43.12311489582062, -42.441678430557246, -42.7215625, -40.85177859020233, -42.02269669532775, -41.747128070831295, -43.79384983253479, -43.70998350715637, -45.93597444248199, -42.770250000000004, -43.64661807537079, -42.92173103523254, -39.37980928611755, -44.877919485092164, -43.97572712898254, -42.681233940124514, -44.5234375, -47.58660398864746, -44.63507180786133, -47.47039482879639], [-38.95386390189437, -48.26878118108707, -47.049715266137554, -46.254159971237186, -48.11317508514517, -46.16371640454056, -49.069862318231785, -47.90497202933553, -55.37221754013274, -51.34158018591027, -48.651929267406466, -54.79920816756686, -50.69333468327782, -50.65676355330903, -52.10702592439126, -51.3997210273554, -53.69973489664302, -53.366938044548036, -54.37929554552658, -53.85589359525664, -55.382204011896356, -54.57897113096427, -59.895041559918155, -52.51261061009811, -55.114006167411794, -56.331609890354535, -55.419219656209954, -57.72391428766252], [-38.567377094506604, -43.60662735254428, -43.801268430471524, -45.24401991844177, -41.56784632338329, -40.58521759449218, -39.51510374869193, -43.8354545311824, -45.40557212041413, -43.39685947534987, -42.86410344457626, -43.711672605299924, -46.001791092085526, -50.52382800901054, -50.83190310781699, -50.70998553786008, -51.12248525475493, -48.65652363300323, -48.42026546084416, -47.6165212491388, -48.05715922120106, -52.94029659653546, -51.42080461242677, -49.690797625066864, -52.0591899600029, -52.832041542412455, -55.1301293687028, -55.45276291401768], [-45.80232844709986, -53.14236847591152, -50.18222381301728, -51.88280610847473, -51.694814674688814, -46.1899546873036, -43.17118350100077, -43.50117464887824, -44.74882431536338, -42.22130598139276, -43.51428741264343, -42.680123082685654, -43.25165114893303, -47.59368791270719, -46.81272386231623, -47.63778522939005, -45.54013390887181, -41.70462528800964, -42.095164572772944, -40.65120118950811, -41.700682814207354, -41.92947843222631, -42.14056325007483, -40.86417439122102, -39.11358957099914, -39.68819682948484, -40.69980331175675, -41.54547024557487], 