{"status": 0, "spectogram": [[-22.326937549695373, -36.98209834186733, -37.26609837208688, -39.03919667249918, -38.5538929643929, -38.091910816997284, -38.95291095259786, -40.29289298537374, -42.34270541293919, -34.49672312764824, -37.048348141983155, -42.03278561380506, -48.385124937415114, -47.951723186835636, -56.178910564273586, -55.640580153003334, -58.664204999074336, -56.00400871543586, -57.97819611656665, -59.67387483993173, -60.31801750385762, -63.643598009958865, -61.89734807367623, -63.3174641482234, -63.94926764038205, -64.10578555196523, -63.753410608381046, -73.08642832055688], [-10.334536400437356, -13.88088467568159, -14.944384842813015, -14.366313309609891, -14.73654547470808, -14.446643625736238, -14.942143532156944, -21.03930516672134, -24.674251606464388, -31.744304875254628, -38.87517878687382, -41.81411615103483, -49.421339119791995, -53.90288412708044, -55.440946694135675, -56.96864302408696, -59.9319018086791, -58.46291080594062, -67.5330981438756, -65.7828841457963, -66.72350872308016, -62.971580277025694, -69.96876772141457, -71.99137525963783, -67.54291991776228, -69.0882053464055, -70.79626774144172, -69.32820524424315], [-5.928902108430863, -5.864750466346741, -5.92950043296814, -5.834473504304887, -6.022580642461777, -6.047348451852798, -6.575911205291748, -7.620232539176942, -12.918616335630416, -26.046124671936035, -46.029437785863884, -55.8883677008152, -61.22914245939255, -66.8779650402069, -63.962026907682414, -67.5523310239315, -61.94303459215163, -57.658570145130156, -63.45794650745391, -69.75387525987625, -66.54996462488175, -76.00764415121077, -72.44189316368103, -72.37496486759187, -70.50345595049858, -78.55702820181845, -76.88546571969985, -78.90644634151458], [-25.7655, -23.6923125, -23.9535, -24.760875, -25.182312500000002, -25.8070625, -25.6136875, -30.115500000000004, -43.31725, -39.625249999999994, -49.5954375, -53.8510625, -56.073750000000004, -66.0800625, -64.6520625, -60.1755, -55.296625, -64.2531875, -70.44687499999999, -71.66025, -74.21175, -74.817125, -77.594375, -78.82962500000001, -74.6891875, -78.5268125, -78.998875, -80.0], [-34.09897524476052, -45.05619183707237, -46.997379786014555, -49.13866563558579, -48.98534408998489, -48.7523347837925, -47.26714731502533, -55.10495166063309, -53.96985054898262, -50.57566895127297, -47.19998084020615, -57.421893491744996, -57.61328545331955, -63.20567847633362, -59.14274131131173, -57.22903537845611, -61.43817097735405, -68.40074224448203, -74.50830388641359, -73.5255709104538, -73.01231207728385, -75.69313285899162, -77.9096335093975, -76.30405338764191, -79.60998267507553, -76.03654488301278, -79.0338575282097, -80.0], [-48.81120523214341, -48.13135730457306, -52.63592044687272, -50.03172404432297, -51.86195617246628, -51.60023314666748, -51.460981227874754, -61.198251405715936, -53.83835886478424, -53.73991207122803, -48.73359880018234, -49.86656103944779, -57.51616032791138, -60.79102761602401, -55.019153481960295, -50.820684562206274, -58.38915301942825, -63.09254791021347, -73.65648276805877, -71.0875024023056, -74.22180406856538, -79.86827670621872, -79.07290238046646, -79.23810766601562, -79.2935084376335, -79.22957124042512, -73.56344422626495, -79.39062407016753], [-49.58175881791115, -56.906931515216826, -58.64530504751206, -55.756956974744796, -57.500555339336394, -56.88409065675736, -60.05646611881256, -61.72328366947174, -58.81939949679374, -54.71708442378044, -53.86270622086525, -54.794013670444485, -65.78601596927643, -63.55194772648811, -63.299893521308896, -52.80400927710534, -61.204471971273435, -64.08868731188775, -77.5116235551834, -75.42916080093384, -75.61806019616128, -79.95924110341072, -79.98467862987519, -79.52321610450744, -79.68084943175316, -79.39843687415123, -80.0, -80.0], [-43.990619586944575, -50.11398137569427, -49.466231823921206, -49.5129654417038, -49.74661776161193, -51.05851952457428, -53.556329410552976, -55.242294364929194, -57.648890876770025, -50.064948474884034, -54.6966962070465, -60.7698313589096, -65.82046937656403, -71.0092719449997, -67.12290387630462, -60.73669700622558, -65.45755410575866, -69.75412601661682, -79.4209970550537, -79.69539171791077, -72.58395727443695, -79.46629453372955, -79.2345433549881, -79.13402720928192, -80.0, -80.0, -78.86356407642364, -80.0], [-53.08277778482437, -50.83585121679306, -51.409665448188775, -51.07763763284684, -50.74969155263901, -52.23004839372634, -52.8789855928421, -59.75007822704315, -56.559152164936066, -57.087286728858956, -59.3077257771492, -60.50843888044358, -66.73585757541656, -71.41516343593598, -69.92428239059447, -65.43861460733413, -61.10809011745453, -74.25665032529832, -79.89352662324906, -79.23280397605896, -77.3918667216301, -80.0, -80.0, -78.82025017166139, -80.0, -80.0, -80.0, -80.0], [-55.439181143760685, -55.47862628078461, -60.4971776957512, -57.02141538572311, -56.512737465381626, -56.76830825471878, -61.83792666292191, -61.83310770463944, -61.15910716438293, -62.34442313623428, -55.95124800300598, -59.14545858383178, -64.09312460517884, -65.07907249164582, -65.27519661331176, -60.53993738412857, -61.259463832855225, -62.668589448451996, -78.757014667511, -76.71316303491592, -78.93817015886307, -79.89624762535095, -79.99556239843369, -80.0, -77.0974116706848, -79.49373265743256, -79.49373265743256, -80.0], [-47.83387499999999, -51.169, -53.6386875, -52.803125, -53.347187500000004, -53.6603125, -53.8108125, -60.9289375, -64.4734375, -55.575375, -53.891875, -65.9775625, -70.06812500000001, -71.91987499999999, -71.12843750000002, -71.8913125, -69.12687500000001, -74.486, -77.96675, -79.8375, -80.0, -80.0, -80.0, -80.0, -79.7440625, -80.0, -80.0, -80.0], [-51.561880069732666, -55.49478090906143, -54.471659648418424, -53.52461182594299, -52.35423125314712, -53.53741132497788, -57.61790548563003, -61.524106346607205, -53.876397850036625, -53.420563107967375, -50.99538180351257, -56.11999629831314, -68.83845704126358, -75.14543868017196, -78.43568956708907, -78.14388696146011, -69.3465339899063, -76.94504665231703, -79.85610730838775, -80.0, -80.0, -80.0, -80.0, -80.0, -80.0, -80.0, -80.0, -80.0], [-43.41373082542419, -40.8611247844696, -40.985061850070956, -39.94381346940994, -38.427125341415405, -38.43483111619949, -39.784955214977266, -41.451347068309786, -46.41564094352722, -43.81541078853607, -54.94115736675262, -63.06845630311966, -72.95575097370147, -74.10052011966707, -75.22820372343062, -77.29366014194487, -71.205000248909, -77.95255362033845, -79.92261613702775, -79.78906267881393, -80.0, -80.0, -80.0, -80.0, -80.0, -80.0, -80.0, -80.0], [-46.96175335597992, -45.62339542293549, -41.22933643531799, -40.797053064346315, -41.82608347034454, -41.21403765487671, -44.82634382343293, -45.85965868377686, -48.205043816566466, -51.19922727203369, -60.56947829055786, -73.09835641860963, -80.0, -80.0, -80.0, -77.83850037002563, -79.76310593795776, -79.71349854278564, -80.0, -78.6407143688202, -80.0, -80.0, -80.0, -80.0, -80.0, -80.0, -80.0, -80.0], [-34.69106818008423, -36.83760196113586, -36.13641577243805, -37.212013507843025, -39.56987399864197, -42.057383799552916, -42.71163487529755, -42.491856832504276, -48.459750207901, -58.075128670692436, -62.233007266044616, -72.43972357845307, -80.0, -80.0, -80.0, -77.82727834987641, -78.20609961605072, -80.0, -80.0, -80.0, -80.0, -80.0, -80.0, -80.0, -80.0, -80.0, -80.0, -80.0], [-43.992220148086545, -40.75269756507874, -44.539567735671994, -45.24618063259125, -45.17561250972747, -45.78221092224122, -46.21476520824432, -43.867614853858946, -52.62799551296234, -55.81711947631836, -59.98943505764007, -70.57315285873413, -78.24722814559937, -78.81360479831694, -79.99678574371337, -78.38574057483673, -79.3410680770874, -78.62130548763275, -80.0, -77.93871343135834, -80.0, -80.0, -80.0, -80.0, -79.79066857814789, -80.0, -80.0, -80.0], [-66.46406332969666, -59.13448642158508, -64.64698802375794, -65.2966229057312, -65.19971027755737, -63.69225883674621, -68.81932108306883, -63.47096315383911, -62.548715906143194,