{"status": 1, "spectogram": [[-21.26596980550961, -45.956856869442134, -45.391622392017, -48.25607151544094, -47.03643857524588, -50.5707459775404, -47.76773417005248, -47.89963400425721, -49.16428446047645, -46.77073461262547, -46.06628555393219, -48.75453994938062, -51.3085922492815, -51.36935752526342, -48.195458108734094, -49.56860181754217, -49.7257851356268, -47.45578558003903, -51.47562556664564, -49.8321857415754, -47.36483721103959, -47.568794742204744, -49.564836781102784, -49.29949035134127, -47.36442851448059, -49.063692918821246, -51.49735208855829, -23.18718522957888], [-10.010623537576794, -15.199307679047362, -8.449368781629916, -5.7636436553001404, -4.7656641126944255, -3.66610250400036, -3.1456331904664325, -3.971970194524662, -4.016051534662423, -3.618296523259608, -3.5783577332496646, -3.4188373090296453, -2.8582557250918326, -2.2375001853534036, -1.905408445163661, -2.1341432694026423, -2.4836429865019523, -2.8600003700256345, -3.117275932419051, -3.1113677370499615, -2.9876635682144914, -3.0576738025315047, -3.167388144512566, -3.502102143443337, -3.774714653968811, -3.756387967537841, -3.757510290515631, -5.024919221235559], [-16.472744841357716, -16.01019033337605, -22.1429130786365, -27.761424720764158, -30.43050584823208, -34.72072339220916, -37.91195804771598, -33.288179407917106, -33.506997475215925, -36.90140703944797, -37.71171279525757, -39.05415047811977, -39.254406357434306, -40.84257155663683, -42.25229393573779, -44.20866191038849, -43.45005154454, -42.57492379951477, -41.536183298909904, -43.189213720048926, -42.40774302852321, -44.35138560828331, -45.34337661258525, -44.88274290318448, -44.820782762527465, -42.630658086702724, -45.12733635420368, -30.439143764458144], [-24.45971472042799, -40.118214406371116, -44.08428543651104, -41.991, -44.247286062717436, -42.977643056392665, -45.85335733819008, -48.25692652130127, -41.93571300029755, -43.77107229280472, -42.431, -42.667141801834106, -45.455144165992735, -41.82535614395142, -40.35207304573059, -38.182857380867006, -40.43521227931977, -43.0005, -40.65892822360992, -41.592142267227175, -41.03414191246033, -39.735570730209346, -40.76307138347626, -40.719571370124825, -41.7035, -43.78779041290284, -40.61049971961975, -31.726851541519164], [-39.4109100551394, -37.761520652693115, -27.83247843133705, -19.283781885147093, -16.580965315254137, -12.27317011634204, -10.915915781843411, -13.354109035812973, -13.24953692447911, -12.067241810341296, -11.417568813323975, -11.076742689901376, -10.063733160213465, -9.04838594070761, -8.59078530338822, -8.238040307161738, -8.77273368391704, -9.969427562713623, -9.794825198835282, -9.773815280933752, -9.538070283889786, -10.049499117987434, -10.27887689950514, -10.1704892573065, -10.185427703857423, -10.674631888564981, -10.583396947977782, -13.217552560339588], [-17.918476288687, -13.208813700916991, -8.665984168436493, -10.457792179107667, -15.703468171003514, -17.701898111330095, -23.09507430526681, -16.52345852701074, -18.811481728534986, -18.5590803813247, -20.229651424407958, -23.64218292177003, -26.972883884352527, -24.893386784569635, -30.002623163575336, -31.3143268789379, -32.35700100244784, -27.29257228088379, -30.35029034492412, -34.11960352273107, -36.46293914246124, -29.504634372751855, -30.841407709744338, -29.675123616431243, -36.64678936386109, -34.74893035452827, -30.911196988011014, -26.201262750702867], [-8.618353776756116, -11.222421993226522, -26.74690873739712, -19.764069570541384, -23.655947166365046, -23.196357628516605, -28.532840720561243, -21.543712694577543, -26.605544339843824, -28.200075059072848, -33.28678512001038, -27.72239443981399, -31.96672153414594, -28.821805055271245, -26.944984387033266, -24.748427705183474, -25.286641575505215, -24.56678584098816, -26.043752148064307, -26.536119607730456, -26.72414111355402, -26.01026970867578, -28.607072366267012, -27.43710529407034, -27.545639959335325, -30.751451569023715, -30.32602542456354, -25.539587885100115], [-17.94724540056103, -28.802188232993615, -28.67415270523467, -24.66162734222412, -22.718999235249896, -18.424369997117463, -18.432912592007185, -21.590011600281972, -20.78971753920275, -21.81415479958765, -16.116923332214355, -15.527291404276024, -13.029397396476126, -12.443726504969238, -12.094352710216278, -11.463221603256985, -11.255505957467802, -11.085004180908204, -12.136995538614475, -12.777188958966086, -13.707986131473968, -14.481209926916168, -15.361650084768087, -14.81593570000917, -14.672434463500977, -15.309893598986847, -15.134882790626783, -18.56131117077073], [-21.530803039184423, -24.923986836200072, -20.87361667196801, -18.167432983398438, -13.033503037452938, -12.05678641097856, -12.245264886899818, -10.490880685251966, -11.399328276069092, -13.165858406611878, -12.845570602416991, -12.446957844277147, -16.505005289039357, -18.418087629785543, -22.491594623176876, -22.369940204269675, -19.1536374917699, -20.795421432495118, -21.334698369063908, -21.56421759383485, -20.86203452258227, -23.565533193161624, -26.79142070129948, -29.16963237094947, -26.363635707855224, -23.252298254753374, -25.88541498351439, -25.18540394327821], [-32.62688043161255, -35.575531811540856, -32.59106424193221, -23.74857112121582, -19.7947312554235, -20.464216664660317, -20.706273664966304, -19.214437418120294, -20.50756252923471, -21.90595337087276, -25.549796054840087, -28.41935926243623, -29.429841679281523, -28.90551388904008, -34.64806828253967, -36.405880582420494, -36.197727526314594, -35.17078733444214, -35.831736778453305, -37.973339245158, -36.315990564622425, -41.30587742988457, -41.31857789648592, -37.066900903401454, -41.8237823677063, -41.40549752425606, -40.231778112937135, -39.75554383395017], [-34.826714787214996, -33.122928715348245, -39.176070908069605, -36.6, -34.92200031423569, -33.29221429204941, -32.71921423912049, -34.65428642177582, -33.96942719268799, -33.63121477270126, -32.361000000000004, -32.398499917030335, -32.363500224113466, -33.06442924118042, -37.71921352386475, -38.90485713481903, -39.66228482818604, -39.191, -41.026712656974794, -38.6397861738205, -38.946429225921634, -41.87642775726318, -43.5545002527237, -42.474858984947204, -46.6695, -43.5139301109314, -43.43300265502929, -40.98285514259338], [-41.0065210703099, -44.82405489626254, -44.33265769281986, -41.166066028594976, -43.272427326844266, -41.48424966388004, -42.26933577480613, -39.25682941669154, -44.92045807168998, -45.632613882756175, -44.26792964553833, -40.50031430897296, -37.967554607099935, -36.12314323188419, -35.979176588526244, -35.52966489352003, -37.82802770389091, -41.27351468276978, -39.30927421063681, -39.342660153252716, -41.299819814328565, -37.822329866020695, -40.35050182414408, -39.99821276875919, -42.35930187988281, -41.71174320485647, -41.99090822886328, -42.784044428025354], [-37.83647857351402, -35.85984785601562, -38.78311521378315, -36.47178630447388, -36.24851047961521, -34.51457466380977, -35.37713739559117, -33.94951143145059, -34.89013411675709, -34.71134946752091, -38.975073223114016, -45.33186975120973, -43.39558270355218, -43.7553102604249, -42.914859600066, -38.98513389659383, -41.06740749162505, -44.146713058471676, -43.725409098840004, -44.26489876254723, -46.39994824782984, -50.522654106643586, -44.0782251327668, -45.611580979034706, -48.26357033538818, -46.77179597713918, -46.08405192845751, -45.32854036724292], [-49.18474067358345, -51.77263739913338, -47.67986455883271, -49.61114683532715, -46.39265522074182, -48.94578638413827, -49.51122153904979, -47.503141938890806, -47.45535850211655, -47.81468224468921, -45.90164057159424, -50.08931961953918, -48.78153278475354, -45.02663631525053, -47.087727073125365, -48.73992718100804, -49.720483504918306, -46.135003723144536, -46.26984237627446, -50.5414867728859, -46.94326149107413, -49.32089548780362, -50.34107896068946, -51.07484454230428, -50.55864649200439, -50.29392701861146, -48.22664298280306, -43.42418663063506], [-51.96429066871357, -58.08031327692358, 