{"status": 0, "spectogram": [[-36.592098156645896, -51.528919388070705, -54.46248195132613, -53.54633910000325, -53.23879443393648, -55.93164259791374, -56.224830282405016, -55.443901533946395, -57.18040160067379, -59.039356750249866, -56.26210697013139, -54.608240812882784, -54.40224980700016, -50.04916045579314, -54.800910488516095, -58.0807230681628, -56.18902661402524, -57.50493735812604, -52.92062487709522, -61.06984793148934, -54.54351760217547, -52.548642667382964, -60.06414258784056, -55.83559804423154, -57.73304449351132, -59.591133834287525, -57.32925870411098, -55.50995523799956], [-15.561892191648484, -13.824758302271364, -13.293070854902268, -12.26544597673416, -12.04840135103464, -12.81859771746397, -13.991972604811194, -14.996302879571912, -15.266499328732491, -14.290338710069657, -14.096838723897935, -13.803758376181124, -14.311740474045278, -14.639802957177162, -14.626427953958512, -15.261017189741136, -15.872106457471846, -16.346651087820533, -16.18708863949776, -15.682794034063818, -14.746508397281168, -14.686124445199969, -15.034874423265459, -15.302660135030745, -15.928811868846417, -16.285481483459474, -16.660981452941897, -16.66368683606386], [-45.54825923275948, -51.565999407291415, -48.95587483453751, -54.622670913934705, -59.517574570655825, -57.025912705421455, -53.91803632974625, -56.80635759496689, -57.741090728282934, -54.59436574625968, -51.31255352210999, -56.71411628890037, -65.13377944159507, -56.74698076152802, -60.83817035222053, -56.69808908939362, -55.88946397018432, -66.60205630254745, -58.11586682486534, -57.90458994197845, -55.14856280303001, -53.7085277888775, -55.22021406173706, -58.889884154081344, -58.076168991804124, -55.94324986505508, -58.71706264853477, -55.08031374335289], [-12.619187499999999, -10.713375, -10.533562499999999, -11.09525, -11.621437499999999, -11.561375, -11.963000000000001, -12.7283125, -12.701812499999999, -12.061187499999999, -11.8896875, -11.8266875, -12.1926875, -12.535687499999998, -12.569812500000001, -12.8099375, -12.9975625, -13.34825, -12.939187500000001, -12.6684375, -12.3813125, -12.368125, -12.910625, -13.1703125, -13.6055625, -13.7003125, -14.272562500000001, -14.3065], [-31.241572937488556, -46.51493933701516, -43.342876049995425, -48.25216234540939, -46.678313813924795, -48.04301889944077, -51.91789496612549, -54.04141293382645, -50.18676742124558, -48.559312586069105, -49.96500122928619, -48.347153249979016, -52.896268933773044, -52.071947000026704, -53.77676045680045, -48.8381341984272, -54.008259330511095, -51.83580435657501, -50.44880383634567, -49.6698392252922, -47.99951090455055, -50.3746536872387, -55.736904614210125, -47.12352632069588, -49.41304478859902, -46.53951857757568, -53.40958168673515, -49.295295216321946], [-3.8364825754165652, -3.757944857597351, -5.719068715095521, -10.75561095380783, -12.840958624839784, -11.308433231830598, -8.751372974395752, -7.274437178134918, -6.8898920211792, -8.218774082660675, -8.136523835659027, -8.20243440580368, -7.635435346126557, -7.89509628343582, -7.997721409320832, -6.8828831191062925, -6.530142362594605, -7.057749750137329, -7.631248637199402, -7.93119445323944, -9.997175024032593, -9.12495239019394, -9.339015310287476, -9.602479532241821, -8.424703788280485, -7.7099365334510805, -7.789437118053436, -8.12072235250473], [-32.896854279756546, -35.28598115110397, -31.355668229818342, -31.82326810622215, -31.314525947093962, -37.512918764829635, -39.97823570585251, -38.56078635311127, -45.264156172990795, -42.257912155628205, -39.300787054061885, -36.09137810134888, -40.290379580497735, -42.72015713596343, -42.36135087800026, -38.46922367072106, -44.47399372839928, -37.3423121201992, -36.00531391263008, -40.77416584205628, -35.95742021536827, -38.96073641252518, -41.09898472452164, -42.08970982289314, -40.19584191560745, -39.91993711733817, -40.12631298565864, -40.30584271669388], [-10.353962450981141, -11.144021913528443, -16.043330395698547, -25.478453030586245, -29.66428356742859, -30.01732034397125, -17.226520376205446, -12.181078533172606, -12.338184593200683, -18.31371482086182, -19.46815130329132, -20.674462491989136, -16.621091682434084, -16.178994280815125, -16.361307218551634, -14.113291604995728, -12.75606031036377, -12.827927002906799, -15.219549351692198, -16.88271709060669, -24.461986947059632, -20.76012392425537, -18.9546263256073, -19.80625070762634, -16.180504074096678, -13.942461064338683, -13.207774869918826, -14.486729165077207], [-17.201095420360566, -20.693601350784306, -18.429228796958924, -15.015116936206816, -14.174965760231018, -16.31787391090393, -23.59736990070343, -28.741722754478456, -23.061787464618682, -18.797460494995118, -18.529961188316342, -18.71807748746872, -20.58856689929962, -21.668682527065275, -23.27130699777603, -25.54459081029892, -25.59833994531631, -26.809910984516144, -23.27428831338882, -20.287593493938445, -17.910479836463928, -18.3685237364769, -19.862085393905637, -20.965326587200163, -23.39782453393936, -24.164216446399685, -27.538589652538302, -25.261519456386566], [-29.47683566045761, -38.99879516458511, -32.12248467445373, -23.623974828243252, -23.70766142272949, -28.541107260227204, -36.11510611867905, -42.114175891876215, -38.83472111988067, -37.0018990058899, -36.04779037952423, -35.58348544692993, -36.57406901311875, -37.144304619789125, -41.4126793422699, -35.1359687423706, -38.284990129947666, -38.82591588163376, -40.18454273843765, -38.086779827594754, -32.39672574901581, -35.116264553546905, -36.862448461532594, -38.34375389099121, -39.20331696462632, -44.134452567100524, -42.443693809509284, -39.51936472654343], [-33.6304375, -46.0016875, -46.6343125, -38.4918125, -38.2211875, -38.688125, -41.0169375, -44.8795, -44.690875, -41.6883125, -42.617562500000005, -42.472249999999995, -45.335875, -44.1665625, -45.59762500000001, -42.2855, -43.549062500000005, -44.72475, -44.36775, -45.72425, -43.20462500000001, -43.5469375, -45.43825, -45.850750000000005, -46.3701875, -43.6850625, -47.9314375, -46.2391875], [-44.31870266342163, -49.564755763530734, -49.1202536406517, -37.897405696868894, -38.03057756376267, -43.75941714859009, -48.65003911018371, -54.88366909074783, -48.97777753210068, -50.67986868476868, -46.655249020576484, -49.61931885433197, -53.43395877075196, -52.70831943798065, -54.22481940078735, -49.827940876960746, -55.815199518680565, -56.27140482616426, -55.80433888578415, -53.354421095848075, -47.01858085298538, -50.593657289505, -53.630344659328465, -55.908887578010564, -54.35449908638, -54.00650157260894, -51.26751266193391, -56.53668800115585], [-40.736645544052124, -39.07520265579224, -39.176325217247005, -39.38223009586334, -43.15960417270661, -42.93346423053741, -40.79040684652328, -44.14391009283066, -43.63592087459564, -39.653851510524746, -39.74172565126419, -39.54544860839844, -40.74914739322662, -41.84287096357346, -42.20887185049057, -44.09561461544037, -48.483641263484955, -47.44431031703949, -40.86230932331085, -40.745844554901126, -39.683287311553954, -43.10519889163971, -48.1543244009018, -47.23294935035706, -46.92953293180466, -47.8871332359314, -49.107322147846226, -48.95157805347443], [-35.49374126243591, -35.6903066520691, -40.213235451698296, -40.347278992652896, -41.252493027687066, -45.2080804605484, -41.54378597259521, -39.81012500667572, -40.69196264743805, -43.42943406391144, -44.36248971176147, -43.96470323562622, -42.20326655197143, -42.56207144737243, -42.2108864736557, -40.72700598335267, -43.40660772800445, -47.486508710861216, -44.050313742637634, -44.020275641441344, -47.9437550163269, -50.114460301399234, -49.070529045104976, -45.51821716022492, -43.51768372917175, -42.624943873405456, -39.97788418960571, -41.2017313337326], [-38.033316988945, -38.277916057586665, -37.53203707695008, -43.7433911485672, -46.80662131786347, -43.98460123634339, -41.3946109828949, -42.6974407119751, -42.648096893310544, -42.737696773529045, -41.7813210659027, -40.59998158454895, -40.71020005226135, -40.72298659133911, 