{"status": 0, "spectogram": [[-10.99792863690853, -8.253705464616418, -8.137517970889807, -8.087294751778245, -8.119017973303794, -8.179223339512944, -8.188535842061043, -7.943759071424603, -8.115598340913653, -8.196803684055805, -8.126803686976434, -7.95736619360745, -8.162544764056802, -8.469232258439064, -8.57204476313293, -9.084991195604207, -9.200544762954117, -9.441651902601123, -9.310464399337768, -9.338419756874442, -9.423178693681956, -9.573830478265883, -9.63183048044145, -9.623553688824176, -9.543535836696625, -9.33183048914373, -9.517267980724572, -9.544223342910408], [-18.4339027133584, -14.565071491241454, -14.67782157599926, -14.267982231616973, -14.59607161259651, -14.598098589599134, -14.276161114811897, -14.38736665636301, -14.512571766972544, -14.536643042564393, -14.509705561459064, -14.407982395887375, -14.5918752348423, -14.891053743362425, -14.81830380475521, -15.408652076780799, -15.744152010738848, -15.996009097278117, -16.059009055554867, -15.729776923000813, -15.919473492324354, -15.721455589830878, -15.847955617129802, -16.035634153068067, -15.880982369184494, -15.761036092042923, -15.809223472058772, -16.13827712970972], [-11.13543598818779, -8.211061569929123, -8.075936304330826, -8.277918591737748, -8.190266530513762, -7.680141014099121, -7.66939082479477, -8.042300789833067, -7.899123075008392, -8.205900448560715, -8.184712879180909, -7.937703687429428, -8.089900144815445, -8.602328914880754, -8.826516153812408, -8.973337477207183, -8.945248426437377, -9.368471853494645, -9.823409500598906, -9.48532020998001, -9.475132275342942, -9.806962677955626, -9.589337626934052, -9.482971794843674, -9.673248448371888, -9.462765743732453, -9.72682860159874, -9.993426600933073], [-7.757562500000001, -9.584999999999999, -9.5915625, -9.5426875, -9.529875, -9.223625, -8.2265625, -8.8179375, -8.651875, -9.594, -10.360937499999999, -10.414875, -10.3939375, -10.2381875, -10.987187500000001, -11.3905625, -11.870999999999999, -12.7161875, -14.3445625, -14.1190625, -13.535625, -13.560562499999998, -13.5054375, -13.1140625, -13.7965625, -12.761312499999999, -13.898812499999998, -14.091499999999998], [-1.9123459970951084, -2.820872898578644, -3.4293110249042513, -3.2168106262683867, -3.709766475200653, -4.375901160955429, -4.380776259183883, -6.028786057949067, -4.822865548372269, -4.669230818271637, -5.202105881690979, -5.3276508696079246, -5.587266895771028, -5.6979184195995325, -6.697418742418289, -7.433124207019805, -7.735097147226334, -8.220079097509384, -9.210516287326811, -9.699301958560945, -9.379722320318223, -9.675597042322158, -9.81503471803665, -9.489159606933596, -10.355606106758117, -9.945928270816802, -10.79842772579193, -10.693972631692885], [-16.190120748996733, -13.835190626621245, -15.134187400341034, -13.98169835281372, -14.699365994930265, -16.555531759262085, -16.26271911287308, -14.866362317562105, -17.1614075756073, -16.106178101539612, -16.245052221298216, -16.736881412029266, -16.647730897903443, -17.06865991973877, -17.631908378601075, -18.971711209297183, -19.39877478837967, -18.71375812482834, -19.170070474624637, -18.667052803039553, -20.117282063484193, -19.43801503276825, -19.853765322685245, -19.811141123771666, -19.832095543384554, -20.143317234039305, -20.49388036775589, -20.64100492143631], [-14.063917507410048, -12.06733094930649, -10.487708246707916, -12.28083175468445, -10.144798693180084, -10.509454356908797, -10.184705024957658, -11.483851194143295, -10.852338360786437, -12.209825716257095, -11.477388780593872, -11.09896190595627, -11.331059625387192, -12.197406682491302, -12.295658480644226, -13.06130178451538, -13.276380676507952, -14.79564722084999, -14.499707808971403, -14.560520773172378, -14.583783011436465, -15.021978561878203, -15.162479063987732, -15.78479093527794, -14.188666629076003, -13.697982288360596, -13.606104885101317, -13.694749472141265], [-2.9918270149230954, -4.286365154266358, -6.136115047454833, -5.424874579429627, -6.136748618125916, -9.147846938133238, -10.535655984878538, -10.523884660720825, -10.421862774848938, -8.080729863166809, -8.080479683876037, -8.94798487663269, -10.096082535743713, -9.693201383590697, -10.094012085914612, -12.248911026000979, -11.059985885620117, -11.198336905479431, -10.05683943080902, -10.31236654472351, -12.200531064033509, -12.162309051513674, -12.572307340621949, -11.56556886959076, -11.475141032218936, -16.74618219280243, -15.083128288269041, -17.116264081954956], [-23.24906133699417, -22.778176902770998, -25.45392602825165, -24.9894801607132, -24.877640869140627, -24.321216582298277, -23.801468251228332, -22.287628953933716, -24.186127384185788, -25.46552653455734, -24.735526689052584, -24.357617077350618, -25.990903523921965, -26.92140134382248, -26.34871633052826, -26.183109525680543, -26.69520643758774, -28.333811745166777, -28.683997860908505, -29.949497591972353, -27.537661782264706, -29.289437484264376, -28.58637522125244, -28.9877762093544, -29.83573933649063, -29.252171689510348, -30.466793488025665, -29.95442108678818], [-28.997636721134185, -29.61336921262741, -29.408244244098665, -30.05642160081863, -29.69716155910492, -32.68304480648041, -33.66123018217087, -32.13581588840485, -32.98746441030502, -32.86921857023239, -30.941845778942103, -32.5424666762352, -32.763138228416445, -34.982217909336086, -34.2920905919075, -35.4554817700386, -35.353895366191864, -34.34300752401352, -33.57394919109344, -33.80269048833847, -34.80500276899338, -34.45101551723481, -34.345579028606416, -35.06102531290054, -33.95693095302582, -34.987128979206084, -35.07275816202164, -35.93328090572357], [-32.9041875, -33.704625, -33.7006875, -33.3924375, -34.1885, -33.784062500000005, -33.491375, -34.208437499999995, -34.25125, -34.0600625, -34.099, -35.0284375, -34.049125000000004, -34.5808125, -35.4488125, -36.12325, -35.2476875, -36.0561875, -37.204625, -36.107312500000006, -36.95075, -37.6918125, -37.39693750000001, -37.348875, -36.990875, -35.626000000000005, -37.74875, -37.9165625], [-33.76345354223251, -34.286810347080234, -34.30918541860581, -34.64470239210129, -34.69348690271377, -33.41856305932999, -31.87681374025345, -32.85699029302597, -32.742403643131254, -34.8246659617424, -35.61610309123993, -34.18330109786987, -34.65699856090546, -35.941230045318605, -36.84410346031189, -36.38273032569885, -36.95798100662231, -37.70540047883988, -39.71202364206314, -38.817506448268894, -37.57705205917358, -38.282267937660215, -38.2886435842514, -38.483204283237455, -37.989883402347566, -36.91533688735962, -37.09414941453934, -36.75174858379364], [-23.767993789196016, -23.487089953422547, -24.915590458869932, -22.84800058937073, -22.465938843250274, -23.668733535766602, -22.73010858821869, -23.0996884598732, -23.67666176128387, -24.464153028964994, -24.115027982234956, -23.52378699684143, -24.99073334598541, -25.904822597503664, -24.804010236263277, -25.47097449350357, -26.120546503543853, -27.35957296657562, -28.046072043418885, -28.567946907997133, -28.33559876680374, -28.690117353916165, -28.282805471420286, -29.021278570652008, -28.359206712245943, -28.805928014755246, -29.223428157806396, -29.01083001470566], [-35.66397377490998, -35.87398308181763, -37.507356834411624, -36.918758309364314, -38.628999202728274, -36.40959939289093, -36.68741003036499, -36.71291928958893, -36.99950865459442, -38.53210594749451, -37.639732398986816, -37.30341987323761, -37.97380366706848, -38.957473978996276, -38.92903571128845, -40.06033925819397, -39.7275534362793, -40.98445611667632, -42.46214445686339, -42.246776862144465, -41.09347390651703, -43.05215471744537, -42.707028033256535, -42.32139349746704, -41.348125572204594, -40.52077788257599, -43.07365261363983, -41.47072427272796], [-29.49953476428986, -28.706916786193847, -30.32972954273224, -28.330337166786194, -28.65189105129242, -28.786532662391664, -27.382970331192016, -27.594086642265317, -27.965926424980164, -28.75049713420868, -29.90156188392639, -29.378131937026982, -29.429212374687193, -31.09040763759613, 