{"status": 1, "spectogram": [[-38.64545530001819, -58.69184797899425, -56.977910445421934, -57.31123194950819, -59.65229456834495, -62.61591046532989, -59.04984806577862, -58.981589189946654, -63.573294555023324, -61.13642833384872, -59.31899089114368, -59.03113378588856, -62.777794394657015, -62.63334812156856, -58.68334801904857, -59.75008011092245, -62.50821412944794, -56.870035483568905, -62.7479105064869, -63.23647308532894, -63.373151748493314, -62.24902667938172, -59.168464148461815, -59.6993927193582, -62.64392834109068, -60.33477658002079, -60.649589225620026, -52.20545523409545], [-14.874339080810547, -16.080526107013224, -17.09446355640888, -17.27979389828444, -17.39455280458927, -17.374668865501878, -16.473168929874895, -15.915651098549365, -17.330267097115517, -18.302374181866647, -17.192811727583408, -14.859793987691402, -15.00643682163954, -17.561892035245894, -19.31557942980528, -17.49857952922583, -14.744543962538241, -14.442115420281887, -16.32992783141136, -18.83500805026293, -17.528150987446306, -15.018160053849222, -14.737285073876382, -17.436651016533375, -19.728141964435576, -17.317481383800505, -15.042293984234332, -15.37963324099779], [-33.92395528531074, -46.81514045333862, -50.78414270973206, -52.69753623533249, -53.82362591123581, -48.40455318880082, -44.39342568254471, -43.45531002593041, -45.545597241640095, -46.18621424913406, -46.89246321058273, -56.400249350070965, -52.859938053846356, -48.99966116714477, -50.362037342071524, -54.106671751260755, -56.21641161108017, -55.01142719936371, -52.75067966842652, -49.99845639777183, -51.10442935705185, -57.983348250627515, -62.12991191244126, -56.54402857518196, -46.166169334173205, -46.851954531908035, -52.827329511880876, -48.456151523351664], [-12.038625, -11.537375, -12.013375, -11.9624375, -12.0235625, -11.958187499999998, -11.385937499999999, -11.290312499999999, -12.0345625, -12.7198125, -12.314250000000001, -11.2944375, -11.281375, -12.34825, -13.66425, -12.664125, -11.258625000000002, -11.431249999999999, -12.5096875, -13.9209375, -13.373249999999999, -11.895875, -12.0, -13.2679375, -14.739, -13.482937500000002, -12.189250000000001, -12.4719375], [-23.406553713321685, -32.5637131690979, -34.542088829994206, -37.208178147315984, -41.70782206201553, -33.395651156663895, -30.290276240110398, -28.938677747726437, -32.20697278475761, -31.374330209970477, -31.067204812765123, -39.52049971723556, -42.01755374860763, -38.77189291334152, -41.292142334938056, -48.82923288202286, -43.699089215278626, -41.071758035898206, -40.174258398771286, -35.43511627793312, -38.065143222808835, -49.50652001094818, -48.67739230251312, -43.30670601963996, -32.771821632385254, -32.19762479782104, -39.47837472820281, -43.81307269525528], [-3.472805063247681, -2.646963680267334, -2.386214561462402, -2.16308105134964, -2.0277868108749386, -1.8701174540519714, -2.141303657531738, -2.554329937458038, -2.2956169924736027, -2.1236538586616516, -1.580403260707855, -2.84598108959198, -2.622052803993225, -1.968171609401703, -2.861486217498779, -1.921877562522888, -1.9015442948341368, -2.657052505493164, -2.375491638660431, -2.5321727433204653, -1.9710018796920779, -2.5299455614089967, -3.2518200407028197, -2.8246706871986387, -3.3600748500823974, -2.4635458769798277, -2.8979812107086182, -2.68608010339737], [-20.99546976685524, -28.253284560918807, -29.265978021144868, -32.40561349987984, -34.516820048332214, -30.771217456579212, -25.724904416561124, -25.72324148988724, -26.98663695526123, -26.658817112922662, -27.365380188703533, -34.75920250868798, -36.15570425820351, -32.70674558830261, -38.888685007333756, -44.44368191719055, -39.09199812889099, -38.41111482024192, -40.02374089169502, -31.956158080101012, -32.005890697479245, -42.30669485378265, -43.16013015294075, -37.370676549911494, -29.85011345124245, -28.22232599520683, -35.41775974225998, -36.9242044198513], [-9.774310985565187, -10.647086876869201, -8.645526346206665, -7.3066254053115856, -6.467635246276855, -6.011492918014526, -8.572427746772766, -10.40265868473053, -7.751715102195739, -5.15988720703125, -5.51601128578186, -11.534389576911927, -11.88805975341797, -6.8782799968719495, -5.081596665382385, -6.68767409324646, -11.86239990234375, -13.521826835632325, -9.754143092155456, -5.352880297660828, -6.32404779624939, -11.94272914981842, -14.00441528892517, -9.287019024848938, -5.90321141242981, -8.019510789871216, -12.482568299293517, -11.251212841987611], [-29.261652919769286, -30.66629514026642, -35.06460502958298, -37.38671097612381, -39.4439154920578, -38.79592554330826, -34.15217751646042, -32.66312524461746, -42.713984662055964, -43.437619001865386, -37.10493523311616, -28.908760639190675, -29.510081730842593, -41.454486786842345, -42.88042739725113, -39.0304528837204, -30.37154462242126, -27.451144710063936, -36.56607713127136, -38.982561134338376, -37.294175845623016, -26.784501776218413, -25.866564942359922, -36.55836310863495, -39.09080259466171, -34.30905186891555, -26.21774300956726, -31.034427769184116], [-47.002476297855374, -59.1985165553093, -59.379209332466125, -58.53410645008087, -57.19357599020004, -56.65469106340409, -56.15849877548219, -52.499043625354766, -54.86206198644638, -52.505193337917326, -53.085440416812894, -61.665797970771784, -61.240627096652986, -51.72784805965424, -55.4334643278122, -62.34423810100556, -56.03297136259079, -58.76528901624679, -57.33478725671768, -53.65343053817749, -52.27693052387238, -55.562917449474334, -60.311358309745785, -57.01927467203141, -50.37802397727966, -54.525804708480834, -53.35811475515366, -59.192666175842284], [-53.6736875, -56.5149375, -59.667125, -65.6353125, -63.2813125, -58.679, -56.558875, -55.238, -56.3900625, -56.2445, -58.97275, -63.25525, -63.6928125, -55.795625, -53.9191875, -58.4831875, -66.32475, -63.9686875, -59.9095625, -52.558125000000004, -56.947312499999995, -62.61425, -70.09856249999999, -61.5060625, -50.34943749999999, -56.43175, -60.4510625, -60.7383125], [-54.76638535833359, -58.93378168010712, -60.561781691551204, -64.91630137109756, -64.87389406347275, -60.36327797555923, -59.25914975404739, -57.889098264217374, -58.19401329660415, -57.831653385162355, -60.77101721572876, -65.75540127801894, -68.95977995681763, -63.053010146617886, -65.20540232706071, -67.59751172828673, -62.43470849275589, -67.60799306297302, -62.59626217460632, -62.114634323120114, -66.06083281517029, -64.6623839097023, -66.16044306659698, -67.26496875190733, -57.521247482299806, -57.14802173900603, -63.77481418180466, -66.59619624805451], [-46.82713896322251, -49.42837338495255, -51.407748174190516, -52.601927340984346, -54.16565162849426, -53.51339896392822, -50.57208695459366, -49.46257772350312, -52.43956777715683, -53.7852794880867, -51.56009358215332, -47.52912413072586, -47.94777644252777, -53.459522877693175, -62.345271658897396, -57.103811151504516, -49.70103592061997, -47.43554465579987, -51.38367013263703, -56.1237070889473, -54.64837417650222, -47.880705849647526, -46.17720427036285, -53.97248167085647, -56.137509286403656, -50.865942335605624, -48.24688429069519, -50.4182606754303], [-49.14873146533966, -50.076902452468865, -49.352656143188476, -48.97174050617218, -48.06823987865448, -47.63678170394897, -48.82084109401703, -49.52251735210419, -48.4881293592453, -46.40756388282776, -47.48725486278534, -51.37005423069, -50.838038588523865, -47.09124536132813, -46.702425560951234, -47.33309196567536, -52.55077982425689, -52.25578977489472, -49.40641924571991, -46.502062702178954, -47.03917400741577, -51.10047983551026, -51.520662823677064, -48.57950754833222, -45.57002567291259, -47.084779516220095, -51.61240575981141, -49.92755728626251], [-33.22141945648193, -33.58715499496461, -34.20922412586212, -34.48909314537049, -34.671201139450076, -35.26654023742675, -33.68753355026245, -34.155503211021426, -35.01152812671662, -34.72540131092072, -34.36553045749665, -33.29659893798828, -34.549467959403984, -36.401033856391905, -37.17914605808258, -37.087742983818046, 