{"status": 0, "spectogram": [[-28.461017918169503, -44.05306250466406, -46.30212507805228, -44.31014289188385, -44.26916065067053, -45.98896439686417, -43.52621427068114, -43.39740173222125, -45.25434823425114, -43.604741068229075, -44.82130359572172, -45.49068757055699, -45.40505364564061, -42.12983924603462, -44.68827682961524, -43.1426964352429, -44.94868751652539, -45.33310726457834, -44.73773220822215, -44.94883042888344, -42.28722319178283, -43.8546964468658, -42.84475890888274, -43.08240178997815, -43.989000165730715, -44.493107252091164, -44.88923220548035, -41.66600902582705], [-23.47001892006397, -24.922903544247152, -23.38296583664417, -23.028483759999276, -22.938921242058278, -23.144001819849016, -23.381064261257645, -23.286519470572472, -23.18454634708166, -22.67369804143906, -22.823635603249073, -23.332090963721274, -22.855510489761834, -22.76368005776405, -23.325555171608926, -24.101769644498823, -23.91469809389114, -23.51836769336462, -22.40786759454012, -22.46050160574913, -22.67381409472227, -23.364457183659077, -22.624519273161887, -22.889662222623826, -23.158787341475488, -23.04385871076584, -23.818546323478223, -23.45192120820284], [-14.715499841213225, -12.108205293893814, -11.867517677307127, -11.463321061611177, -11.030972882509232, -10.649320911884308, -10.950258585691452, -11.183758618593217, -10.838169207811356, -10.673106762886047, -10.680544261217117, -10.824803309440611, -11.040892602920533, -11.200285532951355, -11.36359811758995, -11.194687324762343, -11.27716062450409, -11.14393738389015, -10.816374791622161, -10.690196160793304, -10.596607069969176, -10.428035417079927, -11.315410750389098, -11.16312492609024, -10.68658021903038, -10.928062442064284, -11.016749910831452, -11.186642795085906], [-16.473875, -14.320375, -14.86375, -15.401937499999999, -14.857062499999998, -15.730437499999999, -14.8536875, -14.9530625, -15.219875, -14.86175, -14.6364375, -14.415125000000002, -14.537937500000002, -14.4325, -14.3279375, -14.2753125, -14.0104375, -13.898187499999999, -14.109937500000001, -14.133937500000002, -13.319999999999999, -14.3041875, -13.470312499999999, -13.6256875, -13.75625, -13.5680625, -13.69275, -13.5519375], [-22.849977419137957, -36.21237362217903, -37.8025612411499, -33.506211189031596, -33.89933661055564, -35.62647932362556, -32.51897876429558, -29.59717470908165, -34.10231841397285, -33.517372076272956, -29.59349568581581, -30.59921971035003, -33.16580088019371, -33.81657796955108, -32.269577725887295, -29.22800525999069, -33.71722113704681, -31.42273830270767, -32.46017564368248, -30.251353256940842, -33.53181928229332, -26.225664469718932, -28.406041279315946, -31.252318668603902, -30.706764671564102, -31.4783276052475, -29.541889497995378, -33.2544532251358], [-20.862010062694548, -35.32770340490341, -33.18601366901398, -29.79292238235474, -27.483648802280428, -26.936019396305085, -29.08145830345154, -29.356306667804716, -25.79491459512711, -30.35968883800507, -27.697814582824705, -27.00759586381912, -29.409165900707244, -31.934719232082365, -33.126034532546996, -30.521209366798402, -34.38110311889648, -30.284606942176822, -34.34747614002228, -29.169049341201784, -29.21167900753021, -24.26063063669205, -28.146447654724128, -29.98807886552811, -29.452151508808136, -27.066983792304995, -30.378606863975527, -32.50305131149292], [-9.472545125484466, -15.002334048032761, -13.377707151174546, -11.928943033218383, -11.63561390519142, -8.5003960108757, -10.516895531654356, -9.593558677196501, -8.97379704117775, -10.547384005784988, -9.048513171434404, -10.936683528423309, -11.185754832744598, -12.463066965818406, -14.84800479412079, -12.373451966762541, -14.133584391355516, -14.649931552886963, -13.550430009365083, -10.332755955696108, -13.149330248355863, -10.431961999177933, -14.515214293718339, -12.841055428266525, -12.163830836296082, -12.077654736995697, -12.96058578467369, -14.318270580291747], [-9.366352516174315, -7.033077429771424, -6.5791417999267585, -6.415662063598633, -6.085840145111083, -6.279789550781251, -5.517099417686462, -5.456330790519714, -5.587966854095459, -5.27515317440033, -4.876216066360474, -4.892776900291443, -5.3580091218948365, -5.932811823844909, -6.820434756278991, -6.088972310066223, -5.801274197578429, -5.701515512466431, -5.182391935348511, -5.284357755661011, -5.7433636236190795, -5.504063519477844, -6.492496362686157, -6.260336233139038, -5.463926736831664, -5.834854978561402, -5.696667376518249, -6.216720335960388], [-12.298495094776154, -13.437628988265992, -12.821440796375274, -12.195403458118438, -12.227341492652894, -11.155830895900726, -11.089956938266754, -11.799305777549744, -11.641777935504912, -11.462716130256652, -11.990778199672697, -10.992814930438996, -11.39171682357788, -10.87308341741562, -11.339146671295168, -11.523306546211243, -11.843727317333222, -10.980664509773256, -11.175351125240326, -10.935582791805267, -11.624789770126343, -10.891430584907532, -12.571933086395262, -13.382352417469024, -11.869815889835358, -12.143780800342562, -12.029155920505524, -11.825173771381378], [-17.275012641906738, -18.987389944553374, -16.713456013679508, -14.826032453536985, -15.372789883136747, -13.709240979671478, -14.269611842632294, -15.951138031005861, -14.565060369968414, -13.801130089282989, -12.85613071012497, -15.745859899997713, -16.45136861419678, -16.137242921829223, -17.470551472187044, -15.9186347322464, -17.702828267097473, -17.40847126197815, -15.128975645065307, -13.55771721124649, -16.507354569911957, -14.508084630012512, -20.032637712955477, -17.869399511337278, -16.40990993928909, -15.997543175697327, -16.65966788959503, -18.879113781929018], [-33.278062500000004, -34.890375000000006, -33.0095625, -33.564687500000005, -33.6411875, -33.0569375, -32.84125, -33.074312500000005, -34.0579375, -33.3533125, -32.920625, -32.555875, -32.840374999999995, -33.18875, -33.3571875, -32.203625, -33.2325625, -32.6255, -33.26075, -32.9315625, -32.8609375, -34.300875, -31.569562500000004, -33.94475, -32.2114375, -32.2084375, -31.423125000000002, -34.008624999999995], [-31.339544195652003, -33.035094452857976, -31.45777845525741, -30.683943026542664, -30.924962440490724, -31.19325965309143, -29.63501494312286, -30.59907779073715, -30.51854821777344, -30.96987069511414, -30.925558402538304, -30.180918898105617, -30.34387387084961, -32.67999250555038, -33.32556004810334, -31.75640363836288, -30.871728375911715, -31.534592515945434, -30.715091643333437, -30.95570614671707, -31.175976999759676, -31.20852522802353, -30.826776484012605, -33.000442414760585, -31.7222611413002, -32.83663659620285, -30.65182577991486, -32.43628859424591], [-37.042527500629426, -37.83706511640548, -37.44450346469879, -38.93781884527206, -37.57242495203018, -37.7293543381691, -36.4522284989357, -36.34779166507722, -36.23846991348267, -37.05036283683777, -35.11255060434341, -35.93045109748841, -35.9253259935379, -36.06603050470352, -37.76871712207794, -36.2565213470459, -36.13705669021606, -37.726520867347716, -38.365209774494176, -37.773244664669036, -37.147476035594934, -37.8750929927826, -36.52165361452103, -37.81592230272293, -37.5242267241478, -38.156868819713594, -35.46374383592605, -38.82185957241058], [-27.25645883655548, -29.163666013717652, -28.891352084159852, -29.269545382499693, -29.295447013854975, -28.58974778175354, -30.254001813888546, -28.71234179115295, -29.94756186580658, -27.586241843223576, -27.651678621292113, -29.026770290374756, -28.274672377586366, -28.777084780693052, -29.857398565292357, -30.69696866798401, -31.165102330207826, -30.42942545604706, -29.263672833442687, -29.42573352432251, -29.884084095954897, -29.225706568717957, -28.749833661079407, -29.596449785232544, -29.021432807922366, -30.532609807968143, -29.084487344741824, -29.24405847358703], [-39.14215171432495, -38.36254632949829, -39.8414210319519, -37.69708393287659, -38.81428939342499, -37.26935409355164, -40.19085333633423, -39.360243843078614, -39.18333588790894, -39.63633445930481, -39.57583388900757, 