{"status": 1, "spectogram": [[-36.67660707083344, -47.684366058960556, -44.56455354905129, -48.80049102373421, -48.83551784184575, -44.86660711541772, -44.556919460698964, -43.94164277940988, -44.22708920323849, -44.526901855841274, -44.87083929708601, -46.46385700857638, -42.444133969798685, -45.47418757130205, -45.40424996998906, -38.68592863929272, -37.84993749769032, -45.80327669535578, -46.802714305102825, -44.23359812368453, -51.136705326125025, -37.33082142728567, -29.49507149785757, -32.738821449935436, -32.711732139647005, -31.73027679334581, -32.62415177662671, -31.291223233625292], [-14.076537665963173, -11.592733771085737, -13.001358935952185, -14.5482788361907, -15.04314497971535, -14.315251974940299, -13.743189387857914, -13.098162474513055, -15.482323520183563, -14.573912605285642, -18.438350732386112, -14.644626893281938, -11.348394323706627, -12.217608732700349, -13.560983889460564, -12.158849736988545, -12.33310868906975, -14.085957122266292, -15.643707375824452, -16.313180637121203, -19.32373472678661, -15.235734037518503, -10.086483368635179, -10.954135230600833, -10.283483359575271, -10.213608382463455, -11.00660846745968, -11.104795927703382], [-19.081891778945923, -15.753407056808472, -14.947345008134842, -14.549943426132202, -14.220505941152572, -14.491746930599213, -14.883058962583542, -14.948014310836793, -14.76633619594574, -14.575407728195191, -13.995220532178879, -14.551657454490663, -16.065460434436797, -15.638986796617509, -15.305049655914306, -15.802344424486158, -16.330317546367645, -15.198889431953429, -14.778702303171157, -14.953764831066131, -14.712970581293106, -15.396604249954224, -17.638854681968688, -17.045248460292818, -17.28348929858208, -17.741114570856094, -17.22636440491676, -17.460917995214462], [-26.1216875, -39.127375, -36.962625, -33.300124999999994, -35.8609375, -34.8733125, -37.375812499999995, -36.810500000000005, -36.2263125, -37.8054375, -35.50375, -34.4208125, -34.3969375, -40.291, -37.490562499999996, -34.392875000000004, -32.832499999999996, -39.8076875, -41.060249999999996, -34.689875, -35.242875, -29.547375000000002, -24.92475, -25.4846875, -25.39775, -25.6246875, -26.2678125, -25.0814375], [-27.59353608751297, -37.25861772751808, -35.88411792063713, -35.88002734875679, -33.365447502136234, -38.910957920312875, -29.477082154512406, -31.719856822013853, -38.008259770631796, -36.08371447753906, -41.39096637868881, -30.8611425113678, -25.627287058353424, -27.512062568426128, -28.8988129093647, -25.602153157949445, -27.5005993783474, -35.78418816876412, -32.424686337709424, -32.75009944701195, -29.941857215881345, -23.07811655449867, -18.96174200320244, -20.438455146074293, -21.173536019325258, -20.505606919765473, -20.689919227361678, -21.153884307146072], [-17.97560305595398, -13.672515845298767, -12.544452513217927, -13.819442735671997, -13.561255086421967, -13.783398013591768, -13.282648835659028, -13.549764875411988, -14.745255168437957, -15.051781688690184, -16.15990587615967, -12.848451989650727, -10.665757679462434, -10.529132775783538, -11.768756254673004, -12.579596244335175, -13.869141191482544, -13.76780952692032, -13.443059116840361, -15.262192467689514, -16.825861722469327, -15.746871842384337, -17.844312681674957, -18.848883046627044, -17.587686664104464, -17.087562574863433, -20.63849855041504, -19.433070493698118], [-16.109049203634264, -18.123650216102604, -12.095459990262983, -12.988638481378555, -11.465592955589294, -12.047896965980529, -11.953397977352143, -12.262380744934083, -10.779343729496002, -10.318851840734483, -9.830663646221161, -10.586432995796203, -15.322488592624664, -18.079821381330493, -14.946258351325989, -15.20622231864929, -15.106987536907196, -12.635862867355346, -10.540549498319628, -10.335735993385313, -9.393297248125076, -10.778530241727829, -16.97165134358406, -15.793627220392226, -14.6808546833992, -16.609325794935224, -18.242576437234877, -17.390015986442567], [-32.38062047672272, -29.825181449890135, -36.74092880058289, -28.333907653808595, -28.694040359497073, -28.49886201095581, -34.99298342323303, -36.600868331909176, -35.28693241596223, -34.254340085029604, -29.646227887153625, -29.766720377922056, -25.001801549911498, -29.817352334976196, -28.598423321723935, -21.580596917152405, -22.42533633232117, -36.162088479042055, -29.35741258239746, -29.07334305667877, -29.66847668647766, -24.927401803970337, -18.654909175872803, -21.7668681974411, -22.917632519721984, -27.095163079261777, -27.046224822998045, -27.704574494361875], [-29.115516587257382, -34.71519160652161, -33.088194869041445, -31.8312635679245, -29.157202091693875, -34.257131348133086, -29.382571426391603, -33.18384891462326, -35.83842725086212, -30.241729186058045, -33.05848109817505, -31.266195340156557, -28.62082830667496, -33.56306309175491, -31.858688101291655, -28.357536100387577, -30.220331904888155, -31.791259100437166, -34.880068764686584, -31.437357489585878, -29.355909686088566, -29.515642862319943, -26.356831862926484, -29.215681513786315, -29.335565680980682, -29.307839441299443, -31.97846534538269, -27.259752086639406], [-36.26211799955368, -30.76080472278595, -33.120618402957916, -29.68306942796707, -34.24915313100815, -28.589850800037382, -29.655411773681642, -30.90263198661804, -30.380708331108092, -32.79262974023818, -34.74838106489182, -30.534768226623537, -32.754361416339876, -31.23759187364578, -27.740914563179015, -27.886734960556034, -29.714210599899292, -34.946828819274906, -32.0339598274231, -30.25508891010284, -29.527825240612028, -30.166152987957, -22.74341091585159, -28.046772154808046, -27.01672381734848, -26.181125143051148, -27.557439163684847, -27.395984851837156], [-42.224625, -33.6951875, -34.302, -34.457375, -31.8700625, -32.687125, -34.802875, -35.8760625, -37.217875, -34.5905, -33.3300625, -38.135625, -37.440749999999994, -36.4199375, -39.257125, -36.2793125, -38.2360625, -38.95525, -41.07625, -39.7451875, -39.4956875, -34.7625, -32.4135625, -34.52825, -36.1616875, -34.489125, -35.07187499999999, -35.7443125], [-43.237805784225465, -44.45744680213928, -47.765442147254944, -45.51897016096115, -47.98599072217941, -45.56588702964782, -43.82420582818985, -42.933048180103306, -44.87773051166534, -46.501820594787596, -45.96158033943176, -46.487169260501865, -44.481809643745414, -45.172138720512386, -44.80564761543273, -44.975045310497286, -42.2005989894867, -46.37818504714966, -45.177748149394986, -48.12832855081559, -48.05087335777283, -47.20577930927277, -41.588795562744146, -43.387748220443726, -44.014887819767, -41.18694657039643, -47.391439517974845, -44.36791656589509], [-42.23345686292649, -41.539403371334075, -44.06640220975876, -41.67669726657868, -42.02181241083145, -44.3327055401802, -42.763582423686984, -40.268356649398804, -41.30792786598206, -42.54142070817947, -43.23741813993454, -42.155992837429054, -45.3817046456337, -47.0268595533371, -47.06198463630676, -47.63705216884614, -46.46105566978454, -44.04929672384262, -43.351607707977294, -48.5667224240303, -44.75470531988144, -51.47488130998612, -44.16351073217392, -46.41174916553497, -45.78441051197052, -44.26655098628998, -49.37417708015442, -48.8579720454216], [-39.63036851024628, -37.46223704242706, -37.12549351406097, -34.655436211586, -33.89438477420807, -36.678601681709296, -33.859349678993226, -38.282221344947814, -38.19167055034637, -33.07418882846832, -36.430875928878784, -38.22516967487335, -38.49216544818878, -38.49432752132415, -37.09382668209076, -39.04224766349793, -38.53226651382446, -38.14090199375152, -37.107026688575736, -35.4683400440216, -38.111793618202206, -37.34704434108734, -37.51666535282135, -42.83050410366059, -37.9948119020462, -38.43117454147339, -40.32667588233948, -42.67896691417694], [-41.685036929130554, -41.23257425022125, -42.59482863330841, -41.74449725532532, -43.30779254055024, -41.461560730934146, -42.87187067985534, -44.01385847377777, -41.601424968719485, -43.74108473968506, -40.93608470535278, -42.172835863113406, -40.17557698917389, 