{"status": 1, "spectogram": [[-23.936824238101142, -45.58114746794288, -48.42366045582295, -46.72408931276202, -46.31404638889099, -47.04194611598764, -47.07647567980722, -49.190213648063796, -46.07108824965324, -48.27803421744128, -47.34249989926815, -46.13271664625289, -47.94862189337996, -46.33089500591031, -48.72126785781243, -45.963491489304914, -47.36627629810357, -45.932312504425646, -48.448013295479875, -45.97282176869802, -45.41754107023082, -47.42447147033531, -46.3278213818739, -46.65642659229316, -45.55435716369748, -46.95432379665922, -47.63614526005304, -38.86340087596292], [-5.122641187328478, -3.224560489511001, -3.4347276457231883, -3.4597952738404274, -3.8969918837292017, -4.446523696914008, -3.833189414717706, -3.611989122323838, -4.100795242982242, -4.772883554957362, -5.312456165134908, -5.3287878318720985, -5.255415276538345, -5.5422516411068, -6.081442401564854, -6.644777946855358, -7.312751160774932, -7.9374117203950885, -7.610933453264304, -7.399063347637648, -7.202139044048882, -6.898252044068302, -7.080121035680506, -7.585747146629559, -8.079099158823489, -8.794840364677551, -8.706974316878007, -8.439170352092757], [-22.170762121592105, -37.04601284528024, -38.25557990360749, -35.926613119363786, -32.66215668212084, -30.316688233190554, -33.04652594780936, -33.912489168819356, -32.8429192640008, -30.099509187104832, -29.113871347904205, -29.266967412101874, -29.018006193054127, -28.505230942244356, -27.342749159661093, -26.07298985496891, -24.58800389402154, -24.987749975442885, -25.570216638398303, -26.252676357464342, -26.840247842568854, -27.483377952880762, -26.779841268378796, -25.980999645354963, -24.992531904697422, -24.00523004974074, -25.134834689817367, -26.697504300771136], [-19.081000240758062, -27.918589205861092, -25.415678431034088, -30.456749999999996, -29.21939335536957, -30.70721427345276, -32.717376448631285, -40.27165249204636, -35.352831397533414, -41.65565833473205, -35.3181875, -36.070867033958436, -38.191812353134154, -36.62113835048676, -32.977294556617736, -35.37426920700074, -42.0116238117218, -40.2841875, -39.54246472549438, -43.44465287590027, -45.3733970785141, -41.53880693531037, -39.649239732742316, -40.12702794933319, -38.7780625, -39.85909840011597, -44.27737506484985, -45.862064632415766], [-20.643516545150078, -21.423055030646445, -24.102421357378702, -23.85504216980934, -25.97899007663968, -28.683461992536326, -28.139759111025096, -30.978404470263687, -29.245760873950935, -31.817663560103178, -32.74830201721191, -33.314229827817584, -29.086177436210555, -31.794814682142885, -31.464126318079323, -31.98901589653532, -32.17113442642403, -34.98659487700462, -27.081333440595007, -29.727290668390083, -28.127465891357286, -27.686564363573414, -27.148609305703648, -28.82716878185063, -27.187855531215668, -30.245224969679157, -28.640350875462964, -26.19130238163413], [-18.743944616829836, -21.54821391089826, -19.93591830509046, -19.246204417228697, -18.891767091994605, -17.44492966478213, -19.031459473629347, -19.872989376145647, -19.85267064030316, -17.976824955930446, -16.40560839986801, -17.847470271704143, -16.884661717512238, -17.386320497415305, -16.204819859299583, -15.506631781548858, -15.180862431496797, -14.990738481521607, -14.69836685854057, -13.612518208659049, -14.997424463854987, -16.223687486240422, -16.078726820789598, -14.745541674720887, -14.197935250282288, -14.23434846249284, -14.418114940291796, -15.694491380993421], [-22.365644481609586, -29.380628904298952, -28.37408202548903, -32.67249985408783, -25.48539194570274, -26.061695695604534, -34.550642608102315, -32.67342687846619, -31.38578131406382, -35.627271073517214, -38.26482931113243, -35.04293693641837, -36.15544852103354, -30.13252384692209, -36.42795515035529, -35.91736148082222, -38.00765179346083, -35.68359167098999, -35.12927910965238, -31.014633338364337, -31.926189179713663, -33.959803389734844, -34.13407628636692, -34.79140289479213, -31.75449726629257, -34.23557374188538, -32.5313259251254, -32.76742410688331], [-21.667143951980616, -23.56605483266425, -25.382749646006957, -24.25246045303345, -27.31862493409398, -30.04449536953691, -22.270155417898255, -27.190601768911996, -29.026287379935667, -26.540191391419107, -28.297428305625917, -29.358245916522442, -27.468165614029218, -26.675570837256352, -32.23581391330231, -30.590473850058103, -33.76169068433575, -32.17927077484131, -33.65460694792181, -33.55221608897729, -31.74326533691006, -30.737051472448016, -36.43744840427337, -30.606660803116014, -26.978501974105832, -32.912711778980245, -31.003384462043, -31.900870848621825], [-26.294792085826977, -22.49511026410785, -23.78879923165092, -19.763697443962098, -19.016799962204768, -19.579338937433466, -18.886002315968767, -20.902401627112116, -21.890290979405528, -21.80130801197963, -22.86176517248154, -22.115489531955312, -22.09300257652636, -24.827774656158333, -24.335920276018847, -23.485718442750994, -25.08302299599781, -28.342990522384643, -27.683491775269438, -27.31421636662212, -24.66281121250983, -23.974632057734212, -24.09371967868367, -24.67833836524401, -24.975784457683563, -26.747792386627346, -28.484792004802152, -25.3460211524975], [-29.636875012754743, -36.526401400985435, -33.939600463733356, -37.5801931090355, -35.32888111502838, -34.99319984823881, -36.96416642973487, -36.00235902657883, -36.16802339195564, -38.73575606793614, -37.47458650398254, -40.28106918618127, -40.55990244785682, -38.82421197565206, -42.530632837341315, -40.04728246322037, -42.57290260564105, -42.5316423959732, -41.124229655769675, -40.158501176170304, -40.022047836224374, -39.253144104316796, -38.35724877992623, -40.94141526366209, -42.44133876895904, -40.035697520102765, -41.858920654197135, -42.69999527907848], [-35.20520587778091, -35.966276782929896, -33.57775882613659, -34.6145625, -37.545964900016784, -41.209883751153946, -39.300312416553496, -40.64369579792023, -42.88682169914246, -43.47167819595337, -43.861374999999995, -44.92183997535705, -47.18974234580994, -45.360025660514836, -49.37585205745697, -46.51206895446778, -47.56788289356231, -48.09625, -45.17560853195191, -44.88468680381775, -44.85239419937134, -41.58291731357574, -44.10178532409668, -46.43057284545898, -48.2248125, -49.4389051246643, -45.80052772331237, -48.898862243652346], [-37.68257978352236, -46.19063322738007, -43.68766803570196, -46.74965840053559, -45.499410498119495, -45.30502792004113, -47.77769597672361, -48.43076952560467, -48.63876923882373, -49.88042900739526, -49.14388208007813, -53.27465920147766, -49.976855012993596, -52.14791536370357, -48.06248174698255, -48.300696977518925, -49.18685875235154, -49.36009727239608, -47.41504169372645, -51.94296688027229, -53.18066469831881, -47.54251382809339, -53.38398199096321, -52.75773086414506, -51.956498432159414, -53.94127324128781, -52.32494197851422, -51.67564889334997], [-36.97097401458834, -41.45337946148289, -40.98821719837185, -41.465465536117556, -38.881307541496554, -41.24064181668426, -39.12180854618304, -39.81169965759596, -39.6211921693061, -39.94425039335117, -41.83488918685913, -40.45019388212434, -40.351918057130845, -42.014413442000055, -44.49138691160742, -45.123887360679554, -43.75887120025884, -46.90611848545074, -45.58104984893492, -47.21310112544464, -46.813288306624614, -46.03917390180162, -45.47482095152085, -47.30388368090698, -46.56685942029953, -49.70017296032836, -49.313318422013474, -46.91655429949631], [-40.279999181878445, -44.5697428254577, -43.1883901175138, -38.953966614723214, -36.780338105927584, -37.949120282932014, -38.179837466054806, -37.37660082350882, -36.71077521936355, -39.38039946521153, -43.337888509750364, -43.917149154584436, -44.55638330321296, -42.21272710628615, -42.48933491057022, -42.999796880893385, -42.59852737469305, -46.41545473670959, -46.187287602948665, -41.35844544340746, -46.65031559364162, -46.51519644760293, -43.835119607999864, -47.562540557432314, -49.59411490631104, -46.283173542433474, -47.09584467578304, -53.24255715545383], 