{"status": 1, "spectogram": [[-10.001482352733612, -8.286000209122896, -7.986000211358071, -7.644303778558969, -10.85776813864708, -9.705250191152096, -10.116937707319856, -10.924330584779383, -10.255259135708211, -9.677857333987951, -10.74266985373199, -10.900759132608773, -10.384428766548634, -10.931696630775928, -11.318196628183127, -11.220562690332532, -11.180866269782184, -10.449973427578806, -9.549598417565225, -10.940178770363332, -10.720312682732938, -10.40913411565125, -10.541321597158909, -11.421259094789626, -11.009410872787239, -10.22824123416841, -11.277303807318212, -15.7763305054456], [-11.742187986910345, -10.118983047485353, -10.711295573174954, -14.147929543852806, -10.850964702010154, -14.498027884542942, -12.535902661502362, -11.146777562320231, -12.548643810033797, -13.71647431188822, -12.340349134027957, -12.939974169194699, -13.101018871426582, -12.417215257644653, -13.320465307593347, -13.497545679748061, -12.753152789533136, -10.638465183496475, -11.658090114951134, -13.684492041170598, -13.762126054644586, -14.337349361240864, -14.819974292576312, -14.511224090754988, -13.845813249647616, -12.662000583767892, -13.133813259541988, -12.83575896948576], [-18.14599961090088, -21.520464440345762, -22.133464027881622, -24.079446546554564, -26.991984315872195, -23.193445950984955, -28.63932343149185, -29.36680580043793, -25.163107852458957, -24.094955776453016, -27.510332204103467, -25.84997436451912, -25.865135434389114, -27.502653980493545, -26.672278352975844, -25.041277659177776, -25.75301032471657, -26.94897559094429, -28.247600750684736, -29.411592415809636, -24.801161733627318, -25.59715310549736, -24.800027210950848, -24.130677871227263, -23.338936227083206, -24.027418229818345, -33.809611936092374, -29.182118571996693], [-5.1335, -3.1455, -4.462375, -12.374437499999999, -9.4558125, -10.31275, -7.83825, -6.43175, -7.32325, -10.0555625, -9.556375, -11.055937499999999, -12.3815, -12.9108125, -13.8890625, -14.5074375, -13.232312499999999, -10.756, -12.8826875, -11.4735625, -14.884374999999999, -15.187125, -18.233874999999998, -20.83475, -21.599875, -20.6101875, -15.8134375, -21.919562499999998], [-11.09742837047577, -9.762836998939514, -12.34715116620064, -18.62449227690697, -7.05539192199707, -18.573796855688098, -13.010793266534806, -10.252227525234224, -15.080454259157182, -20.39629683184624, -14.000668030977248, -16.54981200385094, -20.227742623090744, -17.725071479797364, -19.595134676694872, -22.63958220410347, -21.057492207288742, -16.329579096555708, -20.373143822193146, -19.22922263741493, -25.741208766222, -26.421994716405866, -23.09005629825592, -22.568627172470094, -19.617305143356326, -18.430769198417668, -20.205578766584395, -23.359740017652513], [-13.583013732433319, -15.578668167114259, -15.931354547023773, -21.901018895149235, -20.34497430562973, -15.7276640291214, -19.664665940284728, -21.99846261548996, -19.42748935317993, -16.35951283502579, -20.79345425415039, -19.039675854206084, -19.130130148887638, -19.37955973529816, -18.539683930397032, -17.327861255645754, -18.046745934963226, -20.836453947067263, -22.850949266433716, -23.28619431734085, -19.064377405166624, -19.98491288757324, -21.12828609275818, -21.238195329666137, -21.624337224006652, -23.132953201770782, -30.624519662857054, -35.34132539415359], [-13.555350358963015, -13.065804282426834, -16.10417793917656, -25.01781108736992, -14.409196237087249, -18.947105471611025, -15.95122967338562, -13.578987727403641, -18.16094703412056, -20.551976550579074, -18.670848779678344, -21.81387394452095, -22.85189337706566, -22.265079721927645, -22.370643161058425, -23.26530777001381, -21.972780150413513, -20.040297212600706, -21.32199055123329, -22.58547339487076, -25.618074316978454, -24.384028124570847, -29.353723943710328, -29.495590663671493, -24.49022208833695, -22.741747353315354, -25.2230521235466, -32.719296857595445], [-21.771992670059202, -23.28619032764435, -20.470259262084962, -25.491541090965267, -22.16272433280945, -22.199836879730224, -24.123952186584475, -22.92600306892395, -22.22296649074555, -21.246629962921144, -24.719616100311278, -23.433844405174256, -23.131841846466063, -24.72101314163208, -24.807703944206235, -24.23830612182617, -24.728786407470707, -23.25945432662964, -23.378023842811587, -25.73143976783752, -22.669961298942567, -23.02100614356995, -21.66894045162201, -22.776106834411625, -22.771139774322506, -23.063915345191955, -32.831845218658444, -33.16340300369263], [-28.885179246902467, -29.934075263023374, -30.716697901725766, -40.06450013542175, -34.02531414461136, -36.20248998212814, -33.4636819601059, -33.06752275753021, -32.605993444919584, -34.324650508403785, -34.28865505170822, -34.6458942451477, -34.44257136631012, -35.520797293186185, -36.06404585504532, -37.543034755706785, -36.23642912673951, -34.68909302616119, -36.58684048652649, -36.795136389255525, -37.514273518085474, -37.6341130566597, -37.20173921537399, -38.259535267829904, -35.96329581880569, -36.17215350675583, -40.299717466354366, -46.836340713500974], [-42.093832590103155, -39.2623384861946, -40.1084010848999, -50.17077075529099, -41.47416828203201, -43.20423767518998, -41.08780218219758, -39.40147350549698, -41.161796875, -42.52495575904845, -41.19108071041107, -42.97124594831467, -44.0169963889122, -43.52886159610749, -44.215422566890716, -43.31874684095382, -43.15883553934097, -42.084321349620815, -41.87520149660111, -45.71875790405274, -42.826137195587165, -42.661564337730404, -41.84719831562043, -43.87900366210937, -42.80702953577042, -40.965956886768346, -49.39533101701736, -59.29126642656327], [-43.5341875, -41.922125, -40.24825, -48.118500000000004, -44.4753125, -43.1261875, -43.5435625, -41.56075, -41.355937499999996, -40.893187499999996, -42.522875, -42.4933125, -43.2380625, -43.126125, -42.434, -42.2354375, -42.689875, -41.4281875, -46.228875, -47.17037500000001, -44.734125000000006, -43.285250000000005, -46.091375, -48.86575, -47.5271875, -45.1258125, -52.32181250000001, -58.2415625], [-35.39800177049638, -34.082981215000146, -35.439422764778136, -46.26964329767227, -43.07222031259536, -40.54857436513901, -39.32663701534272, -41.14692541360855, -39.68625841903686, -38.25282531213761, -42.69257096624374, -42.502047078132634, -42.47530044841766, -42.3674579820633, -44.37702315855026, -44.889872802734374, -42.103532713890075, -40.40333043289184, -44.35057959461212, -47.55772607135773, -42.24543637418746, -40.75208793735504, -43.75345641136169, -47.164886197090155, -47.29415244674683, -43.52871725988389, -47.858088992595675, -51.81764915704728], [-48.3558540430069, -52.2412809791565, -52.117156335830686, -62.126004004001615, -59.00012011146546, -60.217012231826786, -59.371451553821565, -58.04251482868195, -55.62839040565491, -55.98297662067414, -57.74941303491592, -58.40346453809738, -55.24545205736159, -58.037671982765204, -54.92905148792268, -54.867856175422666, -53.733622947692865, -54.83223562860488, -55.31092615413665, -57.205292578220366, -55.05091784143447, -50.870526186466215, -55.41671105575561, -58.74773780584335, -58.392498823165894, -55.032729429244995, -55.47410442447663, -59.57116876649856], [-53.91794293022156, -62.66713050460815, -54.5746950006485, -55.62469615650177, -55.41366080760956, -58.68590035438538, -58.09171191501617, -57.15272958087921, -55.63952594947815, -54.63355049800873, -60.57648656463623, -64.90355264949798, -62.71607008075715, -64.51974773883819, -67.11530891418457, -66.21427408790588, -63.26664094066621, -58.11876368808747, -62.61876110172272, -67.61625296592712, -68.53856196975707, -65.01021102809906, -70.45290784835815, -70.76770734786987, -71.40724599647521, -66.9896506319046, -65.44939726161957, -69.12563363361357], [-31.6464052438736, -32.19171656227112, -35.134968439102174, -36.56062081432342, -39.89180541992187, -41.7163688993454, -41.24949367427826, -43.083377399444586, -43.33203649711608, -42.0948042678833, -43.82924078083038, -46.229244507789616, -45.93055700492859, -45.371511904716485, 