{"status": 1, "spectogram": [[-20.36933929154277, -18.224160885363816, -19.33041089734435, -19.107562681183218, -19.353616240844133, -19.611276942119005, -20.568714497208592, -20.513223409786818, -21.160544867858288, -20.760910864442586, -21.318973424717782, -22.726910913974045, -23.039741234019402, -22.763562653735278, -22.351375168681145, -22.925678822517394, -21.998848412230608, -22.2705716226697, -23.59825918979943, -22.048750238925216, -22.59571452137828, -22.263044836536046, -22.73441978700459, -23.823241242989898, -25.211607354134323, -24.790241280153392, -23.427366258487105, -24.158812630459668], [-18.656732083678246, -19.065062987864017, -19.311062726199626, -22.372777345836163, -22.136804158806804, -24.642143665075302, -22.70895596641302, -21.785205925643446, -23.329429274320603, -23.501598944246766, -22.72278649497032, -21.35088442903757, -20.242821749806403, -17.557669787585738, -19.58554494839907, -18.872866344034673, -21.223982641458512, -20.01405390048027, -23.719491767108444, -20.91808069330454, -20.956518315434458, -21.931553960204123, -25.23780396580696, -24.718545142948628, -24.376232360959055, -25.85300952535868, -25.636571856737138, -24.57523238003254], [-21.685715790748596, -25.421286991596222, -23.442224153757095, -24.090097889184953, -29.542402548074726, -27.80713461184502, -30.130635965585707, -24.66518020343781, -24.086233316421506, -22.354429764270787, -32.52893142986297, -27.483260952711102, -27.021520640373232, -21.141751255989075, -24.02681503033638, -28.637306367397308, -33.40051254916192, -27.308029380559923, -25.249715403079986, -28.808387187719344, -30.04113744235039, -30.54113645863533, -34.40907314586639, -31.034867398500445, -28.812858894348143, -28.025278432130815, -29.528590047359465, -27.49795717597008], [-16.587125, -19.656374999999997, -15.991874999999999, -16.789125, -17.508812499999998, -14.213874999999998, -12.861125000000001, -18.6058125, -13.540875, -17.193875, -14.348812500000001, -16.623375, -18.052875, -18.9440625, -16.119125, -15.85575, -15.782437499999999, -12.92775, -16.006, -15.1355625, -13.3464375, -16.300125, -15.519625000000001, -16.664625, -20.809874999999998, -19.65425, -22.922375000000002, -18.0085625], [-9.380052919864653, -13.842322078704834, -2.1734455528259273, -8.334553723812105, -7.757955548048019, -10.688276534318923, -5.931526158094406, -10.712447385787964, -10.323885547876358, -11.741098658323288, -5.811785692214966, -9.265643165111543, -10.06393730378151, -7.1811074504852295, -11.906043692350387, -8.971428751945496, -12.995581406354903, -12.343142994880674, -10.74095694041252, -7.363001281738281, -5.008624715328217, -6.313125136375428, -4.367749706745148, -3.75563294005394, -2.544543508768082, -3.9067759125232695, -0.6144626770019531, -5.938919332742691], [-15.300351914882661, -12.599095200061798, -12.02928322982788, -14.680138678550723, -15.801480686187745, -12.53897293615341, -9.929219660282135, -13.434107192039491, -13.965124071121215, -11.329725718975066, -10.411787383079528, -16.902277977466582, -14.547946689605713, -11.856891958236695, -13.547077848911286, -16.875295103549956, -9.198873390197754, -11.169505707263946, -12.258699151039124, -9.904425954818725, -12.392337725639344, -15.670093307971955, -16.531159227371212, -20.927765024185184, -15.734821234703064, -12.077097870349883, -17.11603920459747, -22.92507832765579], [-13.578461123466493, -11.995198023796082, -13.882447880744932, -13.2880917096138, -15.573840229034424, -13.739815111398697, -10.382310522317887, -17.989848181486128, -14.223260360002518, -12.842759814977647, -15.329261661767958, -16.626955296754836, -21.774773829936983, -14.866205621480944, -14.509456438302994, -18.90986005926132, -14.566140103816986, -13.53019242477417, -17.4830073029995, -15.777454999208448, -12.695936638116835, -14.888167762041093, -16.79129704785347, -16.735625692367552, -19.801622724056244, -15.390226649045943, -18.10653046941757, -16.425028091669084], [-15.311999285697935, -18.896705410957335, -6.653828831672668, -7.792352287292481, -7.626264953613281, -16.310602043151857, -9.588982500076295, -6.746844215393066, -7.577104276657105, -9.45624778175354, -6.426123262405396, -8.298495403289795, -8.48902059173584, -10.271012590408326, -15.325706110954286, -17.363043515205383, -12.614299587249754, -9.536478534698485, -9.25410598373413, -13.8425168132782, -11.211276648521423, -8.556442708969115, -14.016883219718933, -13.602801641464234, -13.258567255020141, -13.871923254966735, -15.373045996665955, -11.017731552124024], [-29.453947568893437, -25.902110249519346, -24.20979560518265, -26.791431727409364, -26.65861643075943, -31.72180317401886, -28.888989963054662, -23.83084732103348, -27.07581210660934, -28.70082945203781, -24.086393127441404, -28.883600893497466, -28.8237605843544, -31.696465877532958, -30.44827772665024, -29.90416266345978, -28.456912990570068, -27.176081340312958, -30.049707544803617, -30.986940420627597, -29.859142818450927, -29.8181194062233, -31.569740431308748, -30.025680590629577, -31.91385686397553, -28.523920577526095, -30.085730325698854, -29.32722434949875], [-28.820498408794403, -30.25549214982986, -29.60217440986633, -35.828704348564145, -29.49961041212082, -29.97126891899109, -31.342839199542997, -26.273161762237553, -28.121813986301422, -30.802549006462094, -35.17735291051864, -30.02737028503418, -32.19277875709534, -34.36641625642777, -32.673482625961306, -30.772788332939147, -31.413691060066224, -33.635783655166634, -30.879282427787782, -34.44922033548355, -33.02762115192414, -36.76388244390488, -33.59450826215745, -32.087609843254086, -39.5572047085762, -31.117302703380584, -30.973984139442447, -37.6479439382553], [-34.014375, -37.586937500000005, -38.8898125, -39.079375, -34.5381875, -37.7609375, -34.86425, -38.4044375, -36.062375, -40.7530625, -33.683062500000005, -33.671, -38.840562500000004, -34.6330625, -35.974875, -38.486562500000005, -40.901, -39.3460625, -33.841875, -39.483, -40.000687500000005, -40.170500000000004, -40.7515, -38.5604375, -41.2179375, -42.467125, -38.629374999999996, -40.4033125], [-41.53868528175354, -39.30496697998047, -39.156775968074804, -36.97732119274139, -37.50760775470733, -36.77154213523865, -38.61271930551529, -41.455930858612064, -39.11718555593491, -41.7848729314804, -42.71555974340439, -41.928352624893186, -43.71887699079514, -42.75613443756104, -43.35545811128617, -37.87587913703919, -39.0700607047081, -39.99980041122437, -43.146554963111875, -44.76181881523133, -40.48160893344879, -41.78233917903901, -44.69789745473862, -40.51404446077347, -42.34616049766541, -45.34500732088089, -47.93968661689758, -43.32082211399078], [-35.61054503488541, -38.745223626613615, -38.27065890312195, -38.47893722963333, -39.97189118862152, -38.37963618421555, -35.61626111459732, -36.78407981061935, -37.87576726722717, -37.748071781158444, -36.59995092391968, -37.927338504791265, -38.491929993629455, -41.53919717597961, -40.163071674346924, -39.792964279174804, -38.89636549139023, -42.555777422428136, -40.34771414470673, -41.147349197864536, -40.0660360994339, -42.13151776695251, -43.680955482959746, -41.29415287828445, -40.780073343276975, -43.26998311805725, -42.72273317623139, -42.759703825473785], [-20.51646977138519, -24.286304993629454, -21.649434041023255, -22.010846987724303, -21.764937018394473, -20.476516485214233, -24.423391078948974, -22.459660663604737, -21.526949835777284, -20.181213733673097, -21.865581817626953, -23.414082363128664, -23.990480427742007, -21.228601627349853, -19.675915162086483, -22.953538687705993, -23.31343192958832, -21.072731180191038, -22.369601823806764, -26.63088870048523, -24.727416785240173, -24.611573872566222, -27.125199921607972, -24.269473552703857, -27.751430560112002, -28.988242654800416, -23.951554993629454, -23.33547167110443], [-23.54856076335907, -24.00657259941101, -22.362574625015256, -25.418293362617494, -19.576609481811523, -24.38763607311249, -19.93064031124115, -21.44414447021484, -25.989462839126585, -23.357012331962586, 