{"status": 1, "spectogram": [[-28.838304002384447, -30.94255876392734, -34.1807769356519, -35.30485737198592, -32.86545537844938, -36.27476519921272, -43.31836721184944, -48.86664885226225, -49.42559927075468, -41.55288697599603, -41.88998213225602, -32.3530351638411, -31.03836759150817, -31.51270508708052, -31.22650886721908, -32.522616733212566, -32.12840071022147, -34.080830543443554, -33.617465773958635, -39.41566424807906, -48.2524826256013, -51.401020390771485, -50.27288435248187, -51.89360172348981, -49.36857143333554, -46.71497079339186, -48.78948645867381, -30.54475438750074], [-7.516535663108735, -5.120755387150512, -4.913541101691674, -4.74480386030674, -4.929747732921523, -4.957325489838517, -4.886227303234901, -4.597975974575595, -4.572701732922569, -4.752414740913968, -4.9918127815127376, -5.148593382369499, -5.127709287134963, -4.629452977828834, -4.728128909104933, -5.232820360707972, -5.0763957627233225, -4.663268119692802, -4.899831947423961, -4.920772111188404, -5.555043237963472, -6.068286368131593, -6.1767807810160305, -6.498294108412779, -6.409107407927513, -6.246795034161639, -6.128986149492315, -8.557999002872565], [-16.700344777473045, -25.70826605100048, -28.899359140123646, -29.90454678463936, -29.497684282186043, -32.072242311443645, -39.445755848660674, -42.89934180347303, -43.91050861628703, -41.142831687285, -37.190948281288144, -26.01132260445187, -23.853443402854783, -24.937028552430007, -25.46421944827927, -26.948811300122067, -28.615312505493407, -28.308189439058307, -28.835586041333574, -38.40522923002721, -47.81124838460216, -43.30823517623343, -44.34206897307911, -46.913409221126784, -44.71043712592125, -47.481448755138665, -50.25361420430415, -42.15102158408529], [-22.239758270129563, -21.648714248657228, -23.196303521871567, -24.142187500000002, -23.682732080936432, -25.080892236709595, -28.808990360736846, -33.52302680635452, -35.18865259885788, -29.872491293907164, -29.724, -21.202758551597597, -20.81883977890015, -20.888892780303955, -21.38616908168793, -21.321366571426392, -23.51353572463989, -23.85225, -23.761804033279418, -28.449602144241332, -36.57980046844482, -35.6523829536438, -35.93857067871094, -38.17115390205384, -35.9678125, -37.678032585144045, -37.98122264289856, -30.332060367584226], [-4.204425194530785, -4.9023710947523345, -4.231836520477221, -4.088240822553635, -4.529911700346031, -5.0451670168224165, -5.662909643654888, -5.989310440992843, -6.544097811874147, -4.722863931427372, -3.9101248211860655, -5.2546828040930444, -5.219058746795242, -4.6690537018776155, -4.976111993497835, -4.895453628987859, -4.798769910325806, -5.183714267730712, -5.992042642501063, -7.4934266487626875, -6.922708796321459, -8.475683695783985, -8.063058322210978, -7.42481339021535, -8.280874910354614, -10.791477862236258, -11.046876801145286, -11.789236462442888], [-7.566655462698439, -7.690841767223524, -11.714738061206695, -12.780372152328493, -11.942128700504469, -14.346351916760922, -20.96023420944991, -31.818070229705384, -29.723379807588834, -24.057647887921203, -23.0162916560173, -8.535181712568992, -7.253927375277927, -7.568734302472258, -8.080757988618556, -11.316167754572481, -11.678385529702988, -12.07462281703949, -12.94528004596712, -24.175479480392823, -38.683648290421054, -33.249937297807975, -31.824428506744397, -41.47087618975854, -34.84575144195557, -35.170920795309385, -44.08429571049854, -36.023670530140805], [-10.596300380349401, -12.916303412923986, -13.699261253203687, -14.723394479751587, -13.911221670228546, -15.124494334437427, -13.64419203564723, -14.27826901740981, -14.503639309789966, -15.808437487643062, -16.630645138025283, -11.916798343391072, -11.937443458099949, -11.625935887966433, -11.899844720120207, -10.745055117474775, -16.173921759109586, -14.333765163898468, -14.090081343452606, -13.5905223669892, -16.631573532299093, -14.082845126184111, -16.942715889362262, -24.032814334453022, -20.60427328824997, -18.017583950595572, -18.73700688652051, -20.145293564885417], [-17.02319311054768, -16.261377154043785, -10.10239036480998, -9.535152694702148, -11.727019086939825, -12.26773587522695, -13.826105604093652, -13.885454453565835, -16.405272604048413, -10.655816109794571, -9.658813009262085, -20.539116668388058, -20.162852713040515, -16.301767284976727, -17.938431673167315, -14.351257517036606, -13.064081749740739, -13.560011102676391, -15.206229328311181, -16.35610757705613, -15.755954578907112, -20.16110686299321, -17.22453648968297, -14.183827460322558, -15.909814212799073, -22.46454796506883, -22.665006181386328, -20.89433990174375], [-16.97516811892409, -19.965097233412354, -20.234396116373617, -21.199702724933623, -20.42732572812456, -21.986338238677693, -27.967769591643698, -32.56471692894988, -29.813153262975455, -28.96574376477089, -27.42473286485672, -19.914099643717687, -19.309333956377884, -20.026301004837062, -20.022163102724598, -21.565886821115637, -22.07892425830984, -23.043490340709685, -23.75703201693974, -30.44820503183868, -38.0454329808435, -33.73159677085676, -32.16007546870769, -34.82376810270724, -32.410652848243714, -36.80232014103087, -42.00968393316954, -39.00785206817405], [-10.808150060434647, -12.48225171188918, -16.407739804027116, -17.126538335323332, -17.008627128367646, -19.224304857876184, -26.647764694759037, -41.157281281334825, -36.97402551246368, -29.131375156296684, -25.817764584541322, -13.029318799291257, -11.769974645361973, -11.163321834428512, -13.368302705931137, -17.788268626039326, -17.53684820774611, -18.572416779994963, -21.333074612979452, -30.70747063372115, -45.89907876247438, -45.222793428345724, -41.20306342952183, -37.69255706337086, -40.143932529449465, -38.71470213431836, -49.300700205266665, -43.90286343056545], [-22.393972526416185, -28.51061604619026, -27.738973269820214, -29.2860625, -33.79016060495377, -31.43858195257187, -33.44262428379059, -36.57987506389618, -37.42932165336609, -31.455179233551025, -33.2573125, -29.52713303089142, -28.049222696304323, -29.441187211036684, -30.692980634689327, -31.051589359283447, -34.66773280143738, -32.0189375, -30.47118804645538, -35.03501320457458, -43.39142578124999, -40.17069019699097, -37.084705354690556, -38.53651143074035, -38.073875, -43.63968329238891, -48.14090117835998, -42.43214426803589], [-30.529651187954755, -33.48047225774107, -38.48293614273416, -39.69134295225143, -41.05896533637162, -39.335209783512255, -36.576336600595816, -37.01665998585344, -37.44526467531487, -35.24045582763359, -35.67594724607468, -37.64273853030544, -33.11346834043388, -36.23854299233117, -36.33560157594957, -37.027588456189186, -38.46387484910634, -42.37868643426895, -42.916894165689236, -40.26050420636509, -38.170987496506896, -41.38379462670713, -41.21170159181862, -38.48386867115606, -37.920544349670415, -44.31496149883493, -42.84482646728091, -42.398874379390094], [-31.68569669407602, -33.9110419630858, -34.234139141294435, -35.93419900131226, -35.79931565431194, -36.81506876307077, -42.06022923164083, -45.82704754329226, -46.32388621773994, -42.71069514165551, -42.38082918119431, -37.0620947567301, -36.84479446899731, -36.68367659669113, -35.95277976192799, -36.006869635027066, -36.75694541026121, -36.40748577594758, -36.62221971065191, -42.15477422896907, -53.33222740088216, -46.8445252358772, -46.582755729394485, -49.759878904492965, -46.98668463087082, -50.33791610843865, -52.107689723561315, -49.53783645135036], [-28.360606856102436, -26.544623781978366, -33.2867019719349, -36.32395508003235, -33.31972662210511, -33.88477587028203, -30.259429442453975, -28.450239677321957, -28.915557201520848, -29.22312064345961, -32.253983498573305, -27.941839987892248, -25.43632716815258, -27.969772843848553, -27.155427256214914, -29.922215658654405, -32.69049593022403, -33.88149598312378, -34.18664888436511, -31.954523183472567, -31.26901586263452, -31.270706654172972, -31.728818359333612, -36.083876850503934, -33.63215331840515, -38.68764202164824, -39.71031215535326, -44.288733474123696], 