{"status": 1, "spectogram": [[-6.670506340890204, -13.32441623880791, -13.514904657641537, -13.675750349104405, -15.975763552778865, -14.941903210643554, -13.22548248136895, -13.69757694345469, -14.652563071964057, -14.981922189555876, -15.116911082535982, -15.536820535164406, -16.33731452822626, -17.149687117015244, -16.609247561820666, -16.280718647395194, -17.533496328907027, -16.997393267959357, -15.956783493302918, -16.70746191560915, -16.766668283224675, -16.717773978805702, -16.977784298763247, -17.298860654784324, -17.50919684496522, -18.486852394012757, -17.342625996399544, -18.065053317555282], [-14.887571447044028, -11.474575677545714, -14.186468530941985, -15.20635625743866, -16.27852487133714, -14.25923413427266, -13.536981340033668, -14.937629436303162, -17.335050855288653, -16.681377764712806, -18.091999178409576, -18.349900925883176, -19.656456398451848, -21.426066825191555, -20.248370375686626, -20.39699551481135, -24.64002383884849, -24.60117713391781, -18.858337309445723, -16.776002682628672, -16.76083416212216, -17.533424167741266, -18.346651962888476, -18.460284858601483, -19.285016774296757, -21.49053934807197, -21.25252023732054, -18.459741465147417], [-11.503757625149289, -12.664017962173485, -17.02171083679488, -19.165204343080518, -20.963707966006396, -19.679061612577105, -17.883269562098494, -19.753993671373575, -23.378841254842516, -23.095290139047655, -24.590706126928332, -24.80622841856907, -25.740265181336593, -27.947023912668023, -27.60441571341719, -28.360089869070947, -33.807381410365515, -35.48574838209152, -31.873948866819397, -23.98516190730771, -23.695867504064125, -25.00800261557328, -26.1657034959404, -27.36041330595511, -30.458266536712642, -33.88736585354372, -33.13150129664143, -33.705178578838954], [-11.974642502516508, -10.930615975618363, -13.083991033673286, -14.622812499999998, -15.527410745143891, -14.61977721261978, -14.651821420669556, -15.214134100437166, -17.14967006158829, -16.747803606033326, -17.1344375, -16.880642822265624, -17.284062383651733, -18.500170065879825, -18.018420535087586, -18.5348741645813, -21.83625893306732, -22.4035625, -20.492722405433653, -18.141767444610597, -17.49492864990234, -17.643776889801025, -17.936445888519287, -19.589501602172852, -21.3995, -22.563401853561402, -22.195169454574586, -22.288729835510253], [-2.628511485977745, -0.15262570738300474, -3.3114891892087495, -3.754786500453949, -5.522712898195966, -4.4494368916680695, -4.004677398209666, -5.5086494052557065, -9.583179480080867, -8.64587151597478, -11.699885778188706, -8.258644925930053, -7.0410449462325335, -8.600556752205115, -9.04232039943537, -8.791486615847266, -14.8824649183507, -16.878958398103713, -13.215484741200848, -8.689436883147923, -8.009932429304026, -8.912612528446173, -9.899807721060322, -11.06703164975492, -13.265519341945648, -16.47982757586781, -15.942463659228032, -13.977166541008208], [-4.028120625957152, -1.413478179401105, -4.125537568432974, -5.486189899921417, -6.934314321620256, -6.333178774638567, -6.369197646452482, -7.1455907553260465, -11.105583642667375, -11.276380961291558, -11.741828316211699, -10.827616373539925, -12.415518969392187, -16.1989451186692, -15.367690916587934, -16.0298567074272, -19.723608997149277, -21.8223096113205, -22.826114989503616, -11.708052577583818, -10.004428150576686, -11.819431451001263, -12.263551628181288, -14.923979297998347, -18.66085413980484, -21.13086557709977, -18.735830877936316, -22.37407241003751], [-16.193512372435013, -12.709201316093946, -12.938949167173625, -12.971669474363326, -15.360427832545016, -15.055852921370628, -15.495267022877188, -15.600436694388819, -18.015915738918842, -18.001756871004723, -18.871513229608535, -16.761362958689112, -15.844566423581085, -17.112347078858594, -16.955819950946008, -17.967923768952645, -24.543515756505172, -24.170620918512345, -22.07529271919769, -22.5402178519006, -22.857880136878, -22.82981190018001, -24.805940230263904, -23.280530867037037, -21.353582741498947, -25.263897357797305, -26.71586459880856, -22.584634349392918], [-8.99341048000187, -8.817728368710654, -11.756907854350166, -12.62119623374939, -10.413909260155917, -12.378023576991502, -15.86643674846621, -13.171779586072182, -12.187659651367593, -13.101672578306111, -13.762192955970765, -13.423967258765261, -12.153708142357791, -12.459613340728538, -11.276221149523305, -13.80192549382313, -16.726482348345044, -21.63121533679962, -20.990649629123407, -13.059692123840854, -11.623012886105744, -12.746929834095061, -12.736572934190074, -17.602007661449115, -20.511398797988893, -20.954151467165765, -17.02207822318797, -21.97110300237703], [-18.464184800334003, -17.874264685990976, -19.145175286460884, -22.40092121362686, -22.656002528609758, -20.960087856604932, -21.147899909778598, -21.664982632364683, -21.414548743578678, -22.041692933617487, -19.766914314270018, -19.125044257582537, -19.903778759908906, -21.15879118023061, -18.745906680690837, -20.96396301442801, -23.303986538751047, -29.83332485580444, -33.645873209124986, -25.3196121978473, -24.900277489962438, -24.852420339070463, -24.728254141584316, -28.85610290911481, -35.43311915540695, -30.365299838126695, -25.542246944281786, -28.04056601199304], [-31.827203922250845, -30.349666521583003, -30.479705359794757, -33.16329351949691, -30.86804759907361, -33.015365324508586, -31.90464066160957, -32.6768567317453, -35.709575992778475, -33.263367041335265, -35.93121712827682, -33.47089698855831, -32.65209390207527, -35.12524902659337, -35.96681132383119, -36.38005195285167, -40.98957274061135, -41.49895952987671, -47.084133427437266, -39.25402534667151, -38.386641902649664, -36.85388157083181, -36.09971667877632, -44.17329044255467, -44.222837345123295, -45.537264253169965, -42.51432534141864, -38.55840654668858], [-33.71018649035692, -32.035223148584365, -34.25557136631012, -35.645624999999995, -35.9273575000763, -35.37670474100113, -33.81434785890579, -34.45045570421219, -36.438785537719724, -38.73252660655976, -40.1565625, -38.786785881042476, -37.93198351669311, -40.56181203365326, -41.55006999969483, -42.45624056816101, -43.128213050842284, -45.0073125, -44.65435634613037, -43.09298999977112, -42.38032940292358, -42.31950905990601, -42.844553180694575, -44.62919860458374, -45.56375, -47.62555858230591, -43.82872229194641, -43.88373444366455], [-40.4835888411896, -37.15659259831218, -38.74157408840564, -39.889407828330995, -41.483360283223675, -40.21795540737711, -39.951429962061, -41.61833780022007, -42.65576306444331, -43.345957539967465, -44.338556559085845, -46.79861379227521, -43.95146827958286, -46.866323945322236, -45.43324797105927, -47.06088446775778, -46.34260024505837, -54.727002053737635, -52.832684872046244, -55.34792467978371, -52.47883091990225, -52.156070117350055, -51.55656994724692, -53.16666866368659, -51.30546603822708, -52.385946155892576, -53.88092611138157, -49.88441884250764], [-36.85936704538061, -35.05824568198156, -34.96287551542692, -37.659072443962096, -37.74382684890122, -38.0750646637119, -36.69914210105438, -39.97775890254978, -41.073162583079224, -42.017668729685, -42.28934821271896, -45.165110619029136, -43.42739633010382, -41.87909242526822, -41.20053023078495, -44.45422749197284, -48.05788687016076, -51.059071092605585, -54.717707270116534, -56.616464806644984, -52.50470498715609, -54.85022715655403, -53.57951793404095, -58.69116458141251, -56.201096047878266, -55.50812268186236, -56.57226088672793, -53.848916987428126], [-36.99718083858055, -38.964701952442695, -38.1948015275537, -38.563047442436215, -39.5129993696253, -39.73449519106775, -41.104456197534525, -40.99414467182011, -42.63279672285847, -43.37801821444134, -42.78046620178223, -44.23088018032149, -43.44768219784188, -44.03114696938557, -43.407619448328816, -46.25236117327656, -48.31973880950848, -46.42939396095275, -47.43200663940376, -52.811913195201015, -51.48258508482325, -50.02273940527841, -48.16192391446326, -44.57393495235747, -45.813634678840636, -42.94407253193404, 