{"status": 0, "spectogram": [[-35.853160652399055, -49.94968729747832, -53.815437313333156, -48.321901657238605, -49.346848045125604, -48.7498034259379, -47.37761591111124, -48.05568727685511, -47.83116950879992, -53.04038371579349, -53.395508938238024, -53.54801784074307, -51.964080134019255, -46.25750875504315, -49.92682129707932, -51.13308022134006, -53.0303837839514, -51.36831242083013, -52.43974984124303, -51.55889265677334, -50.70921406540275, -50.88631236486136, -57.13081230266392, -53.33225880770385, -58.5031784953177, -52.10921413549781, -47.44490164087713, -48.31012481224536], [-11.763062256634235, -11.982526137650012, -12.119338637709618, -12.346561839878557, -11.684677968740463, -11.565329781711101, -11.813954805433749, -11.58491015315056, -12.58689228594303, -12.700436926424503, -12.240499412298202, -12.133142282247542, -12.527526177346708, -12.978311884939671, -12.992686876833439, -13.14328507077694, -13.272392189383506, -13.270392181038856, -12.393267226696015, -12.386927980661392, -12.35142801785469, -12.630267298698426, -13.191329749166966, -13.19498152351379, -13.15906187337637, -12.803419028937816, -12.962169030845168, -12.949624413609506], [-29.51174098467827, -50.092865442991254, -48.90267889165878, -48.368249759197234, -42.93383937120437, -49.51034949994087, -48.1174097700119, -46.58794668245316, -52.262295903921135, -49.954527431726454, -46.26421534061432, -45.48884790301323, -46.82914213752747, -48.045714545249936, -47.58696393871307, -52.983367133378984, -51.394275637388226, -56.20503713560104, -52.25059806132316, -51.441126018047335, -50.233848679304124, -49.21050920748711, -55.84688457655906, -50.63014301681518, -50.669062272310256, -51.25786512160301, -48.37548980164528, -45.76534801077843], [-6.948062500000001, -7.9088125, -7.928062499999999, -8.013375, -7.761, -7.571250000000001, -8.05425, -8.3218125, -9.438437500000001, -9.723812500000001, -9.273625000000001, -8.7938125, -9.067562500000001, -10.132, -9.9145625, -9.1923125, -8.709, -8.6239375, -8.1514375, -8.392375000000001, -8.667187499999999, -8.855374999999999, -8.934125000000002, -8.7870625, -8.817125, -8.604875, -8.7085625, -8.7545625], [-28.33894706583023, -37.65849038815499, -45.43030532121658, -45.457633984327316, -39.256250375747676, -44.05399370837212, -43.557743411779406, -39.46918819117546, -44.61177862954139, -48.42091202402115, -39.30453548097609, -40.35408030629158, -45.33564420700073, -47.187374615192404, -43.51893877911568, -42.329437563180925, -39.82292885541916, -44.449885402441026, -46.029136060476304, -40.32740186429024, -40.08931230282784, -44.80368020009995, -44.81355338335038, -48.7124737098217, -39.54746435403824, -40.5266251244545, -38.58512396907807, -39.840107551574704], [-2.411453954219818, -1.596704149723053, -1.3485792317390441, -1.471713279724121, -2.676051538467407, -3.4737563471794126, -4.567443264961242, -4.814800581932068, -5.758131106853486, -6.356648958683014, -5.318836984634399, -5.205461635589599, -4.45339089012146, -5.629042715549469, -5.193355383872986, -3.58033795928955, -2.4954991836547853, -2.2223921127319337, -2.700453918933868, -4.132622653007507, -5.578023672580719, -5.569032717704773, -4.159908683776856, -3.606176791191101, -3.415310873508454, -3.5443285288810724, -3.6990784792900087, -4.890934896945953], [-28.420821503162383, -32.37270260596276, -34.91083196616173, -40.551125535011295, -34.67606409859658, -34.6423307044506, -38.72708410477638, -34.51164224529266, -35.19755309486389, -42.51666896653176, -41.81023674154281, -37.28424146103859, -44.44901716661454, -44.40859257364273, -47.05502943778038, -44.282530905485146, -40.35746802854537, -40.18708185315133, -44.06095472598076, -41.33652586007118, -43.63270657277107, -39.50000195121765, -45.17781638741493, -44.34341339874267, -41.76687607574463, -41.100921461343766, -40.66828993391991, -43.554407138824466], [-18.259093664169313, -18.01911241912842, -17.853362630844114, -17.02602337837219, -20.433047291755674, -23.37214369392395, -27.614890666961674, -26.990463823318482, -27.45708100223541, -29.744981607437136, -25.530361206054685, -28.797599562644955, -26.933297331809996, -28.506797791481016, -28.107361700057982, -25.963595209121703, -23.043613645553588, -22.7877920627594, -25.3834150352478, -28.41084124565124, -31.74221288490296, -30.763249797821043, -26.80762848854065, -26.32454837703705, -26.512119914054868, -26.528441302299502, -27.486815974235537, -30.51909074783325], [-13.387114250659941, -16.823100729942322, -18.067600388526916, -18.730555122852323, -15.86845051717758, -15.594772958278655, -16.170023854732513, -17.449880803585053, -19.737791061878205, -20.861228693962097, -21.02235302257538, -20.709942679405213, -22.17903972005844, -25.38357510137558, -26.41226222705841, -26.372752602100373, -27.204304597377774, -26.380027793884278, -23.69752948188782, -21.871388562202455, -20.301720267772673, -20.364353979110717, -22.678414489269258, -23.089923045158386, -23.42414631700516, -23.03360190200806, -24.231539216518403, -22.918326366901397], [-27.779341728210447, -37.69419157218933, -37.911563236236574, -42.689533517837525, -35.05120692062378, -37.871675834655754, -31.51125213193894, -32.14179567670823, -32.02059271526337, -37.40052779912949, -38.85171370697022, -33.58210341215134, -38.26302978467942, -42.14174493646622, -38.61949300527573, -39.845296789646156, -37.17677352809906, -38.741428853034975, -39.765421488761895, -39.00580648183822, -38.32504943609237, -38.2036668548584, -41.51065795135498, -39.66561785030365, -37.29310238790513, -38.85547255849839, -37.37259319829941, -38.70278087472916], [-43.56825, -47.42675, -49.181125, -52.11806250000001, -47.534062500000005, -48.6460625, -45.600187500000004, -45.59287500000001, -49.0914375, -50.7628125, -45.351812499999994, -48.924875, -46.744249999999994, -49.9165, -49.07299999999999, -48.41125, -50.2393125, -49.166062499999995, -48.736000000000004, -45.824875, -50.8539375, -49.5233125, -53.283187500000004, -49.77912499999999, -50.590624999999996, -51.871624999999995, -52.026062499999995, -49.3623125], [-46.09714951133728, -56.39546900129318, -59.747337847232814, -50.70170377302169, -51.896726963043214, -52.27431229114532, -46.282195279121396, -52.152272654056546, -52.058415196895595, -51.84328331375122, -49.892730983257294, -51.86565592813491, -50.42618249416352, -51.505070714473725, -52.89932070302963, -52.413919491767885, -52.6299955163002, -54.045811470508575, -59.30355674123764, -51.657240995883946, -52.582855296134944, -53.11844197463989, -57.56818485355377, -53.67888638496399, -54.49469091892242, -54.45998578882217, -59.480349484920495, -55.39341598033905], [-39.97041189479828, -46.181085637569424, -45.28246034383774, -44.12230050897598, -44.40139704322815, -41.34661085891724, -39.186234724044795, -44.00722592115402, -44.28785131788254, -46.9558777961731, -46.09431699895858, -44.51230702018738, -46.71049554681778, -53.03256457662583, -55.773883343696596, -47.37231723356247, -45.89854982233048, -45.41236512660981, -45.68098955917359, -46.15462033319473, -46.94489555835724, -44.46752950906753, -44.255907289028166, -44.60383661127091, -46.150585934162144, -48.043319767475126, -47.284004808425905, -44.81630751323701], [-47.67850137805939, -43.87759182262421, -42.733400981903074, -40.371489275932305, -44.547109208106995, -44.85231466388702, -45.49305672550202, -47.91839105033874, -46.85614228248597, -48.89016698360444, -48.30891944789887, -50.230397702217104, -49.756909713745124, -51.530570978164675, -50.23176129817963, -51.29198320007325, -45.83557512664795, -46.10989549064635, -55.97107171726226, -50.711130691528325, -51.58195313930512, -49.69540922546386, -46.000853350639346, -47.04644619846343, -46.62159796524048, -47.288909390449525, -46.002593080520626, -47.472389769554134], [-52.30225429439544, -54.74008120632172, -55.84776831436157, -50.309532694816596, -53.15581460857391, -50.99325726413727, -47.95013359546662, -49.14770533084869, -49.20554482936859, -51.16576894760132, -50.844015975952146, 