{"status": 0, "spectogram": [[-5.191196608304978, -6.897544912949204, -7.462294907554984, -7.176830613449216, -7.330678843408823, -7.660143144756556, -7.2202681410908705, -8.25843780501187, -8.845911021977663, -7.955366386070847, -7.580303894370795, -6.553982450604439, -6.058241391554476, -5.398625302284956, -5.907187811270356, -6.2950538759231565, -5.529134205803276, -5.872232430517673, -6.009669936224818, -5.160911002784967, -4.940259217664599, -5.160285994738341, -5.279411001980305, -5.630875277906656, -5.625098487034441, -5.9569020723849535, -6.312527083054185, -6.477009236201644], [-7.7861075457334525, -6.974571942448616, -7.965759518682956, -8.31465235465765, -7.564580874860287, -7.545411207914352, -7.0472861738204955, -7.263330772101879, -7.609053875923156, -6.718384247004986, -6.644634295523167, -6.8530182650089255, -6.136000349044799, -5.869339699268341, -6.928214714646339, -7.881473665177822, -8.088902306973933, -7.721125458955765, -7.349500475525856, -6.825232617020607, -6.435259378850461, -6.952125495433807, -7.0725004701614385, -7.688116587102413, -7.602018348693847, -7.6539558328986175, -7.356018276572228, -7.1046432608366015], [-15.075591001033782, -23.41812902212143, -24.329941385030747, -21.73058354830742, -22.98770917391777, -22.38718229675293, -21.749807101249697, -20.214735347270963, -15.97261812710762, -16.60271662902832, -18.339904671907426, -19.451208499670027, -17.62788663268089, -19.339217463970183, -20.002280078172685, -20.9871551759243, -22.99508428692818, -20.644583852052687, -20.905021530151362, -20.022521469593045, -18.954530199766157, -20.80004842209816, -20.00054821753502, -21.797021797657013, -21.655432457447052, -20.709637574911117, -19.05857473421097, -17.95832457256317], [-4.0844375, -4.121125, -4.3665625, -5.106249999999999, -5.46925, -6.4268125000000005, -7.4890625, -8.319062500000001, -8.290812500000001, -9.56375, -9.7698125, -8.1959375, -10.4799375, -8.2113125, -8.98525, -9.0215625, -7.878187499999999, -8.206624999999999, -7.2489375, -6.676, -7.084687499999999, -6.3835625, -7.2681875, -6.4944375, -6.8021875, -7.8005625, -7.348625, -7.9517500000000005], [-1.865659402370453, -1.2013013973236082, -2.617113329648972, -3.269953186273575, -2.838935313463211, -3.1660695109367367, -4.0649447035789485, -4.0208290798664095, -4.408142388820648, -4.303704706907273, -3.5702669973373418, -3.301704056024551, -3.5079546616077426, -3.3986057872772215, -3.9724182846546174, -4.604060927152633, -5.033890675544738, -4.30993581032753, -4.031185672044754, -3.48267671918869, -2.783185917615891, -3.447881922006607, -3.1753197007179264, -4.1199354174137115, -4.507399765253067, -4.618123262405396, -3.466686102628708, -3.269400639295578], [-12.664783650398254, -15.473744047164917, -15.210870867729188, -14.593979071617124, -15.934261655807498, -16.19631470680237, -15.735752693653108, -14.511833719253541, -12.07420262670517, -12.904326666355132, -13.036763345718384, -14.481137244224549, -12.329147761821748, -13.669887639045717, -16.02663716697693, -16.617967744350434, -17.547672689437867, -16.527154566764832, -16.493592139720917, -16.30215451335907, -15.383976145744322, -17.00845799255371, -15.94752050924301, -16.844556678295135, -17.001592312335966, -17.713591719150543, -15.581842728137971, -15.507968137264253], [-17.856888477087022, -16.03844124150276, -15.290439441919325, -16.59401043868065, -17.49094156193733, -18.893978726148603, -20.538916960716247, -23.863187732219696, -18.854573995113373, -21.06381604981422, -25.24857216954231, -22.19319571757317, -27.70725147175789, -23.73718718004227, -24.985937363147734, -22.624542271137237, -19.28617364001274, -21.249104704618457, -19.330478959321976, -18.591032404661178, -19.769391123533246, -17.476826379776, -18.740390197992326, -16.7830221991539, -17.426576323986055, -19.756872762441635, -20.133185829639434, -22.578472784996034], [-10.281969986915588, -9.821728424072266, -13.122162634849548, -12.494388641357423, -10.972648137092591, -10.200676664352416, -11.32742783355713, -10.666314742088318, -12.465957043647764, -12.081485054016113, -10.090800419807435, -11.824716047286987, -12.199729784965514, -11.813958096504212, -12.911894994735718, -13.970830319404602, -15.35521033477783, -12.96209717845917, -11.330097195625306, -11.844819696426391, -10.869339532852173, -11.251140586853026, -11.444704556465148, -12.411407566070555, -12.55081873321533, -11.832043751716615, -10.2132330493927, -10.275762541770934], [-19.380669216632842, -22.99546265697479, -22.350027166843415, -23.258428816795348, -22.74625743341446, -24.55792573261261, -26.025987600803372, -28.748387570381162, -25.86273086357117, -25.99133790874481, -28.361397557735444, -27.947415107250215, -27.89378277206421, -28.693540036678314, -29.758164970874788, -27.983362573146824, -26.90531055021286, -28.769514121055604, -27.443827113628387, -26.488523919582367, -27.843495792388918, -26.751461827278142, -27.984835797309877, -27.20698023033142, -28.169846051692964, -29.622639265060428, -29.007326213359832, -31.70561978340149], [-28.713188353538516, -29.841685121059417, -28.21794151544571, -29.319624685287476, -29.649667071819305, -31.47660930490494, -32.56048267698288, -36.092349757671364, -31.766593109607694, -32.28576896715164, -33.6169495048523, -33.13470896005631, -32.61025406455993, -33.42143148422242, -35.20074389410019, -33.28945476341248, -31.07212433624268, -33.41006299591064, -32.874313130378724, -32.02922525596618, -32.610908342838286, -32.087092551708224, -33.10002585887909, -31.873050911903384, -33.64060081672669, -36.203302605152125, -34.84273958587646, -36.71299609708786], [-36.737812500000004, -36.407687499999994, -36.787437499999996, -37.480125, -36.887875, -37.958375000000004, -38.026624999999996, -38.039187500000004, -38.6208125, -37.8111875, -36.811499999999995, -36.9458125, -37.09025, -37.693125, -39.7060625, -39.571, -39.258625, -39.01875, -38.2071875, -37.98975, -37.622125, -37.980000000000004, -38.419687499999995, -38.844375, -39.8625, -40.7605625, -39.962125, -41.002125], [-35.9493190498352, -37.25721111488342, -36.54177614545822, -37.768310123920436, -37.783523184299476, -38.6636375732422, -38.21445020627975, -38.13362158966065, -39.5806668457985, -38.294828699588784, -36.80289294052124, -37.81936991024016, -38.211122631072996, -39.0707295331955, -40.18716466856003, -40.63050345563888, -40.4211205625534, -40.537403862953184, -39.48059246873856, -38.94774575996398, -38.00610206413269, -38.2047617149353, -39.01369988584518, -40.5258612818718, -40.719664534091955, -41.65772704696656, -40.87041523218155, -42.462461209297174], [-27.500409026145935, -26.85858046770096, -25.3121447763443, -27.08086664247513, -26.710867556095124, -26.680322449684144, -27.322633549213407, -28.094257381916048, -28.209179749488833, -28.622527146816253, -27.499151655673984, -28.40313235712052, -29.019758942127226, -30.025329048633573, -31.07995373392105, -30.767150546550752, -29.33192129850388, -29.982848063945774, -29.1655343875885, -28.512284914016725, -28.44975648546219, -28.757864168643955, -29.757987946987157, -30.984659346580507, -31.50751603984833, -32.964889851570135, -31.66845279932022, -34.23209678506851], [-44.16767869949341, -45.525305141448975, -43.348367953300475, -46.56791998004914, -44.70676855278015, -45.05439238357544, -46.3640803232193, -45.521018468856816, -46.54172409534454, -46.30203703308106, -46.20528678131104, -46.84588465404511, -47.46879553127289, -48.59727821826935, -50.18527726078034, -49.22782145500183, -46.745108329772954, -48.98901900482177, -48.20433057117462, -46.56300051879883, -46.349821321487426, -47.42990243434905, -47.40333971023559, -49.24086741733551, -49.126501649856564, -52.4918922958374, -51.664081259727475, -55.54704513454437], [-43.158520038604735, -42.87569996070862, -41.09345038414001, -43.9445475282669, -42.60728808403015, -42.48197575473785, -43.55172583293914, -43.76959128379821, -44.99999394893646, -44.27416322898865, -43.51603850746155, -45.22558187389373, -45.32645823764801, -47.738796750068666, 