{"status": 1, "spectogram": [[-19.86026853053059, -16.70111480418334, -17.73124244768218, -18.70491075822711, -17.568015428799754, -16.431637929246133, -16.400242609048984, -20.273981110457864, -19.52080301441891, -16.5936709806317, -16.64169648811221, -17.831934076885798, -18.06527547548985, -18.014770503392022, -18.749438977406946, -18.419709232068794, -19.28084697734091, -19.508696528702977, -19.141717867130552, -19.770444316533144, -21.315899605859336, -22.033770916057485, -23.162928411270894, -21.73970476185059, -21.66823220178485, -22.48977563412336, -21.65818400307268, -23.84547927516829], [-13.520490346958146, -13.752492312758552, -17.508737060578483, -18.753964111804965, -18.916476789442886, -16.326270126946117, -16.705249488319712, -18.19338439063878, -15.58062791407831, -15.3575144781483, -16.26519601237774, -20.620025668319386, -20.337745843607614, -19.414422971336194, -20.06624452170545, -20.540792043741902, -20.742520222517857, -19.919285232782364, -19.042658624590707, -19.329761099443274, -22.0275591076609, -19.93115209537389, -21.075167808571628, -18.83000595322426, -18.900928168773653, -20.941758377240703, -18.572491241107326, -21.964661708398594], [-22.16683689976071, -26.07703763050696, -22.0064062032554, -18.051356884956363, -18.96814945650591, -25.55946600450794, -22.74778880840406, -18.673327536018697, -19.424235296852668, -22.134083741752246, -24.603322198867797, -20.17673854545654, -21.051910087528107, -19.870684521236825, -20.90847131685288, -19.758191633868563, -18.752851651347026, -23.874357930183407, -20.694209541067405, -20.008266535019914, -17.729503336330836, -20.03443712504037, -18.68395926123249, -21.719911662159312, -19.75935719871521, -22.14092626369334, -23.20055260040668, -20.81175242190278], [-18.225286265522243, -18.17421429181099, -14.756178475856782, -15.469625, -17.027482023000715, -17.595482201099394, -16.492499603271483, -16.427606767654417, -13.315358032226563, -17.215215200424197, -18.120625, -16.9546421585083, -15.907749982833863, -17.06617904472351, -13.44478549194336, -16.58374780845642, -17.6496774559021, -16.262375000000002, -19.227678562164307, -18.12883893299103, -17.585232236862183, -16.685766160964967, -15.868073059082029, -17.075269765853882, -18.112625, -22.580645629882813, -20.99651710891724, -17.941633955001834], [-9.187316158284313, -9.365591978880826, -7.946333570329499, -10.885446614742278, -6.4424447133297145, -7.85275109890528, -10.835217972745589, -17.735392076492076, -11.128422698118236, -12.655625038828331, -9.920428623199463, -12.464934617860548, -9.777688928312527, -10.815331482166744, -12.207423085232293, -16.871741453335577, -11.675946058059155, -11.144535230636595, -15.29399994482151, -12.530163107122393, -10.561381691300813, -23.42075642390659, -13.723182649338442, -23.096715913217317, -12.25819616174698, -15.405527201429003, -8.92891584275471, -9.018611653779809], [-14.841960244726959, -12.15160920086805, -8.705252292589275, -11.526321163177489, -12.889554370145907, -12.002438653079345, -7.81032867762482, -8.85107791250568, -8.792350067985103, -10.122100106531615, -9.24573149394989, -9.099829647841863, -6.922913097654011, -8.57453574507573, -8.818354821419643, -14.11552955580758, -17.00792029723295, -14.202375138282775, -15.75951901694729, -13.594953284713556, -14.388701323728748, -13.4907006984465, -16.71215413117077, -14.362159254210724, -15.33468000793457, -17.686010147053196, -12.125362471619475, -13.610543776548715], [-21.520831396840894, -15.340703685355354, -14.836614528183755, -16.386466994285584, -15.775268898545814, -18.778473087622405, -24.57278517477821, -20.962489257442783, -20.400486785869255, -16.299079616099053, -14.690161486148833, -18.367708913392256, -25.167013612380494, -17.17536718638237, -19.509486874065527, -15.530911067239321, -17.743075887805528, -16.404801843166354, -15.938228811085878, -16.998145173062667, -14.752668344532541, -15.368385791106462, -15.712494797890558, -16.041391682099377, -20.07337942457199, -21.90468631171219, -18.44451581484788, -15.927907836609249], [-17.82077923384749, -13.045289208784311, -12.168016042038094, -13.566248542785644, -10.20627827611745, -18.29357080050869, -16.203437669112333, -12.63034005696552, -13.681762699622828, -22.74774963283412, -20.685303087234498, -13.012908174941812, -11.02141750342946, -11.71474776376976, -13.475135774981537, -10.962251057703675, -12.607392119736323, -17.706619245529172, -12.348360407613072, -13.369339091902336, -13.692424058794744, -15.354294822534722, -13.41466874091531, -10.42562668290484, -10.086842977523801, -13.454626430355798, -9.800993785320083, -21.451426172456387], [-25.739011532463564, -19.40102077939555, -22.619759088112435, -21.25144572353363, -20.00341307543742, -19.447837687433676, -17.80016777540756, -16.607044408915012, -16.987849351649587, -22.031745017092653, -21.930804635047913, -19.488251706531706, -22.730738325583822, -21.984069336833834, -21.43382271412453, -19.065138849415177, -24.612292129690395, -25.317359594345092, -29.06825839126566, -25.13937001886321, -28.79746301557962, -24.4738074681866, -31.165484040206128, -28.38082806441495, -29.285518139839173, -31.381427807942792, -27.755849937259363, -26.90086770414411], [-28.817695880220686, -29.66187773982726, -28.161409979401714, -29.48532180786133, -24.56291147757504, -33.87246960131879, -31.888115516040166, -29.89967698490259, -24.086313451669415, -35.0623010946449, -27.685515860557555, -29.88168938120942, -28.53152079484687, -26.300620645057478, -29.461895492047603, -25.7042683549632, -32.7116473870569, -32.72107168769836, -28.235939971276892, -32.10227589082807, -31.995359058319647, -36.39898645968853, -39.512239638335416, -39.64751189435906, -38.86772646045686, -34.636701667667516, -36.85974878582463, -32.77456988804698], [-29.48246507191658, -32.147696395576, -33.078071296691895, -32.317750000000004, -31.682268308401106, -32.47046403980255, -34.50660733604431, -34.75139296913147, -31.88271402168274, -31.367855262756347, -33.170249999999996, -35.111768060684206, -32.50253521156311, -32.860857524871825, -29.659088379859924, -31.644035943984985, -33.17887351036072, -31.303625, -31.09844863319397, -34.52518141365051, -38.1446489944458, -38.75332877731323, -37.11869443130493, -39.73140807151795, -37.8105, -36.362017492294314, -35.77224857330322, -36.992428672790524], [-28.249892872609728, -30.781768936983152, -28.95756717681841, -30.02151397800446, -29.207814294426427, -28.347817626825744, -28.766867829342758, -29.144079424138454, -27.115957035483483, -31.011591848417268, -29.174896144866942, -28.03110005748511, -27.10339240034633, -27.25490491937384, -28.796484158923214, -31.384649218193086, -29.204115519781425, -26.14848088932038, -27.575966209502845, -30.333295932140516, -29.24804272185839, -29.64109153866452, -30.03054307213775, -32.83963084660313, -32.67326367473602, -36.33379612782752, -36.22603939836074, -33.42661329390443], [-38.71340328789547, -36.473581792417875, -35.744241950054466, -35.47783706188201, -32.793057170405696, -35.435010538334865, -36.9426603796049, -35.2765723928718, -35.08213853755316, -35.94872505033394, -38.112177196502685, -37.22477627300732, -41.37541383167414, -35.815175012860344, -37.6905532765287, -37.349855584006974, -36.83380598583956, -42.097978463172915, -40.076027846901155, -41.18679417407985, -41.83401381145825, -39.99700220097888, -44.83991403260501, -43.166311163592425, -39.86024955558777, -38.72419651487077, -40.85381689159301, -43.92512844889036], [-40.82578652675356, -49.343188412578705, -47.16019473901105, -44.75133548927307, -40.37871641540506, -41.42389522144792, -44.17463921459523, -42.301376296802715, -40.5421171603687, -42.1875429375338, -43.390928794860834, -45.238097312772034, -41.067629760818384, -44.51562494285733, -44.73419097406167, -42.64479587926371, -43.78458862483575, -44.387429683685305, -47.49667050412422, -45.67320906715274, -48.84387838456748, -48.985106529234265, -50.0977038406317, -49.946393531250074, -52.87399568557739, -48.514424966619615, 