{"status": 0, "spectogram": [[-12.653384197071194, -15.268054067373276, -15.181554045617581, -14.730312939271329, -14.521803987115623, -14.758018250703811, -14.921955733969806, -15.785946833491327, -16.061545065239073, -16.057616491362452, -15.767303970724345, -15.895152187123895, -16.289678966909648, -16.570527183547618, -16.58408967217803, -17.379920084878805, -17.275107586711645, -17.042991492018103, -17.02149151311815, -16.39967897206545, -16.44354501797259, -17.085643250197172, -16.670455763235687, -17.287518298089502, -16.86329504980147, -16.516518262088297, -16.66095577405393, -17.36375936587155], [-8.301946541309357, -6.160366134464741, -6.019866163909436, -6.161357254266738, -6.547285855293274, -7.53012519800663, -8.042312699735165, -7.699473370850086, -7.403759077489376, -7.66605372095108, -7.9134287327528, -8.016428740739823, -8.31674125558138, -8.745473395884037, -9.313973441064359, -8.584642968535423, -8.406973322927952, -8.401607300639153, -7.784107253789902, -7.781428731560707, -8.884393056988717, -8.935357305526733, -7.937357278227807, -7.590267936468125, -7.937294790327549, -7.983767997860909, -8.042705482900143, -8.58664301073551], [-22.498295592069628, -20.320643749237057, -20.520643907546997, -21.528510170698166, -22.032635312318803, -24.697653566122053, -24.747653485536578, -22.82742110657692, -22.38161752820015, -23.42438542914391, -23.977197986602782, -23.85170691084862, -23.92584983992576, -25.37493920826912, -27.083501919746396, -23.216402977705002, -23.166242270231248, -23.819796120405197, -22.26704587197304, -23.38075156354904, -26.561224970579147, -25.92876932573319, -24.567769287109375, -22.540733154296877, -24.44586758971214, -25.62966223287582, -24.5772870016098, -25.584188918828964], [-15.496375, -18.9159375, -18.2833125, -18.292375, -18.6048125, -20.133875, -20.300124999999998, -19.3649375, -19.0546875, -20.222187499999997, -20.759875, -20.439625, -20.517125, -21.8731875, -22.486124999999998, -21.120687499999995, -21.322250000000004, -20.73375, -20.006625, -20.2525, -23.13, -22.7741875, -22.375625, -22.000812500000002, -22.283, -23.778, -23.796374999999998, -24.12625], [-13.269841842174532, -9.436654338598252, -7.662216504573823, -5.85867133307457, -5.183938905477524, -4.760429152965545, -5.4376166832447055, -6.369420889616013, -5.778679810523987, -6.6330457532405855, -7.218045694589615, -7.038001023769378, -7.269804560661316, -7.758875759601593, -7.456000322818756, -10.94351066660881, -11.41863572716713, -8.543724497079848, -9.11553733253479, -7.483036900997162, -8.286973989725112, -8.558777767896652, -9.757653151273725, -12.403627400875093, -8.796179825782776, -9.657822580814361, -12.633635842084885, -9.748501127243042], [-12.097557616233825, -12.15253027677536, -12.752842364311219, -11.777189113140107, -10.921492253780364, -12.259838273048402, -13.393338401794434, -14.41569725894928, -13.207348804950716, -15.519651690006256, -16.88333966064453, -16.919134096622464, -17.25667010259628, -20.97596379947662, -23.003212735176085, -26.023930420875548, -27.31911792898178, -19.861366833209992, -18.640492154598235, -15.23230405330658, -16.06063354921341, -15.30870549631119, -16.519331368923186, -15.93411061000824, -11.612304176330568, -14.356696979522702, -18.04526116514206, -14.509446904182436], [-12.240690974235534, -11.813232405900955, -13.252668900966643, -15.627664824008942, -17.705466800212857, -23.65955959415436, -23.718494693040846, -22.154393760681153, -23.23255366611481, -25.60587284898758, -24.928374135017396, -24.45291378259659, -26.819769714832304, -30.065492415666583, -30.88837983107567, -23.028222568035126, -26.006736779212957, -29.344241929292682, -24.485808900356293, -26.041860357284545, -29.255581644535063, -29.529747318029408, -28.173555017948154, -22.67233976149559, -26.48211342000961, -28.648179579973224, -25.223301462888717, -29.95306486868858], [-22.221571175575257, -23.32720329666138, -22.009518778800967, -20.48402526187897, -19.654431829452513, -21.15627094936371, -22.082520693778992, -22.876985460281375, -21.42510293865204, -24.6164851436615, -26.167236804962158, -25.46962151622772, -26.76410151576996, -27.56809498977661, -25.354100257873533, -30.486198073387143, -31.896000092506405, -25.17044060611725, -25.041562289237977, -24.032165863037108, -25.191394186973575, -26.040905163764958, -26.722151289939884, -26.52991217327118, -23.061639662742614, -25.700225823402402, -31.417842720985412, -26.594602654457095], [-23.024240939617155, -18.333055048942565, -17.138555693626405, -17.268271681785585, -16.89937942123413, -21.39636333751679, -22.549739001274105, -18.312058665275572, -17.168380190849305, -19.424853435993192, -23.001103772640228, -22.62891649913788, -24.075577315330506, -24.896202800750732, -27.194890996456145, -25.139325400352476, -25.27319981098175, -23.789790829658507, -21.823789924621583, -22.43551412248611, -25.091747406482696, -22.811201913833617, -21.898388568401334, -21.618394940376284, -22.569719020843507, -23.46820147228241, -26.14938713407517, -24.024433906555174], [-34.17696473932267, -32.75333035898208, -30.607276978492738, -30.363181766033176, -30.100073679447174, -34.70283702516556, -35.45027178573608, -33.399787183284765, -34.736189587593074, -34.21095814609528, -34.46414371061325, -36.700928049564354, -44.02768948125839, -44.918530663013456, -48.0458415222168, -42.296178081035606, -39.640062378883364, -44.71129307651519, -40.53442337226868, -41.55809585666657, -43.77863440942765, -39.69331868124008, -39.1211377916336, -40.508799610137935, -46.29202450895309, -39.44130936622619, -43.66537057447434, -41.50389766693115], [-41.0618125, -39.3065, -37.441874999999996, -38.597875, -38.5590625, -47.53, -49.1430625, -47.851812499999994, -53.2335, -55.309687499999995, -61.18181250000001, -54.70225, -49.872, -54.724562500000005, -57.819, -52.958937500000005, -57.65625, -52.6796875, -51.8816875, -49.598749999999995, -50.7760625, -46.157687499999994, -51.76775, -49.60325, -47.44431250000001, -50.9011875, -55.6690625, -52.164375], [-46.705191521167755, -44.727042000293736, -43.85585831260681, -46.447282660007474, -48.09746468830109, -53.05179048109055, -49.57529556512833, -54.3104137415886, -55.420890580654145, -50.11566159296035, -49.10391365003586, -52.19373612165451, -56.95497929000854, -61.11472163724899, -58.76159853410721, -54.463193311691285, -55.10352226018906, -56.93093089580536, -52.192990996837615, -57.10583151483536, -53.38307011413574, -50.932622559547426, -53.488801735401154, -49.33151734542847, -53.94112778043747, -53.13588760757446, -55.78382611322402, -53.80734609937669], [-38.791429884910585, -37.107151265621184, -40.77934035015106, -42.1621882109642, -40.64772439146042, -42.31330396842956, -39.36186583280564, -40.78244481754304, -42.50747407197952, -39.81357902860642, -40.050266411781315, -41.17534637117386, -44.41735802841187, -46.641763086795805, -45.548884121418, -47.74451870918274, -47.98742758083343, -46.104260778903964, -44.60688583326339, -43.490134043216706, -43.21069463157653, -38.06283828830719, -39.54239939165115, -41.057999486923215, -42.453135282993316, -42.61970360517502, -46.19557681703567, -41.5104952507019], [-57.54883393096924, -58.343389884948735, -59.425960183143616, -57.88405035877227, -57.07476902961731, -62.24573859882355, -61.68467454910278, -59.73255654716492, -56.625028098106384, -58.31129053115845, -61.88247559833527, -61.66290476894379, -63.319584751129156, -63.41447987937927, -63.76055066394807, -64.33773688983916, -61.04112201690674, -59.82664225578308, -60.45002181053162, -59.57547491931915, -59.847803724288944, -57.1823163022995, -58.10381800746918, -57.62513896083832, -60.9247703704834, -62.05412351799011, -60.10456021213532, -59.05774292278289], [-57.8871820678711, -57.384501583099365, -56.693624395370485, -61.082471833229064, -57.61880033493042, -60.62661905574798, -60.5326845626831, -64.63267409992218, -63.120863732337945, -64.37566775226594, -65.76235754776002, -64.5888527135849, -65.36954107570648, -64.22011599254608, 