{"status": 0, "spectogram": [[-31.843346594099025, -56.34979057228321, -57.948004869756645, -55.350749789416795, -55.04673434842364, -56.31533712350593, -58.36705662195899, -54.49529598431439, -57.12851146636209, -57.7506675166707, -56.81749985694886, -59.29802703916657, -56.429032238451775, -54.04815361763884, -54.4756727366472, -54.495372970292806, -60.481808105714435, -55.68374999278784, -60.58210278358021, -55.65445252946081, -58.2518462269463, -58.71592666540835, -59.059455200549394, -55.833548416834944, -54.810071389675144, -59.31781923238711, -54.840941495038905, -55.97608974334268], [-12.574856620775806, -10.1204485829801, -10.707703640704255, -11.728713802337648, -13.087790059274566, -13.892606553758892, -14.216570770536151, -14.35122895279223, -14.399790292481988, -14.079443313165589, -13.887713712215426, -14.019790319116744, -14.924106325932927, -14.580172761664109, -14.31894907241934, -13.333010000053694, -13.075147415107612, -13.482570934772493, -13.683785218920027, -13.77901525031788, -14.205167715145627, -14.130605978046182, -14.778749409437179, -14.35208081180225, -14.34057090997696, -14.94218234387226, -14.412336049907063, -14.20242295645209], [-29.783939269083334, -52.65654272813215, -52.0805120191867, -48.3301780462265, -49.524622423658734, -52.62055174256338, -54.7904325354928, -50.05264967541796, -54.95042518452202, -56.48384605629562, -53.750678322792055, -49.71193847652377, -57.55415796521322, -49.278582287962, -52.50843894246074, -47.21821708270613, -49.64033846590534, -47.54767748355866, -48.2943261357523, -54.02832244178313, -49.634450210063136, -41.22032133425357, -52.782957339306066, -50.438239748173295, -46.24489235210419, -60.21112408497468, -45.017702524243234, -48.32288027537375], [-8.370499880522491, -8.933857125997545, -8.212321452498436, -7.519500000000001, -7.678642813205718, -7.876928569316864, -7.8990357069969175, -8.003821430683136, -8.125607212543487, -8.027785732269287, -7.8854999999999995, -7.850464299201965, -8.630821458816527, -8.50385697364807, -8.59860737133026, -8.405357120513916, -8.753749979972838, -9.000499999999999, -9.111214265823364, -8.81667861366272, -9.017357299804688, -8.957821026802064, -9.389642818450927, -9.207107191085814, -9.3555, -9.720713855743409, -9.437214225769043, -9.150428871154785], [-23.468108720182293, -46.37790716748947, -45.17732388624129, -43.67614448738098, -47.06270059472214, -50.9726242981053, -51.76777200575244, -50.543749995300104, -48.39252848940424, -48.64150044958894, -46.83903684902191, -50.74642651818748, -49.16074980340646, -47.32687266439331, -50.00320641673463, -43.47231296965617, -45.96452255731711, -43.53321555900573, -43.04925637856306, -45.472127243917306, -45.47556718912021, -39.29558244740135, -46.73058898754487, -45.701755690262345, -42.31307201766968, -47.7716710568804, -44.05505340801981, -42.988228536568265], [-8.400528105792496, -14.131227126350195, -11.095693021781543, -7.574817010879516, -4.9427828364370505, -3.095344777214333, -2.5089220618714716, -2.5938402936020104, -2.9073347544766213, -3.628186133345713, -3.529533041000366, -3.4173494336460064, -2.5121923033265046, -3.40874831049762, -4.287011035861542, -7.098954058122181, -8.241725186970733, -7.9401742992401125, -8.000699869739751, -7.755357335616615, -6.992517241263807, -7.562762716370489, -6.282282892499585, -7.131886176127969, -7.9083890666961665, -6.716921668616603, -7.532011780407935, -7.761511825911556], [-13.310386636105571, -29.031589802418868, -28.61231114247163, -32.867573822021484, -33.612113246285325, -34.71331351423725, -37.69023364500221, -32.900388083068194, -39.94671436296386, -38.43044466816642, -33.46314272880554, -35.386241395989494, -40.00009369215633, -34.97069175424306, -36.034008083455994, -34.88875764859073, -34.06190493361909, -33.31417682170868, -36.68267811311998, -33.513474116032185, -32.025882612537394, -30.275353617916863, -38.55007718520014, -34.88500324382751, -31.300144170761108, -40.32414305219297, -31.050678037507843, -29.377901897273752], [-20.342449400405126, -39.49983415477005, -32.52061069012195, -28.978508350372316, -21.11033769804948, -15.151091697727086, -13.12463980943321, -13.882282504723799, -15.972087105088939, -18.29102339075043, -18.340446445465087, -17.206936816527374, -15.421450450624194, -16.934841882432462, -19.486023686101298, -28.093264924423305, -32.387276503620406, -31.308042060852053, -31.301638641533224, -25.86574015979533, -24.15038757686186, -25.680848083725632, -22.024797202674677, -24.97237564331744, -27.22969059753418, -25.22368007188654, -27.809348150876556, -26.55845788745419], [-14.93630021293074, -13.432182601256034, -12.122002103465025, -11.832785007476806, -12.094410601640517, -14.27319959072182, -16.638901783203714, -16.334003956755943, -14.35047447716487, -12.792746393612491, -12.572746397018433, -13.271368650377838, -14.937081306535767, -14.785612916771417, -13.852293426473391, -12.40346342304691, -13.212611762027446, -13.321820512771607, -13.463927631105719, -13.511642169951635, -15.254661957526537, -14.600134151751867, -16.375935607053837, -15.804436596151355, -15.802712474822997, -16.007925791059886, -15.361600562115171, -15.516293931922643], [-11.724180791660824, -13.433557063831357, -16.225913108815966, -22.495858697891236, -29.75671060492312, -35.39056886254459, -39.283079332400064, -43.473427440146715, -40.53589694580399, -33.41405219909146, -34.12373111343384, -36.2679179080836, -38.270189670800626, -39.09227423598809, -33.350764358637804, -25.984499356099185, -24.33551118938192, -25.157277059555057, -25.252628766331636, -27.548003986821175, -31.137729868235247, -28.182307852577814, -33.679122869060286, -29.73040148941387, -28.833051942825318, -30.395820775236334, -27.668673803439873, -28.62835338436841], [-23.560392537504434, -27.536642804265025, -31.6355355707407, -36.9435, -44.2265344183445, -45.51285739850998, -49.75189254045486, -46.170249877452854, -44.21185634708405, -45.46171499824524, -42.716, -44.16278623199463, -46.57550164031983, -49.63760831546783, -46.992361991882326, -38.84143152999878, -40.37792908859252, -40.84875, -41.42496379947662, -38.589251688003536, -42.870859525680544, -38.47874490451812, -44.16432076072692, -40.803175714492795, -39.49875, -43.23506541061401, -39.05257052230835, -39.27167678451538], [-29.866362030498603, -30.254312014995804, -32.475158348280885, -36.89748878479004, -41.86794215519252, -47.682138883254666, -51.887480894098736, -51.46298085050104, -51.792841460153404, -46.6159372309273, -47.12475855255126, -46.45774359599965, -53.875017081198514, -52.740186800788436, -47.13919858957068, -39.561632255549924, -38.141555803590904, -39.340167394638065, -40.84215687469567, -40.68443714569704, -43.487130684968655, -41.69274332518207, -46.96148706840983, -43.201299836848506, -42.17437840080261, -45.895358814556715, -42.104541352874584, -41.724962764819495], [-37.10184245196688, -40.10732440029235, -38.494011070244056, -36.99921373748779, -37.14513449441131, -40.73851059302035, -44.49903812042531, -44.129077715056056, -42.978668218943355, -40.778967796461814, -39.77018189430237, -40.67034106998085, -43.62660770704271, -42.90865645568154, -41.710724286470565, -40.58902029847223, -41.03664236531932, -40.97596410560608, -40.843652779131475, -42.03766949330635, -42.785236625048654, -42.35822929757785, -43.651385089095605, -42.75887036156037, -43.59160803413391, -42.92304845342763, -42.25188307057584, -43.0969640205919], [-40.47824486774847, -41.64586171572672, -48.0348603868731, -52.23447550964355, -47.05003126824948, -40.89840801955294, -41.305525557167584, -41.63644101215833, -42.14139961226844, -43.87922720465343, -43.9437074432373, -43.079750556790906, -42.854898690203264, -44.057955752934525, -46.11330346668677, -49.85569913331165, -50.47263601188314, -50.66240616607666, -46.84287446825961, -48.80743211956514, -47.83081542406427, -47.88384033284308, -48.663251898708, -48.85364734436005, -48.603377002716066, -50.14206092192079, -48.51243741120989, -47.940089371817706], 