{"status": 0, "spectogram": [[-15.648744675758998, -39.028232094236785, -46.05705552984441, -41.81575883515178, -41.674397681195515, -41.42442417284391, -44.21328588087064, -47.134387117987025, -47.47802493149957, -47.79042519687878, -48.44576796120405, -44.367849691749484, -48.83775889958716, -46.06876957761391, -41.853401649504306, -45.797269808983614, -44.023510582433644, -48.45131232558191, -45.9026236380477, -44.61786131492713, -47.33576409730434, -44.02032272817007, -47.938229122752176, -45.812933389222316, -51.54030350071192, -46.70855419634658, -47.83357576991917, -24.852912714032996], [-22.23652420938349, -27.243150929094554, -28.677837604205212, -24.86371618926525, -25.2520641129442, -24.046324060188248, -25.249288717137336, -26.627011110249654, -25.885803472664975, -27.16328848857551, -22.029304769277573, -25.146629936859163, -25.338946800807225, -23.91589172827814, -26.585234653268635, -26.58552599841986, -24.51896372804266, -25.00713559871912, -25.37585717517608, -24.44202069369743, -25.441900627089808, -25.249864209584878, -26.05065258657406, -24.603265269656543, -27.400109239935873, -25.871513470399762, -29.180505576934642, -21.832569277231105], [-21.077834852498363, -18.07313485117595, -13.592295515814554, -11.35261806178093, -13.619510415116194, -14.848897123570396, -13.553438327010713, -12.651438433958567, -11.850010010485814, -12.092670489690734, -11.811028874635696, -11.364096537706807, -12.162609670571001, -14.117105232116991, -15.6630263007515, -14.645759078478326, -14.33872429361142, -13.766413152217865, -12.980213484506468, -12.335099133121782, -13.70325545248189, -14.501449054309314, -13.569507741426722, -12.301232727742025, -14.067877353191374, -15.57171058753095, -15.744432968548878, -13.959233483183409], [-10.535785547338428, -10.030330509543418, -5.717964003086091, -3.32525, -5.701973502635956, -6.908750266075134, -5.451606744766235, -4.5446606721878045, -3.617973496437073, -3.7916428260803223, -3.6998124999999997, -3.183812663078308, -3.7599466686248775, -5.689276140213012, -7.24874158668518, -5.926419651985167, -5.839374925613403, -5.1579375, -4.767768426895141, -4.162571617126465, -5.3661690654754635, -5.910883947372436, -5.439097333908081, -3.999876365661621, -5.7013750000000005, -7.216938938140869, -7.516697803497315, -6.4783485355377195], [-1.4145636959473162, -2.774813544110334, -1.4192151293195707, -2.0974377119541163, -3.1198427743764965, -3.016304265255768, -1.1552390614627257, -1.1864495525214025, -2.443360824570245, -2.029165861655274, -2.0044821786880496, -3.3199038086229775, -1.8441997853540564, -1.4293551584702728, -1.27926538958343, -1.7628283689070667, -2.1308580716629333, -2.775240745782852, -3.7761979431323778, -4.6650625492844515, -3.558879140703262, -2.6006892779456905, -2.674406376717328, -3.8461109624390373, -3.789035445690155, -4.039799310426067, -4.940635474155672, -6.859513041919498], [-9.075409066025955, -10.840127737667943, -17.969579519588137, -21.060804975032806, -15.382465318368334, -13.97395886719455, -16.45259998607631, -18.63836799903804, -20.321467768824906, -19.87867337110064, -19.167403195381162, -20.410758862465933, -18.94229874385154, -14.366947467355901, -12.649443009142097, -14.364967382966139, -13.9325902746349, -15.624367411613465, -17.978725731801262, -20.960814962824728, -17.51225041693094, -16.901703072489184, -16.548404688481796, -20.827840174751763, -19.021679523944854, -18.28472040783544, -18.752898371558288, -16.77942397674592], [-11.565142760419997, -20.02772239071962, -33.4854320124917, -38.24023055553437, -29.12908415474201, -27.179256401937636, -30.91603049361936, -30.777051250599577, -30.70612396980449, -28.96633330276572, -25.694828140735623, -30.552922054751615, -30.640075476619643, -29.664752575054088, -22.472117869365274, -25.353302242395614, -26.155650248813664, -32.97609648442268, -29.59073352358348, -33.686564101480954, -31.04168823908643, -28.84399469858018, -28.22406285286856, -33.23977530982259, -34.22435450553894, -31.954960364688958, -35.070643586978065, -33.683218030788424], [-13.48255665173657, -22.80939937392299, -32.315702203965415, -36.19234652328491, -35.313049127142044, -32.695909729351094, -33.12545202436679, -34.63285326205279, -33.465437269483765, -34.45463554458183, -28.983668707847592, -31.410901171940274, -31.667686309970826, -28.148553897483247, -26.993658364920385, -30.784274636679854, -31.934056647750445, -34.170053623199465, -32.98433366869351, -34.83994230539123, -33.37262972687452, -34.98827288222342, -31.24525467570868, -32.66966791562258, -37.077480810165405, -35.54375759911933, -38.662070208028105, -39.06006363067072], [-10.035701231849277, -18.774820672412464, -30.169030738424254, -32.80396560144425, -28.912668602748905, -26.5162094618839, -28.49432592894139, -27.814175438354507, -26.176094226193804, -27.28267238934165, -22.190856035232542, -25.99044173937422, -27.834384791858987, -24.266444652237276, -20.410037214894068, -23.16401426726886, -24.460942946265867, -25.12166603136063, -25.188580134469596, -28.562846486627684, -23.56840375221221, -23.585338917847984, -25.55956425636627, -29.494077123204566, -28.21785988855362, -28.422116567217167, -30.55812460692202, -30.879502280651955], [-29.113882151720908, -24.35022423339084, -23.461442451315285, -26.91600293636322, -26.23691849558646, -27.363367414901905, -26.407909826126428, -26.729862732536215, -28.459484260772804, -27.087649527258012, -27.501597585201264, -29.678482914328846, -27.157103740311566, -24.917365089162104, -24.84707825008486, -25.145617559560336, -23.77847310436028, -25.447848477840424, -28.124228139348606, -30.24359545668392, -26.814459495486897, -29.141438761242, -29.25479746831843, -33.618755578531356, -31.789926201820375, -33.64915379629144, -33.6763401687852, -36.64165278048917], [-31.82818701057136, -36.60249996089935, -40.15114259147644, -37.27775, -37.683089312553406, -37.458946577548986, -37.35535968017578, -41.15195730733872, -36.53970597362519, -35.60619668292999, -35.143, -32.897302865982056, -35.506161405563354, -35.66609662818909, -37.63336594963074, -38.324313241004944, -37.51163562679291, -37.7588125, -36.6499660987854, -35.36476872825622, -38.95107976722717, -38.1043831691742, -37.408197286605834, -33.628179824829104, -39.84, -40.758463394165034, -39.99091924476623, -39.73894672775268], [-41.39432111514169, -36.24466737391444, -33.04526665035926, -32.54120916700363, -34.90787327972828, -35.00166644728419, -32.86111670299292, -32.685230787161004, -33.43190105730359, -32.79547795466975, -32.343792813301086, -33.99814576271454, -32.45461503121519, -33.736696720723614, -34.727760434490534, -33.63364708078152, -34.2783313794412, -34.067558345317835, -35.13338521991089, -36.69402437461317, -35.99744139300161, -34.06034173432115, -33.724186093373355, -33.465640827313095, -35.28334291887283, -35.64909778806564, -36.47143172385684, -37.78193302878633], [-27.372470531696393, -31.251301460969252, -28.816665306695093, -29.84096112203598, -34.18174493240786, -35.22812718241045, -32.0064403392835, -30.064764989054765, -31.046275147632016, -30.901491538709685, -29.65876282072067, -32.39148256399227, -30.972205579494002, -31.490071540969513, -33.864410912649475, -32.43430319919389, -31.5875699296097, -31.320073825836182, -33.43828507812438, -36.13233353206999, -35.671857437212836, -33.003927014730216, -32.47707918828017, -32.707056199586106, -34.02436815690994, -34.44799321200818, -34.366484166793946, -36.772216563419576], [-35.42347727214327, -36.28504850262272, -32.932453961202164, -33.0745345697403, -33.687181543992075, -33.95559507527629, -33.019015350136854, -32.749210225279604, -34.248381169221645, -34.4741546923288, -34.89366017818451, -35.380344440770614, -35.2250101020974, -35.72290600934418, -36.52595957115581, -36.18557926119527, -36.55634242591044, -36.32924164009095, -37.70505642279869, -38.48683496701099, -39.26682839255497, -37.63279418863548, -37.392884204046396, -37.67834464418044, -38.154091946601866, -38.51239183447027, -39.287822735953554, 