{"status": 1, "spectogram": [[-33.81298208481073, -48.78370527009666, -46.907642770230765, -50.8259374512881, -49.806651728257535, -48.34876776903867, -50.37120513235032, -45.38758027528227, -50.856892684102064, -50.61724987015128, -53.059187489464875, -49.25017858415842, -51.53126770979166, -48.583669607535, -48.882981958240265, -50.52327653335035, -48.40909798501431, -45.857356996536254, -48.97323207497597, -53.53157135161757, -48.72743740199506, -49.12211592923104, -48.955553325802086, -48.49120518289506, -52.39781233213842, -52.434098056092864, -52.30622313041985, -41.243133922502395], [-3.6837053516507154, -3.53725006723404, -3.6762500710487367, -3.4455268562436103, -3.2176875415444375, -3.278258951723576, -3.452758963644505, -3.5408036109209062, -3.4121696872115135, -3.685598259985447, -3.5885982436537742, -3.5330714609622955, -3.396401779949665, -3.385821431875229, -3.7514464482069014, -4.065785763025284, -3.8608571939468384, -3.776812546432018, -3.6814375422596926, -3.7947857490777963, -3.8938303737044335, -3.7835446695685384, -3.745357166290283, -3.899098262369632, -4.221125071883201, -4.093821489453315, -3.7575089668631554, -3.4761964557170866], [-26.532321157932277, -38.2747847070694, -40.04516064405441, -42.158938086271284, -41.549963761806495, -37.803607533454894, -43.132231936454765, -42.89058086276055, -40.38057104492188, -40.775383982896805, -38.56682005119324, -40.97202758669854, -43.69294517421722, -44.91741957020759, -44.474732160091406, -41.74419667863846, -36.909034857273106, -38.901607635498046, -44.711731393337246, -37.70974927616119, -45.887884384393686, -40.64248954033852, -39.85949084162712, -43.90699006009102, -44.456722415685654, -43.834410059452054, -41.036848107576375, -35.443928770065305], [-15.456000000000001, -20.867625, -22.114499999999996, -22.047437499999997, -20.6901875, -19.690687500000003, -20.009187500000003, -20.374625, -20.562875, -20.879374999999996, -19.958, -19.8261875, -17.8543125, -18.4245, -19.8380625, -21.22075, -20.838437499999998, -20.3599375, -20.31575, -20.1565, -19.595125000000003, -20.1189375, -20.011312500000003, -21.4218125, -23.0404375, -21.9735, -20.6063125, -19.31725], [-11.83371626853943, -8.589734651088714, -8.305172038316728, -8.937645286560059, -11.684967305660248, -13.654780321836471, -11.47302993941307, -11.181056666374207, -10.65236902165413, -10.407252954959871, -12.498065907239914, -11.298404946088791, -15.469522060394286, -14.352816407442091, -13.425941121339799, -9.958110005378723, -9.631699225902558, -10.047895785331724, -10.580270890712738, -11.529083582162857, -13.229717886447906, -12.579065913438797, -12.96887846851349, -10.6517975628376, -8.56097562289238, -9.609734721660615, -12.147047809839247, -12.63034257030487], [-20.583222618579864, -31.57415653371811, -32.451590337753295, -35.534440582752225, -33.74346886539459, -28.99615394449234, -33.37833824443817, -33.736429100036624, -40.60281219625473, -37.61817022180558, -37.23023150634766, -31.285163895606996, -34.62675535440445, -34.713282799720766, -33.21522392320633, -34.74475823354721, -32.093760951519016, -30.710134776592255, -33.86194601631165, -31.04048371696472, -38.47077622079849, -35.98703072881699, -32.122655112743374, -36.553269711494444, -39.83262471008301, -37.86923669338226, -33.152170329570765, -28.032743440151215], [-2.2659137237071993, -3.4397947635650636, -3.482982125520706, -3.223616083621979, -2.3388236606121064, -2.411708445549011, -2.3937077231407167, -2.507180783033371, -2.4030733072757724, -2.4985732843875885, -2.442824511766434, -2.5255471239089964, -1.948933598279953, -2.1207633228302005, -2.7615750539302826, -3.142358650445938, -3.200036906957626, -2.6403412249088287, -2.747278674125671, -2.4839757795333863, -2.3340484485626223, -2.551860142469406, -2.725360448598862, -3.1870107235908507, -4.088490880489349, -3.9085274181365968, -3.297091619729996, -2.9658960578441613], [-23.369492926597594, -25.97123991203308, -23.813925375938414, -26.563584354400632, -30.811388667106627, -31.086856878280642, -30.280299532890318, -34.46693570041657, -29.510979283332823, -29.124093505859378, -33.45490157985687, -30.82157883358002, -34.090623563766485, -37.974176450729374, -35.64987615680695, -30.25210781288147, -27.311408398628238, -26.904659143447873, -31.56128839302063, -30.71127712917328, -36.38179486370087, -38.22270719051361, -28.562391609191895, -31.146098612785337, -25.532164189338683, -28.71877201938629, -33.52063730335235, -33.28272230052948], [-34.33439990091324, -34.273097143650055, -31.556286494255065, -31.005796043872834, -37.221678289413454, -32.184707676410675, -35.823452981472016, -35.69994464302063, -36.536561647892, -36.864768109321595, -33.78208084154129, -33.60033934879303, -36.34518805742264, -37.733606940269475, -37.434169956684116, -35.211614966869355, -33.20566107845306, -34.07871451759338, -31.06515010690689, -34.515694641113285, -35.72800686216355, -36.18267641448974, -29.19955392360687, -35.62165304136276, -35.66203700733185, -34.770428179740904, -36.502868588924414, -31.670651504993437], [-26.287740266323087, -32.22026197719573, -30.244579285144805, -34.17607348012924, -34.56207780551911, -31.3459108338356, -37.155837637901314, -33.135159045696255, -32.44794607686997, -35.83369806194305, -33.97844975852966, -35.3163849568367, -36.27349511146545, -35.928355292320255, -33.64017371892929, -37.130438755512245, -31.91336660766601, -37.057275682926175, -37.26021364212036, -36.25771430873871, -34.41404673051834, -34.746761579036715, -33.69551315259934, -35.85459212398529, -34.2427318778038, -36.02164909267426, -36.897769271850585, -32.287471899032596], [-31.656937499999998, -37.70525, -38.9464375, -42.579249999999995, -37.2134375, -35.197, -41.0336875, -39.400000000000006, -37.6400625, -40.62125, -36.955875, -38.7113125, -37.329375, -36.9663125, -36.859562499999996, -38.4668125, -39.25725, -39.6063125, -39.668, -38.732437499999996, -38.967625, -40.59325, -37.9021875, -38.771625, -42.1734375, -38.380562499999996, -36.221937499999996, -35.7664375], [-44.95380790090561, -48.31488608551026, -49.38213375663757, -51.89831234359741, -51.773000895023344, -48.357612815380094, -55.465598444461826, -50.09506977319718, -49.6342709441185, -47.96695607662201, -49.04808453273773, -46.7957011475563, -47.12053500556946, -50.494747056007384, -47.32643473768234, -47.18141774988175, -47.99864360094071, -51.25343403339386, -45.73287998056412, -48.190280327796934, -50.013213869571686, -49.803975507736205, -45.3730436167717, -47.0968414645195, -49.978932848930356, -52.04932981204986, -46.508282179355625, -49.19183773422241], [-41.53504715299607, -47.3540448346138, -47.83891883611679, -45.10802635812759, -43.20422436952591, -44.367661954879765, -45.18053652763366, -49.575973989963536, -46.13220654153824, -47.07403490447998, -52.86935001897812, -47.97372406721115, -49.560868133068084, -48.24701196908951, -48.355448786735536, -51.0438936510086, -51.178366166591644, -54.73058276128769, -50.856143226623544, -48.79356346654892, -50.52862511253357, -45.48707256603241, -49.41744652175903, -51.443650657176974, -51.74662519836426, -48.413241692066194, -52.93886572027206, -47.084804764747616], [-39.415082899093626, -36.44089991569519, -34.72496321201325, -36.81604358100891, -40.68095196151733, -40.49348902320862, -37.90705131435395, -36.378854207038884, -38.8204408712387, -36.71925716781617, -41.35243634128571, -38.81843370437622, -40.67423327064514, -38.50843961048126, -38.708876407623286, -35.95692489910126, -36.265515044212336, -37.47735210323334, -38.01385407543183, -39.43003897285461, -41.186153803825384, -39.516729548454286, -37.74785314846039, -39.313262476921075, -36.79811548423767, -37.21152600097656, -40.18633158397674, -40.247112543106084], [-43.13876228332519, -40.95361394023895, -39.794676580429076, -40.172219765663144, -42.127705677032466, -42.37687669086456, -43.43956678771973, -43.8003788690567, -42.21182299137115, -42.19832392787933, -43.25188559150696, -43.40226968288422, -43.278829187393185, 