{"status": 1, "spectogram": [[-39.979392806023355, -48.059955384507774, -50.43620520250499, -44.810598020806914, -49.29364274668694, -44.18491054931283, -48.16834816123545, -46.431419556871056, -38.56789286097884, -43.33173205518722, -47.04329459564387, -47.943803410261864, -44.60296427571774, -47.66016943790019, -47.6519193045646, -44.76024975985288, -45.936758664086454, -46.775723120972515, -50.5868482041806, -47.35353575348854, -51.59512502178549, -46.469499967932705, -50.217062272801996, -48.50689278370142, -48.39825884307921, -51.180446273237465, -48.74232130950689, -42.30233925473691], [-0.5271518340706826, -1.0156518842577935, -0.7725268996357918, -1.044696604013443, -1.4372502076625824, -1.5968484303355217, -1.3762858917713165, -0.8781251233816147, -0.8665626024603843, -1.0862054923176765, -1.473393025279045, -0.8696251132488251, -0.33832148265838624, -1.198803699851036, -1.8191787282228469, -1.4016697769761084, -1.0123483274579048, -1.3084554911255837, -2.054393049955368, -2.133312698185444, -1.593973384797573, -1.3269644128084184, -1.5609019095301628, -2.0201698325276376, -2.1576162760853768, -1.6691519513726234, -1.4818394261598584, -1.8710091037154197], [-43.40177710270882, -43.14480414962768, -44.03567920255661, -49.43940142035485, -53.02612806129456, -43.62061736750603, -49.65893145322799, -46.68697312378883, -45.62178610181809, -46.355211914062494, -49.89784075689316, -45.93520564103126, -45.56971476316452, -46.809473255872724, -50.814535561561584, -45.24481260514259, -47.34279655146599, -45.34606136488914, -53.12000085926056, -50.672438077211375, -47.865170883417136, -43.49179555535316, -47.18460822439194, -49.362330469846725, -48.82759025478364, -47.65796382093429, -58.79046764659882, -48.96501918745041], [-21.7980625, -28.249562499999996, -28.211499999999997, -33.1210625, -32.634187499999996, -33.9381875, -34.312687499999996, -29.8585, -27.680749999999996, -31.067249999999998, -33.8948125, -28.8269375, -24.34425, -30.530124999999998, -33.1415625, -31.0880625, -28.273999999999997, -30.3945625, -33.9846875, -33.899125, -33.1658125, -30.327749999999995, -30.525937499999998, -34.1356875, -34.883375, -33.553124999999994, -30.971437499999997, -33.5761875], [-11.586502887725832, -7.342385870218277, -6.95119818687439, -4.366090214729309, -3.5476880891323086, -2.918750449180603, -3.135625780105591, -5.584572957515716, -7.611841244220734, -5.900349695444107, -4.003099179029465, -5.902849845647811, -10.22812776041031, -6.1898766245841985, -4.394188627958298, -5.287867490530014, -6.633483878612518, -6.004430088043212, -3.6945543098449707, -3.3617149043083194, -3.8191616563796993, -5.769626479148864, -6.696939106702804, -4.048706166982651, -3.465143424510955, -4.597152750253678, -6.212278174638748, -4.833188415288926], [-28.299402995586398, -40.06321394920349, -39.49946422386169, -46.00140022706986, -41.46856443357468, -34.87435767173767, -40.620978677749626, -40.98675732183456, -41.492526827335354, -40.04309673929214, -37.90991102313995, -41.561216904640204, -42.00557055091858, -38.516293914318084, -43.151855241775515, -42.36061715650558, -37.76722296094894, -35.815928750991816, -41.57068191242218, -39.75198927259445, -39.28611454057694, -35.24724913597107, -38.26131252336502, -42.923658845901485, -41.35262670135498, -41.452730978012085, -44.5152324666977, -38.82843501806259], [-11.338096350669861, -12.4058274102211, -13.508202237129211, -18.894430966377257, -22.2350074737072, -21.306162500858306, -17.809412334918974, -14.32523544025421, -12.29868491601944, -14.916367797613145, -18.029674015522005, -12.004603427648544, -9.005242004871368, -13.073906014680862, -16.66833627843857, -13.319556625843049, -12.666030933141709, -14.349645460128784, -19.802575313329697, -19.865514317512513, -17.701405890464784, -12.698210820436477, -13.19064632844925, -17.648043503522874, -19.095428814888002, -17.859337869167327, -15.809714482784273, -17.677265908241274], [-19.780072085380553, -24.030639917373655, -23.18652083778381, -15.952830786705018, -14.10713249874115, -12.653033531188964, -14.601600058555604, -18.95119139194489, -22.414730751037595, -18.39926129627228, -14.452385020256044, -20.185172146797182, -26.83894392871857, -19.12559213447571, -17.29215812206268, -19.615998560905457, -21.13062575531006, -19.580634867668152, -14.633509516716007, -14.225509024620056, -15.744815251350401, -19.33641186141968, -20.78422477817535, -14.461909996032714, -13.936677509307863, -17.55345018196106, -20.91901959514618, -16.67866456222534], [-26.28602755308151, -40.62147167158127, -34.67634460020065, -27.0411835770607, -26.897111299037935, -24.679654967308043, -28.31065404033661, -33.36457904577256, -35.06561498975754, -29.302551053047182, -29.862173173904424, -31.017846543788913, -29.75710720348358, -30.57898229122162, -35.12303763246537, -34.10456748485565, -32.5744104681015, -30.323908690452576, -33.232277318954466, -30.44932324361801, -29.723960861206056, -28.92532995939255, -33.13158164453506, -30.4952792673111, -29.507367702484128, -32.260898019313814, -38.955208482742314, -31.45489524888992], [-33.207233780384065, -32.574900869846346, -32.352092803001405, -35.863908254146565, -37.51589646196366, -34.3468823466301, -37.38724706697464, -37.50154618787765, -38.36249052906036, -35.59804194545746, -34.27367704772949, -37.38433647727967, -38.644435536861415, -36.77054436540604, -40.814553912639624, -39.06213556146622, -34.60668343257904, -42.15514751672745, -40.04622561359405, -39.70493431711197, -40.845145846843714, -36.69283659219742, -40.67951416301727, -39.8831981921196, -42.736178034305574, -37.848481478691106, -40.39372116184236, -43.664989909648895], [-40.3900625, -41.596937499999996, -45.398812500000005, -42.668375, -41.2649375, -38.876687499999996, -43.0521875, -46.208625, -43.069374999999994, -45.0463125, -42.675062499999996, -45.680687500000005, -40.388062500000004, -43.5510625, -49.512874999999994, -45.194312499999995, -47.866, -47.7860625, -46.2635625, -43.750625, -47.5565625, -43.959999999999994, -49.8518125, -45.7611875, -45.8750625, -48.064687500000005, -47.61975, -49.0835], [-40.43872213172912, -45.950082981586455, -42.87308565378189, -41.062887701988224, -40.77958871555328, -40.86324999141693, -40.92180956602097, -44.34681969881058, -43.793843317985534, -42.674848590850836, -42.666041396617885, -45.657350312709816, -50.52304475402832, -46.56136223983765, -45.98436819934845, -46.80099902677536, -45.82399505281448, -47.238437223434445, -49.24719408702851, -46.275186671733856, -45.43796731424332, -46.60587183237076, -47.35831109333038, -44.95302213144302, -46.11611621999741, -43.869584338188176, -46.50608099651337, -46.68954143381119], [-36.96656266260147, -39.64099765968322, -39.48087217903137, -42.25782439756394, -42.30191393136978, -42.41283553886414, -42.640083797454835, -38.952889310836795, -38.25989036273957, -38.88538963127136, -42.140450216770176, -38.66354195928574, -38.17237469005585, -39.121496554374694, -43.648307155132294, -42.4139156794548, -39.66472038030624, -38.41483522033691, -44.27514417219162, -44.82160082149506, -42.68552028799057, -39.61082670354844, -39.65101425552368, -44.67747539329529, -46.42277826976776, -41.2928872642517, -40.38757569932937, -45.347118522644045], [-43.543517743110655, -42.463493795394896, -42.5443703327179, -42.014349711418156, -42.70795939159393, -45.138324346542355, -43.33338435077667, -42.215237524986264, -43.28652032375335, -41.21072082805634, -40.539787014007565, -39.945003941535944, -44.257328182220455, -41.11867596435547, -41.1414910326004, -41.52851502990722, -41.967798818588264, -41.16197095012665, -41.31960103321076, -40.3156193933487, -39.23151901054382, -41.08178234100342, -38.89534456157685, -39.85106565570832, -40.63967389011383, -38.807143449783325, -39.33239099884033, -42.557055364608765], [-42.417987284660335, -39.69092453193665, -37.545802484512336, -35.87397867488861, -35.09779299163819, -36.96902321815491, -36.52740033340454, -36.849829899787906, -38.76314851284027, -39.55399003696442, 