{"status": 1, "spectogram": [[-2.5929732858985663, -3.9416698128134016, -3.9714198094755413, -3.8458215978145605, -3.9533930277526377, -3.8386430350244045, -4.427330531254411, -4.029125171601772, -3.897509099259972, -4.340705542430282, -3.7540805234164, -4.756794816479087, -4.791857312351466, -4.002526953145862, -4.37240195326507, -3.9536340820342297, -4.383178723335266, -4.650276934400201, -4.2554644320905215, -4.671303717523813, -4.964598368182779, -4.388455499574542, -5.409643015921116, -5.271053733408451, -4.890875169783831, -5.187669813916088, -4.390169804498553, -5.042446594744921], [-8.07475045311451, -11.450277675569058, -12.516902769863606, -11.599072283625603, -10.928027558624745, -10.779902539789678, -12.95277781420946, -13.217483299612999, -13.62051907169819, -13.463751232862473, -13.272126146078111, -12.113920562088488, -11.326813213169574, -10.881054403543473, -12.334617058455944, -10.669866804778577, -10.544402400434016, -10.82350054836273, -11.084688047111033, -11.207411211609841, -11.411964797377586, -11.617616503894329, -11.956366522610189, -11.969759473860263, -12.311661375761032, -11.495161444664003, -11.333848914563657, -11.1446702683568], [-17.771810756921766, -9.712711991786957, -10.256336002826693, -9.58679230904579, -9.70352509188652, -11.60111513543129, -10.819987293958665, -10.797272476911544, -10.572620615959169, -11.141835598945617, -10.414710749149322, -10.581533160209656, -10.721927348136903, -9.916427230834962, -9.73673778271675, -8.647301704406736, -8.115926932811737, -8.302364545583725, -8.368239551305772, -8.419846738100052, -8.754668040990829, -8.930373583316802, -9.666686131715775, -9.826462847232818, -9.975685779333114, -10.322319882392883, -10.169319878578186, -9.5380252225399], [-5.7838125, -4.22175, -6.2604999999999995, -4.4606875, -4.1845, -5.0311875, -6.841125000000001, -6.192875, -6.5945, -6.0255624999999995, -6.1393125, -6.2109375, -5.6868125, -5.5863125, -6.625812499999999, -4.3469999999999995, -4.352, -4.83775, -5.4638124999999995, -5.658875, -6.163875000000001, -6.5840625, -7.6235625, -8.1334375, -8.4384375, -5.2440625, -5.5489999999999995, -5.5128125], [-12.821160849571228, -15.701019556045532, -16.412769648075102, -13.991751208782198, -12.7864293589592, -13.473902131795882, -18.566279185056686, -19.652699156761166, -18.408413189887998, -22.30013731265068, -17.557261145830154, -16.720546547651292, -13.036053886413573, -12.622545335531235, -17.70579689621925, -11.941250737190247, -9.795393113136292, -9.794750133991242, -9.86918758702278, -9.636071280002593, -10.093267805576327, -10.403651440858841, -10.296338629245758, -10.520463774204256, -11.212008763551712, -13.018536479949951, -12.43641136074066, -10.66181248307228], [-17.832341144561767, -14.195410909652711, -15.933285318374633, -14.549910693168638, -14.273473434925076, -15.19189363670349, -15.808642612457277, -15.165187585353852, -15.600205013751983, -15.00334882116318, -15.228974178791045, -14.933866178035737, -15.308340609550477, -12.446652845859527, -14.096025876522063, -13.593982446670534, -13.987045860767363, -14.239429147720337, -14.172178516387937, -14.939964101791382, -15.670195611953734, -16.202579971790314, -17.583204428195955, -17.963525412082674, -18.03758745765686, -14.60082149887085, -14.956946004867554, -15.387186454296113], [-22.52854708790779, -21.6461208627224, -26.248936208724977, -21.35262977218628, -18.596724601984025, -18.202499862670898, -27.658259527206422, -28.56400157904625, -27.927314065456393, -26.324997771024705, -28.422563494682315, -22.677942445993423, -18.351471376180648, -17.745662663459775, -25.432420300960537, -18.35405566120148, -17.175963948726658, -17.56821423912048, -17.200214027404783, -17.46374019217491, -17.68634816145897, -17.53668634772301, -17.487810729742055, -17.469721576452258, -17.909535965442657, -18.507287252902984, -18.055600124120712, -17.123367416620255], [-15.026493052482603, -11.148315129280089, -12.804250606536865, -11.499500541687011, -11.676867209434509, -13.709821388244627, -12.551635394096376, -12.424297293663026, -12.397162450790406, -13.097503692626953, -14.44425135231018, -11.976796528816225, -14.12942125606537, -14.211599320411683, -12.502098885536192, -11.913277710914612, -10.879920811653136, -11.281143800735475, -12.284580231666565, -12.61172307872772, -13.501418023109437, -13.890160272598267, -15.260971440315247, -16.60345993423462, -16.43869934368134, -13.716830933570861, -13.732204075813293, -15.085003138542175], [-29.15658157873154, -29.86999047613144, -30.771365565776826, -28.994072179794312, -28.02892050790787, -28.045153521060946, -32.02827564001083, -31.701105550765995, -31.71586471319199, -33.70721165180206, -31.69471368789673, -30.778892075538636, -29.504322130203246, -30.90343815279007, -31.717061741352083, -27.995242571353916, -27.183375475883487, -28.252152100086214, -28.594215106010438, -28.356358271598815, -28.873385945796965, -29.71385771560669, -30.09779594564438, -29.842707420825956, -30.231377544403074, -29.724715960502625, -29.4378414773941, -29.20502184009552], [-32.492922152996066, -33.83292450761795, -34.391803246974945, -33.62678809547425, -34.39646373844147, -33.81967787742615, -34.919999059200286, -33.773822792530055, -34.310142912387846, -34.475033526897434, -35.616965320587155, -34.63063589715957, -36.97817250728607, -36.95957523488998, -34.94202417469025, -35.33516534948348, -34.28470245790482, -33.68076617527008, -34.6050151796341, -34.56194373226166, -35.95871917390823, -35.6187567486763, -36.538381628513335, -37.17035295391083, -37.3501221075058, -36.49774459838867, -35.76012194156647, -35.9910663690567], [-40.6581875, -41.343625, -40.461625, -39.1435625, -38.852875, -39.133250000000004, -40.313625, -39.937687499999996, -40.415499999999994, -41.233, -38.907687499999994, -39.1635, -39.594187500000004, -37.224312499999996, -39.4245, -37.894375000000004, -37.1705625, -38.600500000000004, -39.143, -39.3336875, -40.173437500000006, -39.894687499999996, -40.8659375, -40.7944375, -41.036125, -40.495062499999996, -39.995875, -39.4354375], [-35.61835907888413, -35.09335326290131, -34.647600210189815, -32.26061954402924, -32.28185057926178, -32.76099562549591, -34.98524422359467, -34.683699339389804, -34.45283424091339, -33.90145156240464, -35.37194308233261, -33.78348570108413, -32.810103068351744, -32.664388262748716, -33.734699745655064, -30.992336080551148, -29.6589977684021, -30.476603546142577, -30.965291576862334, -32.06276368045807, -32.29104074144363, -32.92097753620147, -34.510976457595824, -34.032299495697025, -33.49411289262772, -33.371934216976165, -34.3500578122139, -32.30564763784408], [-42.64029112672806, -43.83296887159348, -43.618967892169955, -40.60996825551987, -39.57613011980057, -40.83238715648651, -43.49363768577576, -43.82697786521912, -42.48212134647369, -41.89573687696458, -38.93679850959778, -41.68824537754058, -41.236941982269286, -38.37831850910186, -41.997005120754245, -40.02557554864883, -39.589217726230615, -40.13357600641251, -40.379200893878945, -41.53881698608399, -42.52909317731857, -42.505655306816095, -44.19009264802933, -44.719379045963294, -42.698594325542444, -41.81102219438553, -41.83083552169799, -40.420504866123196], [-55.49399720954895, -59.4319888048172, -59.781174266815185, -57.409200165748594, -56.236282585144046, -56.847203841209414, -61.02538763427735, -59.38539030647277, -60.149539233207705, -60.27077971458435, -58.5512815208435, -57.993666420936584, -57.11782828235626, -54.43752554225922, -59.1788970785141, -56.75154866027832, -54.61299671173096, -55.81507648754119, -56.68570127391815, -55.490702542305, -57.49041556835174, -56.676934376716616, -57.74149829483032, -57.969757208824156, -59.234569463729855, -58.01087274360657, -58.66399759864808, -56.86784429264068], [-43.47030724906921, -46.4677245092392, -47.88528705406189, -43.801617669105525, -42.26181502628326, -43.161387454032905, -47.4433859128952, -46.10281569766999, -46.94862674713134, -46.49184290122986, -45.842656046867376, -46.031572004318235, 