{"status": 1, "spectogram": [[-10.382741411522032, -12.341018380045892, -11.952268455892801, -13.063295321539043, -11.41168806619942, -9.077134405866266, -7.568321849375963, -7.717250447243451, -6.644152178779244, -9.457652304813266, -8.92533976146579, -8.55720580495894, -10.072607690691946, -9.296161210566758, -9.673036225289106, -12.021000630497934, -11.3015363048017, -11.105054110139609, -11.213866614893078, -11.389572010397911, -12.304304232776166, -12.086188183441758, -11.189000629872085, -12.271920317158102, -11.44541127038002, -12.479911351203919, -11.715348791971802, -11.598911262601614], [-14.410455155193805, -8.058919445931913, -7.162919542729854, -6.403401693761349, -6.342508824527264, -5.670187523186208, -5.326687623560429, -5.860866174876691, -6.2609019672274595, -6.110883958041668, -5.651071486830712, -5.806598331034182, -6.746366080343724, -6.6053928799629205, -5.989017852187157, -6.347535634517669, -6.458562437593937, -7.782339127182961, -7.712651600539685, -7.235178421020508, -7.326678446650505, -7.209223146140576, -7.735660660266877, -7.1675356429815285, -7.062214147567749, -6.923428434967995, -7.422928427934645, -7.831089080810546], [-13.48517767381668, -11.162383180856704, -12.495633959531785, -11.647669717550276, -11.994259016275407, -13.476643595695494, -17.463894273757933, -18.508465548992156, -21.179099745988847, -14.06426864051819, -14.974393650054932, -16.665028041601182, -15.948313186883926, -15.932357821941373, -14.886857567787171, -12.854401999235153, -14.051357458591461, -15.387419397592543, -16.039169124364854, -14.34382116127014, -14.52518746972084, -18.123705559968954, -20.745830727815633, -16.857946653366092, -13.871106979846953, -14.091910580158235, -14.016535473823549, -14.78565125966072], [-26.1078125, -30.65475, -36.183437500000004, -34.125812499999995, -36.17100000000001, -34.271625, -34.586625, -32.891437499999995, -34.6653125, -32.40656250000001, -34.26375, -32.7631875, -35.9359375, -33.987187500000005, -32.9599375, -32.769125, -32.039437500000005, -32.0089375, -28.4030625, -29.5454375, -29.793374999999997, -31.356375, -32.48425, -31.7060625, -28.878124999999997, -31.947875000000003, -28.2785625, -28.0495], [-14.2643922624588, -25.77795603060723, -30.736457730054855, -30.075771049022677, -28.980565019369124, -25.47373546361923, -18.631358480453493, -21.338448060035706, -20.45843851971626, -26.961655401468278, -23.83340403676033, -20.655144775390625, -25.94673534488678, -28.621289864063264, -30.872540431976315, -28.117405101060868, -27.797521945476532, -31.698663597106933, -26.797348972558975, -29.592287968158722, -28.218199598789216, -32.98329061841965, -30.394226833105087, -28.990717412948605, -26.491206511259076, -35.21898670339585, -28.281859791278844, -29.92791223239899], [-16.64538395357132, -24.60125833749771, -28.26119872379303, -27.520734813690183, -30.617724071025847, -28.298629758834835, -21.76331325483322, -21.787822509765626, -23.390920829296114, -27.075050013065336, -32.94060648822784, -30.206405376911164, -26.006244857311252, -26.779869880199435, -26.002058229446412, -30.01744495010376, -25.581709753513337, -26.46583102560043, -28.272454557895657, -25.199805695533755, -26.578483375549318, -25.482637503147124, -21.47669964504242, -24.37744916152954, -27.047366150379183, -27.80169138765335, -21.420312936305997, -27.771713325500492], [-26.47196840214729, -31.47884415459633, -29.51041328573227, -27.192159905433655, -25.858641766071322, -38.39729566311837, -24.741915102720263, -26.414470394849772, -24.31248013830185, -27.73606244635582, -26.616372775554655, -30.126533499240878, -22.327632318735123, -20.68605936074257, -25.831434199094772, -23.451776601076126, -23.114748665332794, -26.346887541532517, -27.37632695913315, -24.64118997836113, -21.104332412481305, -18.98067856693268, -22.016552376747132, -22.361544003725054, -21.039867456674575, -23.71005576133728, -24.59780695438385, -25.773655781030655], [-26.591555137634277, -26.960918245315554, -28.380910638809205, -26.483946660995485, -29.940542649269105, -32.223555802345274, -30.207560461997986, -26.104121565818787, -29.69455220413208, -24.39880560874939, -29.665180229187012, -32.4074560842514, -27.05491516494751, -28.21510500526428, -32.883981170654295, -31.54917724990845, -26.31859124565124, -29.297969217300416, -28.633467065811157, -25.64222250843048, -26.85729130458832, -24.503909904479983, -25.177349556922913, -25.934787237167356, -28.22580213165283, -35.16594414520264, -27.65601098537445, -29.028143186569213], [-27.19750408554077, -28.13896113538742, -36.243640654563904, -27.050091525077818, -27.0938773355484, -34.72965315008164, -36.02190541696549, -30.26728112459183, -29.699859856605528, -29.78371338176727, -26.136529462337492, -30.586619038105013, -24.101010624408723, -23.892063056468963, -31.564691094875336, -29.776976560115813, -30.020822717666626, -27.86375168704987, -33.62650505161285, -32.527182212829594, -32.14339542388916, -31.695018076896666, -36.892454787731175, -32.060243218898776, -34.33323245048523, -30.888618234157562, -28.570057053565982, -32.0225111374855], [-38.78301314020157, -41.25262720870972, -45.593684245586395, -39.5711604976654, -40.52701404953003, -40.31225279235839, -43.38437482833862, -40.79962194776535, -42.81981292772293, -39.21710293388367, -35.92355056619644, -40.958055546760555, -40.38437271976471, -39.79317039346695, -43.55504944467545, -45.191467663288115, -39.615353769779205, -40.21056407785416, -44.81887484836578, -41.77605429649353, -43.28746032857895, -43.82935928249359, -41.93347872066497, -43.452191031455996, -45.74544283103943, -41.16523121547699, -40.802726383209226, -45.10121336364746], [-48.685625, -39.849374999999995, -46.299875, -44.05525, -40.4395625, -44.833749999999995, -45.753375, -45.030249999999995, -41.3716875, -41.1899375, -41.714937500000005, -49.573687500000005, -47.9461875, -41.886812500000005, -42.76575, -41.662, -43.332125000000005, -41.5109375, -42.8593125, -44.302062500000005, -43.4359375, -41.9481875, -44.58018750000001, -45.9314375, -48.314625, -46.24325, -45.069875, -50.1045625], [-49.05907950401306, -50.30513852643966, -48.66007890892029, -51.67563574266434, -45.900627294540406, -48.40188271856308, -48.151075152397155, -51.81434862852097, -49.16774556016922, -48.02077424621582, -49.224021164894104, -53.174570174217216, -52.74857329845428, -54.29652541017533, -46.607847121238706, -49.010449225425724, -46.586526314735416, -48.53897533941269, -55.59016427135468, -51.14377784776687, -49.05999452733993, -52.135213666915895, -50.283153236866006, -50.7142703180313, -51.41660460472107, -49.781088935852054, -51.87539910268784, -51.267085025310514], [-59.33003355121612, -57.547303500175474, -54.98298986577987, -54.62561609888077, -52.79686459493637, -54.41328456020355, -55.286471718311304, -56.20554374170304, -56.87042003583908, -52.101957227230066, -54.42195461893081, -54.073929231643675, -57.876801789283746, -53.88434037017822, -56.192587492942806, -55.24638476228714, -53.467803621292106, -59.78600802278518, -57.742321484565736, -58.10654304838181, -55.58233037996292, -53.83836657953262, -53.1933672709465, -55.143882791996006, -57.655813735485076, -55.64955243206025, -56.810051129341126, -58.45758813285828], [-42.5844778175354, -40.72796090507507, -41.14564730739593, -43.203974281311034, -40.546334438323974, -46.462827094078065, -42.905013227462774, -47.72043173503876, -46.2038773355484, -41.09132568836212, -40.429513284683225, -40.758031606674194, -39.457128846168516, -42.61112689304351, -39.52994149208069, -39.51504141521454, -41.53103819561004, -45.56851435470581, -43.16726189231873, -41.39005166816712, -43.023076426506044, -38.78367364311218, -43.76110523509979, -39.789281465530394, -44.20146112442017, -42.077009370803836, -44.23175681877136, -44.81627756118774], [-40.960991408348086, -40.21061916255951, -45.82617678833009, -41.651090267181395, -38.48496470069885, -38.66855648231506, -39.68423932170868, -40.09388564586639, -39.47021824836731, -35.408004301071166, 