{"status": 1, "spectogram": [[-29.942178476929662, -47.34376756751537, -50.60139249971509, -50.067660554766654, -48.67228557932378, -46.0676782631278, -50.18592830649019, -47.3468747600615, -48.327767611414195, -46.18391039267183, -51.317597937390204, -49.61313362912834, -48.7899731015116, -52.62057102841139, -48.63913366149366, -49.60441948918998, -49.592473082736134, -49.58647300766408, -53.45009816055, -49.415124854296444, -49.51506224833429, -50.56828544306755, -46.92803544381261, -46.474205020412796, -48.50155333372951, -46.2832140455544, -46.64165164406598, -43.12427668358386], [-4.312223412930965, -2.9274194734692576, -2.7719819309711458, -2.9280534067153927, -3.289196297168732, -3.248937333285809, -3.1156247289180756, -3.136910477042198, -3.1156872844099994, -3.0043926644325256, -2.7363301126360895, -2.446999754548073, -2.4788122974038123, -2.6456962424516677, -2.426196216106415, -2.4157051497101785, -2.518044455587864, -2.5538390891551974, -2.6038391145467763, -2.6361069738864895, -2.6569641096591954, -2.7777319617271425, -3.0840444869399066, -2.8247854881286623, -2.6523211940526963, -2.984249807476998, -3.165937372505665, -3.390669519484043], [-33.52594609117508, -48.68016979384423, -44.21904445147514, -53.75023349952697, -53.91847445464134, -51.9695003490448, -50.38143873667717, -47.71390314030648, -48.86821448087692, -52.95445604920387, -49.06158098244667, -45.942929494380955, -50.45183157896996, -54.88875204324722, -51.17625136184692, -49.812250745296474, -51.20987633991242, -50.20993768429756, -47.9603744597435, -57.494832065820695, -51.436758995771406, -52.365063441991815, -48.984874717235556, -50.65259086704255, -50.721367397546764, -49.937947042465204, -56.153635878801346, -47.09599975252152], [-14.7901875, -13.635, -12.58325, -15.1425625, -17.652875, -15.755749999999999, -11.0040625, -12.252374999999997, -13.77825, -15.132937499999999, -12.99925, -12.969562499999999, -15.269, -15.784187499999998, -14.410437499999999, -15.145, -16.473125, -16.36675, -17.652125, -17.289500000000004, -16.8975625, -16.961562500000003, -18.598687499999997, -14.8438125, -13.651187500000002, -16.0423125, -19.37825, -19.5268125], [-14.806163219451905, -29.034023107051848, -38.88096213030815, -35.6891493473053, -36.432882172584534, -34.67826498007774, -42.60032783794403, -42.18105156731606, -38.619202633857725, -38.655917206287384, -46.102605749368664, -42.75500634479523, -43.32787340378761, -35.349255393505096, -39.51538119029999, -40.94501531672478, -39.90289936065674, -38.98142548537254, -37.35255049395561, -38.17164035487175, -37.58972036647797, -41.68285530734062, -39.58873014140129, -41.74107775735855, -44.963757331371305, -37.10957712745667, -36.668265526533126, -37.5164713602066], [-26.998790078639985, -30.336588632106785, -26.0850269613266, -31.06343159723282, -32.975741166591646, -28.031290984630584, -23.372034371852877, -25.972685736656192, -26.235625512599945, -30.87901774930954, -28.42389080953598, -27.31425744342804, -29.46778696966171, -31.745732638835907, -30.00260657453537, -29.329875658512115, -32.44345637512207, -31.787527468681336, -32.76440488052368, -34.49867079257965, -34.235018756389614, -33.47106261253357, -34.173254682064055, -32.54456816148758, -30.229683741569524, -30.608428772449493, -34.956871138572694, -37.998908863067626], [-7.897281705379485, -11.326486416816712, -15.494613861560822, -12.846039690494537, -12.045645041942597, -14.004789779186247, -23.531109858751297, -19.761312391757965, -17.725712522268296, -16.666291467189787, -21.533857064962387, -22.68374144220352, -19.077318619012832, -17.24346950054169, -19.474533783674243, -20.176792464256284, -18.086281869649888, -19.783452248096467, -17.788575809001923, -16.812781062841417, -16.824209931612014, -17.424844235897062, -15.963405424833297, -20.516480881929397, -19.934901384830475, -15.915362589836121, -13.815359315395355, -13.606778658151628], [-27.211689887046816, -38.922468494415284, -40.03209051322936, -40.90555859470368, -40.61278651046753, -37.718231266021725, -42.946541163444515, -43.37398499202728, -38.75669835662841, -39.75553733444214, -37.09553422355652, -39.188914220809934, -45.50251791954041, -38.036239666938776, -41.42736381053925, -38.45079566478729, -41.407156547546386, -39.83049363708497, -42.62712469482422, -38.158333479881286, -40.22949403476714, -38.17398510742187, -41.32804069423676, -37.91960805511475, -40.04875335121155, -37.679762777328484, -41.025832478523256, -40.72041356658936], [-28.16789687919617, -26.659331370353698, -23.81620783996582, -27.317630191802976, -32.725572227478025, -27.444612723350527, -19.583553085803985, -21.321614574432374, -25.22112370061874, -28.706721652030947, -24.153721109390258, -26.12230343103409, -28.252015694141388, -29.759220744132993, -28.193909834384918, -30.89614369535446, -30.738728298664096, -30.70197684431076, -35.081166970252994, -35.06801267004013, -33.772191544055936, -33.62753138971328, -33.45827736234665, -28.774067984104157, -27.298838066577908, -29.118756098747255, -36.78925289344788, -38.88001078176499], [-28.427330892086026, -14.987995445251464, -18.188690173625943, -19.71750446844101, -23.317944996356964, -23.55873501443863, -24.08825358247757, -23.13819372701645, -24.827064821720125, -26.61546477127075, -24.966283864498138, -24.505257510185245, -25.057492441654205, -26.934249456405638, -26.48037738609314, -26.912519608497618, -26.912748495101933, -26.678134309291842, -27.002318554878233, -28.168897832393647, -27.9699348320961, -28.05230181312561, -28.817110769748687, -28.781978214740757, -27.898173348903654, -27.274338809967038, -28.148828965187075, -29.52346168661117], [-30.574875000000002, -27.7323125, -26.99425, -29.884875, -35.260875, -32.6253125, -30.0935, -30.817187500000003, -31.794562499999998, -34.0798125, -29.794937500000003, -29.457625, -29.693625000000004, -31.613750000000003, -30.235625, -30.211750000000002, -30.67175, -30.9630625, -32.377937499999994, -32.5451875, -33.098375, -34.4199375, -36.537, -33.594625, -31.29875, -35.8431875, -39.33443750000001, -40.492562500000005], [-48.742738286495204, -38.05151716041564, -34.91833807611465, -41.60095926237107, -49.79467651319504, -42.9060136756897, -33.957524373054504, -34.51459890460968, -37.112000816822054, -39.0554222998619, -34.741802449703215, -34.647562465667725, -38.02337180614471, -38.30394684648514, -37.06076375675202, -37.60798992538452, -38.78937697219848, -40.90600990819931, -44.13650442075729, -42.486983559608454, -42.101431308746335, -42.47644313859939, -45.641060642719275, -39.021531894207, -37.407119937419886, -43.071712097167975, -51.20306987380982, -54.23509345579147], [-33.10934420681, -41.67891534805298, -44.889908199310305, -48.297045380115506, -46.29302935743332, -48.05588394594192, -45.87581464672089, -46.985592949390416, -46.264506980419156, -46.719042866230005, -50.18941234159469, -48.80583278560638, -50.61765007257462, -49.14494818687439, -47.51738270139694, -48.484668776035306, -50.9384978351593, -52.34804292726517, -50.2760458445549, -50.7069818277359, -51.042072683334354, -55.40763229703903, -53.50350744771957, -50.263670531749725, -48.38340926933289, -49.95242901134491, -50.34336665391922, -47.2717159690857], [-47.05479558181762, -46.45331794643402, -52.81506674289704, -61.07875798892975, -57.429767709732054, -48.25992713451385, -41.73548526191711, -41.337685131073, -40.262947607994086, -45.6214004535675, -45.219774599075315, -43.63550546646118, -43.584938611984256, -45.404326767921454, -43.65944955539703, -39.41255650424957, -42.59010496711731, -39.60431801223755, -42.76695045089722, -42.01267846679687, -40.72295354557038, -38.94525376605988, -41.80388331890106, -40.65107122516632, -40.04503431987762, -45.58327802276611, -46.974962325096136, -46.695352797508235], [-48.785541628837585, -47.52106676006318, -51.26338278007507, -50.202638302803045, -52.639608474731446, -52.03187871932983, -54.21538256645203, -52.369149269104, -53.31145598220826, -60.40609948635102, -55.134357560157774, -51.823169910430906, 