{"status": 1, "spectogram": [[-21.666955426976084, -37.90460725170374, -36.74379470680655, -37.46096440020203, -38.26127691157163, -38.4141876539141, -37.646750029921535, -38.83050907804072, -38.1161608273685, -38.41327690981329, -37.77271441724896, -38.12158042244614, -38.75240182609856, -40.045857310384505, -39.187357397019866, -37.139321494013075, -38.204384010061624, -38.60099106355011, -40.63661627469957, -39.716160771936174, -38.81715183983742, -38.85705357334018, -39.25792872911691, -38.02491075310111, -38.50931256110966, -40.39206263937056, -40.8436252053678, -37.20615184469521], [-13.907179794073107, -18.71451033121347, -18.946198017597197, -19.250689102351664, -20.245555247187614, -19.99027842658758, -19.003778164327144, -20.803064107358455, -19.670072937846186, -20.009751638650894, -19.664251571416855, -21.09279634922743, -21.58650162756443, -20.89067119151354, -21.12167148941755, -21.466537524938584, -20.14977833896875, -20.836447974205015, -19.993760206162932, -21.347590887308122, -22.185394682288173, -21.902207049787044, -21.221331938445566, -22.055742889702323, -21.752385632216928, -22.52433209556341, -21.765706993758677, -21.908001625895498], [-10.097286042690275, -8.840581150293351, -8.574518587112427, -8.688366848230363, -9.23142946767807, -9.312224099874495, -9.587786683559418, -10.281652872323988, -10.024795585393907, -9.66450977110863, -9.640322253227234, -10.012268828868864, -10.82684942507744, -10.810858279705048, -9.851983008861541, -9.850688415765763, -10.017152697324754, -10.514322512626649, -11.07426011633873, -11.10617976808548, -10.754679576396942, -11.152295726060867, -10.91460811138153, -10.612759768247606, -11.01443835234642, -11.564474246740343, -11.417599232912064, -11.95963503098488], [-6.6991249999999996, -5.47725, -5.461500000000001, -5.5178125, -5.4735, -5.321937500000001, -5.712187500000001, -6.027125, -6.0478125, -6.038749999999999, -5.8046875, -6.191750000000001, -6.3281875, -6.4563749999999995, -6.3308125, -6.584499999999999, -6.7398750000000005, -6.695812500000001, -6.855062500000001, -6.89775, -6.9754375, -7.25525, -7.586, -7.683625, -7.7491875, -7.6585625, -7.628375, -7.8080625], [-16.026976752042767, -13.757717419147491, -15.104467735767365, -14.32111045789719, -12.675681428432465, -12.657083235025405, -11.854457962274552, -9.85868068742752, -12.524404391527174, -13.843163670063017, -14.892663975715637, -11.662189976930618, -8.665716093540192, -10.076403854608536, -13.396779586553574, -13.017368867635724, -13.23302958035469, -9.970028858900069, -8.952216095924376, -9.394876866340637, -11.851734613895417, -10.548002155780793, -12.174190021276475, -14.643253066539765, -13.561145724773404, -11.534538060188293, -11.632163091659546, -10.519832373857499], [-20.34435239171982, -25.462708299160003, -28.218208675861362, -28.368969765663145, -26.879114115715026, -27.533731102466582, -22.519225551128386, -21.538068672657012, -25.980711763858793, -29.90754260826111, -28.348039558410644, -25.682158700466154, -22.27758851289749, -24.67784896850586, -27.141782174587252, -29.012114700317383, -25.898603004932404, -23.727855189800263, -20.795290890693664, -22.08535533952713, -27.04858919095993, -26.280948088169097, -27.30588232421875, -29.537175924777983, -29.96779395866394, -26.895936597824097, -25.511185131073, -25.417625857830046], [-24.53997249221802, -25.50151789331436, -27.863950229883194, -27.555119845867157, -28.84729488492012, -27.1435536813736, -25.55042666435242, -28.19085797786713, -27.765298954963683, -29.319107774972917, -28.954797025203703, -32.35764274454117, -30.486137763500217, -35.123995697021485, -33.55799100637436, -30.72294409561157, -31.263744987487797, -30.46403460216522, -26.376656652450563, -35.70557213115692, -31.113203189611433, -32.16561400485038, -33.22529086685181, -31.655374207735058, -31.310643939256664, -27.91357677769661, -30.13095017838478, -33.742571867942814], [-19.392595460891723, -22.292583943367006, -20.729772760391235, -20.827736371994018, -23.934724986076358, -23.90221681213379, -23.30390727710724, -25.503261919975284, -25.8244478931427, -23.80788718318939, -22.06051270389557, -25.736920886039734, -27.36693044090271, -27.798750589370727, -24.08925277709961, -24.50150320625305, -23.803931747436526, -27.108991591453552, -25.65399618053436, -26.618975789070127, -26.890330451011657, -29.083363566398624, -24.406306406021116, -23.852574203491212, -24.759296765327456, -25.96060899543762, -26.046795300483705, -26.38447520160675], [-17.92061382102966, -21.710167892456056, -18.929979397296904, -20.24340932226181, -22.833446046352385, -22.30630173158646, -24.557674027919767, -25.122020163536074, -22.962292010307316, -22.46530283689499, -20.544053022861483, -23.34616605758667, -29.23544042444229, -27.85747904539108, -24.488108737468714, -24.2956045460701, -23.549711462497708, -26.415272156715396, -25.897832072734833, -29.099288263320922, -27.055776607513426, -28.641330728530882, -23.18564010953903, -23.80309036302566, -24.467822892665865, -24.553577816009522, -25.142389960765833, -26.152468337059023], [-29.911973524570467, -40.464728850841524, -34.21698621511459, -35.34502298307419, -39.15667042636871, -38.60577744007111, -34.25235379171372, -36.04433654642105, -35.79132982015609, -38.60042968988418, -41.00942314386368, -39.13588061189652, -34.750912854671476, -38.7122348909378, -41.45028361654281, -37.441587381362915, -36.63563160181045, -37.867003412246696, -35.25238317584992, -33.59188911247253, -38.45274752712249, -39.84476599693298, -37.79670458555221, -42.626459986209866, -44.42909105110168, -42.26878681230545, -38.771667205333706, -37.435422775745394], [-34.0585, -34.09825, -34.46575, -34.2600625, -34.4135, -34.070874999999994, -34.5420625, -35.826375, -33.7186875, -33.5025, -34.5765625, -35.8581875, -34.9890625, -35.5824375, -35.3475, -36.26375, -37.412625, -34.7909375, -34.359125, -35.238312500000006, -34.7749375, -33.5549375, -35.209125, -36.6525625, -36.199937500000004, -35.406062500000004, -36.0509375, -35.4520625], [-40.16654294729232, -50.85864287376404, -49.110397059440615, -50.50617073297501, -51.03982860708236, -52.22475550889969, -48.30695044898987, -50.784984759330754, -48.772815458774566, -51.524285276412954, -50.39753670406342, -52.573259688854215, -48.65528450155258, -52.058080114841474, -52.546076043605815, -54.20558728408814, -54.873460947990424, -53.49557867288589, -50.47558220911025, -50.40602866220474, -52.52003492164612, -51.2054395775795, -53.01593505430221, -55.776317226409915, -55.060203177928926, -51.53654656553269, -54.58385303020478, -48.90309394168853], [-39.98148113155365, -42.24516563177109, -40.06604083013535, -43.00487938833236, -42.769308832645414, -42.48091712903976, -39.18510617828368, -41.457774643421175, -41.95693378782272, -42.31646955633163, -42.52559406900406, -42.82179107236862, -40.929517493247985, -41.47623956251144, -42.93567583942413, -44.812505601406095, -43.66741597032547, -41.72201652526856, -40.07764360904694, -41.36445472288132, -42.61998099040985, -42.78427600717544, -42.58333635807037, -44.03680773496628, -43.6150583949089, -41.97839143466949, -42.31945304250717, -41.39322315454483], [-37.16266861534119, -38.59341607856751, -37.73198024082184, -39.8859973077774, -37.56022002792359, -37.856237884521484, -37.30830175876617, -39.0126795759201, -39.38615818881989, -40.98681888103485, -39.36156882572174, -38.418463503837586, -37.10677098560333, -38.673313547134406, -40.23587030506133, -40.580899152755734, -40.12547019958496, -37.58366115856171, -36.81953848934173, -36.60294926929474, -38.581767149925234, -38.751893082618714, -38.45220341300965, -39.41051434421539, -38.961772752761846, -36.469491172790526, -37.5237398815155, -36.069626318931576], [-36.62803595352173, -36.71998355102539, -35.669731836318974, -37.84436551952363, -35.54003713798522, -35.22971528625488, -35.50315053653718, -38.585739802360536, -36.86847300815583, -37.20593786907196, -37.59562456512452, -35.92906148815155, -37.12906855964661, -38.67380227279663, 