{"status": 1, "spectogram": [[-40.81478584825992, -39.62905485721723, -39.1790626017728, -42.014955427989364, -49.517008064025234, -55.737889771914, -56.97641050093513, -56.60698034550312, -55.7607636093777, -62.041247735901756, -60.042919508144266, -56.49524696853185, -55.613535615044, -54.6271932303577, -53.73758918473123, -55.072698193560164, -57.598400875654136, -57.29583931186795, -59.78455993218962, -55.65170925227934, -51.6221837867532, -51.33749098838862, -54.29523999907816, -53.39749693680236, -50.80606254999339, -52.56959340783435, -52.779611920532794, -38.015571419239045], [-35.70578582715988, -37.818747578085684, -37.47066212679172, -26.89292006629705, -16.821691110711935, -12.400160134294827, -11.195611386293042, -11.139272181470796, -11.49976331785991, -12.083819448906553, -13.295188118159771, -15.423512036948873, -17.241806820502063, -18.028929675987797, -18.747487974624214, -21.130991801130605, -25.47679323544282, -29.00601120942831, -27.492160626237528, -28.49656260924796, -28.816204248378348, -30.286719891613927, -34.44036228131375, -39.288506614777674, -41.592965824604036, -40.49181280512605, -37.78228764245918, -33.26621519613266], [-35.428715003967284, -31.268255909219082, -41.29515485780082, -32.17647402882576, -33.42059541504737, -41.31363868502713, -41.05456876042405, -42.065186703535815, -40.73107897903979, -38.64976610506803, -34.704013791084286, -28.18106962324121, -24.12318553095469, -22.679137123438107, -21.216096282563974, -18.733190874031937, -16.784620568756665, -16.57539949440956, -17.183289901708694, -18.162182313360073, -19.996589620113596, -23.669462398329266, -30.850152266714925, -37.648455486220314, -40.27386978697776, -39.40514545863521, -38.099590520444224, -35.09393047904968], [-27.136, -27.391142862319946, -30.45935693216324, -28.1799375, -36.621346836805344, -43.165786777496336, -39.40485657882691, -41.93239348697662, -44.64636643362045, -47.02002696681023, -47.136624999999995, -46.136767319679265, -42.666018509864806, -42.524348944664, -41.843099360466, -39.12873198795319, -37.60051922512054, -34.3609375, -29.5825920753479, -25.012049386978152, -21.90682945919037, -21.08852685260773, -23.91593347454071, -28.772779989242554, -31.7639375, -31.424786224365235, -30.35675698184967, -28.357999999999997], [-21.705640520095827, -20.150685785553932, -22.752527199791448, -21.863581215143203, -14.729887304569024, -7.649264429033916, -5.451602271128749, -5.559183680407762, -6.1284179581573275, -6.933328118869198, -9.187862723112104, -14.339929955467076, -19.416469439467363, -23.57809291837158, -25.98485289471892, -29.720135419261666, -35.52156555736281, -35.36431218552589, -37.76171950365414, -39.67269440851644, -34.847206729110475, -25.234740837292396, -19.357989715427458, -18.58183650623943, -19.449971517801288, -19.4698125348381, -19.435845195406014, -19.902428340911865], [-17.209074779510498, -16.53782600709735, -17.354062882163376, -18.284400310039523, -20.69395905082502, -26.03463994285085, -29.945738290718406, -26.537275852670867, -21.954013686025174, -21.569069719237106, -15.952931066036225, -10.713287499446277, -7.206605374200413, -5.757215246248853, -5.352845207273392, -6.227624661892678, -9.567914358685153, -14.752083838462829, -20.649372500897222, -26.882862891672882, -29.99561850866193, -28.64170860259255, -24.008806575187453, -20.032065542803263, -19.36868332672119, -21.274180895473517, -23.42525126573146, -26.018223270416257], [-20.768359983444217, -18.16111693333724, -16.550199556982303, -17.669034094333647, -22.891778565183376, -25.253851846418122, -23.548840493367102, -25.892621230972885, -29.680188087215356, -33.60780340456483, -31.18535719394684, -34.496182971132505, -31.388887664946513, -31.900304855961767, -31.88229423106771, -25.415182701597004, -16.746828841279584, -12.266161450386047, -11.72788676712751, -13.108113772066842, -19.238022275943294, -28.22955875255812, -34.05752048668374, -32.4455605589842, -30.289426056146624, -34.05702107948066, -37.81486128713839, -38.91522071647644], [-19.659720306396483, -22.47731601029013, -23.124999101449333, -22.920414566993713, -16.95835409600867, -10.449657089251968, -8.826853652847634, -9.139905065360697, -11.251605140928884, -14.600517853381463, -19.255303965568544, -27.37866227873658, -30.89238690104675, -33.90232475409228, -35.13749936796513, -35.167552769496545, -34.53673115142061, -25.998194721221928, -19.70019658252579, -16.462684953138496, -17.047195240913453, -26.167670695638144, -34.55671602707438, -35.83150540278712, -35.10990062046051, -38.6673168144476, -42.984086514059236, -45.331141586303715], [-25.840931438446045, -26.582739106107717, -28.284461467626095, -25.967305438041684, -24.08405705409657, -27.560572800033547, -32.01242681079473, -29.790662907367302, -27.585244385388613, -27.220577236010193, -26.139286828994752, -27.590081562200027, -30.634309552951237, -34.01598329517857, -36.57946851269251, -40.11397137188362, -43.985692220748184, -41.104639550209036, -40.4698259398966, -36.2541339830117, -34.27266872434373, -40.61537791960488, -47.44001602533682, -47.98647948761386, -46.4856756105423, -49.10248340052084, -52.401868847139355, -51.954712684631346], [-44.65012995147705, -47.566170166738225, -45.537861132948066, -44.360343441963195, -44.36547365204008, -46.160133933807266, -47.84879592915247, -45.94518858168409, -44.61821816306159, -44.07656937029384, -44.1455391459465, -48.02089486140872, -54.171171564103865, -58.04598385887656, -61.4527388788449, -62.7403162797068, -57.22032586003338, -49.11165699148178, -47.14304228808653, -49.34061075409993, -55.97118962428558, -63.46274470801194, -61.865503115797864, -59.308045748278126, -59.35932414245606, -59.481087924234885, -60.70415093626554, -57.48465674209594], [-47.471000000000004, -48.66026788127422, -48.64602680259944, -50.306875, -47.66780405664444, -44.221383932590484, -43.50715225481987, -41.76579449439049, -41.216553624153136, -41.562089312076566, -42.9983125, -49.21444070005417, -53.87439227104187, -56.68388459300995, -56.43343831729889, -53.63282989931107, -50.41695710992813, -47.2819375, -48.50862130355835, -54.56488054466247, -57.77889374160767, -57.96974124622345, -60.71258521080017, -62.77422323036194, -63.06831249999999, -63.85657077026367, -64.20260440444946, -61.391000000000005], [-53.797917423248286, -55.15792625325809, -55.12392968638317, -55.6559948220253, -53.671819523114834, -49.15274500198701, -46.72943536069311, -49.41136313787273, -52.35324229572969, -56.26610755419115, -60.33034320640564, -58.127090307333226, -54.293595475448186, -52.465189195108586, -51.9291614095902, -53.00255111702179, -58.07264824961903, -65.12696337127686, -62.29188101868803, -57.24380127756336, -58.85865986416671, -64.79414739581227, -64.81307961378536, -66.42528769884282, -68.12257534646987, -66.19912446359747, -68.86001565677151, -67.67651259994507], [-48.143716079711915, -53.7196300416613, -53.26130926501885, -55.34264478588105, -54.657812890038045, -51.79761942513201, -51.057074071747024, -51.87313292060166, -51.88239541127699, -49.81625830615768, -47.980681054115294, -50.64435221329276, -54.57213317773805, -56.363338343299645, -55.37896708442584, -54.26052458120864, -55.51981113219939, -58.01754159688949, -61.18468101164469, -59.82613778381395, -60.87343131013855, -61.36271559748462, -62.0616059574372, -66.00833091426021, -68.58510249137879, -67.22096408675563, -68.4136834611237, -65.46150144577027], [-42.05085787963867, -44.53898074866315, -42.12927212705284, -46.09884813594818, -47.275597081204246, -43.463699058452406, -41.18527410017363, -43.29927414224929, -45.37301802466761, -48.593229427926, -44.1124509153366, -38.50964404757639, -36.87999015166672, -38.43835509276805, -41.40228250433752, -43.13698785801258, -42.15249777046149, -41.85547297859192, -48.4908445491087, -53.22221706782406, -52.92352360698323, -57.780472757614184, -63.57078215867491, -67.07015400477836, -70.04880389499664, -73.16684972247543, -73.38765171229996, -75.43076999664306], [-53.27371871948242, 