{"status": 0, "spectogram": [[-26.244946342349053, -44.40090149109066, -45.08727655287087, -46.39966937978566, -44.92507129979134, -46.34554446066916, -46.26660682421923, -46.504633729651566, -48.132410756021734, -52.503553496897226, -49.511928428262465, -47.012571339964865, -45.77853571239113, -46.32055349695683, -47.40599097807706, -43.63926759254932, -45.06676777282358, -48.32988372971117, -48.274633742287755, -47.38482126328349, -43.89761588029564, -52.3456963403821, -49.61563374997675, -44.546919599577784, -49.681651771321896, -47.9225624306947, -51.560000025898226, -39.8529196189493], [-2.4205896846055985, -1.902687634408474, -1.6615626329779625, -1.555794788658619, -1.771884110867977, -2.136794849932194, -2.0480448204874993, -2.07442873108387, -2.2919644360542297, -2.3514733616709713, -2.020473375141621, -1.9056698134541512, -1.925625193953514, -1.6789108872413634, -2.0444733850359915, -2.1874555050730704, -2.088634071648121, -2.13641981703043, -2.172419816553593, -2.2795805360674857, -2.6144466022253035, -2.780151952803135, -2.6632769171595574, -2.8986340433955196, -2.994044776141644, -2.8222769414782523, -2.6168394428491593, -2.6816430082321165], [-36.277785516738895, -44.20508118700981, -46.67789313936233, -45.67589352369309, -50.35559974789619, -43.988696820735925, -44.07269664382934, -46.75075083541871, -49.00809980988503, -51.75748313379288, -49.63610817193985, -46.92452781271934, -42.05445485043526, -47.89848210191726, -45.88179462456703, -47.84042054200172, -44.42482113409042, -51.57259013986588, -46.10658856725693, -45.878696234226226, -48.85740254950524, -52.01778678798676, -48.692034320831304, -46.706865813493735, -43.44498119449616, -49.75159028005599, -43.88027625489235, -42.088473208665846], [-24.7223125, -30.363749999999996, -30.966625, -30.9780625, -32.70825, -34.299437499999996, -33.6025, -34.357375, -33.614937499999996, -34.736999999999995, -32.791, -34.817562499999994, -35.820125, -34.329875, -35.9219375, -34.26275, -32.99175, -33.550875, -34.6013125, -36.8141875, -37.60375, -39.8870625, -33.6176875, -32.2199375, -33.3316875, -37.1486875, -35.2403125, -32.553062499999996], [-9.519687861680984, -11.08609070253372, -11.03434076309204, -10.584411998748779, -10.100599022626877, -9.921054147243499, -10.410241964101791, -11.088679683685303, -11.489304762363435, -11.368295892953874, -11.24198323059082, -11.04442955827713, -10.563848889589309, -10.724983093738558, -11.194545604944228, -12.576447683811187, -11.839001308918, -11.619929533958434, -12.05911700415611, -12.18652766108513, -12.391465194225313, -13.878483169555663, -15.265233654022216, -15.202073151111604, -13.827233555316923, -13.430992241621016, -12.773804691791534, -12.304536918640135], [-26.327481603622438, -36.87875128936768, -36.109750624656684, -37.642153419971464, -37.837444700241086, -33.96192771434784, -37.46336604833603, -37.897973494052884, -38.58616013526917, -36.7412859544754, -36.06784970998764, -38.02305283641815, -36.87498546409607, -39.196583280086514, -35.70845678281784, -39.904206802844996, -38.536830704212186, -43.86087777042388, -34.84256216669082, -39.34539458274841, -36.37824820232392, -40.327722690105446, -37.686161273002625, -45.15526827239991, -34.10270615720749, -41.52860621166229, -40.30298530960083, -34.396652801990506], [-13.567409037351608, -15.102269640445709, -14.10552288198471, -15.979010552167892, -18.57142973613739, -20.00522453951836, -18.883971516847613, -17.812009819746017, -17.519706267118455, -17.76300783276558, -18.482070323467255, -19.87631948804855, -20.700348907232282, -18.42293019676209, -20.43161338877678, -19.013295948266986, -17.409548385858535, -20.906704749345778, -20.720145083904267, -20.985929983615875, -22.45953245973587, -22.436010629415513, -19.913700094223024, -17.375397736072543, -18.91920718407631, -20.030439252138137, -20.417560765981676, -18.286009866952895], [-19.14838528251648, -25.32009389209747, -25.96696490573883, -25.97060877990723, -22.538784309387204, -21.43055959606171, -23.951876642227177, -25.03579180431366, -26.393623376846314, -27.498929931640625, -26.6746803188324, -25.309746002197265, -23.847159626007077, -24.861168141365052, -26.314669138908386, -29.613546137809752, -27.756211349487305, -26.913991305351256, -26.964241574287414, -26.09185280609131, -27.27599824523926, -30.216668932914732, -34.508294781684874, -33.10563312339783, -28.966966774940488, -29.865914853096008, -28.97979228878021, -30.151689866065983], [-36.12889024066925, -38.618685792446136, -38.705872410774234, -41.861754518985755, -37.77948684072495, -37.21495938491821, -37.004085733413696, -42.68716404771804, -44.25691516447067, -42.647424457550045, -41.92654899978638, -40.92287161540985, -41.277234057903286, -39.60434223031998, -47.390400278091434, -40.143133337497716, -43.53677373933792, -41.5405228676796, -39.404336702346804, -41.97419160461426, -41.66276549816131, -43.37595285272599, -43.81464274978638, -46.71218807077408, -44.952148783206944, -42.28612214946747, -43.41299643230438, -41.0749002289772], [-29.958476077079773, -36.13672756767273, -32.07167348337173, -38.12469333171845, -35.681010070323936, -40.84320875453948, -37.27421438503265, -38.51307022285461, -36.61312880229951, -42.683764721870425, -37.681585036754605, -35.82384359359742, -35.85696019124985, -34.65839506340027, -39.001828876972205, -33.75406205797196, -33.14793789052963, -35.22233760023117, -32.12902950191498, -37.19835498285294, -37.36822675561905, -34.063058917045595, -36.2644970164299, -38.27303203010559, -39.30392626953125, -42.29201346588135, -37.635770867347716, -38.34968810510636], [-36.5065, -43.3816875, -44.6591875, -41.182625, -39.133312499999995, -37.948375, -41.5223125, -41.0110625, -41.026624999999996, -42.047687499999995, -40.855500000000006, -42.2309375, -41.7394375, -38.8220625, -36.259187499999996, -42.947625, -41.4471875, -44.81975, -41.9003125, -41.1898125, -42.3879375, -43.60425000000001, -43.4996875, -45.49075, -44.559999999999995, -43.37775, -42.6554375, -40.872812499999995], [-37.50258127689362, -42.74872098445892, -44.403470666885376, -41.10460773706436, -40.01879164266585, -39.7905622010231, -42.03461966705323, -39.782101978302, -41.794786715984344, -42.92054456043243, -41.174734138965604, -39.44314747476578, -38.9189612121582, -38.90855882501602, -39.91237078857422, -42.365473081588746, -41.86053576040268, -39.64915634918212, -41.20303062534332, -40.6590579123497, -40.978191866874695, -43.16361906051635, -46.13580080842972, -45.57204870271683, -45.63131870889663, -44.12112672758103, -42.14431520462036, -44.71058955907822], [-35.92931654930115, -38.31399587440491, -38.72130837106705, -38.992253972530364, -41.321270743846895, -45.920018055439, -41.85683322620392, -41.31187831258774, -41.83332545042038, -41.564022223949436, -42.01770951366425, -43.31498529291153, -44.32417207336426, -43.23477077913284, -40.739584968566895, -44.10978147125245, -43.09905777406693, -45.36743199872971, -45.94068229532242, -46.656680928707125, -44.69571812868118, -48.52698604345322, -48.00923851919174, -43.20889013004303, -43.46868358182907, -46.99479001760483, -43.58266592073441, -44.99344204330444], [-37.32594573974609, -36.248148947715755, -35.75802292346955, -37.31986531352997, -38.01364447212219, -37.6614513130188, -39.25088374614716, -40.21733751678467, -40.84368463230133, -39.84607915592194, -41.7632626953125, -40.54486597347259, -43.24266219329834, -44.3365764245987, -41.60907980632782, -45.007691423416134, -44.551486706733705, -42.51063806915283, -45.23226523399353, -45.51410648345947, -44.900963537216185, -44.50465152072907, -43.16127102756499, -45.43322746086121, -43.033389085769656, -43.697013969421384, -43.21132657146454, -41.879122337341315], [-50.23000559139251, -47.96302733039856, -48.241464711189266, -48.635375714302064, -47.209385497093194, -44.90248592376709, -47.2262340221405, -48.153264919281, -48.08729417133331, -47.853636580467224, -49.89687967395783, -51.21051717185974, -50.402451619148266, -49.06846892452239, -48.56978588867187, 