{"status": 0, "spectogram": [[-41.67056250207126, -46.303098042473195, -46.199285697638985, -46.86843741004169, -50.39533025284111, -50.333901636585594, -45.47196412938834, -50.877946296960125, -50.16521420001983, -52.67997299464047, -56.35491060742736, -53.64383007971942, -46.60283023823798, -49.86578565728665, -46.316160629421475, -50.066955398842694, -50.13647310514748, -47.86333028168976, -50.22901766991615, -51.894142704546454, -51.194955180749304, -47.136964291632175, -49.11502676852047, -48.874473202481866, -49.17935704612732, -48.32415169201792, -47.90365169538558, -45.99344644081593], [-2.166999899864197, -1.9038838185667992, -1.413696336388588, -1.3629373925328254, -1.5436337659955024, -2.0090533677339555, -2.168303386092186, -2.076606997609139, -1.9750445216298103, -1.8830445237755773, -2.0948570014238355, -2.21613377982378, -2.1392498772144317, -2.1485355917215347, -2.144473077595234, -2.625294494450092, -2.600249855875969, -2.551348061144352, -2.42609808331728, -2.549589149951935, -2.5490177364349362, -2.5797052308917046, -2.6940177149772646, -2.7870087795853613, -2.7602944862246517, -2.8271694632172584, -2.815856960892677, -2.848740888416767], [-33.86243778061867, -43.38322300839423, -43.56603621959686, -44.52921494388581, -44.28980406093598, -50.3317683224678, -46.00689287757873, -44.8862768189907, -56.82043153858184, -49.49359785580635, -52.763222836732865, -44.61187374305725, -43.247185679674146, -46.79392874193191, -49.4807437198162, -50.041279043912894, -48.932991109132765, -45.26050127792358, -47.358187978982926, -46.62826791620255, -47.152044389009475, -49.80990244889259, -47.579526751279836, -46.87460794305801, -44.21792885971069, -45.240393495082856, -49.17239479446411, -44.22011600279808], [-12.8211875, -17.047125, -17.1674375, -16.675125, -14.4086875, -13.1921875, -14.276749999999998, -16.2181875, -17.36325, -17.6269375, -16.7904375, -16.5401875, -17.630312500000002, -17.89525, -17.178625, -17.293687499999997, -17.5414375, -16.889812499999998, -17.61475, -17.578312500000003, -18.102625000000003, -17.9383125, -17.7493125, -17.744875, -17.587625000000003, -16.624000000000002, -16.616999999999997, -16.5786875], [-20.5157615377903, -35.02873097252845, -38.653107250452045, -39.30516086649895, -29.646585500001905, -36.74065811848641, -33.37247012901306, -32.764327778339386, -33.702542572498324, -35.27879302406312, -32.961791658878326, -31.907103943109504, -36.50423980998994, -36.71865037488937, -35.32202463769912, -32.480987698555, -34.40064896917344, -32.45189831781387, -38.156650618553165, -33.13010433840751, -37.18913267660142, -34.102604801893236, -33.36791651630402, -36.0459349193573, -39.07039082360268, -37.5697024307251, -38.11126514458656, -36.64856801629066], [-28.374637187957767, -31.244417882442473, -31.87004400396347, -30.92821517753601, -28.719654681205753, -27.632999213695527, -27.83718850326538, -31.375942160606385, -33.10371396160126, -33.4796768283844, -32.77436216402054, -31.717405982017517, -32.79527469968796, -34.832294891834266, -30.987106093406677, -32.38208577823639, -34.662994913101194, -35.76791155672073, -37.33572433948517, -33.75609502077102, -35.16464202690124, -38.479952938556664, -38.953822342395775, -33.1647731385231, -33.86381570529937, -32.198608290195466, -28.861861105442053, -31.819618073463438], [-4.052696301460267, -2.7378046598434445, -2.681429200649261, -2.940394016265869, -5.156360816001891, -7.88472050189972, -6.757219378948212, -4.939940383195878, -4.7855107505321515, -4.764796292543412, -6.0298597745895375, -6.195717430591584, -5.337537521839142, -5.916519718647002, -6.435145263671875, -8.036199498653414, -8.369110102176665, -8.369083875894546, -6.867082622766494, -6.66827031803131, -6.339421386957169, -7.02960898065567, -8.35610987186432, -9.752038833618162, -10.823155278921128, -12.297870889902114, -11.633120455026626, -12.910701502799986], [-25.300141284942626, -32.43209893703461, -33.08972557735443, -30.957881712913515, -35.005652380943296, -32.783008301734924, -32.58257472229004, -35.275071125030514, -37.66102192306519, -37.11606387710572, -32.57569544601441, -38.27861386394501, -36.8823737411499, -33.895606731414794, -40.054349946975705, -37.900621959686276, -38.60097010707855, -40.13141400527954, -37.216472315788266, -37.775839365005496, -39.32650003623962, -36.45051858711243, -36.755576617240905, -40.91343479061126, -35.48786791515351, -42.07738810348511, -41.14388725852966, -38.37818999099731], [-25.041088128089903, -32.706390438079836, -30.906515985488895, -30.097859634399413, -24.956192087650297, -25.828116446495056, -24.508797875881196, -30.142052271842953, -33.90783114290238, -31.164572642326355, -30.432072833061216, -29.994367696285252, -33.648099158763884, -30.116431429862978, -32.80874324083328, -32.53395883607864, -33.08328842639923, -33.29496684741974, -39.65271306896209, -33.476625285148614, -37.42313629579544, -32.97503654003143, -36.852034380912784, -30.875081434726713, -31.6798783826828, -30.738977512836453, -31.62697771692276, -29.691841161727908], [-19.17617478132248, -18.94237817764282, -20.40868760919571, -17.791655564785007, -15.53024521636963, -15.32214485168457, -15.509329266071317, -16.43886689186096, -17.423613859176637, -18.555157072544095, -15.113348988533021, -15.849180577754973, -17.20732762622833, -16.684818880558012, -14.989821541309357, -15.188644705295562, -14.517402755737304, -13.811180909633634, -15.338114906311034, -14.948865515708924, -16.415809928894042, -15.951757532119752, -14.533510579109192, -14.016350530624392, -14.002726546287535, -13.185051495552065, -14.17561481809616, -13.468874459266662], [-27.6970625, -29.8189375, -30.6965625, -30.500375000000002, -25.0910625, -23.74975, -24.255499999999998, -27.274312499999997, -28.838437499999998, -30.642625, -26.0991875, -26.035, -29.600187499999997, -27.990812499999997, -26.885687499999996, -26.268562499999998, -26.932812500000004, -25.5715625, -28.6944375, -27.5003125, -30.058, -28.141000000000002, -27.681625, -26.6869375, -26.15325, -25.647750000000002, -25.3655625, -24.867937499999996], [-38.82963418388367, -45.04230423641205, -42.32586153936387, -45.39084579896927, -35.777121010303496, -31.59643357515335, -32.57898828315735, -38.8305158071518, -43.60848156785965, -46.38068160820007, -39.43281973743438, -38.20817996978761, -44.762935032844545, -41.986335534572596, -41.18909228086471, -38.44973259544373, -39.74972778367996, -38.26385466337204, -43.024591963291165, -41.471650814533234, -46.84020988512039, -42.13476190185547, -39.93182805395127, -39.99428037452697, -37.59262407684326, -36.61605618286133, -35.316628214359284, -34.26424963521958], [-33.32218375682831, -36.341454117774965, -35.33170556640625, -35.5636675863266, -37.621566833972935, -41.04784721803665, -40.83897553491592, -36.83908599996567, -36.92353396558762, -37.42123231172562, -38.81522788190841, -40.157711665630345, -38.33652610874176, -36.77901456308365, -39.25239059877396, -41.07673915195465, -39.860191672801975, -39.44199439954758, -38.447121896266935, -38.302997654438016, -39.893918718338014, -39.68826676607132, -41.70201530599594, -42.313594879150386, -43.17120008659363, -45.64389579486847, -47.82726632118225, -45.802920548915864], [-31.720241742134093, -34.373489687919616, -38.857175493240355, -36.59426965618133, -33.23779909324646, -32.36923522663117, -31.59086259174347, -32.7153736114502, -37.316073210716254, -38.59243021678924, -40.72298994827271, -37.35670261955261, -39.243425436973574, -41.49265054607391, -43.56021863555908, -41.616810136795046, -40.30992667770386, -41.21620816326141, -44.65195060443878, -41.35521664428711, -42.898457478523255, -43.34503868675232, -43.0506634979248, -45.7056754951477, -42.92209309959412, -39.130532174110414, -38.82784473228455, -42.36644822502136], [-47.42591081237793, -53.532016379356385, -55.405201475143436, -55.97511790180206, -50.434024032592774, -50.55955387401581, -50.759800740242014, -52.91638010406494, -56.54546674919128, -51.87674091053009, -52.35561575603485, 