{"status": 0, "spectogram": [[-29.01594641435147, -51.62115160800517, -51.13396419876814, -50.036785527855145, -51.98216933526099, -50.980035521179445, -49.37991041132808, -51.0757497394681, -50.14349983549118, -53.751964240551, -53.57440160419047, -50.73424975633622, -52.46522296397387, -52.75888387857377, -53.525196294277904, -53.70265174461902, -52.63304455305635, -52.74401760187745, -55.36808009012043, -49.7360354526937, -53.894071184694766, -51.142553399920466, -51.41761582894623, -53.419142827719455, -53.92645513446629, -51.737839081496006, -54.158276644304394, -45.92094643387199], [-7.582999949097633, -5.258187563478947, -5.06843756967783, -4.997955442130565, -4.974535790085792, -5.371955475270749, -5.318455496609211, -5.251187622129917, -5.3669465645551675, -5.230839416861535, -5.374589408397675, -5.183723300158977, -5.2762768651843075, -5.430553649663925, -5.3474911698699, -5.496464406609535, -5.516651876628398, -5.622080456197262, -6.040580469429493, -6.004000105738639, -5.898250115036964, -5.837187620937824, -5.8330626174807545, -5.711232267022133, -5.721589397192002, -5.760803677916526, -5.777741146266461, -5.657759004414082], [-29.0168561835289, -47.41408861064911, -46.75271479845047, -46.862392162323, -49.39984647583962, -49.97785664367675, -50.144045659303664, -51.07099060797691, -49.768608253002164, -48.38508035349845, -55.03439312982559, -48.27476784706116, -50.07894680166244, -47.870249894618986, -51.459376093387604, -46.8639820098877, -51.30722367358207, -52.198820754051205, -48.11332075452804, -52.96907162237167, -50.94657198953629, -51.01841964793205, -50.72023181343078, -50.437258691549296, -45.98761570286751, -50.83191110801697, -49.284221000432964, -47.54290156435967], [-22.121312500000002, -24.733, -25.2873125, -26.753625, -26.791062500000002, -31.0510625, -31.5603125, -31.288875000000004, -33.188375, -31.903875, -31.613812499999995, -28.905375, -27.787187499999998, -27.41675, -28.492124999999998, -30.16475, -29.0785, -29.01225, -31.0348125, -29.5309375, -30.6681875, -31.896875, -30.162187499999995, -31.904125, -30.018375, -29.377125, -27.190937500000004, -28.1953125], [-6.4180992152690886, -10.710618627309799, -11.076806085586549, -10.257020049095154, -11.001832709074021, -9.40266237926483, -8.793099624395373, -8.743546190977096, -8.723447870731354, -9.084278293848039, -9.707340880393982, -11.135653925657273, -11.485234401702881, -11.53246658039093, -10.522591297149658, -9.494733786582946, -10.793260972261429, -10.616234129428861, -10.322108879566192, -10.998716203689575, -10.429341035842896, -10.125590971469878, -9.955215923786163, -9.796233725070953, -10.705992858648301, -10.77283221077919, -12.250582681894302, -13.121922049760817], [-28.474774326801302, -32.51181994819641, -29.50713453245163, -38.87748931455612, -35.3132313337326, -34.084910156250004, -35.84978419494629, -33.46760912418365, -34.808848462581636, -37.38536779928207, -35.920493036746976, -36.20452095127106, -36.36600446224213, -30.99309757947922, -35.315788087844844, -36.59881461191178, -38.00463418531418, -36.64297481203079, -30.187662308692932, -37.355714900016785, -38.89723197078705, -30.16766901063919, -32.6239192738533, -32.903232891082766, -31.960830714702606, -33.2997898979187, -33.053537165641785, -33.72807982873917], [-1.531333547115326, -2.603527013301849, -2.9773394224643703, -4.516882706642151, -5.128213934659958, -9.225245385408401, -11.261617857694624, -9.954770916461946, -10.039717441082, -11.148153655767441, -9.585155853033065, -7.891284409284592, -7.287240020751954, -7.833409794092178, -9.052907435178756, -9.946316705465316, -8.480765154123308, -8.478274039268495, -10.12064831829071, -9.751005779743194, -9.27824499630928, -9.58632410287857, -9.64726243185997, -9.445387188673019, -8.708638670682909, -8.244906442403792, -5.725910991430283, -7.018249038934707], [-26.102375747680664, -30.304919196128846, -36.59591505146027, -38.470651568412784, -38.54028371238708, -37.980333407402036, -28.184396257400515, -35.49036929988861, -33.78903182315827, -42.39029544448852, -36.24580474472046, -36.062679800033564, -38.831307595252994, -38.13031579303741, -36.73849610710144, -37.92182903575897, -36.171319211006164, -34.94466582679749, -36.51521971035004, -37.96896823501587, -34.75016631507874, -33.856255261421204, -41.721985302925106, -31.733069371223454, -32.743356417655946, -31.258548184394837, -28.248106939315797, -34.322795567512514], [-28.70475947332382, -37.10339610576629, -34.00695678758621, -39.83131956481934, -35.01362401103973, -40.22507892465591, -34.14776605415344, -39.48118569803238, -39.415242262363435, -33.40450222015381, -36.51718895292282, -38.90520613336563, -38.19047268915176, -33.740455859661104, -34.79001970481872, -38.786953478336336, -36.749983959198, -36.40441659116745, -39.41835936164856, -42.28896218585968, -37.32758123922348, -36.19325412940979, -36.215939912319186, -34.7007667722702, -38.49790817546844, -34.58874961948395, -36.95193891763687, -38.59538156557083], [-33.872970038414, -39.16347162294388, -37.109714490413666, -38.906689875602716, -40.52982156419754, -42.51547777366638, -35.27961053276062, -39.623635362148285, -42.455669972419734, -39.737371935844415, -39.463247911453244, -44.90240779352188, -39.7680122385025, -40.26337494802475, -38.154628973484044, -41.5044450879097, -38.81789202737808, -41.535530199050896, -40.60403629589081, -39.30668958091736, -41.67532262563706, -41.188240427017206, -40.610181118488306, -39.6346499466896, -46.00316078615189, -38.86657766962051, -39.23364524650573, -41.73615569972992], [-36.7475625, -42.07275, -42.036, -43.385562500000006, -42.946625000000004, -44.3800625, -49.1505625, -41.2958125, -43.1761875, -44.0876875, -47.7539375, -46.227875, -44.1408125, -42.3161875, -41.956562500000004, -48.785125, -43.128937500000006, -49.4208125, -45.64212499999999, -44.08743749999999, -46.324625, -44.138875, -41.844187500000004, -44.0223125, -42.1860625, -49.721312499999996, -46.007374999999996, -48.740625], [-38.12761143636703, -52.47183973836899, -48.30841124629975, -49.38056035470963, -49.69131865692139, -45.13658504152298, -46.60871229314803, -44.391999135494224, -45.291185947418214, -47.39334519767761, -47.74015764474869, -48.55512640380859, -51.19568534326554, -50.4572301530838, -50.27035710430145, -46.22072730112075, -49.07578657245636, -48.85479548692703, -48.4313592300415, -48.012306361198426, -48.63388722085952, -47.762616168022156, -47.85604879713059, -48.039568468570714, -48.99628047037124, -49.42775514602661, -51.867249418258666, -53.84211464262009], [-34.00652459859848, -34.42135709953308, -37.04654408979416, -36.61607914686203, -35.19574064397812, -36.04140783309936, -39.67953178215026, -39.52058558750153, -38.628228599548336, -38.95558655834198, -39.74558577442169, -36.9172047572136, -37.77198097229004, -36.384596780300136, -39.69590802574157, -39.540880787372586, -38.878855401039125, -37.29963176488876, -38.94119405937195, -40.48792619037628, -40.48223883485794, -40.98855063438416, -39.32761439180374, -41.873872635841366, -40.9033282380104, -41.705721874713895, -41.218722590923306, -38.98209789705276], [-43.1380406293869, -48.28707968330383, -46.395706941604615, -46.16108270072937, -47.69935856151581, -47.68818596363067, -45.91543733882904, -46.740883002281194, -47.84445367908477, -48.5663095560074, -49.820247421264654, -49.2306276731491, -49.316235121727, -48.7534501657486, -47.84451305389405, -48.461051383972176, -48.39777282619477, -49.16430739307403, -47.80768504810333, -50.241648154258726, -46.868041794776914, -44.03682798290253, -47.44670244884491, -46.65718515110016, -47.5266925945282, -44.98461363697052, -49.50798278713226, -49.05163556861878], [-50.683723126411444, -55.097234803199775, -53.61542510032654, -52.00990171337127, -53.964165816307066, -57.44298063278198, -55.115049321174624, -55.7154749956131, -55.68074944114685, -54.74455519104004, -56.05436796665192, -56.004256388664245, -55.767686884880064, -55.63617910957336, -54.888618561744686, -56.597268840789795, 