{"status": 0, "spectogram": [[-10.41288410975039, -9.29563403584063, -9.273509050145746, -9.2349822640419, -9.47122333456576, -9.156455478295683, -9.5067679938972, -9.250259076669812, -9.517303716331721, -9.355035858303308, -9.15959836398065, -9.230580504223704, -9.236776937022805, -8.616509082451463, -9.019259071692824, -9.195017998069524, -9.31622336910665, -9.490455506637693, -10.208955492600797, -10.217062632158399, -10.183750129431486, -9.841759061589837, -10.396509059503675, -10.358294777259232, -10.456000135600567, -11.00312512242794, -11.27237512254715, -10.801732271701098], [-12.117544668257237, -15.047294753968716, -14.87235743355751, -14.869696701407433, -15.145312716066837, -15.030777100384235, -14.855152298867704, -14.945027479231356, -15.004768552064897, -14.772473821103574, -15.112848942101001, -15.16578635263443, -15.315634594976903, -15.231357862591743, -15.019107751846313, -15.114161265730857, -15.618072208046913, -15.730482846975324, -16.08404503506422, -16.02282178854942, -15.970509225428106, -15.651696819066999, -16.083009274661542, -15.9617147064209, -16.02692010229826, -16.57489311695099, -16.830705586969852, -16.469152138412], [-9.42366801428795, -9.67263292813301, -9.264507335424423, -8.969471602201462, -9.075328867197037, -9.017569668769836, -8.855194026470185, -9.485791563749313, -9.391764856815339, -8.874166889429093, -10.225166385412216, -10.254220131635664, -10.655684337854387, -11.608255444765094, -10.08581846857071, -9.70542575073242, -10.905880230665208, -11.15699636697769, -9.888935109376906, -9.656203090429306, -9.442497993946075, -9.458310180425643, -9.415997815132142, -9.199113760232926, -9.36667613506317, -9.149114378690719, -9.559926863670348, -9.422015817165374], [-9.30925, -10.35875, -10.69125, -10.3329375, -10.0228125, -10.058, -9.6926875, -11.367249999999999, -10.6544375, -9.606000000000002, -11.2470625, -11.353625000000001, -11.331499999999998, -10.7583125, -10.7556875, -10.526125, -10.6486875, -10.6850625, -10.804937500000001, -10.3955625, -10.1255, -10.182624999999998, -10.3484375, -10.0820625, -10.4890625, -9.8760625, -10.102250000000002, -10.4670625], [-4.770266830444336, -4.261828372716904, -4.429704210996627, -4.625659730434418, -4.401159442424774, -4.661481275558471, -6.329544438600539, -8.392509598970413, -8.801661350250246, -7.080259138345719, -9.474447388648986, -8.788491764307022, -9.55227764582634, -11.11348339700699, -9.725295317888259, -8.527187796354294, -11.598260257005691, -11.353411828041077, -8.277223078489303, -8.031097947835923, -7.827553053855896, -8.504124838829041, -8.34206211590767, -9.025464087963103, -9.890669635534286, -9.157097337484359, -9.694659786224367, -10.318615612268447], [-17.587068512916566, -16.727590409278868, -17.58921143817902, -18.013345276355743, -17.781855266571043, -18.253362647533418, -16.620986835002896, -14.965996383666992, -14.790621310234068, -15.087969133853912, -14.975595180034636, -16.216050064086915, -16.550844879627228, -15.657006433010102, -16.364255864620212, -18.150495885849, -16.190533203125, -16.839452699184417, -19.653201284885405, -19.046246199607847, -19.05203260231018, -19.241978330612184, -18.948040878772737, -18.504343959331514, -18.243227746963502, -19.25071068096161, -19.007586318016052, -18.80280904531479], [-16.867284679412844, -17.91384936761856, -17.040979222774506, -17.212345180273058, -17.720183512449264, -17.72077483725548, -18.289153263330462, -20.82902228355408, -19.866941221475603, -18.79415470671654, -22.725032178640365, -22.29520067453384, -23.18229025411606, -24.24357786035538, -22.117887974977492, -21.842913613319393, -24.647890193700793, -24.32312200427055, -21.31636719202995, -20.208464831352234, -19.981338289260865, -21.187760321378704, -20.17125929570198, -19.776045515775678, -19.87723348426819, -18.31557749581337, -18.568453166723252, -18.832088975906373], [-13.637671362876892, -12.937624163627625, -13.685247923851016, -13.715024456024171, -13.328588858604434, -14.365327220916749, -16.224131987571717, -17.965760202407836, -15.782101810455323, -17.52273494243622, -16.371109866142273, -17.280957336425782, -16.98896658992767, -16.16654874229431, -16.83111028766632, -18.634215712547302, -14.343468895912169, -14.295031717300414, -18.390342438697814, -18.02512880420685, -16.276829297065735, -17.553351211547852, -17.627791119575498, -17.790004284858707, -19.444170505523683, -14.896630508422849, -15.713130397796629, -17.125427598953245], [-22.482366874217984, -24.69917695903778, -22.72311683511734, -22.811652633190157, -23.698982040405276, -23.91626026391983, -24.113637611865997, -25.327039300918578, -24.885270954132082, -24.624986193656923, -26.08279737329483, -26.578333943843845, -26.312913792610168, -26.740796523571017, -25.639985397338865, -24.997388116359712, -25.34821609020233, -26.609180696487428, -26.909620800495148, -26.698387966632843, -27.735127503395084, -26.9491647939682, -27.334852029323578, -27.014869329929354, -26.955191640377045, -28.489472626209263, -29.15941031932831, -28.19366219997406], [-32.6426751537323, -30.2850034160614, -31.69443408250809, -32.83057700872422, -32.26723207378387, -33.315612443447115, -35.92485805749893, -34.24176478481293, -33.83806014394761, -35.41260985422134, -33.036054061889644, -34.54443468332291, -33.55682063198089, -32.734859405517575, -34.20122989654541, -34.45743156766892, -31.981511847019192, -33.88215354013443, -38.94870387077331, -38.81935636091232, -38.0961971449852, -38.86402579879761, -39.41790031814575, -39.033527835845945, -39.257545507431026, -37.104185404300694, -37.95737154388428, -38.40274458408356], [-33.630562499999996, -34.3613125, -34.797937499999996, -34.6994375, -34.4685, -35.277874999999995, -35.645375, -35.059312500000004, -34.744125, -35.20975, -34.804625, -35.28212499999999, -35.561562499999994, -35.305375, -34.9715625, -35.3740625, -34.8675625, -35.354625, -37.3798125, -37.184062499999996, -36.9486875, -36.041875, -37.3675, -37.3498125, -36.879000000000005, -37.4290625, -37.444375, -37.4939375], [-35.120446988105776, -37.49774041318893, -36.977301455497745, -36.350606544494624, -36.15464063739777, -36.278213418006885, -33.75815418100357, -35.563222341060644, -35.092016489982605, -33.50337731456757, -37.03124808597564, -36.361989743709564, -36.66138200616836, -37.02621092891693, -35.231087239265435, -34.59339413356782, -35.98690644073486, -35.952363024234764, -33.632556988716125, -33.18498591613769, -34.024330931186675, -33.0649661617279, -32.91040583181382, -32.84436032962799, -32.25196889972687, -34.088935698986056, -34.39249881839752, -32.55318175125122], [-37.93761748075485, -37.36830679893494, -39.333181282997124, -39.17002107810974, -39.41015459012985, -42.11066312789917, -42.9832254652977, -44.0104036231041, -42.28152892923355, -40.55131542539597, -45.596377180099495, -47.1308322224617, -48.89449235486984, -50.216749505043026, -47.099376359939576, -45.69421615791321, -47.308375872612004, -48.825027165889736, -49.70321493911743, -50.635892371177675, -52.965229646682744, -52.1243275103569, -52.99032725763321, -52.47771973562241, -50.5199082479477, -50.510934980869294, -49.23793543767929, -48.27532018375397], [-38.6526265411377, -39.865564063072206, -39.93225179100036, -40.516439230918884, -39.573983299255374, -42.482341285705566, -40.485965539932245, -41.8624300365448, -41.50076879501342, -40.245929342269896, -42.091054830551144, -42.69547513294221, -42.89802792453766, -42.548045832633974, -41.02223377418518, -40.72886711978913, -40.89876063632965, -41.33381405735016, -42.46962652206421, -42.53355386734009, -42.91688475704193, -42.76140240192413, -43.90383854293823, -44.01597314739227, -43.96826823234558, -45.4714206457138, -47.06935817337036, -47.84156312847138], [-43.17287504005432, -43.1235739364624, -43.19788621807098, -43.523064713478085, -41.864609405517584, -44.87346601104736, -42.67502897167206, -43.912483997344964, -42.57056459712983, -41.659198909759525, -44.39244893074036, -45.09554620456696, -45.020618351936335, -44.71514413070679, 