{"status": 0, "spectogram": [[-26.63883033208549, -46.857758787289264, -45.489196131587036, -45.71088370208442, -40.92863384391367, -42.27749990430473, -45.81812482297421, -43.99899975353479, -43.64331219603122, -46.336080286428334, -43.00845516876877, -40.28596415492892, -42.817330134704704, -46.52491940803826, -45.21466943345964, -47.222356865763665, -48.154026540353904, -43.13727670635283, -49.70652661739289, -45.76084806330502, -48.654258632406595, -45.66922320987285, -40.62472316779197, -43.75518734873831, -41.92498217725754, -42.315981971472496, -51.005231818735595, -39.98116950045526], [-6.511910832881927, -5.828982766151428, -5.371420232951642, -5.3525988286137585, -4.9090363107919694, -4.984232703566551, -6.1754203338027, -6.173563188970089, -6.099982827305793, -5.803268493890762, -6.25670603531599, -7.069411409139633, -8.106554333925247, -7.89673290336132, -8.423045392096043, -8.048714951634407, -7.513616678178311, -7.85774172180891, -7.496304223299027, -8.025456064879894, -7.574464976787567, -7.700554243922234, -8.171679294228554, -8.547393619179726, -8.297929288029671, -7.96677746552229, -7.207527435362339, -7.406500682830811], [-19.83685660839081, -26.121212290763854, -28.16808730649948, -27.499782334804536, -27.645613595724107, -28.30158816432953, -23.774521638154987, -24.199558034181596, -23.923906223773955, -26.253737161397936, -24.405549889087673, -24.862122800827024, -22.056950117349626, -21.94819149160385, -23.028128056287763, -27.438076257467266, -30.6360316901207, -28.430388796329495, -27.71613741874695, -25.89981633424759, -26.47775400805473, -26.823146587133408, -24.996835296154025, -22.702665573835375, -24.605184181928635, -27.526067768096926, -28.4533178191185, -25.727693038463592], [-19.283375, -30.686812500000002, -30.5258125, -37.189062500000006, -32.034625, -27.759625, -31.2758125, -32.792125, -34.629125, -37.6123125, -36.8948125, -34.164500000000004, -37.4243125, -36.502624999999995, -42.393125, -38.507, -33.819562499999996, -41.722750000000005, -40.785187500000006, -37.5899375, -40.217749999999995, -36.7626875, -38.975125, -37.623562500000006, -31.157187499999996, -37.6785625, -38.752187500000005, -36.5315625], [-3.139829268217087, -2.079362632513046, -1.7856131355762481, -2.48330930352211, -2.644684453725815, -2.0214794273376464, -4.909352840423583, -5.150977898597717, -5.322263616085052, -3.480326802492142, -3.712326171159744, -5.086335091590881, -8.364512293338777, -7.914923167228698, -8.792860265493394, -6.423263967514039, -4.950014659404755, -5.504701791048049, -5.555326617956162, -6.73018308520317, -6.792076105356217, -6.441692261695863, -8.08312942147255, -10.09353005361557, -8.941727330684662, -7.489835203647614, -6.527023035287857, -7.596325801134109], [-6.972362141609192, -14.546591848850248, -15.873903259277345, -16.911949236392978, -18.505218241214752, -15.848560543060302, -14.683940850257875, -14.756484425067903, -14.945002585887908, -13.963518413066861, -13.06870834350586, -12.601973792076109, -12.594010805130004, -12.744216508388519, -13.996341588497163, -16.45843944454193, -17.795617513656616, -18.513745497703553, -17.03755740213394, -15.47822568130493, -16.25200160741806, -16.235082683563235, -14.92558167076111, -14.653322948932649, -15.428135268211363, -16.717563866615293, -17.909937692642213, -16.269054713726042], [-17.50010743141174, -26.921722104310987, -31.227599177122116, -34.12039680433273, -29.63444636726379, -24.80725161075592, -31.88031217312813, -32.77442812204361, -29.800430100440977, -33.50624737787246, -31.22143797278404, -26.705723536252975, -35.48633847093582, -38.830456229448316, -28.458393157958984, -36.65818327498437, -30.066689373254782, -33.41909705710411, -36.62778473377227, -32.66726709365845, -40.34343761086464, -31.40793379855156, -27.738809123277665, -29.884489854574205, -26.47629375910759, -31.648351268529893, -29.32815794277191, -33.19066875481606], [-20.210293209075928, -20.514259077072143, -20.88338490867615, -22.977340029716494, -24.315171617507936, -22.93742200088501, -26.45904189491272, -27.871515616416936, -30.505901950836183, -25.74542737674713, -25.810988269805907, -26.927390568733216, -31.010136837959287, -30.419611686706546, -32.01373769187928, -29.025231215476992, -28.375741369247436, -26.934019133567812, -28.737392104148867, -30.574195456504828, -31.157949606895446, -32.70489094257354, -35.23964210796356, -33.634581842422484, -34.13621527576447, -35.45097107696533, -34.62291111660004, -36.953991348266605], [-22.01865157556534, -21.8298320145607, -26.00214392089844, -28.465099374294283, -30.331347630977632, -27.902151076793672, -25.575904950618746, -28.9506706032753, -30.280367898464203, -27.756600136280063, -24.480601424694058, -25.53562736415863, -28.146066101551053, -28.72276054430008, -32.502636716365814, -29.132402824878692, -30.08663460111618, -25.75087672138214, -27.315876512527467, -29.016813702106475, -36.16140227174759, -34.89404585027695, -32.28117190885544, -35.52760075521469, -37.73397342634201, -36.72973491573334, -35.622295526981354, -31.12974067544937], [-34.108022638320925, -30.802189567565918, -39.19812180757523, -35.617815356731406, -30.25461779975891, -30.389232102870942, -34.2700379781723, -36.692882438659666, -35.199931579589844, -29.510641716480258, -26.02301423597336, -25.70560693979263, -32.92173154735565, -28.947422653675076, -28.174112360954283, -31.451981253147125, -30.14245747089386, -28.18676000499725, -30.295261100769043, -29.048449388504032, -38.18152656888962, -38.335396276474, -36.800960145473475, -34.40116856527329, -35.46103486537933, -35.85785891056061, -38.867420819759374, -39.45770783090591], [-34.8016875, -36.2515, -34.581125, -35.0624375, -35.1545625, -38.571062500000004, -44.123374999999996, -41.3825625, -41.0228125, -37.6944375, -34.591249999999995, -38.894, -43.224937499999996, -41.008625, -41.580875, -41.15675, -43.835875, -42.61225, -41.37718749999999, -45.4924375, -41.08975, -41.6566875, -48.50575, -40.5005, -43.70975, -44.58775, -41.8100625, -43.3753125], [-45.31240893507003, -40.48500379657745, -50.23649571704864, -46.824786715984345, -45.69359389638901, -42.40548506355286, -44.629607957839966, -48.55760687303543, -47.32007870197296, -49.24572289276122, -48.0345955467224, -46.16106031513214, -44.99743704843521, -41.82560851240157, -45.07829123306274, -49.44771438407898, -46.055122902870174, -49.453145429134366, -50.17651940202713, -48.297800167560574, -49.49195122671127, -48.31294291067124, -55.0608730392456, -51.392257359981535, -48.57818148136139, -46.96615889787674, -44.03066861391068, -47.82902259731292], [-39.059872751235964, -33.1056973733902, -34.49188445043564, -41.2113322930336, -38.130536369323735, -38.57339358901977, -36.56064279556275, -36.538830969333645, -35.79968775320053, -37.93426961040497, -34.25114300251007, -36.33502658128738, -33.869516208648676, -37.17329278326035, -36.837480921745296, -34.113713954925544, -35.168510698795316, -37.07291218090057, -34.835036101341245, -35.9369371342659, -34.2514734749794, -34.60405386829376, -34.00242786216735, -37.39922095251084, -36.31484697675705, -40.655116858959204, -35.757616962909694, -35.4482054810524], [-49.852144756317145, -55.771729734420774, -52.95191629695893, -52.60655089378357, -55.31030942440033, -51.632511286735536, -51.60432150268554, -53.17313578128815, -51.4031354970932, -50.35478378105164, -51.5765368976593, -50.699651928901666, -50.05775258636475, -47.71221754837037, -50.18846632003785, -53.52373921871186, -50.474861794471735, -53.816975902557374, -53.04272896957397, -50.15890052890778, -50.24694601249695, -51.12264181137085, -50.13183139705657, -51.18044069766998, -51.88100046348571, -53.95286390781403, -52.27586377620697, -50.53803579711914], [-54.93060565567016, -56.46590332889557, -54.85746370506287, -55.281254056930536, -55.576062266349794, -57.83552023124695, -57.56626880836487, -60.59459331703186, -61.68163369655609, -55.98774141216279, -55.03837139225007, -55.274701259613046, -58.1026071434021, -59.71415042209625, 