{"status": 1, "spectogram": [[-22.124517850607635, -34.82374103836715, -35.29774089036882, -32.88883908572793, -32.041660579413175, -34.87192849943042, -33.846428470432755, -32.08190164034069, -31.95220524416864, -33.97883914327622, -33.72171412318945, -36.10444625681639, -32.01562482532859, -34.394580330029136, -35.73314269691706, -31.36679453380406, -30.649723051413897, -32.29474987822771, -31.875624882608655, -35.16009796731174, -34.77891051808, -30.335562391206626, -31.32081236888468, -31.996437417492274, -29.440598116323358, -34.152928406953805, -31.457178371638058, -31.456169543489814], [-11.175883741557598, -8.754223099410535, -4.175785665750503, -4.74154447978735, -4.727794568002224, -2.6879910487532617, -7.644365921318531, -3.7837857210636137, -5.377348132193088, -2.9209373769164086, -4.827874978780747, -5.477651649057865, -2.5700266086459163, -4.253508836090564, -5.445758738219738, -4.106838980317116, -3.324696199655533, -3.095107037067413, -4.518482082247734, -5.5899553155303, -4.984803323984146, -3.7001961379051207, -3.575321166157723, -3.5438301363587383, -3.4573480154871943, -4.0144552263617514, -4.732830223023892, -4.832106969237327], [-28.433455911874773, -29.971347141981123, -30.16309525561332, -33.10940965795517, -26.18001613473892, -29.632879501104355, -28.014319597244263, -31.002292838335038, -29.794863986730576, -31.728168879270555, -31.595480683803558, -34.17201586723327, -38.77545512127877, -36.792233285427095, -34.25567183661461, -38.042001363277436, -42.68038705897331, -31.011507954359054, -32.72788572621346, -32.18510845851898, -37.88832278442382, -34.797008519887925, -38.83576061034202, -33.037518297195426, -33.45269627475738, -36.85026896715164, -33.968519215583804, -33.61569946241379], [-21.037875, -28.780562500000002, -26.034375, -21.063875000000003, -22.4831875, -21.28725, -28.781625, -27.731125, -24.2485, -18.2534375, -22.665625, -19.9500625, -18.72625, -15.836, -12.9883125, -13.779, -15.960625, -18.81725, -16.6774375, -14.429124999999999, -12.5226875, -13.5806875, -15.656625, -17.4238125, -16.368374999999997, -15.9534375, -17.5503125, -18.980624999999996], [-25.471411000728608, -26.32513303875923, -25.651072532653806, -24.700662106037143, -22.057063010454176, -21.42066142463684, -23.60503528833389, -25.695437670469282, -23.70838461279869, -34.66752953600883, -26.78602840924263, -23.966340443611145, -25.051009369134903, -27.565216427326202, -32.01977887749671, -27.736019321918487, -32.92326145243645, -23.44475983405113, -32.28063643240929, -34.768262299776076, -30.080724383592603, -29.085554433345795, -28.131930597782137, -34.92713729739189, -36.58130691814422, -30.850966962337495, -30.818528517961504, -30.910644385337825], [-22.329336553096773, -21.333608843803407, -17.74679746103287, -23.30540369653702, -20.60032166481018, -25.257634894847868, -18.30707396697998, -20.136467248916627, -17.91239347267151, -21.75875778722763, -22.269321452140808, -22.872922318935395, -19.2081631231308, -19.45021374130249, -24.06053218793869, -23.11729718732834, -25.570927938461303, -27.264892971992495, -26.3174540476799, -22.034384058475496, -22.601519470214846, -20.260678879737853, -23.286929265022277, -20.839339814186093, -19.37021472644806, -18.756911999702453, -24.042043417930604, -22.253912623405455], [-16.924229131221768, -16.363477038383483, -16.947107385635373, -17.08383179450035, -18.384660613536834, -18.159571259975433, -21.836450228214265, -21.604033530712126, -23.641161520481106, -18.740134747743607, -18.08456779241562, -19.90751573896408, -21.49048049020767, -18.507099805355075, -20.16585945272446, -19.3575654361248, -15.323997480869295, -19.183617908716204, -20.78761513781547, -18.355454465627673, -21.91501956129074, -19.26074360537529, -20.248241223573686, -17.997400579690932, -16.66705345249176, -18.83291052341461, -24.070853099584582, -18.28805693435669], [-26.496081108093264, -22.257508355140686, -18.587012276649475, -24.139036993026735, -23.768015670776364, -17.57076602268219, -20.792320724487304, -18.900628715515136, -21.43610622215271, -20.126743418693543, -19.462613879203797, -20.187664163589478, -17.779924319267273, -17.140244437217714, -19.24980125808716, -15.090760710716248, -20.421382153511047, -17.825734066009524, -21.057354385375973, -18.768150952339173, -18.816856952667237, -14.907306528091432, -21.265239983558654, -22.224070211410524, -23.122082859992982, -19.98439413070679, -19.561589079856873, -20.449163965225218], [-20.265840213775633, -24.26131080389023, -22.49499723625183, -20.150108662605284, -22.675810460567476, -25.30297273015976, -22.400158624649052, -25.281149250507355, -22.36347385835648, -24.88128537559509, -21.25353584957123, -20.89514327430725, -23.013025998592376, -21.49237599945068, -18.395252156257627, -15.948098890781402, -20.550081485271452, -21.680126389503478, -22.18043538045883, -18.81875857686996, -17.96643710947037, -16.739428594589235, -20.63092971801758, -20.626543196201325, -19.72299878692627, -19.524695382118225, -18.043572043418884, -20.20241004371643], [-31.369433589458463, -35.573409292221065, -26.77310913896561, -28.495611344337465, -28.8269222035408, -30.193838423252107, -31.75045745515823, -30.06357274866104, -29.031144024372097, -28.25237465906143, -33.93887798070907, -30.589310329437257, -27.419625932216643, -29.478950417995453, -28.937135770797727, -31.464709321022035, -31.07854412269592, -28.385756376743316, -29.70000962114334, -32.09212785768509, -30.708605994701383, -31.725060541152953, -34.63587804079056, -32.44661530685425, -34.28259279727936, -27.957803328990938, -35.97574185752868, -31.363641615867614], [-33.25212500000001, -28.516375, -28.8676875, -26.133, -29.30625, -24.774625, -29.7896875, -27.351, -26.029875, -32.830687499999996, -28.92775, -28.8411875, -26.1160625, -29.676000000000002, -30.259625, -24.1965, -26.7621875, -24.459937500000002, -27.7376875, -26.2503125, -29.0853125, -25.983249999999998, -30.392375, -25.083437500000002, -25.338250000000002, -25.7868125, -26.4640625, -28.036749999999998], [-44.208194421768184, -38.605706786632545, -43.77200891971588, -44.96658623456955, -37.98519698524475, -38.38621988105774, -36.874214653968814, -44.674653937339784, -40.008338935852045, -36.43923055744171, -36.01917031908035, -37.1239068698883, -36.671530485630036, -37.470999519348155, -40.35830748891831, -39.83531553411484, -38.61068163967133, -33.651554236412046, -38.57592514801025, -35.76428229379653, -39.68818801641464, -43.86852952671051, -39.029279995918266, -40.23610094308853, -38.349146356105805, -39.33374753093719, -35.32431681585312, -37.964940142154695], [-36.17661497735977, -33.968884821414946, -37.67894672870636, -36.2947330160141, -34.7842798409462, -38.876938478946684, -34.677062427043914, -34.717633606433864, -34.24377065753937, -34.99155286502838, -34.122053124427794, -31.22205508422852, -35.68187644290924, -35.77678871536254, -34.83659985017776, -34.39654453706741, -32.875921897411345, -36.54975339031219, -35.94081597852707, -33.83017295503616, -32.760848230838775, -31.756875175476075, -33.66299995040893, -32.9462868347168, -35.19364347934723, -34.14793034172058, -36.81786800909042, -33.45854625082016], [-32.86037069702148, -35.878434706687926, -37.50787044525146, -31.422959560394286, -34.41898660373688, -36.77915380859375, -35.95578256034851, -37.8733061800003, -36.408133228302006, -39.10678020858765, -39.86509470081329, -38.41597129440308, -36.80757221508026, -34.895335620880125, -32.815776055335995, -35.63144183731079, -40.436063169479375, -36.52751181793213, -39.10507629299163, -36.67539825344086, -38.41961514091492, -39.82170981216431, -44.63214029216766, -42.36493488311768, -39.18551111412048, -37.79835385227203, -44.11053768920898, -42.98602577209473], [-45.5784331331253, -49.057051574707025, -43.949491583824155, -46.50049911880493, -43.731297780036925, -47.75153272628784, -45.93359709262848, -44.68417689704894, -44.52791141510009, -45.41938677597045, -45.63689123344422, -43.93447872543335, -45.77463334751129, -44.58816627120972, 