{"status": 0, "spectogram": [[-31.992223245903848, -54.13583906176686, -53.28083902364969, -53.01590166522563, -54.911776795789606, -58.631758804038164, -55.35544623732567, -52.52258900216222, -50.10721416443587, -51.93674972647428, -53.336562245860705, -53.95487485855817, -54.17449093662202, -53.71549091659487, -52.94555331215262, -52.112919481024136, -55.82857132411004, -54.266169523105035, -46.7038570074141, -52.689723154321314, -51.60841936142742, -53.77446396028995, -55.58802655963599, -49.52391053509712, -48.971106936186544, -54.22835687309504, -52.0897945367843, -46.37730336269736], [-10.627258631408214, -9.10227647691965, -9.26483895635605, -9.359240727841854, -8.766169280946254, -8.96364250612259, -9.0890174959898, -9.296160356879234, -9.571856784820556, -9.121338903069496, -8.439588895201682, -8.331169266045093, -8.401963914990425, -8.384428241014481, -8.391428231835366, -8.73222284847498, -9.146821075439451, -9.071678199529648, -7.366553232789039, -6.580008620917797, -6.465838997244835, -6.484910409092903, -6.591035363078118, -6.4003031945228575, -6.39279428654909, -6.546874636769293, -6.7476871196627615, -7.0016246197223655], [-35.977614645719534, -49.75193866753578, -48.66537499523163, -47.93323350143433, -46.021795114278795, -46.536786228656766, -44.6013475534916, -49.30093787360192, -47.98233076310159, -45.827410539150236, -44.34053555679321, -45.06566998887062, -45.957125708103185, -47.01717931747436, -49.889679768562324, -44.30243769574166, -49.36926006388664, -48.91323399019242, -48.76910761070251, -48.177339686393736, -46.18849091982841, -45.69460763978958, -45.01529523444175, -52.0716901204586, -48.99093946909905, -48.62026024746895, -43.16344655036926, -48.737420877695094], [-5.153875, -6.0684375, -5.92275, -5.7525625, -4.882562500000001, -5.3598125, -5.502000000000001, -5.8660625, -6.139312499999999, -5.305375, -4.8455625, -4.8441875, -4.8781875, -5.455125, -5.372, -5.05725, -5.438062500000001, -5.2265, -4.299875, -3.903375, -4.275125, -4.0135, -3.321375, -3.062, -3.4118749999999998, -3.294625, -3.2014375, -3.4383749999999997], [-29.32289474725723, -47.742282564878465, -47.61321951580047, -45.240048734426495, -48.116763358831406, -45.416611073017116, -49.51029935240746, -47.146691387891764, -47.33337912750244, -49.81762021613121, -52.35287050843239, -49.60489717769623, -46.456476910829544, -42.198048480272284, -44.735611410617835, -47.774486352443695, -43.82778914308548, -44.604127825737, -39.182565806627274, -42.91984455490112, -45.52118494606018, -44.26213072156906, -43.391066597700124, -45.58351234984397, -44.89496865749359, -46.88246891641617, -45.757467500209806, -42.32964480638503], [-16.95583324432373, -24.24583733034134, -21.985025909423825, -20.237535545825956, -16.961072379589083, -18.38321467447281, -17.732965165615084, -18.367402545928954, -19.03050052118301, -15.254850006103513, -13.71997529029846, -14.675064037322999, -15.215206729888916, -19.912838942050936, -20.26490142917633, -16.869251156330108, -17.722179528713227, -15.89165308189392, -17.160464688777925, -21.97507823085785, -23.159596724510195, -22.376140755176543, -16.323080602645874, -13.284037245273588, -15.621393410205842, -14.920947421550752, -13.763260460853578, -13.87343937110901], [-20.811697122335435, -23.917910116672516, -32.0717286427021, -29.612108516693112, -31.09178689479828, -30.11181381058693, -31.67600109815597, -27.38630899977684, -31.273804337501524, -29.467978325366968, -29.467914407014845, -27.70355838894844, -27.181639458179475, -26.26481289076805, -26.748124371528622, -26.231361548185347, -26.526167315244678, -29.57520307612419, -27.055206670999528, -21.5813205986023, -17.102174704074862, -21.593508238077167, -28.478635625600816, -31.373117441892624, -27.75554521489143, -30.455270024299622, -26.79995059990883, -27.55008464670181], [-24.56059854125977, -36.26607507801056, -44.55395945453644, -37.25348028564453, -37.4753062505722, -38.27831478118897, -34.61781650161743, -35.997836141586305, -35.816134999275214, -34.36806166648865, -35.02268020057678, -34.83402582931519, -35.0887403869629, -34.159916790962214, -45.359033286094665, -39.764532080650326, -36.41292279434204, -39.87448533439636, -32.83555587863922, -37.26455581951141, -35.042385713577275, -37.46019603824615, -35.624762767791744, -32.11677680587769, -36.9462452507019, -32.201235495567325, -35.53185205936432, -31.420170249938966], [-10.67822450494766, -14.19307803440094, -14.084764831066131, -13.448853547573087, -11.913415180206297, -12.55010310792923, -13.233165006637574, -12.512799100399016, -12.989852941036226, -10.846351547718047, -10.446351558208466, -11.29137868118286, -11.688870220661162, -12.912764528751373, -13.82045202922821, -12.312557855606078, -12.450281633853912, -11.793236207008361, -12.133800186634062, -12.420042226791383, -14.174453890800475, -13.134230167865752, -10.86904060268402, -10.0822982878685, -11.373790225982665, -12.203852584362032, -11.707476550579072, -11.6153962392807], [-20.24100072145462, -21.776321167945863, -22.927574326515195, -25.596718108177186, -26.31837755870819, -25.696968777179716, -28.805975509166718, -32.26139032649994, -32.86450674390793, -34.13161990499497, -33.4550576210022, -32.246669046878814, -32.09095382928848, -30.60303046321869, -31.223783215522765, -33.472021565914154, -30.076187636852264, -30.197265109062197, -27.947568335056307, -26.882744009971617, -25.633968842983247, -25.966568824768068, -29.428566913604733, -29.51673100471497, -28.7237478723526, -30.809888501167297, -31.991134976387023, -31.89823906087875], [-34.732, -37.183875, -37.892625, -36.5764375, -38.032624999999996, -37.15325, -36.0118125, -36.58, -37.124875, -38.44825, -37.827, -36.885875, -38.030125, -35.7615, -35.8800625, -37.3196875, -39.245562500000005, -41.549062500000005, -34.8054375, -33.0318125, -33.1595625, -34.998937500000004, -35.511250000000004, -35.53175, -34.8316875, -33.877187500000005, -33.707875, -34.789437500000005], [-29.652369095802307, -32.404848892688754, -31.822281710624694, -32.16513628387451, -30.420552511692048, -30.531474884986874, -30.450410149097443, -32.172750043392185, -32.65383084869385, -32.0867901096344, -31.41878881931305, -31.079987661361695, -31.00553265714645, -32.87488860988617, -32.66113634109497, -31.854507375717166, -33.44969702005386, -32.20238151454926, -31.206887568473814, -31.98190097761154, -32.05599418783188, -31.443107735633852, -29.57134876060486, -27.89535388422012, -28.459357600688936, -29.15157928371429, -27.84963944196701, -27.979353349208832], [-42.69767276573181, -51.670003268241885, -50.86094114923477, -47.45608670473098, -43.85874153423309, -44.374070885181425, -42.906697060108186, -44.67538342285157, -44.18766016626358, -40.1323773407936, -38.39325309038162, -38.98129656600952, -39.596429961681366, -46.41337993717193, -45.22819352197647, -41.343223806381225, -43.14636528682709, -40.356251289844515, -43.9884969534874, -45.986780846118926, -45.98716529750824, -47.725976094722746, -40.829856195926666, -37.753394649982454, -39.818312108039855, -38.33508079814911, -37.35401994276046, -37.499287968158725], [-53.1302505493164, -57.07591838932037, -58.336728281021124, -58.10042541885376, -60.50507289409638, -58.685815357208256, -60.01300035953521, -59.94625138568878, -59.19276082229614, -60.45344470119477, -60.44513021850587, -57.84740877246857, -58.163079032897954, -57.82495012378692, -55.86707590007782, -58.359018351554866, -56.93502901649475, -57.511865831375125, -55.149931538581846, -54.251426361083986, -53.132705832481385, -53.77413311481476, -53.532002179145806, -56.11331987667084, -54.62857295322418, -55.67840204811097, -58.06027537536622, -58.72963257217407], [-44.992933081626894, -39.25565008735657, -40.52108498477936, -41.32942189884186, -41.194748096466064, -40.83706063365936, -42.31506068325044, -43.7178335647583, -42.57805726146699, -42.30569486904144, -39.900820521354674, -39.93091761207581, -44.068600468635566, -38.3070427904129, -41.177041014671325, -41.536572346687315, -38.56027132129669, 