{"status": 0, "spectogram": [[-32.38159823401272, -43.637258823230866, -43.730758841022855, -43.173258846625686, -43.139928471773864, -41.716776649400586, -43.44102662871778, -39.03908029069007, -42.86366072642804, -41.66463381926715, -42.081821338027716, -41.54096425914764, -40.51078566518426, -44.87309817181527, -45.239160514473916, -42.048071275085206, -43.28756243018806, -43.25182131895423, -44.10950882981717, -42.289473095700146, -43.330607116192574, -42.43267849344015, -45.27049110548198, -43.109857060313225, -43.012714184761045, -42.55323201018572, -43.52379450665415, -43.799276679322126], [-23.262822497725487, -25.853063968360424, -26.902501677036284, -25.348528412401677, -24.462956974446772, -23.38843898588419, -23.04093891710043, -21.99009075772762, -22.101314068496222, -21.91078730332852, -24.005600048840048, -23.931599854528905, -23.072510522425176, -21.691921124994757, -22.2581086602211, -23.26250165104866, -23.76008214145899, -23.02432303392887, -22.681198065280913, -22.31054638260603, -23.157742817223067, -23.876698021888735, -23.679947991371158, -24.47050169360638, -23.97859998077154, -23.876001738786698, -23.858376804351806, -23.678082041561602], [-13.472035193443299, -13.498330498933793, -13.489392922878267, -12.14116069984436, -11.1756606259346, -10.912035602569581, -10.592535673141482, -9.440053384304045, -9.051937310934067, -8.489080186605454, -9.223955353975295, -10.344884088754654, -9.859446383953093, -9.507410455226898, -9.966597805738449, -9.967142490386962, -9.935669223070143, -10.107829914331436, -9.455267370224, -8.804097584962843, -9.422276347875597, -10.657330252885819, -11.10708022284508, -11.301874803066255, -10.833945953369142, -10.894704899072646, -10.740704768896105, -10.935713786125183], [-17.813250000000004, -16.532125, -17.002875, -16.0715625, -15.474562500000001, -15.390062499999999, -14.614812500000001, -14.4090625, -13.97575, -13.570500000000001, -12.855625, -13.067062499999999, -13.68625, -14.2909375, -15.807749999999999, -15.386375, -15.561562499999999, -15.932187499999998, -15.6714375, -15.946937499999999, -15.226125, -14.599374999999998, -15.723749999999999, -16.187375, -17.599875, -17.7674375, -18.483625, -18.1568125], [-29.07624563860893, -36.016721842288966, -44.623474131107336, -33.62774787783622, -34.08709623384476, -33.72712316346169, -31.035497556447986, -31.547649364948274, -29.229764812707895, -33.07626615309715, -29.895078071117403, -32.68331132936478, -34.68237393641472, -30.859291967391968, -35.48966759538651, -31.227514686822893, -29.987433757305144, -38.52423980283737, -32.16811285400391, -36.76147097492218, -30.810746487379074, -37.03069557404518, -33.66631926894188, -33.544497514486324, -33.78117523694038, -33.677925259351724, -31.05936149978638, -36.10802413225174], [-23.498785724639895, -33.571159469604495, -32.406782906532285, -31.595542494297028, -29.11058039522171, -29.70982743883133, -32.9599535689354, -29.724183542728426, -26.933639051437375, -30.134996333122253, -29.83412269115448, -33.819848232746125, -28.299150238513946, -27.445228505134583, -28.088599231719968, -28.851403026580808, -29.386097937583923, -30.700981795787815, -27.68079477024078, -23.83299097728729, -25.82592988348007, -32.35938938331604, -34.305202706813816, -30.005952340602875, -26.918503015995025, -26.808100620269773, -22.521601624488834, -27.349394080638884], [-18.68983938527107, -23.30385468363762, -22.45129390382767, -21.764451048374177, -18.47810513997078, -18.72719912290573, -18.069016550302507, -15.912215662956235, -15.459671254396438, -15.269742000818255, -16.875433182239533, -21.254602108716966, -19.142619911909105, -15.943061715841296, -14.656812967538833, -16.405370718955993, -14.55667082095146, -15.781327414751052, -12.762583442926406, -11.474601464986801, -13.301037845611571, -18.711233047008516, -18.46567426419258, -18.682528039216997, -15.109110164165498, -16.673190083265304, -15.48550207042694, -15.857367707490923], [-14.234380423545836, -16.43628913784027, -15.682477659225464, -14.557916068077088, -13.092069154739379, -12.527926588058472, -12.56892569732666, -10.460463315963747, -9.72772232913971, -9.069391952514648, -10.53526430130005, -12.84461920928955, -12.304648427009584, -11.121017784118651, -12.046082407951356, -12.909350087165832, -12.315466371536253, -12.907458104133605, -11.150021104812621, -10.44271037197113, -10.457636384010316, -12.882024437904356, -12.817837928771974, -13.96631161403656, -14.447154532432558, -15.500244267463684, -15.368058645248414, -15.062146072387696], [-16.45448704242706, -18.49275594997406, -17.998317600727084, -16.83999545145035, -15.642575427055359, -14.99420032310486, -15.033263156414034, -12.862074372291566, -12.295985196113588, -12.321208501338958, -13.141522413253785, -15.080791554450988, -14.049218482971192, -12.540886616230011, -12.749322558403016, -13.462153359889982, -13.03113521337509, -13.329268849372863, -11.664893319129945, -10.841937309741974, -12.192483260154724, -15.002164229393003, -15.286664098739625, -15.880038745880128, -14.571081186771393, -15.063983068466186, -14.336732244491579, -15.057634452342988], [-26.664987425804135, -26.310188172817227, -26.702750505447383, -22.905808515548706, -21.49538192272186, -19.770052422046664, -19.34692556810379, -17.640518912792206, -17.32887636137009, -17.922928861141205, -19.83998719406128, -23.40183704662323, -19.441424409389494, -15.935957921981814, -15.713774188518522, -15.961747053146361, -15.367845790386198, -15.922373306274412, -15.178249839782715, -13.880976091861726, -14.945168333530427, -19.698640788555146, -19.04876795721054, -18.98174197196961, -16.595694799423217, -16.55540944480896, -16.42272481584549, -16.08987546348572], [-40.427, -39.735312500000006, -41.617875, -41.976, -41.2590625, -41.095124999999996, -40.147062500000004, -38.553374999999996, -39.09825000000001, -37.6050625, -37.728875, -40.19975000000001, -38.516999999999996, -39.013, -40.646187499999996, -39.5703125, -39.2836875, -40.9638125, -40.150062500000004, -40.423375, -37.20975, -38.785187500000006, -39.552125000000004, -38.180687500000005, -38.8566875, -39.9225, -38.8160625, -39.349125], [-41.98363674163818, -43.12290533447265, -42.96478092098236, -39.50130696105957, -38.30793157196045, -38.961081312656404, -39.37501873397827, -35.90130724716186, -35.0885280661583, -35.13626938056946, -36.06808119821548, -38.99887985277176, -39.05312924098969, -37.31012170219421, -37.702432627201084, -36.95511309099198, -37.39448531866073, -37.81181602096557, -35.93619016838075, -35.49446162748337, -36.42660111808777, -37.592656038761135, -38.77303149938583, -38.8551951379776, -38.339039085865025, -38.030127483844765, -38.935624837398535, -38.73685853910447], [-39.400706006526946, -41.07367937660217, -40.77324264383316, -38.60793054866791, -39.064895523071286, -39.68197609949112, -39.54928789901734, -37.71481664800643, -37.12500389385224, -38.00460151052475, -35.78928769302368, -38.19508978176117, -37.44785920810699, -37.5654418759346, -39.90919356298447, -41.19002494239807, -42.27018599796295, -41.59805174684524, -40.480363592147825, -38.892201634407044, -39.40439955711365, -40.03428882789612, -40.56616405200958, -43.443539968490605, -43.328623238086706, -41.30008551359177, -42.8885856423378, -42.674130737304694], [-36.52879770469666, -39.433774565696716, -39.15046475028991, -36.58261618328095, -37.97481385707855, -37.92111910915375, -36.56899115276336, -38.05992247104645, -37.99454478549957, -39.18711628246308, -37.77761209964752, -39.35315223789215, -37.07268745136261, -37.10835010433197, -39.38934670352936, -36.02655308914184, -37.05949096393585, -36.36198208236694, -40.50529183292389, -39.11343267536163, -39.900345334053036, -39.328392608642574, -40.788145458221436, -40.20986727428436, -39.81770379161835, -39.46616656970978, -41.57528927516937, -38.481355445861816], [-42.15429924964905, -44.17446204471588, -46.062589545249935, -44.06186742782592, -42.34139321613312, -44.788214323997494, -43.019901748657226, -40.19641161823272, 