{"status": 1, "spectogram": [[-24.308701271714604, -47.64697451673601, -45.12496558002641, -44.81395533947646, -43.8749398093701, -45.57059712572671, -41.92703533559881, -46.52854445865961, -46.09701647520766, -45.51274727021067, -46.541071457833056, -47.095154728633446, -46.54567047559154, -44.432410711323726, -44.4504006506605, -41.31444899220857, -46.010591135143315, -46.35268752841652, -45.77022222616473, -43.220339980889044, -44.11120904972117, -46.604823897249815, -41.08216482853636, -41.542791931151406, -45.66808919474482, -45.27228848758476, -46.28486044446231, -39.2514584328943], [-8.375149798645653, -6.305892471497156, -5.688246985986518, -5.654241945087909, -6.001414164482327, -6.096745843872734, -5.993888270959543, -7.6152191270528995, -7.456534043015254, -7.250388706209709, -7.09966166639328, -6.757485558738514, -6.777935848663043, -6.964346505030067, -7.316189402456152, -7.186016407686847, -7.837618032484627, -7.787492061913014, -7.2338767606396726, -6.7347139343838345, -6.875495917646265, -6.8182240312695335, -7.093824081884398, -6.95510444924419, -7.10386702591181, -7.360939493480953, -7.0104364433847195, -6.60523300838469], [-16.253620212053814, -18.806198564432144, -19.591829184381396, -18.601967682600023, -17.88121786229966, -17.300136017770303, -18.28499533584668, -17.91264148962256, -17.780876138862062, -18.170095092656688, -18.109904024600983, -18.919875709640685, -18.04198708018975, -17.60676455905543, -16.916077515558914, -16.714401398877282, -16.82322577898811, -17.98488754272461, -18.907254885980386, -19.711857492563897, -18.650939721106987, -19.158036170391433, -18.472762906413745, -18.51533945851264, -18.26834285902977, -18.72725677716643, -18.84079154766608, -18.6961842711556], [-22.421348010331393, -41.26179469811916, -43.83307200527191, -42.9411875, -41.593848770618436, -39.19743750214576, -41.12987420749664, -42.14007999277115, -42.45910773086548, -44.841543960094455, -42.722812499999996, -44.04514345550537, -44.87539277267456, -40.592730693817145, -37.583884614944466, -32.64346507644653, -34.52601799201965, -37.7545, -37.51714052581788, -40.03548184013366, -39.719919126510625, -37.68262711715698, -33.53542225456238, -34.19767366409302, -39.502625, -43.05372032546997, -43.19298929023743, -37.37150524711609], [-16.6731529934516, -15.871891696024843, -13.572165828235237, -13.759852096080778, -15.024947122072225, -16.184648978875472, -14.912828250023841, -19.124927454733932, -18.60642090791022, -17.829224746918225, -17.041494772911072, -15.409823000546945, -16.63476118271755, -17.023925471029937, -18.578013743469157, -18.05666863322264, -21.03882240893402, -20.224854200839996, -17.445296883116523, -15.947134772860172, -16.354530521806353, -15.807745268622828, -17.328622534687465, -17.465136764816766, -17.348409012317656, -19.32677964939912, -17.85024649966444, -16.523380966010997], [-7.434956476326434, -6.664641822797955, -7.525771067422488, -6.361856393337249, -5.399191473532708, -4.6303819771492885, -6.07825509256257, -5.422187221585292, -5.20651003723745, -5.416489786517861, -5.66172075843811, -6.771347550829517, -5.9996346009702535, -5.496159576377074, -4.949774164200237, -5.0688907748239, -5.0010693926036405, -6.709166340827942, -7.728443765952543, -8.295484591503424, -7.905744254909921, -7.820115663966383, -7.065330812541054, -7.4422319820844285, -7.632345626831055, -8.276578335927596, -8.126743753658593, -9.533648702592313], [-27.488993988219022, -30.80466925590889, -31.76863956037816, -30.945525845766067, -31.956775542857862, -27.27465228700604, -28.383235354561382, -29.894740221222914, -34.1102464910374, -32.4057174097909, -32.26827626204491, -31.223632796691803, -37.34438495115093, -33.08312576497735, -34.97397280866178, -27.73665819127251, -25.024382311048814, -32.495435199022296, -31.170807909241468, -27.60480602745726, -28.33745385697586, -28.880094625370504, -27.553746206857063, -28.028197204704046, -31.723070956707, -32.85324822470128, -36.732660407752405, -35.683710890447436], [-20.602903108545284, -31.73820653655107, -29.149165172671633, -30.00730142402649, -32.821987526203074, -31.100648156882304, -32.21281666419556, -32.74707118249402, -35.34360008091698, -29.03872722820264, -34.8276943435669, -33.620715674418946, -33.6658778944199, -36.10344091336223, -31.976055523736346, -28.45409704266848, -34.808789900531835, -34.330836079597475, -32.49090729705528, -34.12318620634808, -38.504129519806966, -33.72759253402378, -34.39781124770225, -34.01884864645271, -33.641494881629946, -34.3850065460637, -33.99917106828064, -32.80719672263108], [-23.168400680992654, -22.280900678838982, -20.491663993117633, -20.666980929851533, -20.824330588846717, -20.43034393312014, -21.50388832345253, -25.283579914404548, -24.432666934635737, -25.20242581624389, -23.510946380138392, -22.75325891263124, -24.6340071457159, -23.851994183082063, -24.697183375738284, -22.930869841069025, -26.51095812343999, -25.915915412902834, -25.84026107663679, -23.765882666860257, -26.313710535818846, -23.62721756288904, -25.175590980845385, -23.863999617646826, -25.967169214248656, -25.986704695407298, -26.63723559166673, -24.76971289221995], [-26.859292774472312, -24.84548865440918, -23.77638851699573, -24.391186345100405, -25.71957026069057, -26.54109043224976, -27.785363310717184, -31.54570901205133, -27.918413325037967, -29.953355548021847, -28.949057771682735, -28.08089783632493, -30.663913331110308, -31.35063797589684, -34.244136899318235, -31.23574395063856, -36.396928679372444, -33.30377690267562, -31.99906182739774, -27.549774971114985, -30.31759565189667, -29.58714430960908, -31.53592082501129, -32.99963590330784, -34.11483979606628, -34.3434858054668, -34.605296297085836, -34.240505423818284], [-38.5202500039339, -38.84092859935761, -37.71851771092415, -37.894000000000005, -41.231562286853794, -45.51521501159668, -40.745224541187284, -43.32668609666824, -40.58750924015045, -44.33467818260193, -43.238312500000006, -38.257643661499024, -40.11421388244629, -42.60045474433899, -42.286401395797725, -39.66825024795533, -40.88026729393006, -43.3348125, -38.86758466148376, -41.063483106613155, -41.197956518173214, -40.66866124343872, -38.29866875267028, -39.20734894180298, -43.215562500000004, -42.30006184005737, -38.99547473907471, -41.961962669372554], [-40.89794917337025, -42.962216471328944, -42.271537709177466, -39.088327760696416, -41.12994449570706, -38.090372294402364, -41.51176622118172, -38.54497565903966, -40.70782206740544, -39.44873089924626, -41.22668857383728, -41.55179191749936, -39.43816635828527, -40.20705704783469, -39.211918007702955, -39.07583723837101, -38.35573155103295, -40.68003207302093, -42.695620437569865, -44.02382723631202, -42.20737426198337, -41.00818722163381, -41.10933804494081, -41.824608894417494, -43.38155668497086, -42.623046316980556, -42.92433447870853, -41.95831067294475], [-42.162786345079866, -41.214166512019744, -39.770334065062805, -39.549851041793815, -41.817058143713076, -43.32987229304875, -40.1084718973197, -42.8482433910171, -43.68491668629179, -44.15394032028768, -43.31336128759384, -41.75325691175157, -43.15631920673364, -41.112052358686725, -41.64686554240234, -42.4830238526893, -41.16239830339056, -44.73721891641617, -44.72814618951423, -42.272445587459565, -42.98856981882584, -43.49276025959848, -39.90483329140467, -42.31316985112481, -42.88273612356186, -41.98137615757468, -41.361366066178206, -40.126210573363714], [-38.10968494864743, -34.34792097292625, -34.57061664617533, -33.05631575202942, -33.81004625148166, -35.44598084994228, -35.911033710401526, -38.41238898770568, -39.909227660822786, -39.09232244625883, -38.287852663040155, -38.63424796205325, -39.79007240431647, -42.347995796244184, -39.0700181356548, -39.77108705041747, -40.83262516531717, -42.357868740081784, -42.16838715561122, -40.65671695495138, -38.425373846715786, -39.341124504576925, -39.24317247157451, -42.179892730111554, -43.0672169523239, -41.79209592424188, -42.99595117277786, -41.70967497000349], 