{"status": 1, "spectogram": [[-36.941794626429676, -56.36082140192389, -59.44450879658759, -56.040973101541404, -56.40178551360964, -56.08048201316595, -58.66591965667903, -55.12803560307622, -57.34024981051684, -58.524508766576645, -54.78038384626805, -58.04558013947308, -55.78410704055428, -61.82117852249742, -59.20674096353352, -60.82154454506933, -59.17046421328187, -56.76633934912086, -59.8572766456157, -59.576812408998606, -57.28134807167947, -58.091749920398, -61.450625019401315, -55.963419554635884, -60.332106968164446, -60.07519627332687, -60.172383819088346, -55.029651777550576], [-19.511644201517107, -16.21692047673464, -16.154170465767386, -15.920607938647269, -16.287224023997783, -16.45172401839495, -16.48559901016951, -16.60225079548359, -16.600777568876744, -16.492688258707524, -16.546500755786894, -16.26269717335701, -15.820804297685623, -15.43300070130825, -15.296875689029692, -15.58633107036352, -15.694607874274254, -15.843777539789677, -15.866215048909186, -15.920938276112079, -16.308161497235297, -16.359277550041675, -16.27902753573656, -16.35400967603922, -16.497188251554967, -16.427777505218984, -16.425402500927447, -16.52317035859823], [-20.717683511972428, -25.12549453735351, -25.40224410581589, -25.8862716357708, -25.872280235290525, -26.200056497812273, -26.52030701184273, -26.79062859940529, -27.501610482454296, -28.55195027375221, -29.0758251311779, -29.22911127209663, -30.0830669426918, -31.335164382219315, -31.82522704553604, -30.350745034694672, -29.49753969359398, -28.459378856897352, -27.72381662273407, -26.755387528896332, -26.95759318947792, -27.871968280553816, -28.5465314950943, -28.673155742168426, -28.75894133043289, -30.216200842142108, -30.697700527429586, -29.36981728935242], [-36.6225625, -50.718, -49.383625, -48.071312500000005, -49.62237499999999, -47.6941875, -46.1454375, -48.902750000000005, -47.67775, -48.291375, -49.425375, -48.937625, -48.717187499999994, -49.15474999999999, -47.578875, -47.016375, -48.5471875, -45.584, -47.3335625, -49.127562499999996, -50.1798125, -47.31675, -50.8906875, -47.852000000000004, -46.62025, -48.710499999999996, -49.686125000000004, -43.158500000000004], [-15.428808929681779, -17.739232790231707, -17.254607218980787, -15.816082458019258, -16.31912640452385, -16.322224419593812, -15.769600482940675, -15.760395192861559, -15.28949417591095, -14.672145990610122, -14.554208633422851, -14.334342811346053, -13.897030699729918, -13.135093732595442, -12.777906403541563, -13.331870164871216, -13.772387807369231, -14.411101419448855, -14.214038990259171, -14.763449440717697, -15.220654533863069, -14.391173097133636, -14.241360644578933, -13.9217892639637, -13.961307072877885, -12.934120216846466, -12.7369327814579, -13.4861733045578], [-6.8077714538574226, -7.7365545086860665, -7.99405478143692, -8.516992764472961, -8.3749031457901, -8.756563968658448, -9.261751696109771, -9.83710004901886, -10.482350120544432, -11.500350563049317, -11.883850648880005, -12.092868573188781, -12.65040437412262, -13.669181499004365, -13.887744141578676, -13.124833424568177, -12.110270521640778, -10.901180906772613, -10.406180872440338, -9.605761102676393, -9.718466319561005, -10.719180819034577, -10.987180537700652, -11.294806002140046, -11.30692205429077, -12.220877580165862, -12.519565220832824, -11.872618565559387], [-23.231875214576725, -41.83173915076256, -44.51005224514007, -38.80924961376191, -40.90914191484452, -42.7900088236332, -39.055942443370824, -41.683533743858334, -42.381659796714786, -40.20118901276588, -43.36381008601188, -42.317809596776954, -42.732569745063785, -42.293388680458065, -40.00157971596718, -39.91500352358818, -41.16804159474373, -36.03534447360039, -43.86815463113784, -47.00197423171997, -40.97931192278862, -42.63966023015976, -47.87966272497177, -39.16542458152771, -37.93853379106522, -41.53362214899063, -42.52361664009095, -37.900651479482654], [-27.465312034606935, -33.83215770339966, -33.297283805847165, -30.797661256790164, -32.86192749214172, -32.03732999897003, -31.899143117904664, -32.58293779277801, -31.293733886718748, -31.116252183914185, -30.749127492904663, -30.569189974784855, -29.250200134277343, -27.150112562179565, -27.101862726211547, -27.759612083435062, -28.595057443618774, -29.858520519256594, -29.483895576477046, -30.59806391811371, -31.35189375686646, -30.223251806259153, -29.36569011592865, -28.76821764945984, -29.48613662815094, -27.576772426605224, -27.390085036277767, -28.56211984539032], [-19.135146920204164, -18.668462181568145, -18.856586981296537, -18.26311308860779, -19.40372953748703, -19.570488341331483, -19.46973801803589, -20.51904169082642, -20.674246729373934, -20.542076543807983, -21.02895141220093, -20.782478147029877, -20.252745296001432, -19.82421771717072, -19.50877998685837, -19.670102028369904, -19.59087927818298, -19.824835233211516, -19.49877283382416, -19.445487498283384, -20.14946101236343, -20.45637131357193, -20.089808367729187, -19.87089756298065, -20.095299393177033, -19.988405800342562, -20.00953069639206, -20.61642399263382], [-19.789371423721313, -20.459593501567838, -20.80146973752975, -20.041917821407313, -20.463926286697387, -20.601979882240297, -20.339667967319492, -20.396980417251587, -20.266615473270413, -20.835965034484865, -20.263903980731968, -20.32847514772415, -20.62995069026947, -21.111247651576996, -20.697247969150542, -21.107130659103397, -20.852664543151857, -21.318332255840303, -20.63664423370361, -21.119080276012422, -21.275874447822567, -20.45586694383621, -20.675617988109586, -19.86762730884552, -19.639011074542996, -19.332549172878263, -19.076674945354466, -19.88424481630325], [-42.46962500000001, -42.288, -44.1185, -43.799437499999996, -44.52612499999999, -45.80575, -42.353875, -44.7400625, -46.320375, -42.229937500000005, -43.7393125, -45.21575, -42.2290625, -41.2644375, -40.621312499999995, -42.9814375, -42.0531875, -47.0103125, -45.6986875, -45.59943749999999, -45.4451875, -46.429125, -44.7434375, -43.57275, -44.9123125, -43.91975000000001, -45.5161875, -42.9545625], [-47.67740925598144, -57.85086183071136, -57.05967274427414, -56.97919398927689, -55.96206042957307, -55.26529216575622, -57.66128634357452, -58.48024021482468, -57.964525606632236, -60.08301343059539, -60.2871995358467, -62.893304666996, -57.50089281415939, -58.05379502677917, -54.44999160623551, -61.01475329208373, -58.35976220703125, -61.31740488719941, -58.20615647506714, -58.30159729766845, -57.19440483856201, -57.967590809345246, -60.135833299160005, -58.512577940940865, -60.2920482878685, -61.15654167604447, -60.63722780418397, -61.10056617927551], [-47.33415884113312, -48.23688248395921, -45.58244461727143, -46.579758016109466, -46.37531982898712, -46.0074006524086, -44.866275642871855, -46.05414192581176, -48.59468559026718, -47.56997455644608, -45.834660309791566, -49.42752696275711, -49.94194605255127, -47.74662777519226, -44.708125440597534, -49.20221438884735, -48.118973970890046, -45.56439278507233, -52.765580410480496, -47.66025039768219, -48.14195391035081, -51.92151916790009, -51.606516971588135, -51.596071022033684, -48.94826158952713, -51.619239247798916, -49.523678751945496, -51.22426777458191], [-50.312275470733645, -51.05572011566162, -50.77278357982636, -47.57696171283722, -50.639166082382204, -50.09761509895324, -49.911675122261045, -51.324157624244684, -48.51005884361267, -49.49699511814117, -52.193805740356446, -50.722235692977904, -48.153286573410035, -48.56109875011444, -48.283910329818724, -49.29809923648835, -49.95044772338867, -47.576351519584655, -47.120914560318, -46.503254108428955, -49.1614702129364, -48.75883577442169, -48.38458260250092, -48.35122672748566, -49.452422961235044, -53.16751778411865, -53.61358216571808, -54.68789403152465], [-60.75364718341828, -60.89591957187652, -59.06748153495788, -60.44520494937896, -60.767338899612426, -60.69275792598724, -58.07050825595856, -57.668688164711, -57.669001180648806, -57.488628089904786, -56.945940482139584, -57.02552186584472, 