{"status": 1, "spectogram": [[-26.62224996289611, -47.17942854395508, -47.387116064980624, -41.207928384870286, -41.32765171267093, -38.542687344029545, -41.14606226254999, -42.609089026272294, -41.183124865114685, -43.31758912345767, -44.716401554659015, -42.395723151937126, -38.90192849236726, -39.086892662733796, -43.550017699152235, -45.75431238199771, -44.14201778957248, -26.261776922449467, -43.207214069902896, -41.71176752254367, -41.121205181762576, -37.144749891847376, -42.200249898642305, -44.99138383577764, -42.52618735961616, -41.11733012549579, -42.84076775676012, -43.471196318596604], [-6.010786709070206, -10.265162186264993, -11.895099747478962, -11.047760292232038, -8.842483312010764, -10.394662158846856, -9.927662070274353, -10.801340634822843, -14.958073122859002, -14.416305147886277, -7.3438670467734335, -6.969822459459306, -7.372608147025109, -10.350688716351986, -12.148501271367074, -11.28145658582449, -8.699510084688663, -10.118912053704262, -9.800536970615386, -10.206929903149604, -10.24129594486952, -9.310581567108631, -8.520268976449966, -9.447295892894267, -9.819063787639141, -10.112403132140638, -10.593278181135656, -10.327322768330575], [-11.75458459186554, -12.348048914909363, -14.353924130439758, -16.610521419763565, -17.935636929512025, -13.993566889286042, -13.377879241228104, -15.928307061433792, -15.957264105319977, -18.15425452685356, -21.772627549886703, -20.746315855026246, -19.29158283138275, -19.456948552370072, -20.521199355840682, -21.215109939336774, -18.54628946328163, -16.354136479377747, -16.55982460331917, -14.955976906776428, -16.624252736330035, -18.02252902507782, -18.038467038393023, -15.73016348004341, -15.115217461824418, -14.463574917554855, -14.298449983358383, -14.351342860460282], [-32.3021875, -44.421625000000006, -48.005624999999995, -49.6765625, -53.244249999999994, -42.526812500000005, -41.7988125, -50.8545, -46.194374999999994, -48.932937499999994, -49.923437500000006, -49.396125, -42.0126875, -51.333625, -51.96975, -50.93275, -44.946, -44.542375, -48.8110625, -47.169812500000006, -44.8084375, -41.8920625, -44.22525, -47.729125, -49.0166875, -48.5051875, -48.1035625, -47.6639375], [-24.570027112245562, -38.271349088430405, -41.916036079883575, -41.9162678937912, -37.18102626109123, -34.90174121642114, -35.52761663269997, -40.60428564834595, -43.154685782194136, -39.6394896337986, -25.695112241983413, -22.472898629903796, -28.661319928646083, -37.764053044319155, -43.38349130797386, -38.65542562198639, -29.086362766027456, -41.99264235401154, -40.01726794338226, -39.83104465317725, -38.63231233859062, -36.07379381299019, -29.876792145013813, -36.45302605128288, -39.881705728769305, -53.99624544596672, -45.38218000745773, -38.54186520504952], [-14.866016158103943, -14.17371306037903, -19.50908844566345, -20.140143112182617, -18.074770592689514, -14.445660264015197, -15.606910460472108, -19.457258652210236, -25.13065838432312, -26.76716831636429, -20.174050786495208, -15.613701729774476, -16.84653100442886, -21.449859085083006, -25.677857776641844, -23.27381454896927, -14.681333149433136, -12.788072095870971, -12.841884946346283, -12.524920040607453, -14.031670397281648, -13.828189879894257, -13.033565471172334, -11.823447800636291, -11.671232736587525, -12.344482270240785, -12.291232132911684, -12.196545008182525], [-12.877872128725052, -17.937884738922115, -23.490073042154314, -32.17096184539795, -30.551446095228197, -22.520144352197644, -22.572708380699154, -28.89216466164589, -25.894845780849458, -35.91567117643356, -33.32510316109658, -31.870740334987637, -30.81793538618088, -36.95339601874352, -37.28945515060425, -31.516341771125795, -26.157284314393998, -27.887650812387463, -30.571838991165162, -24.22133628177643, -29.843562478780747, -31.735953157663346, -31.055699934720995, -27.823213796615605, -27.541849386930465, -25.76187461900711, -20.880621283054353, -25.173526268720625], [-24.364364418983463, -36.63304564666748, -30.42780270195007, -31.057747625350956, -29.291304346084594, -30.074960515975953, -32.55096028327942, -33.31475506687164, -37.49664362716675, -35.868539597511294, -29.432032294273373, -24.69474647808075, -30.787758077621458, -38.692782639503484, -36.75527067089081, -36.408709438323974, -32.89696940040589, -39.13639830493927, -34.66864926624298, -31.591089809417724, -30.861290877342224, -39.76752982902527, -32.017028993606566, -33.505046389579775, -31.609947162628178, -33.163012701988215, -35.879379986763, -34.65463384914398], [-29.098548036098478, -38.26888792753219, -43.03513636827469, -39.94820961809158, -31.580889739513395, -38.54481620931625, -42.48931877946853, -40.10084302425385, -44.982242169857024, -44.31926518106461, -33.60739093255997, -30.061365133285527, -34.89644653272629, -43.55902600002289, -47.499830598354336, -43.90747802114487, -37.65424869394302, -50.524983985900874, -42.781049145221715, -45.47516396713257, -52.621267384529105, -40.87141835594177, -35.818612211704256, -40.97021292066574, -45.64375594425202, -46.614769264221195, -46.08795723009109, -45.84234080410004], [-45.721382686614994, -44.780400149822235, -48.404087396621705, -44.468942719459534, -46.83476650047302, -43.94316016864777, -44.067652023315425, -49.47149192619323, -48.080238465309144, -47.80909425735473, -44.50645216560363, -41.89750933170318, -42.2991936917305, -53.1749825220108, -53.82567355966568, -49.0208911318779, -46.088781099796286, -52.206001541137695, -49.40600630760193, -48.94610734510422, -53.18900985479354, -53.031051154136655, -50.176486223697665, -52.23043496847152, -54.709254104137415, -51.585661177635195, -51.14860006952286, -52.48661419916153], [-44.8644375, -48.032625, -47.6856875, -51.470937500000005, -51.2015, -46.9651875, -46.738125, -49.83618750000001, -51.9654375, -51.59225000000001, -53.0535, -47.8671875, -51.3899375, -56.0139375, -58.86993749999999, -58.327187499999994, -51.481812500000004, -49.554, -52.3194375, -50.610937500000006, -58.2060625, -54.706875, -56.577187499999994, -55.067625, -53.011562500000004, -51.642125, -55.996125, -52.443625], [-46.02702358531952, -48.61399718904495, -57.26829163742066, -57.261554625511174, -52.68215166378021, -46.87268073654175, -48.934049164772034, -57.8472468533516, -62.38439126110077, -61.76405938053131, -60.769923242568964, -52.759836649894716, -55.026714848518374, -61.225787789344785, -59.98366856575012, -60.47226026487351, -51.320480228900905, -49.669786442756646, -50.1990328950882, -50.758595107555394, -53.010118592262266, -63.19530493164062, -51.67674575471879, -49.43900523900985, -48.23705950689316, -50.60067782115936, -49.85793126869201, -47.8138918542862], [-47.27069518852234, -48.416592150688174, -52.10821334552765, -54.84409695863724, -50.341606018066415, -50.670486741065986, -49.76554614591599, -54.6440357913971, -53.287195444107056, -56.58303644943238, -55.96828376102448, -49.75561219835282, -57.07783522510529, -54.596464152336125, -58.26852360105515, -62.21588286352158, -52.951962691307074, -51.85751368951797, -55.69701337575913, -54.89207564544678, -58.483015408515925, -58.58876229095459, -56.61882653951645, -52.92227861738205, -53.53330693244934, -55.055975661754616, -51.6627869682312, -54.16677253723144], [-53.53504069614411, -57.08551195526123, -62.28744909954071, -60.96511214733123, -59.31385270500183, -55.255574065208435, -57.26388660621643, -62.33464871120452, -63.11653973293304, -65.32088928794862, -59.86264357376099, -57.41056778335572, -59.76405080795289, -62.3601930141449, -65.25225300502777, -62.857958198547365, -58.09716185283661, -60.223098716735834, -66.23596663093568, -60.83935525417328, -61.16129322814941, -56.960814027786256, -57.432878617286676, -59.48726897716522, -59.27303493976593, -58.62153763866424, -62.200477622985844, -61.468221614837645], [-44.757296021461485, -45.251697284698494, -56.048876563072206, -52.69043253993989, -50.90129370880126, -47.751633934020994, -50.62557381725311, -57.02249114990234, -56.63154712867737, -55.399111607551575, -59.24892210388184, -51.4555551290512,