{"status": 1, "spectogram": [[-42.49594969345614, -59.17619367390993, -57.188265313890525, -55.842571086883545, -53.579337327200555, -54.0577769423602, -51.29844833117601, -51.49619589883218, -53.0872327143197, -49.1026529290968, -48.19649991691112, -47.98447915727022, -47.36573587409816, -46.5261026557708, -48.51781970836668, -47.26574758322137, -49.81669743072238, -44.90242857646942, -52.40254038207633, -51.30777589420392, -47.865855422462744, -54.56203356300325, -45.22688482366536, -45.63989054446323, -52.21471407938004, -49.74532693646388, -50.155522370584066, -23.62206443374016], [-6.501091761757067, -3.5665101035444096, -3.5380509090691206, -3.6746427378654483, -3.7074795041862787, -3.4386631026511276, -3.400428472110204, -3.492755023255633, -3.50417335982225, -3.460836615299693, -3.3844998955726626, -3.2505100783231304, -3.403397824608548, -3.180234416543218, -2.9821733573699585, -3.016397853627497, -2.9474489806622866, -2.8283570160865783, -2.9375816484470834, -3.1012141451835658, -3.2780611841046032, -3.1962243906721635, -3.174550930101044, -3.2240712577956305, -3.2652855873107907, -3.269754838924011, -3.286448638701926, -6.148297506361489], [-14.362143257867013, -44.92880570616768, -45.727469688515086, -44.9608582611084, -43.3840494457749, -47.911743503760036, -51.59853248833162, -53.572692147809576, -45.70053795022395, -45.86582833206417, -45.44185758590698, -39.59713340415765, -40.126448847011574, -37.616549358173266, -39.69641081000369, -38.692664759013006, -38.242769322609306, -37.95385744857788, -48.26822457578036, -38.88986717697069, -38.34077474952218, -46.775820745079315, -37.60738548784828, -36.16587318903032, -41.565501153945924, -39.24892689105417, -38.09696294441957, -17.965151916698833], [-12.173428757235406, -12.936071418642996, -12.828785705804826, -12.708, -12.976857082843779, -13.080642781734468, -12.99964286327362, -13.818999675273894, -12.913857000350953, -12.594642853260039, -13.412, -12.73899993467331, -13.271785623550414, -12.75835672569275, -12.744572233200072, -11.723500155448914, -11.848785943984986, -11.669, -12.233500211715699, -12.221928665161133, -11.816071264266968, -12.894999351501463, -13.207856693267821, -12.414642685890199, -11.094, -12.588927902221679, -13.224929136276245, -5.8742809467315675], [-12.224317632608464, -29.31994559653682, -32.00593538258755, -23.878575786590577, -30.32473992176413, -30.081881743182326, -29.001118615062968, -28.792626885831865, -23.609422089751575, -22.619392163773078, -25.030505311965943, -22.78316776472205, -22.30433149853555, -26.067528807154403, -23.628506245749893, -23.617424273938894, -25.322363460813495, -22.69650403022766, -26.389143383297103, -23.35553446785266, -21.551491537404722, -28.805420614049535, -16.926818007215726, -16.991642049652718, -14.353286884307861, -19.291898816633445, -22.997602559694876, -13.989625718833857], [-20.739415293045923, -32.35716329779664, -31.42566468753825, -26.769713890075685, -30.735253941789395, -36.99047771202808, -35.47449792926644, -31.875806869427436, -29.202525977018546, -26.08978358738731, -29.93735696792603, -24.759786163943026, -26.037429974011445, -24.88019595154097, -26.976670770295698, -25.16898405832142, -27.820658265483523, -23.477001190185547, -32.09300282910694, -25.725624238228235, -22.819234557755014, -27.959688169598053, -21.374529260383213, -19.21508123939052, -18.561069995880125, -23.667973825255935, -26.366511351410026, -9.198815327624239], [-7.703961488670865, -4.643317147495827, -6.196011550455653, -6.978501619338989, -6.792185063342691, -6.806389086674708, -6.401082736895988, -5.836908487874991, -6.699470782669461, -6.932480962081778, -6.64207242012024, -6.76312379102321, -6.8687866408485245, -6.640511231792464, -6.251317135284843, -6.762695825245919, -6.682216196469006, -7.108216745376587, -6.482869518922281, -6.921205623120732, -8.28320746017056, -7.04471591976779, -6.6993167288839, -7.498214799880197, -8.478002563476563, -7.490215772629308, -7.389888722711686, -8.34086135973413], [-26.34451411956313, -35.86955337666768, -32.170851196277525, -29.16900242614746, -30.750883220419624, -37.015112015944396, -37.72773515931907, -36.37538135602438, -32.55714139352432, -34.482116330196234, -31.63036157989502, -26.290776912933175, -26.862522868622023, -26.459573024202896, -27.71916623952391, -26.536125186725407, -28.218646298137596, -24.54257125854492, -35.17599124990607, -29.80157088293503, -27.839846239403617, -36.257436377111794, -23.458544687249507, -23.27383721890337, -26.47378993988037, -26.641564468704516, -27.005212132594373, -25.49082268126804], [-16.7419487021649, -28.639338935657598, -26.334913160844785, -23.250287940979003, -25.806234224649934, -27.46760390872867, -27.5307603139344, -29.09253967589838, -24.26615659410099, -22.540370147598203, -27.484144943237304, -24.24802033287141, -22.530358404159617, -22.95360289343973, -26.968501019611693, -24.271840451863763, -24.818963501406717, -19.455930126190186, -25.51101935337821, -24.339419284995216, -21.355180631752532, -24.738564976865934, -18.58363369713931, -16.98886733092073, -15.422789043426512, -19.45905491809713, -21.705743222020118, -13.822797710884567], [-20.884635583872072, -24.295105614007856, -24.11247590814791, -25.546487079620363, -25.43115069204456, -25.58370079486697, -25.309077144033967, -27.998101834580943, -24.785475203145758, -23.570354633700752, -23.757413291931154, -22.98400663081995, -24.90218810412378, -23.018373468011927, -23.77379204633033, -22.038417421477227, -22.439895631460114, -21.032419609069823, -21.979733273388664, -22.47896650131399, -20.520397525595254, -22.08997497426567, -24.818135694465333, -23.16153882701805, -19.155564941406247, -21.63279376158587, -21.782089101400853, -16.910011774854166], [-32.69564335858077, -35.012714242100714, -33.315285852432254, -32.8735, -33.80685668134689, -34.24564214873314, -34.63842872071266, -36.43485621976852, -33.011427625656125, -32.09192877435684, -33.3315, -30.724999819278715, -32.01907126331329, -30.257855857849123, -32.60278853416443, -28.85385757923126, -28.49007289218903, -27.8755, -31.036285380363463, -30.354785900115964, -30.116928606033326, -31.73864292526245, -31.100928234100344, -30.46457134723663, -27.628, -30.858855937957767, -32.221644496917726, -28.386783002853395], [-36.105936378075626, -49.89419413701628, -47.57958972643763, -46.915431900024416, -51.201656836909024, -48.47799585509485, -49.31551482380112, -50.04460652625319, -46.35443463485133, -44.19930592168163, -47.9884217376709, -43.09773023556719, -45.058484226265946, -41.85595766383209, -46.05726179975045, -43.172031861189176, -42.2723624627267, -40.27649781417847, -46.60351273379567, -42.27477578671206, -41.619517522188154, -46.5054844407044, -38.48972751446186, -38.49907291108702, -36.364001831054686, -41.136927377977955, -42.99720102150146, -34.1237101380065], [-27.963751309641147, -35.38787214965477, -33.76982689021618, -34.902509174346925, -36.82716379107214, -35.81977626399543, -34.29510263717908, -34.9020118589401, -34.45791736378863, -33.508745247014204, -33.578581405639646, -30.452293278830226, -31.90453826456674, -31.002516049754284, -29.608590648886192, -30.139315067623386, -29.94822483158398, -29.505006546020503, -32.05573478135899, -30.8210487572614, -32.422404568923945, -32.86914300595603, -30.245760116283932, -30.944839195600494, -32.87857517242432, -32.90192354614736, -33.2601277657311, -29.81434318654875], [-23.601308887916616, -25.365713478149438, -24.34988856861822, -25.10073635864258, -26.65319484147222, -26.68314476136763, -26.184778829453048, -27.884741918458985, -26.72377555109445, -26.173431731302742, -27.093378639221193, -25.28548715282941, -26.398108856804832, -25.5731381294482, -24.63414990265673, -24.009233304435416, -23.902040448390224, -23.069371665954588, -25.054317370915975, -25.498466268870093, -26.761252056860744, -27.738081478434093, -28.07015418842659, -27.687471043192883, -27.071083900451658, -28.50431025664578, -28.606044043830742, -31.250532617170393], [-38.743972981739326,