{"status": 1, "spectogram": [[-30.81977680878341, -48.352178479492665, -47.69711591477692, -48.13541057914496, -47.78139276343584, -49.11826781192422, -46.957517921417946, -48.885633924409746, -46.11596423274278, -33.509410977005956, -33.22497348819673, -38.44466088947654, -50.242133915528655, -51.52188396166265, -50.27507133448124, -49.56041066682338, -48.55745533989369, -49.22845514653623, -49.44070523475111, -50.81774995872378, -46.873598281249414, -31.850643070071936, -31.595518148332832, -35.78799112905562, -47.83333019243181, -46.901464074760675, -49.56446416887641, -46.900839305937296], [-1.6841785322427751, -0.9810447677969932, -1.0083573142290114, -0.9865894569158553, -0.9052144368886947, -0.9292144590616228, -1.1806519299149514, -1.5938483555912972, -1.9585803996920585, -2.055651863515377, -1.9913393681049345, -1.918589439868927, -1.7154466452598571, -1.5157145041227342, -1.9754645202159884, -2.280982331395149, -2.246169817864895, -2.2556698530316357, -2.2809823603630064, -2.290277008354664, -2.1426787626743318, -1.9320626339316367, -1.8370001064538957, -2.097437658011913, -2.058142997503281, -1.8954197947382925, -2.067669831097126, -1.9994019483923913], [-28.8615628926754, -43.01243756842614, -36.0064363963604, -42.08306192421913, -41.484803078651424, -46.957135215997695, -39.73882166290283, -47.714473578214644, -38.98780346822738, -22.60815272974968, -23.1470903635025, -32.534260558366775, -43.74729402995109, -50.85429524493218, -42.61423163080215, -43.93673232984542, -50.372992114782335, -46.80680431938172, -42.66580348348618, -44.1623392829895, -43.16513349795341, -25.36526023077965, -23.692947514533998, -31.36100969910622, -48.748866966485984, -46.6927952363491, -42.97141966557503, -42.87507268953323], [-18.2309375, -25.88325, -24.7916875, -29.0096875, -28.933125, -31.333, -26.344625, -27.7823125, -25.341250000000002, -24.987812500000004, -26.1340625, -27.301375, -31.5045, -34.299625, -34.8189375, -34.3945, -33.3536875, -30.165750000000003, -30.396749999999997, -33.5123125, -31.1346875, -25.7023125, -25.463437499999998, -28.1, -33.305375, -30.392125, -29.7205625, -32.07875], [-12.689617799997329, -10.410814059019089, -8.707313481092452, -8.808063441038131, -9.548465489864348, -9.25882228565216, -10.538760160207746, -11.55007271718979, -17.821217058181766, -18.33464523124695, -18.10833260655403, -14.269492379426957, -10.8026433300972, -10.969482548236847, -11.044169833421705, -12.96571500492096, -12.955724123716355, -11.732813072443006, -11.728937883615492, -11.827616445302963, -12.27274170613289, -14.727965628623963, -16.29921611690521, -14.062786852836608, -14.062331679105759, -13.58561742901802, -11.816929326057434, -12.579643818855288], [-25.325554252624514, -29.183150395870207, -25.69465278863907, -31.845439452648165, -33.55481567239761, -37.322759570598606, -27.501758155345918, -33.25908015680314, -28.74854665994644, -20.502387428760528, -19.081886225223542, -21.978822286605833, -34.2820041179657, -40.0081523861885, -34.300151656627655, -36.755598616123194, -36.447525924205785, -33.71746502208709, -26.66058921432495, -37.02418642091751, -32.6698667550087, -20.78573271560669, -20.03123530673981, -26.764383025646207, -33.53070571279525, -29.086669890880586, -30.3002960524559, -31.305936892986296], [-8.224140670537949, -7.825761660814285, -9.68638966345787, -11.210868338346481, -9.853976476430894, -12.938290530920028, -9.931423352956772, -11.785591619968415, -7.62016244339943, -9.228313067436218, -9.908935571193695, -12.472050424337386, -16.28743267583847, -17.112285187721252, -18.84060212302208, -15.75835125184059, -17.220669368982314, -17.40942569041252, -18.169492694377897, -17.68687432217598, -16.55925432777405, -13.956665095806123, -13.112478776693344, -15.333112186908721, -14.917555138111114, -14.148171687841415, -16.38867398238182, -15.569464787483216], [-21.28737539100647, -22.762194308280947, -18.641507425308227, -22.315138292312625, -21.458158974647525, -27.203758182525632, -26.651996715545653, -28.28576845169067, -27.665063363075255, -28.95584996128082, -31.079661020278934, -26.349967234611512, -27.29358089351654, -26.876516652107235, -24.904760468482973, -27.703252135276795, -36.80181345272064, -23.37862317752838, -25.97205366325378, -30.0691980266571, -29.263449983596804, -27.82674642753601, -27.137929827690122, -27.82131108570099, -29.03076425075531, -33.68438777828216, -30.593764597892758, -32.64497222423553], [-25.087528707027438, -30.202566414356234, -26.124062986850735, -29.77034674501419, -29.436393476486206, -29.16724776172638, -25.342563898563387, -30.376134206295013, -25.96839297676086, -16.79412668323517, -16.45400215625763, -19.62534161281586, -29.59631625652313, -34.96349101638794, -27.779370654106142, -33.750987338542934, -33.10592689228058, -27.99002546167374, -26.659900879383088, -32.21253025341034, -31.388970477581026, -19.838217341423036, -17.51678005361557, -23.927251484870908, -31.976778337001797, -30.343974691867825, -30.37628472042084, -30.45101144361496], [-30.1369639787674, -31.45245316171646, -34.723454629421234, -37.85694577503204, -33.80268736410141, -43.79944237899781, -32.27376420736312, -38.501075526714324, -37.04057059955597, -34.65766168498993, -35.731220999240875, -36.56075408220291, -38.09369368934631, -49.14779069805145, -38.82599327135087, -43.643026917934414, -40.029420153141025, -37.42847939872742, -34.17967072534561, -43.13048623323441, -41.213988725185395, -35.830174221515655, -37.34755036592483, -36.663410140037534, -41.042248085975636, -41.788989466190344, -37.466989417552945, -36.729041033744814], [-40.526875000000004, -41.66675, -44.88850000000001, -44.69925, -41.308062500000005, -50.24875, -40.8936875, -46.044124999999994, -44.912875, -42.6690625, -41.42, -43.3211875, -46.135562500000006, -49.41925, -44.75725, -49.811875, -48.773687499999994, -43.52875, -43.6700625, -45.157624999999996, -44.5429375, -39.1025625, -39.4271875, -42.019000000000005, -50.121375, -48.616187499999995, -47.0761875, -45.5970625], [-43.09111080694198, -43.43159584712983, -41.82828930807114, -41.95165542221069, -43.73375156736374, -42.31896098613739, -44.854836189270024, -45.943490776062006, -47.34916203069686, -45.156104851722716, -45.98235549831391, -45.64991328716278, -41.83430442810059, -40.93270780515671, -41.52945960760117, -46.51154269266128, -47.992011983871464, -44.327714247703554, -42.216216207504274, -45.43572418355942, -49.376239217281345, -49.119122837543486, -47.4476855134964, -47.53683296823502, -52.75582192754745, -50.72645771598816, -46.441336515426634, -49.63002066087723], [-51.14305933904649, -53.71602568006516, -51.72558466625213, -53.38027165555954, -51.49591587972641, -55.69060133361817, -52.41897877025604, -55.51897873783112, -55.233625116348264, -52.6431776971817, -54.313615872859955, -57.175310749530794, -56.53725757360458, -58.32017315483094, -59.89742627716065, -57.35904944801331, -55.97887080764771, -55.994301583290095, -56.59055127811432, -58.311567574501034, -55.45317381763458, -55.79882292366028, -55.83000934839249, -53.856659881591796, -54.69119221305847, -56.006182884693146, -59.591498385429375, -56.60571030044556], [-43.00978325271607, -43.01885456085206, -43.00260716629029, -42.673420857429505, -43.72124013805389, -43.383377126693716, -45.15949915313721, -47.49990886688233, -51.52876055526733, -50.593585360527044, -50.0314619474411, -50.45686946392059, -46.32206721019745, -46.72474691486359, -48.98493610191345, -53.485930004119865, -53.25455273246765, -45.19406758975982, -44.80988040542603, -49.206174384117126, -54.17839389228821, -52.19500850200653, -50.9001963634491, -51.534198110580434, -56.590694072723394, -54.33558899116516, -48.862653094291694, -49.43724195384979], [-37.66724004554749, -37.685527771949765, -36.92921970748901, -36.53364703941345, -37.937182571411135, -37.552190174102776, -35.88481267929077, -37.71178433322906, -39.99524463748932, -36.51482118225097, -36.78981965255737, -36.9986152639389, -38.19259698867798, -35.96073943710327, -34.7838609790802, 