{"status": 1, "spectogram": [[-32.05006672258919, -59.570897924412265, -63.09056598414937, -58.99164266622066, -62.19690755604116, -59.42882941452154, -54.02147593755741, -58.75020382853552, -59.939737142675376, -62.550914224419095, -56.17562477889658, -57.095928524511265, -60.92830441191262, -58.825285318008454, -61.11307513539042, -59.169674846955076, -61.618246273474504, -61.25171413975955, -60.0028241944344, -58.79411396591758, -59.06270969958755, -56.55382718822001, -58.02542596602665, -59.565346056508865, -60.5080890263617, -60.348596873151834, -60.54182018617476, -48.660793148212505], [-27.106960679422833, -31.494369337077046, -31.878349061323703, -25.907215751409527, -16.408659063485246, -14.08257692675689, -12.43771189086049, -13.99648960025452, -17.65545215742685, -15.133707132658198, -15.059357463359833, -15.27383172068788, -17.054287757022173, -19.88067211077412, -19.18111084768484, -17.117460515893324, -18.370258892592197, -17.002357671499254, -17.09810965371855, -18.118570151492094, -17.84745717914272, -16.35333418934927, -16.335705518489064, -17.55132284675333, -18.85025078201294, -17.86085810586387, -17.775545324831487, -19.159148039491896], [-14.354981406096911, -12.888640388522845, -11.819337505647104, -13.809782410621642, -28.271657739425198, -48.741270056705, -50.446220910315986, -45.2320878232647, -34.22545172251471, -42.260268496221705, -47.611338974475856, -48.07087881556311, -40.36699217686392, -32.261166208149675, -33.939226589134535, -43.7088108250826, -37.821783845745635, -40.36135221862793, -42.474476829606694, -39.400568096696176, -37.10306317775964, -43.58737643615829, -43.24905692744637, -40.749867310045566, -35.40720854663849, -38.763788882225946, -41.742849242933154, -34.59328875568477], [-23.973179064288736, -29.779928482055663, -26.059053733110428, -32.603375, -38.614821395397186, -37.88751790380478, -31.985072193145754, -36.947320547103885, -42.851536728858946, -42.98942944526672, -39.275625000000005, -40.355909456253045, -52.01533377742767, -47.94712597560883, -50.3809289932251, -45.52494965457916, -47.901144073486336, -48.170875, -54.08476350212098, -49.94203309440613, -48.89537914848328, -48.63334291267395, -48.98139240264893, -49.221840803146364, -51.7545, -49.72846725082397, -51.111693340301514, -47.708711210250854], [-30.211713881100856, -42.818544822331596, -46.50020037668099, -34.968480805873874, -12.227565572281106, -9.40683390305959, -12.137975743663498, -9.626457126238378, -11.577285665025382, -7.666361465434377, -7.593695856571198, -8.334251785132489, -10.885784261030897, -18.281825098552556, -16.781361183136703, -12.033441005112442, -15.502444938454449, -13.61035489845276, -13.609618825446057, -15.505082350545232, -15.819402495080103, -12.481287466574852, -12.341404335790008, -14.969577437779392, -19.087155305385593, -17.373388560431106, -18.190036899265646, -21.536500502282557], [-5.149662951151063, -10.791768331227225, -17.29560941276749, -9.89101522731781, -16.879042597293413, -41.60004172391263, -42.8333340095988, -35.21541192587905, -18.379597096521568, -32.63148369279321, -32.7473379201889, -35.862950216488095, -23.11141918657116, -13.438885956822983, -15.58455825794051, -26.985910408762024, -21.475066895329384, -25.54195485210419, -25.820881649034806, -23.35122297041847, -23.034403738863986, -30.04994304259925, -30.285783276249802, -29.486400962828654, -25.446974258422856, -27.578247775739626, -27.5827289660321, -22.803438968330433], [-8.41252927446936, -5.894606750131805, -2.822127866419017, -8.604253398895263, -24.085992348238868, -22.023103676347638, -12.419653340923446, -20.916392496594757, -35.6249975450274, -29.620918351370385, -28.531557617187495, -26.72588599025012, -33.544820025983284, -39.82530166305752, -46.00483405884111, -38.55420498728773, -37.318661659023505, -39.02676003408432, -46.57989320029843, -43.79557931447205, -46.21176403193749, -45.14102751600231, -41.80041737260582, -43.23996015660657, -44.58673037290573, -41.84638896113046, -49.048732642003685, -43.31111114105896], [-23.50832945056192, -22.606060682003957, -14.626999610978878, -24.36627889442444, -13.880143681754138, -15.169290043713772, -23.333658803608227, -15.871323958360836, -19.735036655123924, -17.354905126938593, -20.84707892227173, -22.538141938114364, -23.788105510316118, -36.82779485258571, -36.65741746357351, -27.7949399372756, -34.320079861852165, -27.627388916015626, -27.012216394388933, -31.864212417112267, -30.15622391221055, -22.12886022972531, -22.291517465236833, -27.12918398518176, -32.27885942268371, -28.475970128194806, -32.59138110990426, -40.471008458430006], [-15.9109194710875, -18.276066584618732, -10.748588348086912, -18.35956582260132, -6.794065777774138, -26.763193270857965, -32.85656873029572, -24.68235504668234, -10.716880967733983, -19.994696593171845, -28.174704517364496, -27.237008678785962, -14.549241528533763, -16.063695066686837, -16.358820528731812, -18.53432738464121, -17.63037762846485, -18.101338561058043, -16.959348598789365, -17.032214195058472, -18.934836169405333, -19.254134360546843, -19.98841873669348, -19.487702352992578, -23.291505022048952, -28.64892855081886, -22.477706461591673, -24.724079971642713], [-23.33344057769245, -26.30919153814455, -23.44013332798558, -32.102079829216, -26.72747810729971, -44.57973197330943, -50.814875282829554, -44.43861437535863, -28.874885209142448, -43.6509583302295, -48.78444132328033, -52.12237674521037, -41.971601227080136, -32.739302021025196, -34.1124649922504, -44.23869803638538, -39.306608542305, -42.92084863185883, -45.586541987318164, -42.38008458168638, -37.589154262637116, -38.65966595410499, -35.73806715508772, -34.62533491684769, -35.548339333534244, -36.548476756405854, -42.08710423186433, -49.54652267635753], [-31.865447098836302, -49.68982150137424, -42.5091959631443, -34.431250000000006, -32.752518183946606, -45.2253389210701, -50.92346404457092, -43.01310952568055, -38.12366064405441, -40.95387171983719, -47.411500000000004, -48.718270524978635, -40.642393953323364, -46.529769701957704, -50.36385897445679, -45.3145718421936, -48.793753452301026, -43.950874999999996, -43.13983929252625, -46.24034024906158, -48.481024755477904, -45.47951878166199, -45.643573989868166, -50.36887793922425, -58.897000000000006, -54.29418199539185, -50.07240369796753, -54.449897266387936], [-36.529096937873035, -43.41180063130367, -43.72675429050743, -36.05173565006256, -39.71541008757102, -40.67611748191454, -45.70352028262911, -41.494718365487756, -50.91552268348309, -44.06492684946662, -44.909907743453985, -52.176547308513456, -53.03345681866467, -56.02179806199265, -61.079495709747526, -57.94662136605115, -64.30601751990557, -61.6949886598587, -62.52882290422792, -64.84765378614152, -66.59957812989758, -60.572175329158036, -56.247553935869504, -65.50822147018985, -64.46046289348601, -63.70899385535636, -62.652748198246556, -60.92853426397819], [-32.40478942693778, -31.90549869571407, -38.91783708301373, -33.91934032154084, -34.36565136873491, -44.62152047966054, -37.05428492429289, -41.41002940438583, -38.68343671823998, -46.27279377757658, -52.27255047512054, -52.3534575779959, -47.55533595501346, -45.82901892790408, -51.00166697097159, -50.06272544662187, -49.03302952040207, -50.660306092262275, -49.494465814746775, -50.173312980884, -54.12205699915815, -50.06766000574805, -48.479055542611746, -47.507823503764754, -48.91339031982422, -48.74147373985685, -47.99210846443919, -51.244013326841056], [-47.12205413708643, -49.33837395735796, -49.75004929917206, -50.06041767311096, -55.116533602957716, -53.73527215097586, -49.84537188053176, -51.49504674944228, -58.24552924228199, -49.18289892950896, -50.61134301757812, -51.74312983641346, -52.261646906382595, -47.68752060080602, -53.10106007928297, -58.59515191695136, -58.16735094809928, -57.79938104820252, -58.85449389602363, -58.38793291987391, -60.29261510452396, -63.55040172506165, -61.42720127830339, -59.431428906423974, -51.36316500663757, -56.19248746747544, -61.178260922949995, 