{"status": 1, "spectogram": [[-10.216221197059271, -15.219046333108022, -16.87306428678912, -17.33815217451751, -17.82700176086322, -16.819935473411363, -15.981946557096043, -15.914085766519502, -17.226985203499083, -16.806464930704706, -17.208223659947514, -17.72265573272349, -16.48261822671639, -14.18525580790546, -12.426923545030917, -13.56550659410773, -13.06542443573017, -12.742607290595771, -13.158655004808796, -12.51254864663554, -13.22232279982464, -12.650589685533724, -12.603689826412818, -13.530304711096438, -12.886723399028181, -13.46506511343468, -13.541446929522928, -13.947004035010734], [-13.924162089332324, -19.097978797002707, -23.74323756219781, -26.817525557935234, -25.843584244717146, -21.849928965180506, -23.663183548703426, -22.483770237384952, -24.749663092198453, -28.372944609189762, -25.81528466939926, -27.00008653633575, -22.764726742945413, -19.230144743994693, -18.866957039065547, -18.332195919453106, -19.895093492594338, -18.767722609698772, -20.143086301915517, -19.24692982619885, -18.93648564837048, -19.353171827672686, -18.113147736376536, -19.852899501597257, -20.28651708650589, -20.6116088784703, -22.507549230322475, -22.971511800605363], [-9.403884859178149, -17.563752756780513, -23.411343971592892, -29.730829713106157, -28.06102445902142, -23.751309012997012, -26.401153554055654, -25.863113008406756, -29.104825539632756, -31.536789157433876, -30.15660603094101, -33.175439466093565, -28.652124040656634, -19.943201686158314, -17.631258231542578, -21.195972546811838, -21.68503624253829, -19.267491197347642, -22.683927823417964, -19.023378476323252, -20.98547150929582, -20.396353540980318, -19.03633476810474, -23.66067691203856, -20.57362405014038, -23.00597750330958, -25.11334058770073, -23.172894015768854], [-3.9628483517766, -4.128571477890015, -9.132643121719362, -14.2323125, -12.450169695138932, -11.098794514179229, -11.785491019248962, -12.242776629447938, -12.398098369121552, -14.869534753799437, -14.904124999999997, -17.29893777894974, -14.111273629188538, -9.1223200340271, -5.556258929252625, -9.125866278648378, -7.901784591674804, -7.551625, -9.084242380142213, -7.2519999084472655, -8.146294865608215, -8.582053777694702, -8.536481779098512, -9.79098137283325, -9.0006875, -11.045428253173828, -10.6729221534729, -11.444558168411255], [-3.6579790598825976, -2.104404544880229, -8.905825025655853, -16.971432037830354, -13.10285733401055, -10.010724323579232, -12.682613054124795, -12.423796229941672, -11.969066964446343, -15.20328984927121, -17.73008323121071, -19.856874222025606, -15.436022901572958, -9.993854384636506, -7.828460188408258, -10.653648449139466, -8.977541649867213, -10.330412121295929, -9.780416484891582, -9.062434715125644, -10.52468696121279, -8.508554257801617, -9.470887085870508, -9.737412563114727, -10.48320622372627, -12.728778750181583, -11.780858490744418, -18.36127094644061], [-8.73157680823175, -19.494518297505657, -18.67216436808974, -19.61906914949417, -18.714684678486364, -15.709109277705881, -17.117127589109657, -14.83263306065087, -16.23478529554467, -18.39151876583823, -17.44913881635666, -20.54717281318132, -19.64877507096044, -18.057040011601856, -16.445009178551498, -16.86649176032158, -16.368336070626626, -18.508691636562347, -16.127294875290726, -15.377081360146644, -17.946154220649554, -16.412082339024074, -16.461609337670698, -17.096175530726207, -16.878235832214354, -18.83264773903081, -21.17935305877932, -21.633918888813728], [-16.794079249526575, -15.539887155511025, -13.691187547284652, -14.985274453639981, -13.40335051741908, -10.535171045064953, -11.468061784248532, -11.616749601714865, -11.109265434488986, -13.544627795563407, -14.387639446973802, -18.7498148672828, -15.420486172872511, -13.718937194600272, -13.745101599109839, -16.10988550354353, -14.506729382048798, -17.477315822362904, -15.390077524785555, -15.00313470646484, -15.88888922319478, -15.999339628764485, -18.756821402536552, -18.29433843279286, -16.680670119524002, -17.332429773604265, -19.604950269631487, -24.646080027509367], [-17.987961064151342, -12.560193971806733, -8.974306088384251, -13.084338940620423, -11.507001779575907, -10.150379396302524, -9.678614493156639, -9.314612535710753, -10.461544668421448, -13.007329580606928, -13.81272092628479, -17.936260351072683, -13.115462599967143, -14.47773683598649, -12.555693420605822, -14.146011643702483, -12.433373752692393, -13.790035940170286, -11.445568352993345, -13.347260735648524, -13.442416716789577, -11.919569093509256, -12.279971134883716, -13.049271690659953, -12.614902955055237, -13.507389259204878, -15.256602678356284, -18.674698450247323], [-27.42578189631553, -21.335171962381665, -22.087721158300205, -21.890592683792114, -24.37107010830163, -25.97431481410007, -24.655078763173393, -24.248180919832194, -28.553525458841904, -23.680447210779626, -22.34419150018692, -23.62726042932399, -26.11463354647998, -27.540203009148165, -27.29903845217831, -25.76919110384752, -28.149143348529833, -25.417074769973755, -25.74865161231984, -25.698133276404775, -24.857828833969382, -25.69431841985505, -23.96324889634634, -24.807321044018188, -26.225529495716096, -23.96614718748693, -29.93840816178499, -26.307610647328737], [-32.59814088492219, -30.103496208665668, -31.32518685905714, -39.246219642639154, -36.78691234307767, -34.75225063962111, -35.84331280317739, -36.54667475621381, -38.965253358976916, -37.5265168311489, -38.70267973375321, -41.84970847678467, -40.04932459542413, -34.73828244088422, -32.26173183070269, -32.323568727769654, -34.35448883731423, -33.232537672042845, -33.67392136725783, -35.016961429596996, -32.750713605852084, -33.45701601858374, -35.496404137700026, -34.763910890233824, -33.82552831697464, -38.66668563735401, -38.086371442018915, -39.215566398265736], [-35.36087603281439, -36.319642836570736, -39.111714513778686, -44.2939375, -43.81425917220116, -43.75981238317489, -44.645294724464414, -40.471804811477654, -45.00135707473755, -44.587901832103725, -43.7149375, -45.89897067880631, -44.68025159072876, -44.496197145462034, -45.49383068370819, -44.344700997352604, -46.98438142204285, -46.047124999999994, -45.145106437683104, -46.55665235996246, -45.85719706535339, -48.87591915035247, -49.63772344684601, -46.735607276916504, -45.556687499999995, -45.59049130058288, -47.08382529830933, -44.960617027282716], [-35.38653281357847, -34.51054751090003, -41.28202490113719, -41.62573120927811, -40.916737849503505, -35.681598286337035, -37.09159039106137, -40.46176923418017, -40.76953314608, -40.65407706665759, -43.350895806312565, -42.63350354743392, -42.4269895230112, -40.35536241936328, -41.222819182745404, -38.457473144206375, -42.57427894827011, -46.84309281730652, -42.07127200752373, -43.299602220837336, -42.040920996863456, -43.61571975751216, -47.86395250171475, -45.42887851504118, -42.95352578783035, -43.66394497343081, -44.29265182860053, -46.61383474687931], [-31.7462759995594, -34.018188367450655, -36.52398648136984, -35.5966477265358, -35.941706734404185, -36.026875015492294, -37.76528407420894, -39.83537392166657, -37.69970129793489, -40.178501995360065, -41.16261911773682, -41.410565344072936, -45.75455984418956, -41.05166585253728, -38.90308815591101, -44.449469630173596, -42.497580837464106, -46.25720047235489, -41.31664816498227, -45.08349795703563, -42.476107757792576, -43.47845176322216, -43.85012382785349, -43.33630231468112, -41.209336392402655, -41.74181218811174, -42.32872560704409, -40.633195860709385], [-41.76451164583017, -50.753198272436265, -51.111832500020014, -50.776784140586855, -50.265322940091934, -52.1803610261702, -54.20167214440296, -50.45949914535151, -51.15188437591311, -54.5419969573888, -53.59295547771454, -54.091349013715764, -55.26820640851906, -53.59304450661999, -54.5341702197339, -56.53602486330182, -58.503826984814275, -55.08894451332093, -51.35250520455048, -54.786597994977605, -55.163515652870814, -55.38120016039498, -53.896001399805414, -56.21586062941119, -55.853355960845946, 