{"status": 1, "spectogram": [[-16.8152323474586, -20.209786034286022, -21.778393230319026, -21.444214561641218, -23.285714607000354, -25.45744674113393, -26.01969671717286, -25.689857391238217, -27.502410961776974, -27.288821658730505, -28.300268017023804, -29.63500019389391, -29.461518040925263, -26.77051804235577, -26.790035964131356, -27.445643079400064, -30.376196675747632, -29.918160912543534, -28.71641087433696, -29.691089655846362, -26.56300031709671, -25.960696607202294, -28.389571647047998, -28.47592883563042, -25.69166093811393, -24.982214549481867, -25.874143147826196, -23.667535848915577], [-28.627160287976267, -35.68680186736583, -34.93540942704678, -29.164213993549346, -30.444232388854026, -27.99001837003231, -28.65569717776775, -27.535304101347926, -30.449858148574833, -28.313911368250846, -25.371107778787614, -25.90810817575455, -25.302250935792923, -29.11407275080681, -30.1852867667675, -29.668804576039314, -30.261072720766066, -27.05787597620487, -25.088733129382135, -27.54289394068718, -30.309947463631627, -26.092161369442938, -23.848446998238565, -26.854233261942863, -27.563250842094423, -28.294447082400325, -30.00646486353874, -23.59573271715641], [-26.636480024814603, -36.842643018722534, -37.717892331123345, -30.575429119110108, -39.33270071840286, -33.11830716276169, -34.39389610290527, -33.29777011728287, -33.648823616027826, -30.265626208782194, -30.07016359472275, -39.36411196899414, -33.54370044374466, -35.62173590135574, -37.33920037221909, -32.187770243167876, -34.635075783729555, -30.635753552436828, -31.928236284732815, -36.48973674249648, -36.51664709758758, -32.89045006227494, -31.9555928530693, -34.92977226686478, -33.03262822198868, -34.93602121973038, -34.23025208282471, -35.32284326314926], [-23.607625, -31.08325, -31.549125000000004, -28.78425, -26.917375, -23.44225, -26.026625, -25.280375, -25.498125, -24.3465, -21.11775, -21.62325, -20.841625, -23.364625, -28.413249999999998, -26.3575, -26.3425, -22.752625000000002, -20.238625, -22.673499999999997, -26.641374999999996, -21.749499999999998, -19.435125, -20.97075, -22.585625, -24.108874999999998, -31.702, -23.863], [-16.088751184463504, -27.73523562574387, -25.931146025657654, -21.496607475280765, -21.978266542911527, -20.6811954331398, -23.14121384239197, -20.36851584005356, -21.61764220046997, -15.636338248729706, -11.166229241847992, -10.67728182888031, -9.654210746765136, -12.257354102134704, -17.429979382038116, -17.646889194488526, -12.59156739807129, -10.88494306898117, -8.847461195945739, -12.366085201740265, -17.90985430908203, -13.23076479959488, -10.365158282756806, -11.64449590396881, -14.7680147023201, -17.55040867853165, -28.66139276599884, -18.14869311285019], [-17.579747714996337, -23.356415036201476, -20.19721642494202, -17.961677087783812, -15.539085295677186, -10.829299540519713, -10.187870741844177, -13.213318021774294, -12.46699725151062, -23.40955588245392, -17.387358991622925, -13.87558823299408, -17.36192868614197, -16.10423047924042, -19.295178886413574, -17.60510713005066, -14.24305263233185, -16.346804503440858, -14.903072790145874, -14.860695212364197, -18.657193480491635, -13.84915876674652, -11.813910294532775, -11.299837840080261, -17.84810376739502, -18.030513438224794, -19.104568782806396, -14.986426837921144], [-19.85119767332077, -29.69452662801742, -24.819308091640472, -19.03187482404709, -12.580275484085082, -9.15015142393112, -9.396865016460419, -9.307296327114106, -10.259010815143586, -9.514530914306642, -10.116606624603271, -8.656410991191864, -8.024107597351074, -8.916443750858306, -12.829618443965913, -11.017192729473113, -15.366248475074768, -16.567911592006684, -12.008929665565491, -11.885283334732055, -14.301010056972505, -12.280354115486146, -11.96274950504303, -11.523997685432436, -11.981316732406615, -13.743170813560486, -18.233955610275267, -18.505569347381588], [-19.782283084869384, -25.06990079879761, -25.415876935958863, -22.83924323272705, -18.931583192825318, -16.681103748321533, -15.000640991210938, -21.332412725448606, -18.676178028106687, -20.825036609649658, -21.10714639663696, -19.891021036148068, -22.18798758506775, -21.732733430862428, -16.33230330467224, -19.639270330429078, -15.795399372100832, -18.600828651428223, -22.0508463344574, -18.57882551574707, -18.049087213516234, -21.673629137039185, -21.020807905197145, -18.72007820892334, -16.35476844215393, -20.26826554679871, -21.486601428985598, -26.243162649154662], [-19.241997339248655, -18.482408406257626, -19.689141733169556, -20.337142717361452, -23.691021759986878, -18.292256299972536, -19.643542621612546, -18.717773779869077, -18.50991773891449, -22.691112855911253, -21.876215309143067, -16.38589542388916, -16.6193946685791, -16.965682237625124, -23.685022637367247, -22.61696883010864, -26.54666310977936, -25.36466131305695, -27.914159739494323, -26.494465852737427, -25.593881543159487, -20.48675441169739, -21.207270403861997, -18.88366314983368, -22.88021973991394, -25.285415629386904, -25.657343495368956, -22.663075820922852], [-22.383314128875732, -27.50409719467163, -31.006755120277404, -24.433024775505064, -27.433857855796813, -25.13226280593872, -30.14538055896759, -37.26902817916871, -32.98560699653626, -31.080070463180544, -34.79868876552582, -34.282467213630675, -30.924484687805176, -36.64387282180786, -32.890554574012754, -38.84907902240753, -33.11087392139435, -34.2535438337326, -31.135382371902466, -35.243882011413575, -35.91272004127503, -32.44449617195129, -33.85296931362152, -35.57502225112915, -32.64181678962707, -34.69156934738159, -34.724363382339476, -42.84700708866119], [-34.092, -35.18325, -36.09225, -38.387249999999995, -36.60275, -37.795624999999994, -39.888000000000005, -37.70925, -39.600375, -41.1405, -37.452875, -37.314875, -36.035, -38.519375, -44.120875, -42.643375, -44.351875, -42.849999999999994, -39.334625, -40.80725, -46.163375, -45.576499999999996, -42.588499999999996, -46.240249999999996, -39.762, -44.1285, -43.757125, -45.249249999999996], [-41.78728440475464, -43.51770234966278, -43.83066463756561, -44.42487443065644, -42.2295260629654, -41.88511261558533, -47.984483046531686, -44.543806645393374, -46.224217615127564, -47.04010612678528, -49.75773352146149, -47.64921479988098, -49.20608686733246, -48.569926286697395, -46.340322282791135, -53.405641881942756, -48.92176513957977, -48.93345127391815, -53.05190453243256, -51.02910516548156, -49.676395309448246, -48.0687154750824, -52.29405353832245, -50.11348611927033, -49.3880220746994, -50.62980330371856, -53.76726769161225, -49.620787185668945], [-45.8767488155365, -46.29364256286621, -45.26999970436096, -46.47412530231476, -45.170590090751645, -48.26508906650543, -47.51866024875642, -47.47660798072815, -47.4208584575653, -49.40246754264832, -47.945306027412414, -47.11001836681366, -45.740055657386776, -44.63091273403167, -47.9586283826828, -50.578000061035155, -47.57418036460877, -46.27496343040467, -47.19032222366333, -45.27685847663879, -47.53462398242951, -47.533769022941584, -47.09021522903443, -50.4396605348587, -47.00258925533295, -49.720214784622186, -50.917019808769226, -49.91207478904724], [-32.466156507492066, -33.71935320663452, -36.42499832153321, -37.0372592754364, -33.95160263061524, -33.74304854011535, -36.11279365348816, -33.174349609375, -34.23581978988647, -38.12499144744873, -34.08056936645508, -33.90485470962525, -32.00865997123718, -34.0214001159668, -34.381421474456786, -35.56824614334107, -37.78631741714478, -33.67637161064148, -36.29349730682373, -34.93476650047302, -35.68945616912842, -36.158903577804566, -36.11122311973572, -36.1684970741272, -33.9975140247345, -37.28765306282043, -37.819819747924804, -37.50273214530945], [-44.737153940200805, -43.567903779983524, -49.289120885849, -46.454441114425656, -43.216869653701785, -45.78577992248536, -44.88347912025452, -45.339535808563234, -47.44889227294922, -47.640462387084966, -44.64092849731445, -44.16001725578308, -43.17144392967224, -46.04046059417725, -46.68967539215088, 