{"status": 0, "spectogram": [[-30.268032578793107, -57.35545650533207, -58.7777596617548, -58.138660558313134, -55.08547442821458, -59.475831904065856, -54.00680501852597, -55.26414990172278, -55.73951730557424, -58.051519729698164, -57.769946265369654, -54.86860295562782, -59.21265406749755, -57.50528651495488, -56.284448555051036, -53.61497906470729, -54.507735400823385, -53.386910482615235, -56.252912149757236, -59.48364602883138, -54.834220596007604, -54.138102932288376, -59.74011015169717, -59.672208554937484, -62.29407123959064, -56.65384699182171, -56.85891395313651, -30.293566026426845], [-14.790075883918277, -12.479800815643097, -12.998163014572494, -13.166839038729666, -13.236882361110371, -12.895757277408423, -13.130596523596314, -13.554509970217335, -13.956170510610756, -14.32366555135348, -14.401606777191162, -13.998127261662974, -13.938473999563552, -14.344718885879129, -14.542655235327013, -14.770701276640471, -15.294935494751352, -15.460588822484016, -15.193851381457586, -14.877155313392063, -14.851183243732066, -14.849826084798693, -14.95768074472339, -15.045267406003816, -14.979249528169634, -14.935372032039037, -14.814841224183853, -12.952804974417585], [-38.7693661074824, -47.318845748259136, -49.507663651140355, -46.271571380615235, -48.16939569421209, -45.264930062352285, -47.94768447546033, -53.06489298521787, -49.27375370473254, -53.09582850849379, -52.278911877155295, -47.708648669475096, -57.8430196749049, -52.35304340646762, -58.415914197570956, -52.30871611552256, -53.4537748579678, -59.31637719488144, -54.53506815485822, -54.65971616007043, -54.99452748451357, -52.91363951397871, -55.620033469316155, -50.937461805604485, -55.31778770923614, -57.988730332315896, -55.16948957323523, -35.09875921381486], [-15.84644596236944, -16.171267863333227, -15.482857182502745, -14.883625, -13.323910613298416, -12.453660673618316, -11.61189266395569, -12.427875134468078, -12.50837496995926, -13.019571739196778, -13.601375, -13.927946423053742, -13.609893438339235, -13.218732146263122, -12.997982007026673, -12.328678174972534, -12.178053525924682, -12.79825, -12.561106983184814, -12.625839133262634, -13.038928638458252, -12.731874943733214, -12.550982028007507, -12.419821422576906, -12.371, -13.929750705718995, -15.106660762786865, -16.032430366516113], [-29.07438037268788, -43.03769394572656, -45.901263058803536, -37.90777039384842, -42.9285793547435, -40.82059825832979, -41.3484691057007, -51.12974402909466, -38.82857069369703, -44.984060477918526, -46.34003766059875, -44.13862828920246, -48.671404116477575, -49.24922379762278, -50.07955566998865, -52.065566078741476, -57.40548461224055, -49.941946631908415, -47.82705325924585, -46.98385967390842, -50.06922350647922, -50.88346229772164, -55.11623357409723, -49.59909135456415, -54.48878687477112, -51.02582459912016, -51.62737145215794, -35.72499029790896], [-24.78179009699572, -34.27384373309298, -34.29303814168863, -31.473082306861876, -32.5860960732188, -27.76438067273723, -23.09886232555165, -24.30250242828818, -23.177069008943935, -23.047403996126896, -24.459814010620118, -26.906412751771846, -25.017274928656363, -23.43307758401354, -23.10329166318956, -20.726842831709863, -20.667408260267575, -22.626745098114014, -22.50181968558543, -23.622198163752955, -23.980091848684737, -23.14132916466079, -22.79110380328459, -21.163054686390577, -20.930905995368956, -24.61694863023513, -26.680871118195007, -26.39652334447147], [-9.934288470083079, -6.634301762507873, -8.814114511421653, -11.39570598745346, -17.849966375774624, -25.49052805236941, -28.10379445650988, -32.75836701412744, -27.655776727228936, -28.121094563387132, -26.502728220939634, -35.15735410620515, -30.93049903862965, -30.262667529885817, -32.47098927166985, -36.526824068346876, -38.62350210229973, -38.975809030056006, -40.336338828715924, -36.65953485396169, -38.888507092740866, -42.68099388303706, -48.802206284375465, -40.08577996608726, -38.65877284574509, -34.06111524747462, -34.39461965849204, -22.28183484540753], [-23.278650528641144, -32.823920531872574, -36.553076256348376, -31.014049455642702, -31.99337323031151, -31.308717664971837, -31.234758103369895, -41.292737265389654, -28.853556873361725, -34.0868173781533, -32.80215347480774, -34.0309358959028, -34.46786114029681, -33.89337232550947, -32.96401747043389, -33.29703754364969, -29.76016503275605, -33.79290222549439, -33.94910865432937, -34.41428224555403, -31.159662887086146, -32.049557798558894, -39.53848195041527, -37.501827292625, -36.63343431091309, -34.99604773689137, -36.487258002229616, -26.0522290734984], [-20.87860161464188, -22.00051222928809, -21.06069184346585, -17.965865200042725, -15.232680480976354, -13.560967540478135, -12.35059288133868, -13.290803217634913, -13.22572353470089, -13.803305496975145, -14.87528992652893, -15.331173246013996, -14.977481740290772, -14.631923980946556, -14.330453940371669, -14.69366186986528, -15.020923295312969, -15.970768008232117, -15.596173150899471, -15.963903210464238, -17.125123037143815, -17.27101534197276, -17.043163254523435, -17.142241779697258, -16.781249946594237, -18.3273885128454, -19.119333289185683, -19.0178692760049], [-10.69393881590175, -11.157459919540194, -11.980937866668157, -12.931490181922912, -14.586826208903254, -15.141418475530704, -19.204224275784316, -19.208777149589096, -20.06844229729355, -20.877592096885206, -20.760737562179564, -20.16070120265494, -21.641925578680972, -23.818760455579554, -24.146020257637876, -27.66853242079131, -29.598340489487946, -30.88330438041687, -30.909777331177175, -29.662083847943805, -30.146981084593108, -30.134463685637165, -30.60295961134304, -30.53015301213585, -29.635036087989807, -26.447226130148483, -25.98717611003705, -26.16330944785591], [-24.397874267488717, -24.132678565144538, -24.00132145166397, -25.978125, -27.304000086784363, -30.144821759223937, -33.55848241710663, -32.54198200893402, -33.92680339860916, -34.34876702356338, -33.928375, -32.780554023265836, -32.97231935310364, -35.30342824935913, -38.511053971290586, -41.860699700355525, -41.29310862350464, -40.3815, -40.998964885711665, -41.463803544044495, -41.90014268875122, -42.57769653224945, -42.915392316818235, -43.096713150024414, -42.705625, -39.82307103729248, -37.737835895538325, -34.93505130958557], [-36.47099094014075, -37.73422730236987, -37.060741147815435, -35.72699282646179, -34.64498082492258, -35.03623401530879, -35.790435385022285, -34.73128426147032, -35.53320816031298, -36.419309984412436, -37.447025553703305, -37.41068119460792, -37.90500101214466, -38.54231155134721, -40.49464347076302, -41.922268559159725, -44.12735769840202, -45.1246902589798, -46.406594182306435, -45.023071838766555, -45.06441088933378, -45.17409500900511, -46.23709698139755, -46.777284107110304, -45.819082129478446, -43.77755735874329, -44.48140529813644, -42.47224593733274], [-42.910161491868564, -48.35056378027619, -48.41247302857714, -47.42990472126007, -47.21570612362461, -46.08419107115991, -42.55306183959044, -46.98495689773491, -46.88271712190262, -46.75427211083148, -48.091331690788266, -47.97329807437141, -44.875637033461345, -44.07836427104687, -43.97526484699699, -41.39153392246922, -43.08821239144442, -44.15090918636322, -42.527812665219116, -43.49074437667001, -44.10196165847762, -44.98216669631499, -44.707396576589744, -44.48997876692773, -43.881320121765135, -47.40568317757723, -51.23475234049125, -43.44399126349745], [-37.665875576527135, -37.688941985777475, -38.4552921957729, -39.166808706283575, -39.505459306054846, -42.00379833760536, -44.63587595785803, -43.91542944762206, -44.666953546398005, -46.27325452539976, -46.13402721405029, -45.67811813197869, -47.487264125049464, -50.173968684741574, -53.146506266923815, -52.82680519458553, -52.17722383164242, -55.05966505432128, -58.76963132616787, -59.95511736176843, -58.80233752353837, -60.56744661194898, -61.44810965269918, -56.720836992693776, -56.37966356277466, -53.5581527643791, -54.26587125536939, -46.48242073402376], 