{"status": 0, "spectogram": [[-31.225857162088158, -42.29629446689784, -45.719482034504416, -47.04048205500841, -45.319133745953444, -49.59197294323146, -49.411660539746286, -50.585624807596204, -49.99728557726741, -37.79346427899599, -46.293776593998075, -43.88383026634157, -47.30111605735123, -44.8113480989486, -46.92166070741415, -50.723874769270424, -45.95011584471166, -48.63374078024924, -49.296928305834534, -47.82773186564446, -47.67174972558021, -45.01806227500737, -49.951374827861784, -47.14428566154837, -54.25316937826573, -48.421874893099066, -45.95418735657633, -49.07470527465641], [-10.242740528643132, -8.242061987936497, -8.111936980307103, -8.56748156106472, -8.991954732954504, -8.975686903059483, -8.786874435305595, -8.183053061962127, -8.044044166505337, -8.495186991870403, -8.243374485731126, -8.183633392274379, -9.558865473210812, -8.616079816758631, -8.616017303228379, -8.660999446749686, -9.232499425292016, -9.463927991509438, -8.812678009152412, -9.350856534838675, -9.928901152908802, -8.95541015315056, -9.24703517472744, -9.617883385121823, -10.190883335649968, -9.971901183426379, -9.764463690757752, -8.82106194382906], [-30.409411207199096, -48.55960909223557, -47.97185715866089, -51.403590394020085, -52.266893768310545, -47.07224003386497, -49.61330485677719, -50.27361732459068, -48.95967167210579, -47.25600911068916, -51.479698039054874, -47.37240198016166, -52.51655393838883, -50.61478645658493, -49.615723515272144, -49.69628565597534, -47.022892638683324, -54.05551036953926, -52.09950889229775, -59.76874301171302, -54.40514280080795, -44.62758090424538, -47.082517721176146, -46.608107318878176, -52.45967904806137, -47.514849474191664, -47.819848507642746, -47.11476830101013], [-10.2324375, -9.930812499999998, -10.415125, -10.1283125, -9.398062500000002, -8.937000000000001, -9.151375, -9.243937500000001, -10.0835625, -10.530375, -10.32125, -9.6783125, -9.898375, -9.4499375, -8.7586875, -8.9385625, -9.8043125, -10.4960625, -10.4006875, -10.230374999999999, -10.634, -10.4596875, -11.120750000000001, -11.441875, -10.969624999999999, -10.6351875, -9.950499999999998, -9.6475625], [-26.94824229216576, -37.918928701877604, -37.26130505228043, -42.7123048248291, -40.394608407974246, -38.85663423418998, -40.99919816732406, -37.149670575857165, -37.76101880741119, -43.57301126694679, -39.75388434672356, -39.879081472635264, -36.691303340911865, -47.616904882192614, -56.50134457635879, -36.366170082807535, -35.55729419875145, -35.79891001272201, -43.811160677433016, -45.90879744744301, -41.107313182115554, -39.91536577916146, -38.94061600613594, -43.44894695377349, -38.898527387857435, -44.72184783673286, -43.416598890542986, -37.86797378182411], [-4.833157117843628, -6.022139110565186, -7.601326759815217, -5.593658128738403, -3.977221408367157, -4.9841762485504155, -6.533800767898559, -8.303674598693847, -10.90101316165924, -10.417085256576538, -9.966085414886475, -8.651425158500672, -6.754828104496002, -8.50077339220047, -7.31064881658554, -6.963398859500885, -7.040167140483856, -7.924291992664337, -8.282604422569275, -6.3129712948799135, -6.570614437580109, -9.145988146305083, -11.362425073623658, -11.956550211906432, -9.218667372226715, -8.915488973140715, -8.262176293373107, -8.739077434062958], [-25.016053944587707, -41.20911749386788, -39.65318251800538, -40.389527127504344, -36.54337283420563, -39.3804625954628, -37.27571413898468, -35.572563164472584, -37.11550541615486, -43.170479002475744, -34.95385507535935, -36.54260625553131, -39.031445856571196, -51.611866452455516, -38.69368051671982, -34.721072546005246, -38.91361573290825, -43.11976853847503, -45.554582368135456, -40.43113105130195, -40.080078861951826, -41.019113023519516, -42.21843217039108, -36.357238904714585, -40.04548090934753, -39.83947876930236, -43.86591879057884, -37.84471123361587], [-22.671187320709226, -30.27153680038452, -33.05772404766083, -30.232796082496648, -26.60576296710968, -28.291493897438052, -30.93530428123474, -32.65184040260314, -36.99220530986786, -34.14236876201629, -33.42949406147003, -32.51258106899261, -30.021270822525025, -32.65910913085938, -31.778233282089236, -29.25229770374298, -30.523994250297548, -31.782716083526612, -32.633340785980224, -28.16370154380798, -29.183280768394468, -34.89377627658844, -33.17178171062469, -35.35186929225922, -31.36808408641815, -31.241048401832582, -31.893610046386723, -33.236742272377015], [-19.884443986892702, -21.651944381713868, -24.45363253450394, -29.974013782501224, -29.369360915660856, -27.14685336494446, -27.194166407108305, -25.050623612403868, -23.299008660793305, -25.70065020132065, -23.60783761882782, -24.47009572744369, -27.41005863332748, -25.846256768703462, -25.894506818294523, -25.678585843086243, -25.94759536409378, -26.75916584634781, -25.85016581583023, -27.37336999416351, -28.986039359569546, -25.815720230579377, -25.049345967769625, -27.391694065093994, -27.798264198303222, -27.068950732707975, -27.38945087862015, -24.224809106349944], [-30.360185247421267, -28.872867851257322, -30.605482860565186, -34.88282995557785, -31.00374953651428, -33.84551332616805, -27.98282698345184, -29.323415739536287, -27.18625651454926, -29.780253965854648, -31.612871043682098, -32.50253625297546, -33.337716221809394, -35.224711529731756, -29.673340967178348, -35.33565465879441, -36.177407396316525, -34.374738307952875, -39.504171486377714, -39.49429455852508, -35.674036155223845, -36.02990324258805, -33.308899943828585, -33.749641140937804, -39.85321472215652, -36.347569304466255, -39.43693961238861, -38.494421397686004], [-37.280125, -46.33225, -42.376374999999996, -45.2634375, -44.2515625, -45.375625, -39.901625, -42.684250000000006, -45.9634375, -44.195875, -43.3326875, -43.84425, -45.552062500000005, -45.51075, -47.760374999999996, -45.007125, -49.269875, -48.858875, -46.885749999999994, -45.249875, -46.639624999999995, -48.945875, -48.0975625, -46.552625, -48.11075, -47.806375, -47.472562499999995, -47.45025], [-50.221386872768406, -50.749345209598545, -47.32984769296646, -49.533332675933835, -50.327299238204965, -50.672431101322175, -47.89118884038926, -48.86916248559952, -49.275701530933375, -52.38574093055725, -48.45824558544159, -47.14532597589493, -53.08865814876557, -50.70540618610382, -55.27308998537064, -49.31100304365158, -51.93555368375778, -50.631208909511564, -54.492011803627015, -51.710036747932435, -48.03773562431335, -55.322608603954315, -52.060364826679226, -50.13064863061905, -52.53510558605194, -51.77744697141647, -54.4773125500679, -52.49305330324172], [-43.78493971300125, -47.81598587799073, -48.166733458518976, -47.15717394304276, -47.862342644691466, -44.98435837364197, -47.01479598379135, -47.14680605125427, -49.150270223617554, -49.75393785047531, -48.27093915510178, -48.62954877996445, -45.30911871480942, -45.89473325920105, -45.1384210524559, -46.54371640491485, -47.65722563123703, -47.28870023822785, -48.11907231426238, -46.21076968288422, -45.99312965393066, -48.65836344242096, -48.72979689645767, -51.20886866998673, -49.415146223068234, -49.16287653255463, -47.15587914848328, -48.833823813438414], [-42.433344046592715, -43.906514598846435, -48.83932327365875, -47.128663085937504, -43.76393931293488, -45.107327007293705, -45.05257345771789, -40.90718421745301, -43.24589687156678, -43.52611163139344, -42.14698805046082, -44.27688733577728, -45.43474344539643, -40.4498999710083, -48.99733215045929, -43.51053933906555, -45.16202030181885, -47.10498239707947, -46.06736286735534, -46.89065448665619, -45.30613908481598, -47.507521497726444, -50.04258325099945, -52.2317509803772, -45.91545390319824, -51.10485199451446, -47.440599984169005, -50.425530028343196], [-47.297335683822624, -51.22121057701111, -52.95839868831635, -52.28881395435333, -50.203486276626585, -48.71906432056427, -49.42956255817413, -53.755774254798894, -53.386514606475835, -54.25725607013703, -55.527380414009095, -58.453139085769656, -54.83753440666199, -53.50812291717529, -53.604623897552486, 