{"status": 0, "spectogram": [[-21.486687794193628, -26.048482648849486, -26.13429503752291, -24.644518210470675, -24.866830778971313, -24.399375503748654, -24.011313024088743, -25.830482776612044, -22.992089605867864, -24.44393791632354, -24.092437953755258, -24.667777307197454, -26.17135773175955, -25.099384369894864, -24.772821796655656, -22.94805389261246, -23.599152161434294, -23.966339698076247, -20.816276914283634, -21.56414294654131, -21.009339432835578, -23.275384139046075, -23.0517591958195, -21.75612524688244, -19.74825002974272, -21.18513400863111, -22.324321537971496, -23.287669823452834], [-25.88399950015545, -32.60379339522123, -30.775168915450575, -31.778070313453675, -32.96215945076943, -37.1356944732666, -40.37025653260946, -36.47302492457628, -35.774810819685456, -37.51656062477827, -36.71631061667204, -39.1044174439311, -34.70044487702847, -32.07264182221889, -33.06582919806242, -34.093105808496475, -34.66699854016304, -35.7952751262784, -37.120712589025494, -35.95815926349163, -40.626408578038216, -36.70684671181441, -36.523784083604816, -38.945560557067395, -36.734382187783716, -35.32283773219585, -33.19327574175596, -31.826168739736076], [-28.442260147333144, -40.149110166072845, -38.241548350572586, -41.10676198887825, -39.0346894853115, -41.33815951156616, -41.04053374433517, -39.87890175986289, -41.60160015463829, -41.18206391692162, -42.775125102996824, -41.82505320978164, -42.559385175943376, -46.16500477409363, -44.10100358200073, -41.886465424060816, -40.83751900100708, -40.643991266012186, -43.085805242538456, -42.610654350996015, -44.06078520107269, -46.79688715529442, -41.68919715976715, -42.49549844551087, -42.434206193208695, -44.14884081363678, -41.79021722745895, -39.934654376268384], [-28.542687499999996, -33.273062499999995, -34.205375000000004, -34.7140625, -33.5905625, -35.1884375, -32.6789375, -33.383250000000004, -33.5495625, -34.145312499999996, -32.3226875, -35.0643125, -33.8210625, -33.970875, -35.397999999999996, -34.275625, -34.8483125, -34.8919375, -36.04781249999999, -35.8015625, -38.537625, -37.5984375, -35.967, -36.28475, -36.102375, -36.856562499999995, -35.8455, -34.8348125], [-21.600680958271028, -28.798102051973345, -31.04785145401954, -29.121896569728854, -31.9932283718586, -34.60251642203331, -41.55726900792122, -29.656711311101912, -30.05388056230545, -30.90137170100212, -28.676496810197836, -32.59983769679069, -32.5660242805481, -33.46293416070939, -42.91918635988235, -32.15270198249817, -30.951246577978136, -29.20196083140373, -33.38189915561676, -31.10370101833344, -33.21183686947822, -31.63160291981697, -29.796165628910067, -29.501487619876862, -29.7451837682724, -34.84146183991432, -35.40221046185493, -34.95629078578949], [-10.54381154870987, -18.220889227867126, -18.91294725370407, -18.918595475673676, -19.070569389343262, -22.338775082588192, -19.5074032497406, -20.653143936157225, -20.67974792289734, -20.402070207595827, -18.028573380470277, -19.39013002872467, -22.470685643672944, -19.6918674325943, -25.14186677646637, -22.98502472639084, -20.962292418956757, -20.951804348945615, -24.23767529582977, -23.42002191209793, -22.109282265186312, -24.371970292568207, -22.04934843492508, -19.69273802471161, -22.240367998600007, -23.564338984489442, -22.233894057750703, -23.957865992546083], [-22.726413596391676, -24.771440297603604, -22.87668164730072, -25.832314897060396, -29.235465854406357, -29.74376625943184, -31.306209304809574, -28.717085199117662, -28.405381828069682, -28.640632772207262, -29.00632622385025, -30.14493017601967, -29.877794874906535, -24.753265318632128, -28.93020237588882, -27.302961194992065, -27.418614488363268, -28.62725232458115, -29.338624480724334, -28.85552995586395, -33.116866854190825, -32.178811485290524, -31.18969928407669, -33.06502697134018, -30.059310680866243, -31.1006711666584, -28.182656850099562, -27.644900126457216], [-24.46968115901947, -30.496535263061524, -24.793850876808165, -25.61331273651123, -28.855925257682802, -27.24569358730316, -21.701019105911257, -28.795738684654236, -30.687550980567934, -31.560086100578307, -25.998788621902467, -25.786219526290893, -29.35861716842651, -28.747345517158507, -35.194217116355894, -31.392542566299436, -34.41491152381897, -28.40815463829041, -32.910084893226625, -30.792048113822936, -27.910344173431398, -31.76794494342804, -28.691825205802918, -26.728402519226076, -33.16947637557983, -30.86027203845978, -33.42519013595581, -30.345586751937866], [-18.06700753355026, -22.800448468685154, -25.385199917316434, -22.08212855482101, -20.68994958925247, -17.36077390050888, -15.461339101791381, -18.925970123767854, -18.521405772209167, -19.413869725227357, -16.100746752738953, -15.922024393558502, -20.28055746507645, -25.806563822746277, -24.219064197540284, -21.706237213611605, -26.006672711372374, -20.544112151622773, -21.8224866976738, -22.977521894931794, -22.74943493127823, -24.194486340999603, -24.549237985134123, -18.72413227128983, -22.05382734918594, -20.58237056541443, -28.526053629398344, -25.124198956012727], [-27.70026286840439, -28.125120726108552, -26.136376536846164, -29.516021167755127, -31.7276773853302, -29.917642888545988, -32.58344739055634, -28.182563596725462, -31.63197115087509, -31.8200402636528, -31.083285737514498, -31.41909569835663, -28.168559877872465, -27.13511290168762, -29.673609079360958, -25.902613213062285, -26.03438966178894, -28.162378183841703, -28.113818317413333, -29.2655179605484, -29.752418644905088, -30.07925027179718, -28.04918162202835, -30.56161326408386, -29.49802005434036, -33.01574616336822, -29.777758088111877, -29.621827441215515], [-40.01375, -40.7390625, -40.255187500000005, -41.9383125, -40.397937500000005, -35.980937499999996, -36.0225, -36.423, -41.19275, -40.9609375, -38.640437500000004, -37.5246875, -39.3526875, -40.654687499999994, -41.84425, -40.658125, -38.4171875, -38.256375, -39.9263125, -41.9801875, -38.987375, -42.9116875, -38.9768125, -41.93075, -38.464875, -40.15774999999999, -42.029375, -42.2953125], [-45.01293869972229, -46.59840050411224, -47.51927505207062, -46.2644551410675, -42.71074439239502, -39.072004408836364, -39.59269841909408, -40.44936763048172, -42.93327337312698, -41.96534688329697, -40.27178847885132, -40.16429174613953, -41.661685498714455, -44.51274792528153, -46.139500451564786, -45.62712206459046, -43.0634256772995, -42.24260726547241, -43.48829169416427, -46.65206591415405, -45.66339709472656, -46.94262097740173, -47.5266875128746, -47.27009651184082, -43.42481301927566, -41.66722229528427, -48.619273023605345, -47.44989791202545], [-39.01622598028183, -41.80339625549317, -42.63795809698105, -42.714557075500494, -42.30245763063431, -43.87186536836624, -44.809864059925076, -41.74220549154282, -40.97322488737107, -41.23984039020539, -41.369213571548464, -42.13342703533172, -41.272260102748874, -40.68803080415725, -42.964779829502106, -42.55875118923187, -44.644171397686, -42.62436628580093, -44.02630501174927, -45.311707548618315, -46.55439200973511, -49.42689418888092, -45.21570559835433, -44.146292801380156, -45.66639352416992, -44.16195605802535, -44.06802229595185, -43.317968687057494], [-33.37884024047852, -31.305852522850035, -29.823795858383175, -32.58901571559906, -34.29184665203095, -31.174623443603515, -30.587440852165223, -32.77037320899964, -32.58170517635345, -34.434946224212645, -34.24700823116302, -33.952026465415955, -34.4729025812149, -30.763454967498777, -33.46232627105713, -34.27930461120606, -34.05364683914184, -35.68959980106354, -35.35722777462006, -34.47611324882507, -37.608457552909854, -35.852820269584655, -36.06500259590149, -35.85998315620422, -35.967794754981995, -36.527525666236876, -32.92559709167481, -33.410078586578365], [-51.255888578414925, -50.67277978897094, -51.19490758705139, -53.22916563892365, -50.41727038097382, -48.327031314849854, -47.92434596347809, -48.280744960784915, -49.699699641227724, -50.760948620796206, -50.13663715553284, -49.56400343036651, -50.34791383838653, 