{"status": 0, "spectogram": [[-24.230580330476165, -49.20349100245535, -46.720428434878585, -49.84809804548323, -47.499178444117305, -47.13783918377758, -45.724339283049105, -48.18194624826312, -49.555508827492595, -48.84248191323876, -47.464919395968316, -47.838607022315266, -46.29618734686076, -51.43447280652821, -46.91247307793797, -50.14571413770318, -52.69611593942344, -50.536749901950365, -48.628374792009595, -46.960419423863286, -45.588446294337515, -45.64647316513956, -48.855098245039585, -51.79924092279374, -50.549982185810805, -45.092392764329915, -50.15751779177785, -46.67534796737135], [-2.0747948394417763, -1.7279105578660965, -2.081285544157028, -1.9693480580449105, -1.8610623456835746, -2.0025087766051293, -2.1029462585449217, -2.293267670750618, -1.9813212367296218, -1.9951158800721167, -2.251803371787071, -2.1823748331069943, -2.254803399682045, -2.01577662986517, -1.9541516237854955, -2.1574641129970553, -2.195044477522373, -2.1327766173481937, -2.420401609122753, -2.4946426905393597, -2.4294552062153816, -2.5970623381733895, -2.990812313139439, -3.0243480202555655, -3.2220176451206206, -3.249080161273479, -3.2375176649093627, -3.3469998096227647], [-38.24960779762268, -49.31261691308021, -48.30949146389962, -48.29284820628166, -49.1100903377533, -44.79657960295676, -42.65051690149308, -46.509678343296045, -46.33837444400787, -46.685276022672646, -47.61459028816223, -45.39502683711053, -40.89103532266617, -49.981991423368456, -56.013742446661, -47.98128695487976, -49.59217975091934, -46.66064253997803, -41.968205129385, -49.98511587643623, -41.08196453523636, -44.95539096546173, -42.804079889535906, -46.09600074434281, -48.078188490629195, -43.583142704963684, -48.90420607876777, -44.843464681148525], [-13.51175, -11.931500000000002, -11.7341875, -12.6273125, -12.981625000000001, -13.574000000000002, -12.863062500000002, -12.710749999999999, -12.377500000000001, -13.000812499999999, -12.858624999999996, -14.675437500000001, -14.239125000000001, -14.9880625, -14.6091875, -14.46575, -14.714187500000001, -14.292749999999998, -14.094124999999998, -14.9186875, -15.634125000000001, -15.445000000000002, -14.276000000000002, -14.2978125, -13.6305625, -14.500687500000002, -14.8751875, -15.1588125], [-20.24369153571129, -31.838979100465775, -32.75272896265984, -36.28113205194473, -35.86740857911111, -35.097265468359005, -37.20570303630829, -33.53975489711761, -35.143540835380556, -35.91671954774857, -37.23596968555451, -36.751595121383666, -34.36232636356354, -38.82663161706924, -39.17650658082962, -35.26023736572265, -37.40732741689682, -37.38553286337853, -35.58828213238716, -36.67130947494507, -35.83069332146645, -39.849846118927005, -36.31053181958198, -36.65087982130051, -37.14037965631485, -36.0714778854847, -38.823228533506395, -37.03516551113129], [-23.334870523452757, -29.82296841859818, -33.604713391780855, -30.292415383815765, -33.58206501483917, -30.456586062431334, -30.86620774078369, -30.720116931915285, -29.65530478525162, -32.306071944713594, -32.27875840568542, -32.84280712652206, -32.885047021865844, -33.93909378385544, -34.81402919960022, -35.78518826103211, -35.97142990636826, -35.98943743515015, -33.544438464164735, -33.70024393749237, -31.139382370471957, -33.66771777009964, -32.60415264987945, -34.758025742530826, -31.979660323619843, -33.07823255014419, -35.14548133993149, -33.45551927232742], [-8.27190609717369, -7.166039337158203, -8.128602404356002, -7.9623160212039945, -8.149342716693878, -8.40636932349205, -9.920245447874068, -11.392576879024505, -12.538916508674621, -12.828148317813874, -13.617148802757262, -12.09718261384964, -12.629584880113601, -11.94092300915718, -12.248923419713975, -12.844468504905699, -12.02720920777321, -11.723646941661833, -12.291209970235824, -11.692200355529785, -11.158235288143157, -11.870003858089449, -13.987380387306214, -14.895961204767227, -16.115801455259323, -14.653255460262297, -15.593255816459656, -15.398594573497773], [-26.467176464080808, -42.68121591854095, -42.84878380584716, -34.28459237480163, -37.36369653892517, -37.266787224769594, -39.149603208541876, -34.59933740806579, -37.42525137329102, -35.54605191516876, -39.305539776802064, -34.356655264854425, -35.06273928546906, -37.54158651542664, -35.99727908039093, -41.647751466751096, -39.064757580757146, -37.5352331199646, -31.176485206604006, -40.09474543190002, -29.302238717079163, -39.12629189968109, -35.087418084144595, -37.101057516098024, -40.29267166423798, -35.557836856842044, -37.66490500926972, -38.3755289812088], [-28.152797873020177, -33.003401183128354, -33.10059096097946, -32.53200595092774, -34.11176495313644, -30.735199838638305, -31.95457942295075, -29.29795492076874, -32.173288750171665, -30.013134462356568, -29.858196540355685, -32.61628367090225, -33.61158962297439, -33.49299682474136, -34.134435587883, -34.21711633872986, -33.3851764588356, -32.8887849984169, -31.680534740924834, -32.31810637998581, -32.69835256624222, -33.147846267700196, -31.186163001537324, -30.167492475509643, -29.993895320415497, -28.23154245662689, -31.205232610225675, -32.015009752273556], [-21.92047887182236, -19.21604807090759, -16.83555054283142, -17.016994280815123, -17.47636001729965, -17.287528671264646, -16.737595587253573, -16.068847521305084, -16.36480372428894, -16.096616028308866, -16.044179611206054, -18.02243351888657, -17.819042134761812, -19.05031575679779, -19.408129336833955, -18.746924733161926, -17.361013394355773, -16.80508577442169, -16.4382111492157, -16.695924504280093, -17.594297149658203, -17.640261906623838, -14.883267236709592, -15.77108065366745, -15.553404973506927, -16.11241948080063, -17.01260687637329, -17.65927604532242], [-36.3963125, -30.0386875, -29.221874999999997, -29.153187499999994, -29.320500000000003, -28.485625, -27.3529375, -27.346375000000002, -28.244687499999998, -28.373375000000003, -29.040125000000003, -29.434562500000002, -30.038999999999998, -31.533, -31.607375000000005, -30.967499999999998, -29.0246875, -28.6246875, -27.665687499999997, -29.186, -29.584, -29.101750000000003, -28.337875, -29.292874999999995, -29.06975, -27.6364375, -28.6610625, -29.6084375], [-43.52284437704086, -43.00071694326401, -39.69572358942032, -40.55119310379029, -41.37079624938964, -41.529398737430576, -38.86408403301239, -36.84112561321259, -38.70964034080505, -37.926500361442564, -38.60124611854553, -42.19449175548554, -40.54576772975921, -42.87699144124984, -45.754297459602356, -44.53927831506729, -43.27106322336196, -41.86666663169861, -42.16805319595336, -41.3858629193306, -42.935907694339754, -41.636928519248954, -40.30130080699921, -39.83612500095367, -37.964154737472526, -38.97091943073272, -38.749784703254704, -40.36174845314026], [-39.901168421268466, -45.119492791652675, -41.09655727481842, -41.10568155765533, -40.17457360458374, -39.568923186779024, -42.00848595523834, -42.991723300457, -45.91859018325806, -44.567850198268886, -44.73553687667847, -44.3577980132103, -43.538760052204125, -43.72179649686814, -44.89792042493819, -43.441333325862885, -44.62857353115082, -42.67077050209045, -45.824522543907165, -39.242617569446566, -38.8517360906601, -41.005353312969206, -44.10803651905059, -43.68566978693009, -49.50647238492965, -43.16562544441223, -43.89025048065186, -44.93862527561187], [-44.72502705097198, -56.32416310501098, -54.23409392642975, -53.8558336801529, -53.329104264259335, -50.58114736747741, -51.61246386241913, -54.43299672794342, -55.912350991249085, -57.78407060718536, -57.752193415641784, -55.31412501430512, -56.247020628929135, -56.68761807823181, -56.67624472045899, -55.699064062118524, -54.49292407608032, -55.87304720306396, -53.54248470973968, -51.161987299919126, -51.45745198726654, -52.48606058025361, -52.46543451404571, -55.89767191505432, -56.774778263092045, -53.6694951839447, -53.578494489669794, -53.740788243293764], [-41.04942653656006, -44.47366312217712, -51.026405755996706, -51.88025814151764, -51.99646241569519, -46.75429551792145, -47.17617305088043, 