{"status": 1, "spectogram": [[-30.83467861124873, -51.25519633656741, -51.27225883792341, -54.35447307087481, -56.358080214098095, -52.23712488037348, -53.24299991622567, -52.83751780986786, -54.17438384540378, -53.12497324593365, -53.837660704731945, -53.79158938089013, -53.89099999946356, -52.5347053616494, -53.601392813116306, -52.18171422344446, -51.27213389201462, -51.54695544709265, -51.68126786375045, -49.891812474146484, -52.88331236062944, -52.26816956450045, -51.37510701063276, -51.13869632118941, -54.08175881119072, -52.9116606823504, -52.97547308380902, -45.13084820134937], [-2.1718659076094626, -0.28091076600551607, -0.28441074430942537, -0.35565178865194325, -0.35075891107320784, -0.2979017803072929, -0.34321429312229157, -0.3929375215172768, -0.4409553858637809, -0.368250011920929, -0.3966250113248825, -0.4328661016821861, -0.365223257958889, -0.3730178943872452, -0.21608038514852523, -0.33680362033843997, -0.41002683371305465, -0.39266969364881515, -0.32510718560218815, -0.32393752962350847, -0.3484018161892891, -0.3763393211364746, -0.471339321732521, -0.48992861521244047, -0.4320446706414223, -0.45477682155370713, -0.47127684956789023, -0.48735721659660336], [-28.204312789201733, -48.18093885684013, -50.19262498140335, -50.907214632034304, -51.65067887735366, -51.51758087611198, -47.98114295434952, -46.253563431024546, -49.843143140792854, -50.53657138586044, -48.813883050680154, -48.61107145643234, -45.40285647583007, -50.16173216056824, -47.639419118642806, -50.171259908437726, -46.566454953432086, -46.93490171551704, -51.61652663397789, -50.00184723353386, -46.74516031122208, -48.790233184337616, -49.35204501652718, -51.29305288076401, -50.35301789474487, -48.06657148313523, -46.595383770704274, -49.40504534077644], [-22.2556875, -26.3286875, -25.1141875, -23.735875, -23.09725, -23.5510625, -23.680999999999997, -25.0485, -25.377249999999997, -24.5524375, -24.111875, -25.234812500000004, -25.927125, -25.8639375, -25.16175, -26.125249999999998, -25.9870625, -26.499312500000002, -25.583624999999998, -25.2741875, -25.1730625, -25.348187499999998, -25.660125, -25.979062499999998, -25.502375000000004, -25.6030625, -27.240187500000005, -28.146625], [-9.449769345760345, -13.06374383187294, -15.580494358301165, -19.111762966394423, -22.516942266225815, -20.68083467698097, -18.05514666557312, -16.8165213394165, -16.46770866417885, -18.80121803998947, -18.354280525922775, -16.326101508378983, -14.98898513174057, -15.484619103670118, -17.42118193674087, -14.7688867790699, -15.25988684630394, -15.036368911504749, -15.835244115114211, -17.05709255218506, -17.227226499319073, -16.466092460632325, -17.03378002810478, -15.775788675785062, -17.886753398418428, -16.89987822961807, -13.911940057992934, -13.13778807115555], [-23.46548312759399, -44.36147183847427, -39.9503491024971, -38.44616016769409, -38.45806149721146, -38.07488442468643, -43.62731653022766, -36.31447456693649, -39.572723240375524, -38.02791010570526, -43.022219984531404, -44.8416431684494, -43.72540813159942, -45.185195226669315, -40.64925892972946, -42.22177008152008, -42.70093762922287, -44.279279581546774, -44.466900578022, -39.03141876268387, -41.63381081438065, -44.95825609731674, -45.34719450855255, -42.9761428451538, -40.711999817848195, -43.15981481790543, -44.554062583446495, -44.49998185825348], [-6.971122407913208, -5.2067423110008235, -5.151743755817414, -5.159558091878891, -5.320862783193588, -5.48643359541893, -5.852807678461074, -5.73029795074463, -5.987315374851228, -5.972352300167085, -6.304602284431459, -6.564922382831574, -7.050903734207154, -7.079502250432968, -6.877127955675125, -7.506626475095748, -7.955608782052995, -8.216912038564681, -8.041475164413452, -7.760538513422013, -7.866529651165009, -8.00313639163971, -8.115073845148085, -8.332055399656294, -7.7465386292934415, -8.166216725587844, -8.682277173519136, -8.932463920354841], [-23.750489280700688, -37.092968592643736, -42.25721903324127, -43.94880999946595, -43.23967681407929, -43.97974405193329, -44.72037407398224, -44.35303684425354, -45.89927701568604, -48.60679828548432, -43.92886834144592, -45.258613183975214, -39.470151912689204, -39.219457359313964, -44.20681833076476, -38.00403177070618, -38.96873820400238, -38.84357047080994, -42.11675007915497, -43.75377549552917, -45.09824312019347, -43.27477763748169, -42.476651252746585, -40.65835536956787, -45.49312052440643, -43.89509233760833, -34.720660066604616, -34.53562846755982], [-31.66488352251053, -36.407713692665105, -41.30390300130845, -37.19741072273255, -33.67741016960144, -42.91595431375503, -38.34276920032501, -37.441542976856226, -35.8252778763771, -36.30499011087417, -40.034800634384155, -45.387325295925145, -37.730203951358796, -44.95075408601761, -37.811443944931035, -36.632419102191925, -43.58338435602189, -44.36879098558426, -41.73935831737519, -36.542678185462954, -39.08816234397888, -38.12980198669433, -40.76323986005783, -37.47558114576339, -41.858741496562956, -35.82498277664185, -38.29592013502121, -40.72875854635238], [-35.09205041265488, -45.1842883849144, -42.98985124683381, -41.331842157840725, -39.210844466686254, -47.28118905496597, -41.849697858333585, -40.795087463378906, -43.66645041036605, -38.74541441535949, -40.96478125286102, -45.469893338680265, -44.60664524126053, -45.775491563797004, -42.07818614339829, -43.57393628931045, -41.838099064350125, -46.09004814624787, -45.82879763412475, -43.87582705259323, -41.55649167871476, -48.45956001281738, -44.033942866325376, -40.89565464258194, -43.70416625738143, -40.81716335105896, -46.03459610033035, -46.46298944425583], [-45.7625625, -47.1835625, -45.692125, -43.7644375, -43.929125, -44.117937500000004, -41.91425, -43.694937499999995, -43.591875, -43.3565625, -44.968312499999996, -45.538375, -47.1286875, -47.3579375, -43.247625, -46.804125, -46.2458125, -46.093375, -48.2086875, -46.3414375, -44.78450000000001, -45.2129375, -46.5508125, -44.646812499999996, -46.751999999999995, -47.653625, -47.952875, -47.6381875], [-48.73745952081681, -55.502704092979435, -64.14356632137297, -59.64179002761841, -62.2397690114975, -64.49125543642045, -63.58331578063965, -58.51586894464493, -58.425245747089384, -59.881005328178404, -58.368941064357756, -59.39047421884537, -56.804942100048066, -59.711777370929724, -62.78058671092986, -59.93058909416199, -58.46085079240799, -56.84871955585481, -58.099279817104346, -59.69989374256134, -60.28490905666351, -59.76849934864045, -62.23905807352066, -58.66365304040908, -64.39838526535034, -57.06509233570099, -53.73241010713576, -52.469626546382905], [-45.03208964443206, -44.557910960197454, -46.64322488641739, -47.665137277126306, -48.71845972299576, -48.14654830884933, -46.58648471546173, -45.41193935346604, -44.52429606580734, -46.31864523220062, -46.989270214080804, -45.181260383129114, -45.538348924160005, -45.68246526050567, -45.865590680122374, -45.23251839351654, -45.961839838027956, -45.717455673694616, -46.6689562497139, -46.88436753988266, -46.9471531662941, -47.011777998447414, -47.24040287733078, -47.308491780757905, -47.732439182758334, -47.33558148241043, -46.460829899311065, -45.4922401099205], [-45.417022373199465, -46.802530303001404, -49.756775515556335, -53.06982576847076, -53.8096279001236, -55.59856506347657, -54.88218853378296, -50.99275734806061, -52.01171316146851, -54.925934592247, -54.03811969947814, -52.04447151470185, -49.02499302005767, -50.6119384393692, -53.30474784851074, -48.994886792182925, -50.39972575473785, -49.403958817482, -51.41451881980895, -54.43846175003052, -53.79139977359772, -52.42182068634034, -52.33932137489318, -50.98547462177277, -53.99931004810334, -52.41029395580293, -47.29717570018768, -45.971739925384526], [-35.28520230102539, -36.318158389091494, -38.15659258270263, -37.9275630941391, -35.88510932540893, -37.98596437072754, -39.31208532333375, -39.71791563129425, -39.21790801620483, -39.41644408416748, -39.23956827354431, -39.52235566902161, -38.36679852199555, -38.432130117416385, 