{"status": 1, "spectogram": [[-33.534499616998644, -50.100974461295166, -48.19201009439936, -56.611714297533034, -61.916591045693494, -57.009316555536515, -57.519296235743816, -57.57080592423556, -60.493384629722755, -60.021035853292226, -61.41824996513128, -61.19842272434309, -56.35209371346129, -57.701213399376016, -65.25499286626551, -61.78416352300006, -59.981296660418394, -56.57496417075396, -64.13705311638236, -55.00625039316074, -58.9618963372963, -54.65623839737331, -57.23582029168087, -57.02866191620579, -59.69514276707172, -55.14995294462029, -57.24005791384708, -34.604620935339135], [-12.570586295528226, -10.362918392475772, -11.448770367697797, -12.621749877691268, -13.128280339669223, -14.25248441293288, -14.36891301075779, -14.14329057906112, -14.136729400814788, -14.66532616756401, -15.002321134328842, -15.14013747963126, -14.281116650985219, -13.614045375819156, -13.528280410956365, -13.571596593725465, -13.708341451260514, -14.04514253091812, -14.189662982454111, -14.006402771876797, -14.05564273854666, -14.251861938967988, -14.436249706506757, -14.513780306869592, -14.46989256930351, -14.078719767857535, -13.29772426267545, -15.13077272344128], [-23.88736210348852, -39.95975471196613, -34.966157524442224, -50.00410653591156, -54.243765717924816, -48.27967379224549, -52.586735534453844, -49.08421339402868, -48.85006307960115, -52.16261784604151, -54.65285713195801, -49.66524205904566, -52.24236483951542, -49.72324993051619, -52.67487523207279, -53.873765818265106, -54.51779605725351, -54.30564323997498, -48.529819868905, -45.654118417019816, -44.687629391028096, -45.80833831506773, -46.2697869306298, -46.568539282234354, -46.756677956581115, -48.84440607351018, -45.395652160061346, -40.667133786396725], [-21.79989254220575, -23.92078576660156, -23.96282146823406, -21.667749999999998, -17.433822093248367, -15.649607116937638, -16.67078549480438, -18.748249945163728, -18.138535527706146, -17.97217866420746, -17.805, -17.750642797470093, -16.01946409416199, -16.832215366363528, -18.13653554058075, -17.195536653518676, -16.130071380615234, -16.6205, -17.746071662902832, -19.56264336013794, -21.159358186721803, -22.594285091400145, -21.719572677612305, -20.108998512268066, -18.802, -18.72117790031433, -17.234928359985354, -17.392106578826905], [-24.441133456013837, -15.443335364549705, -17.534789338827082, -28.371219701766968, -40.3566221594759, -33.46926387037068, -42.06214795507666, -39.18530739213014, -38.65833632376675, -37.42595713592053, -44.737791225433355, -37.728260144057515, -39.46721243478825, -39.20828870174007, -38.69645658714821, -37.91266055266856, -44.67466352715809, -44.69700435829163, -41.4596609718555, -43.831901773024455, -39.40904388630112, -48.35301364980569, -40.8946908330733, -39.84068908103592, -40.5305396566391, -35.99745006829971, -41.933384431195364, -29.85921703697025], [-20.186665533140093, -25.071070707968204, -20.237204945398933, -30.392817605972287, -26.971852436626158, -21.66884657369348, -24.88379846202148, -28.074458808743223, -28.850911774994426, -28.000263718507775, -27.830130126953126, -26.597911144276488, -21.174791627689306, -24.46027384923258, -28.220377373970457, -27.709680247947617, -24.38734111433566, -22.997311601638796, -26.81099455068498, -30.694891603430833, -32.034061953683455, -32.975826144176786, -31.80716855676162, -30.638235197885063, -28.120238561630252, -30.555695594790567, -27.123104896234075, -22.588011610105198], [-2.0943575545802537, -2.7782147400780053, -4.259128474955517, -7.116073146820068, -12.614934962953075, -23.861335630110986, -22.82492301199496, -14.581757676737634, -16.735867310116078, -21.24356470127324, -28.41405125904083, -29.716623504911556, -33.56021031087782, -26.099311341885116, -19.175862081139243, -22.355150286808712, -29.61379937744012, -35.9232338886261, -32.28732634411935, -23.7337936188817, -19.529342700217384, -19.0089913119499, -20.99790304685931, -25.460398594626568, -29.399085020065307, -25.883540206563033, -28.256920654668903, -32.36943895205842], [-23.74732129875016, -32.93103219719447, -28.64182590475609, -39.243960117340094, -47.50118126514499, -39.84238428063275, -44.28349591949983, -40.58307443705439, -41.40156599502869, -48.040295371384126, -45.440887310028074, -41.00694643855617, -45.09933681779776, -43.47558420391233, -45.588656481797166, -43.141279946894, -46.06371429139495, -47.20135294342041, -40.987888278029686, -36.31929008919804, -34.17932449081879, -35.79531926881559, -35.628457306488215, -36.616155040852114, -36.64029061126709, -35.455232518020956, -34.90624961269082, -38.22554716663354], [-25.098745234681324, -32.03708767541937, -25.249984635053806, -33.840039339065555, -25.99650507428136, -20.32859782299701, -22.685486735285224, -28.486172222740656, -26.81772728488884, -26.45518258873342, -25.21872156906128, -24.592266579861313, -21.28992320337091, -23.860443865622344, -27.78021387210911, -27.00806751025618, -23.241399279049634, -24.13954158973694, -26.55271640043868, -32.27537201838619, -36.01823006600745, -38.20065330149387, -35.85054900562312, -33.124535632150916, -30.099935588836672, -30.355576777320266, -27.452852906673943, -25.83628934424702], [-25.983114985094673, -35.06929057305435, -31.996988416771593, -29.906666673660276, -24.403791346002876, -25.836165465505925, -26.086202088931167, -27.17277995317819, -27.468843306347818, -28.387286178898663, -28.748801582336426, -30.370850275137776, -30.457827723832743, -28.792375447928436, -28.562598783415407, -29.411562665195667, -29.0614659365823, -32.56451892852783, -35.115318782475306, -36.12193829018469, -38.029361237387356, -40.52433123380441, -40.94821904917772, -38.817400912306134, -39.44351310348511, -39.285112798033715, -35.5951879426626, -38.720551929443644], [-39.879749400399625, -41.25564302921295, -39.35557133960724, -39.33725, -35.536393155813215, -38.555928712368015, -37.74021465778351, -37.06425012636185, -39.026643641471864, -43.454213768005374, -45.481, -46.793250308036804, -46.29832083702088, -41.77406744766235, -39.33789215373993, -41.25407037734985, -42.327713159561156, -51.43475, -53.45353476047516, -52.320461782455446, -53.80875462055206, -53.61339614200592, -51.39778491592408, -55.002527418136594, -48.60275, -43.99557656860351, -47.916252920150754, -48.96378903961182], [-46.54796035116911, -49.8647841846553, -44.62002194257183, -49.05372471618652, -42.623089483419484, -41.26711051251908, -42.809979340386185, -46.070127332793, -46.30530483481784, -49.75339911754936, -50.952590564727785, -51.86094686508205, -48.22644977102542, -49.49352253121955, -51.11979661974454, -50.06926295121514, -48.37273608723508, -47.82922806930543, -50.883610638678455, -52.45614903726333, -55.09422709491643, -54.299040868623386, -53.625240072750074, -53.10900814196138, -51.88515912246704, -50.808697313723336, -50.41268970341547, -49.86673925205542], [-40.31425203198085, -43.672431347557406, -46.198215864249505, -51.70879166412354, -57.51961422075257, -58.211410963506125, -60.15909507671655, -62.503287736941544, -61.700986472712515, -62.65358609219051, -64.48224287605285, -62.121985139886576, -59.553370014658086, -59.9664277798822, -62.44133760349159, -62.547009414362755, -62.209132612793404, -61.87195712471008, -61.797173717363194, -66.05932626856669, -64.3672266858767, -62.327790343400224, -66.3856328235596, -64.2967739348085, -63.84545944786072, -63.860884338381666, -61.821078778090744, -56.22248796197853], [-39.21063334052855, -45.91726403702266, -44.58054542924431, -44.243834949493404, -42.40780043283558, -49.074811788222995, -48.51882921966171, -45.50071406654426, -48.94905954327746, -48.555789985112874, -46.45221450805664, -47.26661130317326, -50.43882651842843, -43.39376958061379, -41.278086571516525, -41.77418649385724, -43.00522188455271, -51.31599792480469, -52.333840366967124, -54.641715879715626, -52.32063676104501, -55.53592061784579, -56.204367473174734, -53.34998317235593, -51.057286415100094, -46.452851495779406, -50.20617905659391, -52.953979765440515], 