{"status": 1, "spectogram": [[-27.454598271682855, -41.44023219099641, -47.140294546797875, -48.16498209899664, -49.109598184183234, -43.04275882087648, -49.68182135123015, -46.15212508377432, -43.630044503793115, -40.24696443015337, -46.12315168528259, -44.18943741579354, -43.34679465569556, -44.36101781144738, -47.01233035846054, -43.57183925923705, -45.43364278489352, -44.144232171922916, -36.30273225107789, -45.91631237541139, -46.15850883091987, -41.016678464800115, -39.62242858368158, -40.971955271854995, -42.53702684916556, -46.23565161143243, -46.84371419146657, -40.283723227038976], [-7.76083955013752, -6.531599102079868, -5.474786469101906, -4.763143573641777, -4.055563166201115, -3.982455972373485, -4.473206008732319, -6.867197354912757, -7.899081390917301, -6.838706287443637, -4.674331121623516, -6.074304484128953, -8.984126232504844, -6.371349153816701, -6.359286607623101, -4.555134662568569, -5.317768693089485, -6.4891080920696265, -5.634420468270778, -4.994143595099449, -3.8859470870494843, -6.076420530974866, -6.623295596063137, -5.266884741008282, -4.53935784983635, -5.085741806685924, -5.37786688810587, -4.821402558624744], [-18.276560703992846, -21.385155673980712, -25.377594589948657, -26.106827988862992, -28.34735598516464, -31.44614197540283, -28.937515373229978, -20.153199022531513, -18.777742799758915, -20.894459474563597, -24.11046044111252, -19.12622759389877, -13.882806553602219, -19.584012717723848, -20.278699610471723, -23.929334710121154, -21.220753423452376, -18.751493762493133, -22.296245103836064, -26.002985710859296, -28.344505542993545, -20.30769822049141, -18.3193862323761, -22.42486085152626, -27.644505082368852, -27.18399500274658, -22.53880800271034, -23.47515681028366], [-25.7903125, -38.536125, -42.4066875, -34.93175, -32.162000000000006, -34.532875000000004, -34.4221875, -39.6735625, -41.534375, -40.785562500000005, -39.1256875, -37.925625, -41.223625, -38.389812500000005, -40.5668125, -43.20343749999999, -38.6575625, -39.62575, -34.7804375, -40.7938125, -42.05775, -39.504875, -32.893375, -39.7971875, -38.3736875, -42.663624999999996, -42.3285, -38.785375], [-21.072320799827576, -17.72430107021332, -13.520986673593523, -11.739995817661285, -9.466915733098984, -8.356987810850143, -9.667737794160843, -20.52597020125389, -24.93067764234543, -19.455059464693072, -13.180245286464691, -17.276702597856524, -34.07831349587441, -18.652264409542084, -16.717887722969056, -12.158334088325502, -14.97650512957573, -19.963157971382138, -13.711657001972199, -11.824558110952376, -8.686362585306169, -16.159076236486435, -19.09901648378372, -13.802924487113954, -10.864397917032242, -12.741914753675461, -15.938601631641387, -14.596137617588044], [-5.8643699460029595, -9.36747310733795, -11.805974973678588, -12.784796814918518, -13.907207217216492, -15.019902753829957, -13.880965941905977, -7.322712428569794, -7.013335213184356, -9.644034902095797, -11.447037510395049, -5.854837088108062, -3.8622336959838863, -7.945846398353576, -6.700597617149352, -10.122430204868317, -7.840267765522004, -6.5943278360366815, -10.635956727981567, -11.58660895204544, -12.693519274234772, -5.947248828411102, -4.859872358798981, -10.15438492679596, -12.951402726173402, -14.216118200302123, -10.413179541110994, -11.751920126914978], [-32.68153695106506, -26.3456419005394, -28.34220494198799, -27.246968975782394, -22.924160250186922, -25.05134017467499, -23.09008741235733, -29.82271934914589, -30.1164061460495, -28.983867273807526, -27.046122569561003, -28.802428619861605, -31.93498530220986, -26.43610372066498, -28.274477418899536, -30.225567590713503, -33.394658287525175, -25.018714501142505, -20.669778473854066, -35.23172125458718, -29.977154652595516, -31.004866293907163, -27.259370458126067, -25.50630808758736, -29.532618345260623, -36.61529955291748, -36.402678838729855, -33.3138003783226], [-23.570289273262027, -32.58158975219726, -27.76690515613556, -26.491353524208066, -23.27785534763336, -20.93691100025177, -21.718596881866453, -29.693319632530212, -34.812198742866514, -37.61800291252136, -30.737190186500552, -29.18339350986481, -34.109949714660644, -30.98620635414124, -29.99076190853119, -25.60610198879242, -29.606853440284727, -36.29528484630585, -37.49440586948395, -28.49805986595154, -23.606052174568177, -28.020256868362424, -30.784071360588072, -35.29242121982575, -28.925291421890265, -30.30321849441528, -32.52777784061432, -29.351905795097352], [-24.348063680648806, -25.47799053955078, -21.8692375497818, -18.715084270000457, -19.442199204444883, -28.421134266376495, -24.048011291980742, -21.953641291141512, -25.51985526418686, -29.014123096942903, -24.255308921813963, -21.951219594955447, -29.339410778045654, -28.70560618066788, -22.193230959415438, -19.327978214740753, -21.16855029153824, -27.021342882156368, -29.95378202486038, -21.29321848869324, -19.213582481861117, -20.966550799846647, -24.705613918304444, -26.632541991233822, -25.356254408836364, -24.76562922859192, -24.992755875587463, -25.902916023254395], [-43.14289396762848, -49.036241526126865, -46.26511494398117, -42.34186221218109, -47.20671225357055, -42.46824213027954, -41.68011403179169, -48.3668420138359, -46.723264907360075, -46.335802118778226, -41.23881435251236, -45.47978606128692, -54.67114137220383, -48.133930142879485, -43.70642777967453, -42.408952713012695, -42.33723626756668, -42.422858569622036, -42.91111033201218, -43.32825022888184, -39.83118479537964, -45.094031028747565, -42.50383765649796, -39.35325485754013, -39.48030497455596, -39.980738388061525, -39.14279352521897, -40.819018750190736], [-44.5554375, -50.937625, -55.68275, -55.9074375, -53.681125, -45.036249999999995, -47.9933125, -53.634249999999994, -58.33575, -57.30925, -55.41225, -52.5968125, -54.13462499999999, -55.18600000000001, -52.719375, -52.7293125, -54.22025, -53.5715625, -55.655375, -50.74943749999999, -48.48475, -53.5831875, -54.596875, -50.4946875, -49.7580625, -50.199625, -54.76712500000001, -55.970875], [-48.26537582683563, -56.26524118614197, -56.74610842704773, -60.49462188434602, -54.42196912002564, -52.99211050701142, -56.64560572910309, -54.54052476072311, -57.23420630311966, -62.18499922180177, -58.352058187007906, -53.04837207031251, -52.0288649559021, -55.91926943969727, -55.744011923789984, -55.12242277908325, -53.04967988872528, -55.6547916173935, -53.31797728204727, -58.0983250837326, -58.13870931529999, -53.884654011726376, -52.67921713972092, -53.78222419500351, -57.67100114107132, -59.04939174985886, -56.27751328802109, -62.22344735336304], [-51.169491094112395, -60.73421446800232, -60.09184127426148, -59.19950949048996, -61.14807095432282, -54.57377864313125, -59.02040288591385, -59.138812581539156, -61.11066051864624, -65.14588386964797, -58.07175875520707, -58.35867748355865, -62.04492959308624, -60.267167993068696, -57.66648255825042, -55.51727681970597, -57.13161621141435, -58.58760234308243, -54.149538393020634, -57.514723639965055, -54.06079548215867, -58.07204274702073, -56.27016782140733, -55.82139170074463, -52.24726784610748, -53.84651757049561, -54.05132723474503, -55.72746213626861], [-54.05216237258911, -59.93751251888275, -61.87144813728332, -59.51868929004669, -61.596152213096616, -60.022218102455135, -63.93197029781342, -62.178170794487, -62.24069537353516, -58.122102593421936, -55.54591107368469, -56.964250249862665, -60.76005891895294, -62.908899046897886, -59.12422397994995, -64.03283697128296, -56.674054597854614, -56.42407180213928, -58.409818305969246, -57.077088954925536, -58.34352328777313, -60.68589373874664, -56.00983690834045, -53.780832434654236, -58.30439847469329, -61.79422105503082, -63.15447177410125, -61.79983779144287], [-48.17128956413268, -46.8957204618454, -42.95797617053986, -44.078953799247735, -41.52814213371278, -38.995700821876525, -44.02213783454895, -47.50489046096802, -46.02809619998932, -44.568265251159666, -41.82195425701141, -41.82706980323792, -46.68660170173645, -43.849392122268675, -41.195573779106134, 