{"status": 1, "spectogram": [[-0.7632678528726102, -0.3827321716845035, -0.5399821757674218, -1.1762321663498878, -0.8794375347048043, -1.420187522575259, -0.8867500241994858, -1.2734821707606314, -1.3063125359565022, -1.2536161039322615, -1.7987411089390517, -1.6873303696364164, -1.4297410941570998, -1.0907500330507756, -1.3526875284165143, -1.5357321665883066, -2.0362500142753124, -2.475446434110403, -3.512321415543556, -3.1199910629540684, -2.76550892187655, -1.6952232134491205, -0.9552232348173857, -1.0509464398920534, -1.239812505915761, -2.498419642701745, -2.604669631883502, -2.8538660535663367], [-13.512205127775669, -24.776536448478694, -18.69997337526083, -16.54861601597071, -24.269661509037018, -22.289285779476167, -16.632598156511783, -19.5860357452631, -17.802946393013, -16.550669584810734, -15.588669602096079, -15.534580436170103, -16.26052671188116, -15.258098094046115, -18.355848159015178, -18.014151822149753, -14.742749962210656, -17.10939292216301, -20.064455563724042, -16.327660851478576, -18.470348406851294, -17.90181257253885, -17.065312634289263, -16.106598307788374, -15.208276756227015, -16.97601801431179, -18.0729555259347, -17.449348406612874], [-22.64805321884155, -20.756073269367217, -17.362510353326797, -22.602403997182847, -19.073528813600543, -22.02566225290299, -20.093162281513216, -21.703047089338302, -17.13046636295319, -16.451010889291762, -17.89413600516319, -20.30661720776558, -19.531965390682224, -23.052885846853258, -19.590947333812714, -19.76685721588135, -21.929822672843933, -18.565178286075593, -18.736739630937574, -22.873437443971635, -16.975515872478486, -14.364909193992615, -18.16047304320335, -20.831571989536286, -20.46561724114418, -21.5493750834465, -21.40774974250793, -18.320946273803713], [-16.764125, -25.8345, -16.482062499999998, -20.720625, -22.055812500000002, -21.3544375, -14.0096875, -18.8954375, -18.414437500000002, -23.3755625, -26.236375000000002, -17.0845, -18.970375, -20.4380625, -22.4908125, -19.216375, -21.262, -18.83, -18.549125000000004, -23.247374999999998, -18.402562500000002, -18.4189375, -22.038375000000002, -19.321437500000002, -17.779937500000003, -24.4068125, -20.2881875, -19.1361875], [-12.833348584413528, -24.771591487407687, -15.420151468515396, -15.576116343259812, -18.090777594804763, -11.764998811721801, -8.655311404943468, -10.07888298535347, -10.0731513736248, -14.38875845646858, -13.655134642839432, -11.689713870048525, -10.99057918524742, -12.30806178879738, -12.399061962366103, -11.88677573466301, -13.15356048321724, -15.761490817785264, -24.698242348432544, -19.066946856498717, -21.337340363025664, -20.330920783281325, -15.048356214523315, -15.27441049146652, -12.825794207811356, -24.292911237716673, -17.380535169124602, -21.372420050382612], [-11.635872769355775, -11.75188352060318, -13.103448496818544, -9.969249464035034, -12.73226962184906, -11.474475650310517, -6.861225364208221, -9.175092659950256, -9.457215269088746, -12.220329624652862, -9.684330246448518, -7.236428726196289, -7.379413187980652, -9.699136126041413, -8.610761509418488, -7.987520483016967, -8.373206301212312, -8.981632894039155, -14.75488243341446, -14.37989088535309, -15.276755815029144, -14.291014104843141, -11.459582247257233, -8.329079641819, -6.385141135215759, -14.79428225135803, -16.89309678697586, -18.935016593933103], [-19.436665092468264, -19.202107070922853, -16.176295375585557, -13.79742077755928, -15.9511974401474, -18.984666450023653, -10.524038580417633, -14.227146023273468, -16.311008224248884, -16.14096443939209, -10.328149476766587, -10.378695458889007, -12.816312311887742, -11.90319114279747, -12.371752235889435, -13.878502487659455, -13.398341360569, -8.624238697290421, -17.689992058992388, -16.364410069942473, -15.487980687618256, -14.919988112211225, -14.196930056095123, -9.358265664577484, -6.938059894323349, -12.971833565711973, -18.875712106227873, -18.586928180694578], [-31.995613178253176, -23.44280468082428, -22.60149441719055, -24.361809226036073, -23.17262156295776, -29.403599346160885, -23.338540884971618, -27.509628375053406, -28.636770184516905, -26.27866232395172, -26.22810456466675, -21.556893669128417, -25.345809340476986, -24.970297096252445, -28.391862383842465, -25.96881304550171, -24.681974558830262, -23.341563118934634, -28.5044280538559, -30.08230598545074, -28.155263967514035, -28.81946548271179, -35.233143872261046, -28.61552309513092, -25.03541624355316, -31.32962765789032, -28.37813079929352, -31.62890009593964], [-39.00047332048416, -37.43811630105972, -34.824867644786835, -36.734590730667115, -37.5600631480217, -36.3337940545082, -36.29041941022873, -36.25711651563644, -37.56334048748016, -41.74295746660233, -38.49764412021637, -35.06977951097488, -40.013293858051306, -37.23614678382874, -40.34802211284637, -37.92107233333587, -38.58698291778565, -37.42042990589142, -41.88574045419693, -41.46566846990585, -43.175046926975256, -42.0087722196579, -45.17883064603806, -38.01703748226166, -39.108804990768434, -41.02415211629867, -43.78283914470673, -43.67941105365753], [-40.71013086509704, -33.34218281269074, -35.843806711196905, -36.88680672264099, -35.43394525718689, -33.852808430194855, -38.55905659914017, -35.25470829391479, -41.28124512481689, -38.80782684278489, -38.40570221185685, -36.356264690399165, -37.9905126991272, -37.263181445121766, -36.05274523973465, -40.266916733741766, -36.59915662384033, -38.20253114032745, -46.85865385150909, -42.07047866630554, -41.763403234004976, -42.37949123716354, -46.365557031631475, -37.94610145187378, -37.34644265937805, -39.134130489826205, -43.06907037448883, -47.76890989685059], [-54.521125, -45.318937500000004, -46.0565625, -43.8678125, -44.3721875, -43.9175, -43.687375, -41.845749999999995, -46.4571875, -43.843875, -48.745625000000004, -49.15356250000001, -45.736562500000005, -46.3228125, -46.2746875, -47.708187499999994, -47.5101875, -46.1575, -48.53399999999999, -48.05475, -49.02, -49.1758125, -44.129687499999996, -53.117125, -44.904624999999996, -45.0469375, -47.4566875, -50.1145625], [-55.6348363404274, -44.481641716003416, -45.716890789031986, -43.9023849787712, -42.656474423885335, -41.56912528896331, -44.595376181602475, -39.4833064365387, -42.992050039291385, -45.94983550310135, -48.91164167308808, -46.396781984806054, -44.22623277759553, -42.1744533905983, -45.914140748977665, -44.203137204647064, -43.11637495136261, -43.11107143306732, -48.35957099819183, -44.92252822828293, -47.673721196651464, -47.38035237312317, -47.43397723865509, -47.61379199171066, -53.584667200088504, -47.85621740055084, -49.63540286493301, -44.17405508899689], [-35.32519693756103, -31.6885289645195, -31.628967591285704, -29.01067226076126, -34.425858328819274, -32.014411664962765, -31.546224009990695, -34.71889375019073, -33.600661485672, -28.94531566286087, -35.949192026615144, -35.319269078254706, -29.582912106513977, -30.330214626312255, -31.49796438407898, -32.43789469718933, -32.577968316078184, -33.675553145408635, -34.62368248271942, -31.73653813934326, -34.774546190738675, -38.1236058807373, -34.61023231697082, -36.820615465641026, -33.47220925092697, -34.58138336706161, -32.3040094075203, -34.10661773443222], [-44.30875748920441, -44.57541763877869, -44.725033653259274, -42.88405577468872, -46.15244539070129, -47.165294367790224, -46.22548379898071, -42.8027628660202, -46.773031654357915, -44.36228681945801, -45.7722240228653, -44.980052852630614, -43.43781522655487, -47.79087093162536, -47.111875164031986, -45.74265352916717, -45.26460927772522, -44.091088356018076, -46.86189738750458, -44.988224268913264, -43.628222476005554, -43.45716102027893, -42.67422372150421, -48.93194396591186, -42.5546257610321, -45.669049940109254, -47.2702399187088, -45.6728745098114], [-49.753183779716494, -49.041280748367306, -50.97372203350067, -48.30970282077789, -50.04705885791779, -51.62555978488922, -51.14149687004089, -52.16204874229431, -52.31044405555725, -54.927189508438104, -52.50587659358978, -52.44720021915436, 