{"status": 1, "spectogram": [[-28.428312455520036, -53.36174096097052, -50.722678632795805, -53.466633780017496, -52.031285625398155, -54.223374708592885, -54.524437322363255, -54.7854819033444, -52.84267839241028, -50.365348013326525, -50.7158480347842, -53.1424284389317, -51.97836587046087, -52.050758780106904, -54.20700867964327, -53.75901779395342, -53.75849979263544, -52.84197313793003, -54.87191056212782, -55.75556243743002, -57.32619628176093, -53.899705361619596, -52.888705378487714, -53.489035638481376, -57.69262477368116, -53.79067851862311, -56.95992851570249, -46.24811604215205], [-8.946901186048985, -14.174945292949678, -13.25407036781311, -13.592284644007684, -15.496739888370037, -17.311186195909976, -18.577748605370523, -17.950900424063203, -15.984757697761056, -15.411623828768732, -16.073623787641527, -16.083347015440463, -16.793614827930927, -16.7830969645381, -17.26403443193436, -16.142222019851207, -15.227275663197037, -16.13365952908993, -16.87522198277712, -17.75170406895876, -17.32123980349302, -16.062052401781084, -17.999739758670334, -18.222034388422966, -18.27381116575003, -16.58865057307482, -16.892400575101377, -18.37113261777163], [-24.83355512905121, -41.07323475694656, -40.90285927867889, -42.41735060334205, -41.63348435306549, -42.681520306110386, -42.90333299469948, -42.37656524252891, -41.219859588623045, -41.104368307352075, -42.88899378275872, -42.61109211349486, -43.9472171087265, -39.41441255187988, -42.910663647651674, -43.009654479742046, -43.429315690279005, -42.49895803999901, -42.20264534521104, -43.924449416160584, -43.550377846241, -41.34326163744926, -43.85976173424721, -43.96326201558114, -42.87349358773231, -43.33239552021027, -42.820208034753804, -41.49064571142196], [-15.915750000000001, -15.560562499999998, -13.660499999999999, -13.3095, -15.0621875, -17.55575, -18.3436875, -17.1214375, -15.0125, -14.589625, -15.230125000000001, -15.482062500000001, -16.774874999999998, -16.5640625, -16.3558125, -15.1944375, -14.513874999999999, -15.4873125, -16.263875000000002, -17.112812500000004, -16.165, -14.974187500000001, -16.630125, -16.8221875, -17.063000000000002, -15.649999999999999, -16.735, -18.930375], [-33.976062447786326, -39.10949061512947, -43.04511691403389, -38.88098231744766, -44.56179442334175, -42.072643464565274, -44.15114231824875, -41.710767428874966, -38.402597063303, -43.294902858972556, -49.44134073448181, -41.425679059028624, -41.32267741823196, -38.36248216104507, -47.07060771799088, -43.40807958292961, -44.400840127944946, -40.02833006358147, -40.784705482721336, -42.55254417777061, -43.74699207425118, -37.58551641750335, -42.29776808834076, -45.38621544837952, -43.42612496089935, -40.69419577217103, -45.74569772434235, -42.64270522665978], [-12.49604092311859, -12.531204936027526, -10.226390839099885, -10.486908769130707, -13.00628527879715, -16.60580533647537, -17.65355566549301, -16.085528777122498, -13.378741895675656, -12.705285482883452, -13.421098785400392, -13.43634838485718, -14.63709871959686, -14.75382235097885, -14.655697835445405, -13.056928753376006, -12.05307051897049, -13.219562775611877, -14.23043832874298, -15.495706915855408, -14.457787029743194, -12.889151780128476, -15.043903560638427, -15.588823465824126, -15.630475193977357, -13.127366219520567, -14.790554062366486, -17.86877852630615], [-27.49516081666946, -39.52232405662537, -35.72819616985321, -32.85341993069649, -37.7511704556942, -40.14036610198021, -42.961988783121114, -35.1579814786911, -39.831373161792754, -33.07828800821304, -37.2058471930027, -34.41168337655068, -37.082223756551734, -36.121866071939465, -45.26692622375488, -36.31087199592591, -41.704063030004505, -35.800080923318866, -38.72645719361305, -35.85821149396896, -40.78438646006583, -37.55472669219971, -35.988542172670364, -45.1442156996727, -36.947803770065306, -37.30020496630668, -43.291330837488175, -38.927168701887126], [-26.133332235336308, -24.966023765563968, -23.790271394729615, -24.65483322811127, -26.715522268295288, -29.56224979686737, -31.21337625217438, -31.045795587539672, -30.20581067276001, -29.504987829208375, -28.362988166809078, -27.918550421714784, -30.725649351119994, -27.96712268733978, -29.612686405181886, -27.507158230781556, -25.580111516952517, -27.628203592300416, -28.504641121864317, -29.08561538505554, -28.877097555160518, -27.2750769405365, -29.493830539703367, -28.76829471969604, -29.016884593963624, -25.383988313674926, -26.82873810958862, -30.3614097738266], [-41.47274094057083, -59.118375102043146, -55.194314031124115, -59.49091282653808, -55.84167201852799, -63.98104708909989, -58.71442192220688, -62.40525652360917, -60.13484942960739, -57.09172399091721, -54.22660043764115, -58.420322654724124, -57.832483062744146, -52.90870692110062, -55.02095806932449, -62.18500865221023, -57.19175297546387, -57.93937632465363, -55.916440301418305, -56.51924309778214, -61.65748098087311, -54.67209004688263, -58.28984002494812, -59.56974270391464, -59.68943927526474, -56.559602642536156, -58.507098991870876, -56.652681523323054], [-48.583016984462745, -64.89403367757798, -65.32691249704362, -71.73458993673324, -69.0775856819153, -71.27126132154466, -64.74758187961578, -64.71995347833634, -68.29811336994172, -68.26660230445862, -67.37653066778184, -64.67021253061294, -64.05890173387527, -68.54073697328568, -67.4676760482788, -64.89597312736511, -64.12985320854186, -63.05131980180741, -68.94905883264542, -67.63196971654892, -66.74827197933197, -66.18422338485718, -68.22621370601654, -72.65183025169372, -64.73371091985702, -62.53954310464859, -67.06527752923965, -67.90963288021088], [-50.6435, -64.13006250000001, -64.35581250000001, -62.957562499999995, -64.0878125, -63.4313125, -61.201812499999996, -61.3001875, -61.83506250000001, -67.300625, -65.7584375, -64.90912499999999, -62.32275, -63.918437499999996, -64.21418750000001, -65.3504375, -66.1884375, -63.1760625, -62.101125, -65.6933125, -65.9346875, -64.723375, -62.85000000000001, -62.70231249999999, -63.521125, -63.64625, -64.48931250000001, -62.03649999999999], [-53.034215912818915, -73.04777260637282, -69.49478036546708, -74.00332743501663, -70.35647489023208, -68.28812608718872, -72.33331669282914, -68.53502968454362, -67.81165967416761, -69.45436837196351, -69.43274514007568, -71.36701852750778, -69.4618426065445, -71.78056930780411, -73.69705763769151, -73.52350864267349, -67.7141534485817, -70.44270866107942, -70.80251301431656, -71.84790610933304, -70.00574140882492, -70.89631923007965, -73.08438662958146, -71.52286749601363, -69.21015596342087, -69.17975493812561, -69.34319271421433, -69.37968801069259], [-56.31692607784271, -71.11944817543029, -75.99969427871704, -72.8460364818573, -73.64114475536347, -74.93139790678025, -71.68027610635758, -71.21983177804947, -73.46140203332901, -72.31159709787369, -72.94972477388382, -73.11222976112364, -73.4430417895317, -73.94700809144973, -77.21438101148604, -74.08164990758895, -72.42668757677077, -78.66106286764145, -74.85731340551376, -72.86674976730347, -72.34288499975204, -74.50765993309021, -76.63109476518632, -73.90402734708786, -70.53574168252945, -75.81725005817414, -71.87749893188476, -71.25201814842225], [-55.527140659332275, -73.6916809949875, -64.13505994319917, -62.309704142570496, -68.0612664718628, -73.10386977767944, -68.80268295574189, -70.71025418376922, -63.483913170814525, -63.609977941513066, -66.97991431713103, -70.06159529399872, -69.09458415412902, -69.49214807796479, -69.40339356327058, -66.27203896427154, -63.32720257282257, -67.99772685050965, -67.75766803836822, -70.00403803348541, -65.93786804199219, -65.56949604225159, -66.31505107021331, -65.52235649776459, -66.11895285606386, -63.81176076698303, -69.82201321411134, -68.36575521564484], [-54.01936681842804, -57.33789557552339, -56.95857640647888, -59.26957532691956, -60.54004054260254, -61.86549987316132, -60.87068970108032, -56.03994045639038, -55.98046915435791, -58.81038653469086, -57.58713936519622, -60.317362117767324, -58.43559980583191, 