{"status": 1, "spectogram": [[-21.104544662043452, -40.096321461707355, -39.95819654425979, -39.85058939102292, -38.739714324921366, -38.9116518277973, -36.975964240998024, -39.30081254066527, -39.39322324980796, -43.831803439140316, -46.93355352953077, -44.55712496358156, -45.83602677123248, -48.127116085812446, -49.02936595495044, -48.897428475886585, -47.84989288133383, -45.52097325022519, -44.09928560796381, -45.258455359414214, -46.72302675430477, -48.170196252375845, -46.31363374863565, -49.69194636461139, -47.013107073724264, -50.8424196153432, -48.36466956578195, -44.08722325627506], [-17.39059031355381, -24.496894766449927, -22.78320716506243, -21.44039446878433, -20.922787309288978, -19.518260391414167, -19.320385557949542, -18.128153365671633, -17.218573030710225, -17.351993011891842, -18.276493288695814, -17.3486000931859, -16.69704639273882, -20.2520920689106, -15.82921637701988, -16.696225409567354, -16.068144900202753, -11.042313876330851, -7.205438458263874, -5.847509768903256, -5.22505436527729, -4.578429258704185, -3.6304916468262673, -4.22633099001646, -5.033732793450356, -6.587875754237175, -7.63181329613924, -7.763259711682796], [-8.478269071102144, -8.647867431879044, -7.027867006063461, -6.759491910696029, -6.804107851505279, -6.695018304347992, -6.455267977237702, -5.728124807834625, -5.407356626510619, -5.783382737398148, -6.095819843292237, -5.9149451546669, -6.613784347057343, -7.153176368236542, -8.121300849437713, -8.842229388713838, -9.881014892578122, -14.875727710247041, -25.179851948738097, -30.28055936598778, -29.534977802753446, -37.48132704186439, -42.02645431685448, -38.2431920337677, -39.22996054840088, -35.48032586073875, -36.084451423406605, -36.05014872145653], [-14.905375000000001, -13.06475, -13.1351875, -13.426375, -14.165375, -15.226499999999998, -16.044625, -16.721, -18.2355625, -22.5705, -25.821125000000002, -23.203125, -25.412062499999998, -33.54237499999999, -34.494375000000005, -36.395250000000004, -37.95, -45.933875, -53.0358125, -53.4105, -49.8334375, -54.3754375, -60.6505, -55.648374999999994, -54.409375000000004, -55.583999999999996, -57.992437499999994, -52.849875], [-17.056776425600052, -19.00798358821869, -22.68298485660553, -23.17516378068924, -25.675021527767182, -32.28411226797104, -43.48055229830742, -41.66779211330414, -43.00628276801109, -44.3032900724411, -45.40422612643242, -46.77154928898811, -41.87667203068734, -48.33266949629783, -52.663046101808554, -49.190455363988875, -51.76775886321067, -42.0728101541996, -27.782806223630903, -22.943628026247023, -20.907627403497695, -20.280361663579946, -18.541488296747204, -19.025308962106703, -21.20366590762138, -25.872155261039737, -29.249403539657596, -29.473395343065263], [-15.095070230960845, -26.342783482551575, -30.294029297828676, -29.989533905506132, -33.1100474228859, -38.375053741455076, -38.99830728530883, -35.12165010118485, -31.48417304039001, -27.931177091121672, -23.098929155826568, -27.168686645507815, -24.47390334033966, -17.995244119644163, -15.491307961940766, -16.908959885597227, -17.28916569185257, -14.665356945991515, -17.352488494873047, -20.60773249387741, -20.2879736366272, -26.73587789678573, -30.523879535198212, -27.263370374679567, -28.20204751873016, -28.233537785053255, -29.814162566661835, -30.689751949787137], [-23.905346086978913, -35.315024697065354, -32.900018708944316, -29.577776908636093, -26.47091764187813, -26.144558215141295, -20.110869796037676, -13.705209684610367, -10.0456792883873, -3.348636918067932, -2.669827191114426, -3.631333899021149, -4.814673894882202, -4.313920072317123, -6.147672279596329, -8.20046707868576, -10.439119772672655, -19.70710802912712, -36.63116578340531, -40.64605957794189, -43.77662831306457, -50.85010888051987, -42.592668810606, -44.615096217393884, -44.83441947436333, -46.8115879831314, -51.03446861362457, -43.02982226133347], [-16.191350533485412, -27.052894040107724, -16.85877756977081, -15.061136984825135, -13.161049750328063, -10.426820658683779, -7.327950226783754, -5.6516510343551625, -4.492467950820923, -6.74799334335327, -10.204311068534851, -8.368700184822082, -10.472281927108764, -18.52695271873474, -24.58325137996674, -27.196983016014098, -33.35065214920044, -36.09933386707306, -37.448054535865786, -28.50079160785675, -24.01308051586151, -20.607255811691285, -16.116323592185974, -17.601892069816586, -20.933980713844296, -28.137726492881775, -33.018224017143254, -33.52835829162598], [-18.636145777702332, -29.700083046436312, -22.161091504573825, -18.06727802181244, -17.087465661525727, -14.11247246646881, -11.65784477710724, -9.924842385292052, -9.859536275863647, -15.481272689342498, -20.126957846641538, -15.52813843154907, -17.959870174407957, -29.744605962276456, -29.249547899246217, -33.11066265535354, -36.72067216300964, -39.7931625328064, -26.985607899188995, -21.01088156890869, -18.224184450149536, -17.750770953178407, -16.90064263057709, -15.780358623504638, -18.89078755378723, -24.63743317985535, -27.48855862236023, -26.320317917346955], [-28.118503859043123, -42.25672836017608, -49.952573325157175, -42.00309263372421, -41.70968667030334, -42.804868389606476, -34.43669593715667, -31.340179576396938, -29.688223642826078, -29.790757233142852, -31.59907178878784, -30.718434443950656, -34.38037278079987, -38.11071724367142, -44.0049555735588, -46.5071914639473, -50.707920825481416, -50.7680095539093, -41.31820581007004, -37.750701659679414, -36.41989878797531, -38.9996772198677, -41.94462350463868, -38.96910994672775, -44.074285838603984, -47.53946556377411, -49.13483744525909, -46.474330730915064], [-25.691875, -30.5936875, -30.7245, -32.0638125, -33.4606875, -34.5389375, -40.9019375, -39.301249999999996, -39.620625, -38.814625, -34.769062500000004, -37.9728125, -35.9605625, -31.94775, -32.065, -36.038124999999994, -40.56693750000001, -48.7765625, -50.659125, -48.918125, -47.256437500000004, -48.133875, -47.261062499999994, -46.03987500000001, -54.624, -54.4890625, -57.389687499999994, -54.870000000000005], [-34.232897334575654, -38.16217638063431, -45.390975592613216, -42.9003295826912, -41.73465480947495, -37.86955247688294, -34.14845259666443, -33.77845602083206, -32.270714931964875, -39.48150209093094, -46.23811531209945, -40.46316305494308, -42.275961966991424, -50.08924471473694, -48.59400172710419, -52.70131618547439, -51.07139950323105, -52.37699845266342, -58.81099497079849, -58.355727293491356, -56.866029275417326, -57.93591933202744, -57.70748691749573, -57.449038570404056, -60.85742650651932, -60.58428247594833, -60.31928414106368, -60.204411432266234], [-34.40393864774704, -37.324630962848666, -39.8628138589859, -38.21380614042282, -37.67454799747467, -37.75409594964981, -38.965161902427674, -38.34713704061508, -39.75946779251099, -40.616725714683525, -45.38184718036652, -43.27904552268982, -45.948573623180394, -44.09948743963241, -42.189115304470064, -47.786597620487214, -52.316205328464505, -61.87798746061324, -61.71786116552353, -60.37061365175248, -58.84215726566315, -59.93005357170105, -62.370866315364836, -62.29418710947036, -63.3401598739624, -65.09588068819048, -61.21275652551651, -60.82016708230972], [-36.747104240417485, -39.936141887664796, -38.85764616203308, -36.43312346553803, -36.47193406772614, -38.498852109909066, -39.30028806972504, -37.41716548728944, -40.18366913509369, -42.44668889331818, -43.11344602298737, -44.40517495250702, -45.30029661750794, -43.03043455219269, -43.019741323471074, -48.78708901691437, -56.03581055831909, -60.59425978946686, -64.28926978015899, -64.39094047260284, -61.612896202087406, -60.85080435180664, -62.97274349880218, -61.606400343894954, -63.35670475482941, -65.37933950042725, -65.76690621471406, -64.96549399662017], [-33.00564957332611, -33.85941745090484, -35.42142191982269, -34.64739595031738, -36.24198673820495, -37.62397914600372, -40.18372362041474, -38.63817576789856, -39.863301698684694, -38.16373223781586, -40.49229061317443, -39.84371675777436, -44.83516361045838, -45.612283330917364,