{"status": 1, "spectogram": [[-44.33641756178499, -46.728775567621604, -46.914102283378035, -49.76364288711548, -51.58020408062059, -52.37050504381925, -52.904877564744055, -51.063270086338335, -52.078101850409894, -50.85751016018585, -50.07403568655252, -49.25841836614755, -52.28392806969369, -51.96877520003124, -52.588250415929714, -51.54421521983835, -50.24562163905702, -50.100750003755095, -49.1836699267419, -50.5777167334726, -52.45044429247845, -49.70585734156202, -49.92773821058926, -51.16875467778712, -50.69260717624425, -49.92887327487243, -48.641244187204215, -25.597993364010527], [-15.202740438862097, -22.05540479692756, -22.263364037017435, -22.306716165065765, -22.445348951446757, -22.519522509565153, -23.01427251079129, -22.597119291641263, -22.800435558742354, -22.294185082347965, -22.932144710540772, -22.968527284422667, -23.606389559560867, -24.012644960403463, -24.284844145118015, -23.584186161771264, -23.04944053707316, -23.269323240041732, -23.635180323907306, -23.730578378964417, -23.620068020533523, -24.500961477571664, -23.551031923653994, -23.970282413944837, -23.790358919143678, -24.022139282825, -24.107542446185033, -14.846482341722174], [-11.922896060867238, -11.171774764627825, -11.414784840720028, -11.306320355415345, -10.84892221347168, -10.64350880441861, -10.742508669473706, -11.015580039394147, -11.581937453503556, -12.079008968314344, -12.368356033325195, -12.628636785731047, -12.717095793013687, -12.6083966779514, -12.59636094486465, -12.450248894282643, -12.43006530082468, -12.400498981475831, -12.429708150883096, -12.507616467028292, -12.510147103835141, -12.509840808790567, -12.609575530577702, -12.615192910681014, -12.681606217384338, -12.587029848526901, -12.61247896719964, -16.70960345392837], [-17.853142457634213, -17.93146429902315, -18.91407149887085, -19.874000000000002, -20.83682135796547, -22.087392704486845, -23.436678327322007, -23.18146416950226, -23.179142603874205, -21.72742856121063, -21.826, -21.92425001001358, -22.66842844390869, -23.26410725879669, -24.006571849822997, -22.429786252975465, -22.017535875320434, -21.966, -21.715500007629394, -21.92185736274719, -22.134107188224796, -23.129107068061828, -23.429856967926025, -23.39746397972107, -22.83225, -22.486571548461914, -22.06660678768158, -20.64749961090088], [-16.129756022366248, -33.29673950298224, -36.5911376589755, -36.36282584476471, -37.299279652566355, -36.12666656036783, -36.66434951336531, -37.87610613130096, -35.370619797327244, -34.938809533313915, -38.96782590198517, -39.14713465857915, -34.084987792278035, -40.303154328054916, -35.63961510288465, -36.06630099767412, -38.08956890189828, -38.67718324947357, -40.44081228057736, -37.2637313383057, -31.709312780146316, -35.29900178963746, -40.34856443261258, -35.41431188791559, -38.707504453659055, -44.41884869635845, -36.91397663832499, -40.78159832537927], [-17.490839980770655, -23.106043279998104, -25.457203725133603, -23.544560222625734, -20.424632889611214, -18.851439170895866, -17.598623856378875, -18.82571513226563, -20.09409827661484, -24.710580652703836, -24.822346576690673, -25.7654187074388, -25.284979149312456, -25.07666715145096, -21.895979361164684, -25.03037004978836, -27.124539960665714, -28.568201068878178, -28.074707990217068, -29.70845420033503, -26.485515660598487, -28.25467643693039, -28.842278921108033, -27.560778290186008, -27.982453924179072, -31.387118526771204, -27.031828870292888, -24.694012695779122], [-7.72473349737783, -5.039227773219967, -4.471030250461939, -2.6800281705856324, -1.7814025340176596, -1.2567353020783794, -0.9919913158269055, -1.3107154002675998, -1.830628378361689, -2.8659932524817706, -3.251992824554444, -4.001022963270636, -3.689095365271041, -3.2915654629300115, -3.0626223222775115, -3.491870150080919, -4.199497185278967, -4.388241837501526, -4.817368544364741, -5.816582798470219, -6.728214234721803, -5.725655073088041, -5.4652830386642925, -5.4844619163585016, -6.461847995758056, -7.016005723349757, -9.136154094616185, -7.6026293559962035], [-14.659119183189368, -11.557934980034847, -12.21000290494563, -12.725117084503172, -14.748419794977796, -15.36808042534977, -15.961570929619617, -16.003356187333686, -15.554329762750013, -12.980494833663435, -12.826581932067871, -12.322861521127118, -12.924454830451614, -13.400424985944046, -14.61491645359558, -13.457052797708602, -12.316498939280866, -11.745616527557374, -11.216702805188543, -10.328277542989424, -8.990859029516738, -9.270289418648682, -9.661146836435613, -9.789616840089469, -9.51336572265625, -8.738166473194287, -8.270271589900688, -11.774136504347466], [-10.26004528353942, -11.235254287104208, -11.935426912580109, -13.69910379600525, -15.56765864323603, -16.755433168917406, -18.472130550506417, -16.71696850595675, -16.229192866043505, -12.846118873810351, -12.013032186508177, -11.374869473331, -12.964215492024845, -14.108521411525821, -15.66203623320094, -13.622844842403895, -12.544441490795945, -12.610425662994384, -12.187517782405806, -11.869768124503121, -11.802498377663781, -13.233288238505883, -13.010042675661076, -13.229272099397988, -12.228319211959839, -11.68090139194396, -11.584136808960604, -12.89553196786424], [-27.73234716029202, -25.116325851074333, -24.383537887047915, -23.790546747207646, -23.64117330562318, -23.42125381720747, -23.098253119647914, -22.042755629325242, -22.09586643209147, -20.07304976415552, -19.662871753692627, -19.090599167560185, -19.957729570660668, -20.170516065052475, -21.45798317459768, -19.96524883398943, -19.55149084316925, -19.18526117515564, -19.147760781424715, -18.870442804043424, -18.852022818097794, -18.82602135136651, -19.43842530092793, -19.521584002902557, -19.56286729049683, -19.339707199019568, -19.749566659146048, -22.601774116280676], [-37.243534908384085, -42.182214269042014, -41.760142923355104, -41.15775, -39.08353580403328, -36.79525031518936, -35.430357334136964, -35.46392814826965, -37.409357462882994, -40.478391457080846, -42.7805, -41.85932077932358, -40.8076072268486, -40.906714353561405, -39.798213888168334, -41.68174798297882, -42.45603393745423, -41.9815, -44.61228485870362, -44.89760685634613, -43.239749535560605, -44.00935756111145, -42.77792783164978, -43.01953499794006, -42.4725, -43.5139636554718, -42.722105889320375, -41.40085685157776], [-46.965136870385436, -42.00209484438262, -42.575821587664414, -43.25574577140808, -43.180910212556, -45.004124569436065, -45.98034202275985, -44.68824592927024, -43.79842623938456, -41.707804686790226, -41.066636863708496, -40.73353659614255, -42.01146286880758, -43.34061956247948, -45.61958690142989, -43.153637565883, -42.112582558301526, -41.16310460472107, -41.44988617612797, -42.18391346119908, -42.46260807922946, -43.90775728180973, -44.95815494204664, -44.27972068864674, -44.410713329315186, -44.635332774258146, -45.60548975432852, -48.50141388326622], [-38.15518778563872, -37.90027063929303, -37.448697840223346, -37.981466070175166, -39.20062174777614, -41.36219527938445, -42.16013727351634, -41.24771889110474, -40.841398936574166, -39.66635231067713, -40.52403590965271, -40.39984614566846, -41.40208923740801, -41.47641945513867, -43.51728189468314, -41.480366816071665, -40.27097399707725, -40.28871383666992, -40.804300498494946, -41.00465826709919, -41.19912828206062, -41.48988052004239, -42.87574275441091, -42.51413010219662, -42.80767666435242, -42.49767307297024, -42.72599212650617, -42.73010333212992], [-35.19688166230692, -34.064029186325406, -35.18180764595309, -37.03466778945923, -34.03176231351125, -31.392248161334866, -29.75909058069592, -29.693284864465213, -30.917929463881585, -35.02282000289588, -35.52078296661377, -37.02403518783721, -36.50631797184205, -35.80682274639336, -34.666106453624046, -36.8364327100674, -38.6828597910356, -38.089100170135495, -38.95457734878842, -38.712633221762985, -40.05921717067651, -39.698918334688706, -40.7334963343274, -40.025272742563075, -40.503134895324706, -39.84401379659214, -37.35401527070438, -38.17886109568142], 