{"status": 0, "spectogram": [[-24.37241090804338, -29.874848665580153, -29.29091114830971, -29.040277231767774, -28.45280398932099, -29.08960758680105, -29.576670068278908, -30.23355401536822, -30.69564330431819, -30.24959862436354, -31.001223686113956, -30.648250440657144, -30.34282188177109, -30.428384373560547, -30.13582183459401, -30.275848621621726, -31.615000480830673, -30.47598256006837, -30.926482605606317, -30.851893310040232, -30.438955814823508, -30.176509362146255, -30.487821868181232, -30.791554018616676, -31.788196917563674, -30.746902251139282, -30.086339700937266, -29.99510757377744], [-21.4163387761116, -23.80465966641903, -21.568534809350968, -20.211061680853366, -19.231463553786277, -20.387124221444132, -22.736811553776263, -24.104293596327302, -25.60668636125326, -26.013293483793735, -25.22423103690147, -25.053873897194862, -23.02222225123644, -22.54054372304678, -22.117981258273126, -23.277981180429457, -25.871927427768707, -24.07822218602896, -23.441222233593464, -23.818740055978296, -21.961749104499816, -22.00864195764065, -22.69470441108942, -23.29144544303417, -25.215552477478983, -23.386088300943374, -22.821588319778442, -21.560606253385544], [-27.764820670604706, -28.929985958337785, -26.400047731876374, -25.128609865903854, -24.01456625366211, -26.093957833766936, -28.34077156281471, -30.328361404180527, -31.667772759675984, -31.886469888448715, -30.628344757795332, -30.156611905813214, -28.772468224763873, -27.71248561501503, -27.244609315633774, -28.720423614025115, -31.26174558067322, -28.649932926893232, -27.88418303418159, -28.063539608240127, -26.853369328975678, -26.765788481473923, -27.63603892016411, -28.533360831499103, -30.501290213346483, -28.80392396068573, -28.038610745191573, -27.016895583391186], [-19.0548125, -19.0045625, -18.3745625, -17.882375, -17.54775, -18.321, -19.703062499999998, -20.641125000000002, -21.1471875, -21.5170625, -20.922062500000003, -20.528875, -19.1165, -19.588625, -20.978125, -21.2495, -21.5606875, -20.735875, -20.6146875, -20.78275, -20.538125, -20.1590625, -20.432499999999997, -20.687687500000003, -21.554625, -20.4239375, -20.427, -20.2311875], [-8.306421553850175, -5.860233347415924, -3.987170121908188, -3.441883931875229, -3.937052968025207, -4.5354372594356525, -5.473813175916672, -6.150893932819367, -7.629385524988174, -8.357001813888548, -6.930313975095749, -6.304546059370041, -3.6687239086627956, -2.5397774274349216, -1.6599021289348603, -3.1177773978710173, -6.191823124408721, -4.217063611745834, -3.4343758897781376, -3.5972956469058994, -2.5709735624790198, -2.540402218580246, -3.130027399301529, -3.690509725809097, -5.690367486715317, -4.978768784999847, -4.051143598556519, -2.774009270429611], [-17.68217302751541, -20.222613611221313, -16.874235973358154, -14.930028916835784, -12.968482502937317, -13.49802828168869, -19.20821955871582, -21.702309646606444, -24.21273964500427, -26.858187932968136, -26.120749589443207, -24.836148695945738, -21.6304333486557, -20.749386837482454, -20.49745016002655, -21.711333933353423, -28.80363198757172, -25.620809315681456, -23.347120096683504, -24.490031410694122, -21.671727222919465, -21.189396554946896, -22.703897853851316, -23.214531693935392, -25.59308678007126, -23.155228575229643, -23.042166124343872, -21.32870873594284], [-15.532100274324417, -15.331063546419145, -14.552123463630675, -14.51079092669487, -15.473144771814345, -14.22109344649315, -15.478472602128981, -16.367001092910765, -17.20697571063042, -17.34549388718605, -17.633868157625198, -17.78559091424942, -15.881892538547516, -15.63794520998001, -14.927444378852842, -15.96780315065384, -18.853511563062668, -17.700107890605924, -16.917919706106186, -17.342401947259905, -16.99255183172226, -17.05991798520088, -17.507106412887573, -17.826267923355104, -19.049591397762303, -18.175535886764525, -18.113410185813905, -17.214006966829302], [-10.602013062477111, -10.484092582702637, -11.820337745666503, -14.342093571662902, -21.541919691085813, -19.251654289245607, -13.205222996711731, -11.8818859872818, -10.869576557159425, -10.846121874809267, -10.1022455701828, -10.049932664871216, -11.324062233924865, -8.530606977462767, -9.584979681015016, -10.237302803039551, -9.039800293922424, -9.111011376380922, -9.444384961128236, -9.176983957290648, -12.52557789516449, -11.921632142066956, -11.847258343696595, -11.368491654396058, -10.41425428199768, -12.262724595069885, -12.500223261833192, -13.160961669921875], [-35.685548719882966, -37.80224032402039, -38.43404764509201, -41.4258023481369, -44.74227944183349, -42.021460435867304, -39.4607824921608, -38.26359644985199, -38.504552676677704, -38.53928428602218, -39.75947228336334, -40.69735538721085, -37.15112093114853, -37.60079726362228, -37.54273297405243, -37.761111292839054, -38.11393625450134, -38.19355300092697, -37.689175782680515, -38.324872973918914, -38.68557495880127, -38.98102141666412, -39.31227391815186, -39.65179374313355, -37.413151753425595, -40.39117912340164, -40.39355210828781, -39.96897567033768], [-42.06151919651031, -42.4496461057663, -42.661511555671694, -46.33191490077972, -52.987118190765386, -49.79518267536164, -47.17494205665589, -47.83220843219757, -47.49746191930772, -48.74149592065811, -47.4080042719841, -46.23787785863877, -46.724958603858944, -42.534201898098, -41.77576177883148, -43.76249622154235, -44.71358931398392, -42.98102820634842, -42.45315282011032, -41.9912147064209, -43.12012102985381, -41.59678090953827, -43.28847192144394, -44.19907270145416, -47.38285437393188, -47.134669544696806, -46.494666892528535, -48.137755587577814], [-46.2968125, -50.45025, -49.255875, -47.449312500000005, -45.74575, -48.5890625, -49.754562500000006, -49.471875, -50.501562500000006, -49.336687500000004, -50.81762499999999, -49.2099375, -49.6655625, -49.018, -49.277874999999995, -48.885375, -48.917437500000005, -50.0505625, -49.8755625, -48.9073125, -48.922375, -49.1703125, -49.70975, -50.096000000000004, -50.666624999999996, -51.202375, -50.7241875, -48.4690625], [-49.762780828475954, -51.12023388433457, -46.175492312908176, -42.32500851726532, -40.71129266786575, -43.04704819774628, -45.08959640550613, -49.25796828126908, -51.867364560127264, -52.22501582002641, -50.92414088582993, -49.57588377666474, -45.92606941604614, -45.21115177774429, -43.33734225177764, -44.64679523324967, -50.32577523517608, -48.06225167608262, -46.788130137920376, -47.63546881914139, -45.11957398796081, -45.016029570102695, -45.771650816440584, -46.54862112903594, -49.43070458602906, -44.508433350086214, -44.94949783420563, -43.10646748638153], [-39.92561808156967, -41.33259012317657, -42.13333845043183, -42.67527722787857, -43.033073735237124, -44.09787531280518, -43.47062477493286, -43.45255470275879, -42.7827255692482, -42.83680679702759, -43.99524306726455, -44.99742138242721, -49.20714302062988, -48.72385709571839, -48.74048194885253, -48.693689124584196, -47.371091911315915, -48.73785758209229, -50.37504446268082, -48.72492016267776, -49.84434909963608, -49.696687548160554, -50.700186917781835, -51.12912484741211, -50.15263567686081, -51.604035536766055, -51.782660239219666, -50.17418811178207], [-47.85835678482056, -46.91225865077973, -45.97938771343232, -46.67946143817901, -50.2317434720993, -50.47578694534302, -48.22203728485106, -48.77388359355927, -47.768954234123235, -48.120229976654045, -48.34798121070862, -47.88884764766693, -48.26042014026642, -47.52251006984711, -47.70682404136658, -49.50501844215393, -48.13323305892945, -49.91303524017335, -49.90341161537171, -48.658117081642146, -49.50056246471405, -49.26027840900421, -48.68321550178528, -48.12137571144104, -47.553767192840574, -46.91821531486512, -47.24702813434601, -45.10426155567169], [-43.43674053668976, -45.84566742420196, -49.12285578918456, -48.02992730331421, -48.22615948104858, -49.65401827430725, -50.090078234672546, -49.89498756122589, -49.03632710170745, -47.86831011104584, -49.35899850845337, -49.744980701446536, -48.44866858386993, -50.404256522178656, 