{"status": 1, "spectogram": [[-36.13327610503669, -59.19255085166132, -59.952396644792685, -62.680374840915206, -64.7405507382422, -63.98837997574225, -61.076550020450156, -65.1865773176414, -62.91940235750377, -65.1925227916174, -63.665892650574456, -64.385827980906, -65.29782361459883, -62.91137871063946, -61.64618264214974, -71.0895233515434, -69.29400142233877, -65.99481239809096, -67.95724723816744, -66.07774892363648, -66.10633079033455, -60.80311202443138, -65.68898489395427, -66.27366490976377, -64.3801426629424, -69.40895531026572, -70.20535417967682, -46.59122232986284], [-31.908403582420586, -58.172060743847666, -65.77409042348906, -57.966936659991745, -60.537815777661905, -59.51857297298251, -61.57280202832851, -60.02156306919858, -58.41119345359421, -61.89073447289884, -60.618713901877406, -63.3810847746569, -62.65589343333612, -59.210098132516734, -63.69499906976472, -63.398912946299596, -62.56835829692933, -58.98551730728149, -57.878425174872106, -56.53272917189886, -56.737028815983365, -61.68677689486027, -59.55636556267259, -54.809938780030855, -56.12867784154415, -53.23506244848319, -52.23358199961464, -39.20636047242206], [-13.973755835957977, -15.983776968586188, -19.931483541442493, -23.92754771256447, -22.82581503919188, -20.705885229899003, -18.245109793521813, -16.230933227461275, -16.047907141159985, -19.679640756417193, -22.089868809938434, -20.145955408145202, -18.354292764031115, -17.276657486185766, -17.95378570360082, -17.823655287295, -17.130394243921373, -16.52803744697571, -15.482849007100551, -14.681237475516838, -15.837074741762407, -19.94111520738547, -22.626738643710144, -22.66136751015829, -22.43256556487083, -26.246720492504757, -32.17203443572721, -34.08400042931477], [-35.505276182129975, -56.14186601817609, -56.50229309999943, -52.98106249999999, -57.12613365411758, -56.101097915410996, -55.444865702152256, -55.57216878271103, -54.57796488571167, -62.029035741806034, -59.35325, -61.938621732711795, -63.0354369764328, -59.576430175781255, -58.428429321289066, -59.87470507526398, -57.891023303031915, -56.192249999999994, -54.619001121520995, -56.23181385707855, -59.63040316963196, -60.14488489341736, -55.04876043319702, -51.363367473602295, -54.017875, -56.44714780044555, -56.10778853797912, -51.085758939743044], [-8.061743297087261, -5.455993533402105, -4.709767860855314, -8.45502586531639, -9.965862728775816, -9.379698849668246, -8.412599779839544, -9.04069557013299, -9.009239541506274, -7.809682476982917, -7.385677797317505, -7.617921433064093, -7.956550983370616, -8.376201881048548, -8.10577923831621, -7.954165900279004, -7.433818978796451, -7.337339964389801, -7.687555655133812, -8.561946663112078, -8.084535091342026, -6.054191602107741, -6.0714320624743205, -6.575678296288607, -7.367998906612396, -8.927935979268254, -12.550872152846786, -17.627653202675422], [-26.606449863059005, -39.6221723536034, -40.65557056413394, -45.66500047874451, -48.89534960694271, -42.45744165647322, -40.45356605991282, -42.67126280486988, -42.30464061191043, -46.52855953829613, -48.15066561269761, -46.40771235816332, -46.40003945010142, -40.187377435363814, -48.21067367781364, -44.70279614035951, -45.11639047164364, -45.54511525774002, -46.655513073182476, -44.0077259736948, -42.20680606760451, -39.10727096389282, -43.15067044179079, -43.63682492689725, -43.48912464237213, -44.43070385134153, -44.31266332984683, -37.95470716801492], [-24.863708184674806, -35.89330953796518, -31.029339692332275, -23.348013199329372, -25.931545725297532, -36.64560737027819, -34.73881624822557, -38.509907010801754, -40.312955199644556, -29.727029570102005, -24.532701466798784, -32.05673542986817, -35.776562117274224, -37.52681555741905, -37.084237355139216, -38.10422604897655, -38.180444367400256, -41.21503693222999, -47.44437813897167, -42.830140915964265, -47.041856539905154, -29.30158288632805, -23.150268894869455, -20.737341643151986, -22.02406460189819, -15.740248507840281, -11.363602860082196, -10.540398486381148], [-19.668105176156324, -30.45389909232876, -38.62071623589549, -46.69332907295227, -45.62400340672964, -44.35374664047856, -38.91034974403321, -39.12888624613925, -38.30847675560874, -40.042814946999904, -43.3860483455658, -42.14268063171425, -42.64155586324307, -39.68395557581043, -43.28124086100352, -49.31223269478042, -42.07113583587451, -41.17415572166443, -42.0984404150542, -38.52086154346072, -40.259390024494785, -44.5801666327159, -49.094305355961254, -47.0021668158474, -50.96232605648041, -51.004096235916776, -49.85653412888149, -39.71995359296211], [-32.56179641881039, -36.61217372619907, -29.250564068957658, -21.340804356098175, -23.397201468583972, -31.5255893614008, -33.31982317905032, -38.85757016475814, -40.32741128847557, -27.51245717272458, -21.598856307506562, -26.00987467490632, -30.757908129001127, -34.03786775072153, -33.083727760547305, -33.99596819716993, -34.08729661449125, -39.739742417812344, -40.1999884976847, -38.73100210305611, -39.97945826751519, -26.736264086606997, -20.507571170179887, -19.154823288849762, -19.67974321460724, -14.849836501485115, -13.210569668462078, -14.701139691070027], [-37.0333649481317, -46.775794206091284, -45.70431674662253, -53.37809331274033, -52.45065091853268, -43.67814305883057, -44.90519068311426, -44.11092156281832, -41.024971742075344, -48.591017017754346, -49.958992131710055, -49.701915627752385, -52.02603704959322, -42.587613253278974, -45.95002820082326, -47.605551043765885, -48.42512614671959, -47.73520152759552, -48.19502750528514, -45.68318536944151, -47.9136251566411, -46.59119857984716, -51.01314854825596, -48.80725591549589, -53.26261409664154, -50.75869686393417, -50.76833688920294, -42.521668896188025], [-26.493544252075257, -25.981839259386064, -35.097072345733636, -43.8576875, -46.89174921607972, -41.260125144481655, -35.10123857069016, -27.496349566936495, -26.544374780654906, -34.15615974712372, -41.20075, -40.748000480651854, -37.93592774963379, -31.38198273086548, -34.378279603958134, -37.475893749237066, -32.54339893817902, -29.9640625, -27.946027245521545, -28.057527007102966, -28.82313393211365, -33.261743535995485, -44.26640399360657, -44.41566143035889, -45.917125000000006, -49.882359588623046, -57.39688913154602, -49.056459703445434], [-36.318305636458824, -39.07807058749109, -36.830319120717206, -37.9934202375412, -38.226071883998465, -37.82847255633418, -37.43480043438306, -39.725834254480915, -38.60266460259099, -36.88681556421154, -35.96181685113906, -34.97667898061872, -35.604264200326526, -37.67194642418322, -37.33950546319538, -36.79253706917542, -38.68316198220084, -38.77292638111115, -39.74958087169086, -42.857032122514276, -43.42248800677278, -38.1320068243086, -38.52856311316579, -38.657063655129576, -38.39465659999847, -42.97589952567112, -53.47994315795859, -54.93430934064473], [-39.187266811726786, -43.76455889813772, -40.69549384377646, -41.73944519901275, -41.31027016904432, -40.112507965476794, -40.0181641756577, -42.87601879146898, -45.11462813500954, -40.28441191889408, -38.40858022928238, -38.661031010343734, -39.034970913128284, -41.55206983259647, -40.41170184901023, -39.41561116654487, -41.7183513810906, -43.961878042697904, -46.52570895952101, -47.40334228391096, -46.67449158517921, -39.8733670095274, -40.89344072460241, -41.6052134315235, -41.01056967449188, -45.736838175905284, -53.67327228230687, -55.86388437554116], [-26.836476733234985, -25.573578648231198, -29.064105131072438, -41.137544024467466, -49.604163885835554, -49.34430110002881, -43.78157674903141, -42.813653221686785, -41.7331536731721, -43.30745164167529, -46.51010467338562, -46.900373720716125, -46.127045294429934, -43.05015963714104, -44.634206349239506, -47.44007289076877, -43.35106640655757, -40.84766435432434, -40.97739296722534, -41.95410771798092, -43.97758537899517, -47.39940174564629, -52.31615360267716, -53.96337861215376, -55.89447870349884, -60.45611141813098, -61.31807575807889, -52.51781332365982], [-46.96469713513848, -55.605930961049644, 