{"status": 0, "spectogram": [[-34.63890179331601, -51.66670522545278, -51.835267944961785, -53.80549986898898, -46.55088399548829, -47.206883928075435, -54.67832145330309, -63.53208899092675, -54.864482126206155, -55.37698214954138, -54.24166955159605, -55.31376768085361, -54.495267749667164, -54.85285700207949, -56.050981905370946, -53.715312406495215, -53.87564276397228, -53.55846425694227, -58.132464109271766, -54.366294505700466, -56.655357044607406, -52.1802409709543, -54.542303565144536, -55.71206249116361, -56.04953559947013, -53.71008037440478, -55.81276787260174, -44.707116051569585], [-15.295313489377499, -21.43528849351406, -20.02422578495741, -21.30085098236799, -18.483573630213737, -22.708172558486464, -21.336984649419787, -22.355931240081787, -20.243511299431326, -20.41960956454277, -20.975547208964826, -20.88169892930984, -21.011636435091496, -20.527163063406945, -21.256288189291954, -20.84156490856409, -20.00952015042305, -21.544520426511763, -20.711957729160787, -24.02743148076534, -20.938538146376608, -22.561377636194226, -23.910440325081346, -22.641332855880258, -24.122842064142226, -22.882690022408962, -21.37962713074684, -20.988671774208548], [-4.081784640312195, -4.005167512655259, -3.9474799423217775, -3.9733460838794707, -4.656560130834579, -5.3098814990520475, -5.809631822347641, -6.157712196350097, -6.346685083627701, -6.726033131599427, -6.762658165454865, -6.828292186975479, -7.324149204492568, -7.600631425619125, -7.743568997859956, -7.726015402317047, -7.926425946235657, -7.850050950527192, -7.59505117225647, -7.595283525943756, -7.686399358987807, -7.546087164878845, -8.033149656057358, -7.944828360319137, -7.963578284978866, -8.043953341722489, -7.982141137599945, -8.075373158454894], [-19.365375, -28.821562500000002, -27.165625000000002, -27.0880625, -28.715937499999995, -29.273, -29.252000000000002, -28.866187500000002, -29.441187499999998, -29.8371875, -29.641625000000005, -30.270875000000004, -30.284437499999996, -30.162750000000003, -29.999562500000003, -28.897625, -31.220375, -29.217062499999997, -30.0150625, -30.7793125, -31.87, -30.945812500000002, -31.5451875, -28.881812499999995, -30.621250000000003, -29.3136875, -24.94525, -27.332687500000002], [-22.684277660131453, -38.44886740994454, -33.04411600422859, -38.18411642193795, -37.69025907349586, -38.68896495866776, -39.199714382171635, -37.79294747686386, -42.577036142826074, -41.13375955700874, -37.03857191753387, -40.60196534442902, -39.55884858536721, -40.71723287439347, -37.76191983532906, -35.59684877705575, -37.896348242521285, -37.16879487872124, -39.21054412293434, -39.072250572204595, -42.32413504958153, -36.29838438248635, -42.8228839533329, -38.944447247982026, -42.19344702959061, -39.947982901096346, -40.254296806097024, -40.01020580077171], [-7.5023608708381655, -8.493458060264587, -8.361208257675171, -8.695957992553712, -7.707610576152803, -8.632414177417754, -11.176788313388824, -11.96084176683426, -9.59455730676651, -9.080557590961456, -9.75118245267868, -9.966816345214843, -10.2179057970047, -10.89240567111969, -11.769030367851256, -11.619351993560791, -11.078995219230652, -10.943022018909454, -11.840271506786348, -13.497610036373139, -12.064950141429902, -14.238288417339325, -14.38841349554062, -15.441805829524993, -14.843797130584717, -15.53365410232544, -18.783715027332306, -16.47232334852219], [-6.118313805341721, -4.030044769048691, -3.8721072840690614, -4.083490991830826, -5.12534030342102, -5.756358349800109, -6.141294671773911, -6.327847926855087, -7.470706728696824, -8.137519811630249, -8.169957117795944, -8.526323082447052, -9.077251946926117, -9.399046394109726, -9.099983312606813, -9.2590550031662, -10.071823537349703, -9.88133245253563, -9.143394179344178, -8.827258968114853, -9.565331801652908, -8.984776812791825, -9.50071437072754, -9.341633284330369, -9.757740825891494, -9.478222716569901, -8.958095695257187, -9.749945022583008], [-12.644527902603148, -15.873902618408202, -14.930960242271425, -14.805812929153442, -16.876664752960206, -19.078385202407837, -15.971631839752199, -16.377515179634095, -20.215459290504455, -22.911574657440184, -22.089760727882386, -20.905572206497194, -23.777162090301516, -22.125407421112058, -22.78510420894623, -22.503240586280825, -24.481267498016358, -23.89603190803528, -22.20828843307495, -20.071890540122986, -21.757168131828305, -19.743378271102905, -19.25843919467926, -18.48173665046692, -20.227731989860537, -18.819521484375, -16.117205929756164, -17.891324941635133], [-22.10277106618881, -26.533319687366482, -25.756320608615873, -28.479523970603946, -29.846524704933167, -30.96473925685883, -31.224237939834595, -31.900540998458858, -32.05837390089035, -31.9478930926323, -30.498769124507902, -30.95926843214035, -32.7543394036293, -33.35382990550995, -31.070456502914425, -30.152823903560638, -32.30868972682953, -36.315106393337246, -34.582231050968176, -34.69332803535461, -33.6831079583168, -34.26965895795822, -30.51272474956513, -31.9957414150238, -35.50947145557404, -31.999626620769497, -31.15193875789642, -32.91335691976548], [-26.751956804275515, -27.398080471992493, -28.6986363902092, -28.316198886394503, -31.963367514133456, -32.975314799785615, -32.10500523090363, -33.669405281066894, -36.97536524248123, -37.43508362960815, -38.17789340448379, -37.81527971982956, -40.62731681346893, -39.034786582469934, -39.47373128509522, -40.19721391057968, -42.258432289600364, -41.77925957298279, -41.87445818376542, -39.08777093696594, -42.254907068252564, -42.477504026412966, -41.03175213813782, -35.258604935169224, -34.95271435213089, -34.73254273366928, -33.45349009132386, -35.01957007837296], [-36.352125, -35.14525, -34.783875, -35.2301875, -34.8643125, -36.207375, -35.2890625, -35.3353125, -36.447625, -36.8064375, -37.37825, -36.542, -37.536562499999995, -37.0396875, -38.0345625, -38.80775, -38.6588125, -38.3271875, -38.114999999999995, -37.440062499999996, -38.024875, -38.050625, -39.0765625, -40.8115625, -42.0125625, -43.8068125, -46.3889375, -43.60606249999999], [-48.649358177185064, -55.25374131011963, -55.209054589748376, -57.337281725406655, -53.081943699836735, -55.430082529067995, -55.4212679848671, -58.03177406978608, -60.338677183628086, -55.917652148723604, -54.792092425346375, -57.48882960557937, -58.56204739522935, -57.714643251419076, -62.43982204389572, -56.284283236980436, -56.143749421596524, -57.818038380622866, -59.277535236358645, -58.28594186592102, -61.084316093444826, -65.89526847934724, -56.44334511423111, -56.79826133346558, -61.410228344440455, -58.73517048645019, -55.72367579936981, -58.15786774921418], [-48.38427222394944, -46.38695102453232, -44.62582662439346, -46.39186180543899, -43.64947956180573, -45.919586709022525, -47.94977239084244, -48.57510263252259, -47.82055104446411, -46.884793330669396, -46.46691809225082, -46.07958722400666, -46.96761458539963, -48.742283439636225, -47.968720991611484, -48.26213169717789, -47.23173077774048, -47.63552581834793, -48.31077431058884, -50.8513980383873, -48.621926521301276, -50.90265682888031, -51.48565631389617, -52.550932854175564, -52.607352304458615, -51.4779955368042, -54.243305326938625, -52.976092520236975], [-36.576954092979435, -34.082856910705566, -32.64548091506958, -32.95467886161804, -33.540755373954774, -34.922388750076294, -35.4138312997818, -35.49242085170746, -36.15407636928558, -36.81187611293793, -37.74525312328338, -36.98989615345001, -38.96937624835969, -42.050037743568424, -39.677227340698245, -40.80514485454559, -40.087250744819634, -41.58235741329193, -41.34861002063751, -41.407184573173524, -41.918699950218205, -42.75745885276794, -42.94308506393432, -40.95286619091034, -42.226000761032104, -42.85824765014648, -42.42505731487274, -43.11747987174988], [-54.09782508182526, -54.879949444770816, -56.83538574218749, -56.25713409423828, -57.23334309482574, -57.87236059474945, -55.77386348628998, -57.6480837059021, -58.52469652652741, -58.97378616809846, -58.71434974288941, -59.68798282337188, 