{"status": 0, "spectogram": [[-37.88900893943012, -64.76771416702867, -59.00765167398751, -61.343125051409004, -60.75602670361101, -57.85463384731114, -60.209071421563614, -56.31076786488295, -57.38741952215135, -56.56506247459352, -53.8116875771135, -58.88518752737343, -56.627910552412274, -56.072973002538085, -55.75753556898236, -56.88645538388192, -57.68908920899034, -56.63227671410144, -59.22402671639621, -54.09283035261929, -55.86993751476705, -55.09839285609126, -56.74439283496141, -56.45520531539619, -57.56990173213184, -57.429455314829944, -54.229080222025516, -49.048133885875345], [-16.74183076828718, -14.644143164157867, -14.052580556333066, -13.144509053289891, -13.095598346173764, -13.476785889148712, -13.497785926699638, -12.63412521290779, -11.479259110987186, -10.163455504119396, -9.658643025159837, -8.968303731560708, -8.893634079158305, -9.394330558121204, -10.316768116235734, -10.148437745511533, -9.303616252601147, -9.337812702000141, -9.420250210881232, -9.3765091355443, -9.637160943627357, -9.252419855415821, -8.961232354283332, -8.963598435938358, -9.03363416045904, -9.474857404351235, -10.064294928491115, -9.608196651935577], [-36.240773957967754, -51.30539185905456, -57.408890876293185, -54.302078840971, -58.72913342118264, -59.95271430397034, -50.20640149569511, -57.83000086736679, -52.70725989747047, -46.05260713100433, -55.712295353174206, -53.96282186317445, -53.37559843754768, -50.00450794100761, -51.99125477814674, -50.563542652845385, -59.47037615299226, -55.26354498887062, -58.04142034363747, -52.446571305274965, -54.912259496450424, -55.261847674608234, -56.41041114711762, -56.61289297962189, -54.514231892585755, -51.29366855359078, -50.114854178428644, -49.47759836745262], [-34.593875, -44.1454375, -42.5144375, -38.549375, -38.638125, -41.71625, -42.4254375, -42.0913125, -40.097375, -35.75725, -38.8823125, -39.28975, -36.211312500000005, -38.25725, -39.5710625, -38.8268125, -38.9599375, -41.584125, -39.506, -39.3629375, -40.1670625, -40.137812499999995, -40.2270625, -41.7948125, -41.5001875, -39.833625, -42.5063125, -41.2566875], [-16.150687909364702, -14.44912459373474, -15.3637506275177, -17.151010499715802, -16.60934076499939, -15.542965156555177, -15.14996476650238, -14.700420137166978, -14.140357946872712, -13.734644119262697, -12.291456393480303, -11.654393902301788, -12.156581578969956, -10.804491681814193, -10.237491087675096, -10.47316979765892, -11.466420466661454, -10.965777377843857, -10.76952730202675, -10.798179090976715, -10.851321732521058, -11.192018302440644, -11.377893367767335, -11.390152162313463, -10.963589583396912, -10.470535727500915, -11.531597938299178, -13.162973573446271], [-27.611457638263705, -39.90555886936187, -44.21055794811249, -42.492486097335814, -44.44617001104355, -47.70581016302109, -41.48575325775147, -44.592999681472776, -41.26583984756469, -37.87677904558182, -41.15077876615524, -41.19030159378052, -41.988776860713955, -42.07510135126114, -40.15803956031799, -38.7252532787323, -39.94505457401276, -44.28790465307235, -35.68434192657471, -41.180359235763554, -43.45241261291504, -43.350619475841526, -43.40886828565597, -45.0534235959053, -41.95472747850418, -38.510064247608184, -40.2610036649704, -40.981092988014225], [-21.436760513305664, -22.525758776664734, -15.765060647249221, -9.706342019081115, -9.71051159787178, -14.725407690048216, -17.998971200704574, -17.844069828510285, -14.647890454769136, -10.338205556154252, -11.09532878947258, -11.18378974843025, -9.48730311536789, -13.99409206080437, -17.110285791397093, -16.308580549001693, -12.758986599206924, -14.311905681610106, -14.720779996395112, -14.460174544811247, -15.832088404178618, -15.235320116043091, -15.856315454006195, -15.60776837015152, -16.194937704324722, -17.463466997623442, -22.585840758800508, -19.35019215488434], [-6.07858721446991, -8.845214133262633, -14.757659622192385, -21.830662502288817, -22.16586355018616, -19.637252927780153, -17.669060517311095, -17.57167660522461, -19.198848439216615, -21.800030615806577, -18.690654309272766, -18.100467430114747, -19.765577932357786, -14.055730052948, -10.165538832664488, -11.13853973865509, -16.77928769493103, -14.848007662773131, -14.605882468223571, -14.920971648216248, -14.38956798362732, -15.525032974243164, -16.620159107208252, -16.115631192207335, -15.041022961616516, -13.392404325485229, -13.15959028530121, -17.591559334754944], [-18.6774593000412, -28.995192566394806, -38.5190677819252, -40.54063857936859, -42.58533206939697, -36.728992671012875, -35.01474195384979, -37.35355267190933, -37.5645181145668, -36.44026384067536, -34.8135743432045, -35.96726957178116, -36.14554765033722, -34.266177322864536, -32.290798646450035, -32.666308654785155, -37.554293242454534, -33.309338388919834, -29.637215911388402, -34.69274733877182, -33.09951554632187, -32.76764309930802, -33.295392674922944, -34.53332804107666, -35.11189783096313, -30.79624679327011, -32.75049445199967, -37.490344936370846], [-23.7973319272995, -34.326738142490385, -46.40821554040909, -40.42147319555283, -45.14992143058777, -45.79566797018051, -44.361668513774866, -41.42918527269363, -44.35007863092422, -38.52040251255035, -37.978405467987066, -43.462056790828704, -36.76623558950425, -40.33492608070374, -39.52355880546569, -38.11249576044082, -42.75620866870881, -42.66043031454086, -38.35175162220002, -42.8005804848671, -41.78264314651489, -41.14926783466339, -44.591203805446625, -44.23819216156006, -41.5980652217865, -40.93364784145355, -40.358086827754974, -44.09288064718246], [-32.1823125, -39.1558125, -48.1298125, -48.266125, -52.233000000000004, -48.6571875, -47.009125, -47.5493125, -47.09725, -50.3371875, -46.6495, -46.0488125, -43.66675, -41.034687500000004, -37.771812499999996, -40.347750000000005, -44.71025, -42.712999999999994, -42.1901875, -43.475187500000004, -42.400125, -46.689499999999995, -44.4096875, -44.1318125, -42.233687499999995, -42.234187500000004, -41.923125, -46.242125], [-36.169934114933014, -36.27937185955048, -39.37360606384278, -45.851362045288084, -44.68214860153199, -43.89416458845139, -42.58110746288299, -43.888590240478514, -44.90058562850952, -45.50335804033279, -43.777985446453094, -42.889761385917666, -44.82777692604065, -40.33353511428833, -35.09691921234131, -36.319853163242335, -42.65093386507034, -40.49529433202744, -39.03854499578476, -39.55808929920197, -39.76146748065949, -41.705634300708766, -41.66625928068161, -41.301288161277775, -39.938628567695616, -37.439677975177766, -38.87474466228486, -41.972840483665465], [-44.80020489168167, -49.38015595722199, -51.3077770652771, -44.06090705966949, -45.12959451627732, -52.173038450717925, -53.560414363384254, -54.52447517108918, -51.683780052185064, -48.762727382659904, -49.38253919553756, -48.44136091184616, -48.927718617916106, -51.33271495008469, -53.307587299823766, -51.9175079088211, -50.29476992273331, -51.21393788909912, -50.00300073099136, -51.390240805625915, -52.74474063587189, -51.056520255565644, -51.74014415311813, -52.83508108901977, -54.27759672927857, -51.392616948127746, -54.146428624629976, -51.32162581586837], [-39.18049282169342, -40.7464124288559, -40.454593687057496, -42.8002823562622, -40.10058611106872, -43.75950089645386, -42.08500331878662, -42.114281243324285, -41.288198953628545, -39.06562403297425, -38.978750028610236, -38.28288365650177, -38.756499307632446, -37.53258426189422, -38.96515401268005, -38.00301719951629, -37.46903722572327, -36.75032536125183, -37.00563907527924, -35.95121031665802, -36.418454284667966, -36.30005025386811, -35.74267467975616, -35.72542598438263, -35.65573146343232, -36.09322506332397, -38.73654074954986, -36.9446662158966], [-48.5711491765976, -46.190463085174564, -48.2142860212326, -50.10903391838074, -51.04072238826752, -52.933549986839296, -49.0866756658554, -50.549775568008414, -50.67803400897979, -50.824634396553044, -48.04032684516906, -46.23339731025696, -46.71992243289947, -45.05655376148224, -45.94204661846162, -44.97065683460235, 