{"status": 0, "spectogram": [[-39.954857152849435, -53.88514271616937, -58.16764268037677, -54.838892807632675, -51.58908037351072, -58.32346435853838, -54.93927671329677, -57.639267799854274, -56.49030345708132, -53.859901723578574, -56.32883911117912, -56.55815166957676, -56.096964287549255, -58.73067864876987, -58.813740928396584, -56.342026662781834, -55.95420534934103, -56.475151697114114, -55.601339189559226, -53.57154451785981, -56.27641070458293, -57.85914267587662, -55.77926761642098, -55.21539274078608, -52.71916068968177, -57.03883909401297, -56.507026775941256, -47.93299995306134], [-9.134134090602398, -9.405491344511509, -9.09955375945568, -8.4908125513196, -7.6620089727044105, -8.055553698062898, -8.246866206347942, -8.320464433789253, -8.756616230189799, -8.561991225540638, -8.3266787006855, -8.404026922166349, -8.725919811904431, -8.608053734302521, -8.458366197407246, -8.209580468833447, -8.145500089287758, -8.374642971754074, -8.055080455362797, -8.139142952919006, -8.425321524024008, -8.099205415308475, -8.21533042293787, -8.279098299205303, -8.513410829663275, -8.410160806179046, -8.417910799980163, -8.545857207059859], [-31.319874249935147, -45.05170346236229, -49.8695170135498, -50.266356278419494, -51.68901688814163, -49.1705806081295, -47.1878930478096, -54.65573342418671, -55.44479594302177, -53.190412125110626, -46.185033714294434, -52.76038468241691, -54.09509023332595, -53.677412550926206, -53.51078601026535, -48.899891380786904, -50.046383538961415, -48.82168692564965, -50.25262449121476, -49.39594717502594, -53.614634913682934, -53.12009908080101, -51.18916131973266, -51.178036312580105, -54.78836749482155, -52.0807409260273, -48.41249086022376, -46.13724022698402], [-23.951, -37.8045, -37.030125, -27.5785, -26.5581875, -32.6024375, -30.6135625, -34.22675, -36.547812500000006, -32.699875000000006, -29.350812499999996, -32.648625, -34.4786875, -33.54656249999999, -32.0765625, -30.738249999999997, -29.748062499999996, -30.549875, -30.9729375, -30.535375000000002, -30.7106875, -28.4629375, -28.552625000000003, -30.441375, -32.10775, -31.720249999999997, -30.910874999999997, -28.8993125], [-4.652686388254166, -4.138910561084747, -5.9343489358425145, -12.309065346479418, -12.12511905503273, -6.342608671665191, -5.729983535289765, -5.294170888662337, -5.207367228746414, -5.1433405418396, -5.4251532652378085, -5.346010309457779, -4.399501029014588, -4.630697452545165, -5.7765104548931125, -6.101367833852768, -7.365243176698685, -6.310233892917633, -7.229734110355377, -7.978796634912491, -9.149618130445479, -11.058475841283798, -10.781163234233857, -10.23687720155716, -9.10392137026787, -10.428743147611616, -10.862243246316911, -12.74452932524681], [-22.63681258058548, -36.4762970957756, -36.28485761070252, -39.716251994132996, -34.099948231697084, -36.96841046524048, -31.671724687099452, -37.8343743095398, -39.164016500473025, -41.72749234437942, -31.03955286598206, -39.490570133209225, -35.164348581790925, -32.58478542709351, -38.59822258329392, -36.60466922044754, -35.413509397029884, -34.05327878522873, -45.25402288770676, -34.58546544456482, -35.08243884134293, -43.93791852903366, -35.74585669612885, -35.096421041011816, -39.795918451786044, -40.45124136018753, -37.758118112087246, -36.921475271701816], [-16.08955364871025, -22.285169407606126, -16.263044108629224, -8.91051899933815, -7.6102164566516874, -10.907467491149902, -11.76015364432335, -13.464222460985184, -14.560934190988542, -13.202106054306029, -11.601672132730483, -12.31455538702011, -15.136541553735732, -15.225417825460433, -12.070110245704651, -11.442826132774353, -10.411765893697737, -11.785397368431092, -11.566586273908614, -11.777747222185134, -12.119694014310838, -10.544929189443588, -11.110928655862809, -12.223507330417634, -14.354308094978332, -13.218676583051682, -13.0482394528389, -12.54679504966736], [-9.201006464004516, -8.812447752952576, -15.365891384124755, -33.50587388515473, -32.253867236137395, -21.91954917812347, -20.515233264923094, -19.48400563430786, -18.343310930252073, -18.41501125907898, -18.483437905311586, -19.161597637176513, -16.12535283946991, -16.253450700759885, -21.076704671859744, -22.41229113960266, -25.30813488483429, -22.792651643753054, -24.288458235740663, -25.652100749015805, -26.340669266700743, -31.92988995170593, -31.243512559890743, -27.767361479759217, -26.40297832012177, -29.44198343086243, -30.3216658411026, -34.58275247669219], [-35.254426326751705, -41.72231704139709, -45.00250997781754, -54.68719613265991, -48.36506151819229, -54.49560431480408, -47.655232928276064, -49.08477625799179, -47.59121241283417, -46.54343852090835, -45.13887422084808, -49.48092708778381, -44.586042380809786, -45.50473907804489, -52.2541791343689, -47.36082250118256, -44.88882300281524, -44.60331383562088, -46.590064147472376, -45.8294221367836, -47.213573395729064, -46.72977183818817, -45.845270345687865, -48.823767745018, -48.40292096853256, -45.206824250221246, -46.31201093053818, -44.27101123189926], [-47.61413436937332, -57.931970842361444, -60.10153152990341, -62.56728411149979, -62.73570808935165, -66.09301282978059, -62.87502014541625, -61.8328716468811, -60.83970770168304, -59.531103880405425, -56.36104170227051, -63.76749435138703, -58.153324456691735, -58.03714047145844, -62.223367946624755, -57.57050628423691, -59.19631124687195, -53.45945052051544, -60.537997975826265, -56.347007554531096, -60.25527609825134, -61.743537541389465, -60.66091515922546, -59.790957583427435, -62.25813955497742, -59.86699744415284, -61.56086947727203, -58.90362519311905], [-43.76625, -51.935249999999996, -59.5779375, -60.9645625, -57.906687500000004, -64.8105, -61.255375, -62.6835, -60.19825, -60.9939375, -59.4045, -60.6721875, -56.422875, -58.2004375, -65.13875, -61.8413125, -60.6319375, -59.9229375, -61.452875000000006, -61.697375, -62.2635, -59.9140625, -58.2051875, -61.8515625, -63.140875, -61.703625, -62.2964375, -58.623125], [-43.8826936583519, -44.54694815015793, -50.73674755382538, -64.68855626630783, -63.192002178668965, -54.08913147640229, -52.4874458489418, -51.325001032352446, -48.79707322072983, -48.339571704387666, -50.02456909513474, -50.174319690227506, -46.9643243880272, -47.228350902557374, -51.6074698085785, -53.06383393716812, -56.70421250438691, -53.2418254776001, -55.29407134056091, -56.35812547397614, -56.80186437940598, -57.7714335808754, -59.92511802387238, -57.01116749429703, -53.180798147678374, -57.583766157150265, -57.68907856416702, -58.2978897895813], [-57.06398909521103, -59.7506085782051, -57.63661017370224, -51.01994725131989, -50.13029575586319, -53.03699671840668, -53.37793379068375, -54.67408395290374, -52.53255675268174, -50.99552168416977, -50.11389811468125, -50.151094542980196, -51.53364660310746, -52.04937815332413, -49.169255378246305, -48.99036342859268, -49.22092700862885, -49.451497464179994, -48.519560663700105, -48.845640956878654, -48.1747751879692, -47.74399094438553, -48.60455326747895, -49.66309673643113, -50.30205958032609, -50.208498356819156, -49.980936209201815, -49.56894617366791], [-51.52248113059997, -51.00147423171997, -49.05709186553955, -55.27739761161804, -55.17005888938903, -49.78794347953796, -47.505132145881646, -44.53220505046845, -40.63861642551422, -39.52475816440582, -42.00906830215454, -41.9924175825119, -40.83365256977082, -42.36152757930756, -41.60289901447297, -44.71732539272308, -45.90088553810119, -42.42095042514801, -43.92188602638245, -44.217993574142454, -45.87687622737885, -49.39218444824218, -49.61255947875976, -46.90149122047424, -46.088084400177, -46.82675108814239, -48.0604384098053, -51.67603314113617], [-49.06433591079712, -48.807368006706234, -50.2094380607605, -54.08192394447327, -51.55759526348114, -50.89627308654785, -51.245774757385256, -52.08518663215638, -48.84639474201203, -49.87239905738831, -51.581270412445065, -51.20523451805115, -50.356524707794186, -52.68877367401123, -53.57201792144775, -54.07856293010711, -53.08155894565582, -52.01257757091523, 