{"status": 1, "spectogram": [[-30.30774110625684, -50.33024997895956, -51.88156243444979, -48.2145089547187, -46.69929470647871, -48.06096434739232, -53.13683916777372, -46.50556253157556, -49.51510706835985, -51.763392822861675, -49.37295537863672, -48.3774553848058, -54.172169631555676, -48.13353580084443, -49.90928568384051, -45.7336072216332, -45.13625896699726, -46.67624111403525, -49.154991043582555, -47.83747317825257, -47.16695536093414, -49.28408918401598, -47.14002683885396, -48.13583041279018, -47.02889279785752, -48.39444644445181, -48.48644643959403, -45.765071471124884], [-8.20504440921545, -5.569973092854022, -5.207910623431206, -5.035062382161617, -4.6851248960494996, -4.608285602092743, -4.870785546183587, -4.850312283694744, -4.930240844070911, -4.78853548526764, -4.721035470724106, -5.022187225282192, -5.4852586246132855, -4.991955081403256, -5.346392583250999, -5.2355979308485985, -5.32394611275196, -5.495669325888157, -5.48904432862997, -5.678169306099415, -6.068419269502162, -5.61649970805645, -6.2830621591210365, -6.331767500758171, -6.062205016195773, -5.989955051362514, -5.90889257311821, -5.797089015364646], [-31.432579735517503, -33.75540019822121, -36.00815142798424, -35.6265260322094, -37.82372247767448, -38.53878650140762, -36.91316084337234, -33.01933898162842, -38.1110529961586, -39.57689226150513, -37.93964186477662, -36.61495537304878, -35.66784697651863, -42.55247444224358, -34.73391124296188, -33.65873925900459, -33.850866089582446, -36.40623224687577, -33.229794560670854, -34.886294554471974, -35.81583858919144, -34.07852665781975, -30.994713090896607, -33.417596769094466, -33.921837451457975, -41.95506278920174, -46.240876824378965, -36.893260033845905], [-23.0523125, -22.0384375, -24.618812499999997, -25.82225, -25.511499999999998, -26.7581875, -22.832499999999996, -20.373124999999998, -23.9520625, -22.56875, -23.2306875, -22.3874375, -18.608625000000004, -20.536625, -18.973875, -16.893875, -15.9289375, -15.7541875, -17.0351875, -17.65625, -16.3621875, -16.4191875, -17.5960625, -16.708125000000003, -17.5033125, -18.549062499999998, -21.7695, -21.3380625], [-22.982779732942582, -21.283564779043196, -28.701630454063412, -22.400253768920898, -23.261343064785006, -22.927700685501097, -22.260824818134306, -24.848573967933653, -26.72076191830635, -22.0631611161232, -21.382034965991977, -22.186525850057603, -22.10868855309486, -19.85625795817375, -20.336759176015857, -25.37376813840866, -24.02459833979606, -22.511081367254256, -21.70926699590683, -25.80887590265274, -29.696590230464935, -22.832509176492692, -22.29057252883911, -24.68702726197243, -22.265195970535277, -26.986670008420944, -28.014670569658282, -21.688044598817825], [-24.816683508396153, -25.075259540081028, -31.26706921672821, -28.62909805727005, -24.148143398284915, -22.033467690467834, -21.43921328830719, -19.642424221992492, -21.039486327648163, -21.71070213842392, -22.30157601594925, -20.5539729475975, -20.791109612941746, -18.03596294784546, -17.57433804321289, -16.411533433914183, -16.581254539966583, -14.776498445510864, -15.099557124614714, -17.376824505329132, -15.843850109100341, -18.7123269906044, -17.93369905614853, -17.062798853874206, -19.51032537794113, -20.99756708240509, -28.12018905448914, -23.085890133857724], [-15.782893243789674, -11.081590785503387, -10.582464825630188, -12.732100330114363, -13.082741788625718, -22.41884960770607, -16.863603155374527, -15.54339064002037, -16.491086960077286, -19.673210891485216, -21.449707392454144, -21.731077557086945, -23.403182369232177, -21.660496540784834, -21.207111354112623, -21.896572561740875, -25.08249751496315, -24.014456013441087, -24.344771372318267, -27.97645944952965, -27.86086090898514, -22.059682202100753, -27.538248446464536, -26.596514006376268, -25.735800413846967, -27.715431485176087, -24.99631128025055, -24.971052010297775], [-28.72337862873077, -29.51180318069458, -31.141048334121702, -31.432866757392887, -32.907564160346986, -40.04804963493347, -31.529868859291074, -33.04541570949554, -32.85681292629242, -41.57105351352691, -34.85243462657928, -31.97159534740448, -31.903944847106935, -28.62051992225647, -31.70876633262634, -32.191432982444766, -33.8898354473114, -33.24859783267975, -35.946340432167055, -34.03330800151825, -38.09972456550598, -31.66183392524719, -31.785905797004702, -37.5885391664505, -37.12935270500183, -40.927166321754456, -39.69853502368927, -32.32370224666596], [-32.01351944637299, -38.7337972111702, -39.683795563220976, -45.576176748275756, -45.1815989689827, -45.157984266281126, -40.58773540496826, -40.623691421985626, -40.29461350154877, -40.52014607715606, -46.95520387792587, -39.99858619356155, -39.8770827088356, -38.719557025909424, -39.545869573116306, -37.53591662979126, -37.195236293792725, -34.46592552995682, -42.03629483270645, -39.1185909204483, -35.91733446550369, -35.069897780418394, -34.71695965242385, -34.26566504478454, -35.25658552789688, -36.20712079381943, -38.92868458271026, -37.67393608951569], [-34.279084973812104, -38.51576674127578, -47.04944776821136, -40.9480351023674, -41.16348767757416, -41.701399022102365, -37.1713454899788, -34.66385949993133, -36.168229568004605, -37.30682314395905, -34.81645234680175, -34.04675044965743, -37.55298661756515, -33.30309640598297, -37.11447182369233, -38.5586064991951, -38.71710757493973, -37.48940652418136, -39.41897952270508, -38.95133603572845, -43.08395930433274, -38.48966248369217, -41.121042075633994, -43.42626321792603, -42.73725786209106, -47.78336252355575, -47.551306387901306, -48.10136172294617], [-41.576125000000005, -46.596125, -49.081562500000004, -46.296875, -48.772875, -42.9696875, -45.98406249999999, -44.1701875, -40.83625, -38.916875000000005, -38.4605625, -39.7330625, -45.64875, -44.04056250000001, -45.3185, -40.426937499999994, -43.2614375, -41.75581249999999, -43.148375, -43.47206250000001, -45.387125, -39.287437499999996, -44.13625, -43.4495625, -43.8369375, -40.876125, -41.614625, -44.331562500000004], [-46.91054151105881, -47.95738755607605, -49.49695110750198, -49.189647572040556, -48.02000072622299, -45.51394675636291, -50.44731186580658, -46.145274302959436, -43.477611906051635, -40.63911626338958, -41.33405188512803, -40.10860631036758, -41.55207298707962, -39.19539515256882, -42.419700962066656, -41.07978458547593, -38.029637039184564, -39.920466614246365, -43.049339929103844, -40.27182000875473, -40.62633534002304, -42.02552107954025, -40.91932784748077, -40.91106553125382, -36.7504550447464, -39.52785961484909, -39.95948574209213, -43.698230730056764], [-36.6663559627533, -36.151213617324835, -37.87846297645568, -42.154150372028354, -40.65545318078995, -39.37704330205918, -40.401040323734286, -42.528345749378204, -38.651737441539765, -41.21019407749176, -42.41556599140168, -40.74149450206756, -38.501797571182244, -33.04301614189148, -33.15645312070847, -38.6223278889656, -35.13244584560394, -35.69366971826553, -35.57866722631454, -35.987237082958224, -32.93784374952317, -39.61498624277115, -32.95024114561081, -35.751139299392705, -35.27171170711517, -37.84558895874024, -35.11571099090576, -36.3334113521576], [-44.19785234737396, -49.94588405895232, -51.2583221950531, -49.5180396194458, -54.45488824367523, -52.5182327489853, -50.641729960441594, -51.780423573493955, -53.01819105052948, -52.71319530391693, -52.99743877887725, -52.98634792804718, -54.57600043296814, -50.070065213203435, -52.23331356334687, -51.3086615371704, -53.16603580856323, -52.56558519268036, -52.160079529762264, -52.64339883136749, -51.981068540573126, -53.230715084075925, -56.758775612831116, -55.608134135246274, -54.75741980075836, -49.863144130706786, -51.59296043109894, -50.708162437438965], [-45.675388176918034, -52.020009491920476, -54.600823373794555, -56.57805600738526, -59.93392975997925, -57.297418972969055, -55.465294075965886, -53.00424397373199, -54.08455961608886, -56.26621360969543, -56.610151955604564, -55.53308602619171, -55.08283918380737, -55.494242066383364, 