{"status": 1, "spectogram": [[-37.72609818564355, -58.4710087018162, -60.89869635796547, -35.78252699892223, -37.632705608055, -54.04481251703203, -57.25856241820753, -52.797446435421705, -61.061857072711, -59.47034818230569, -60.132098180726175, -56.50406242717803, -57.97949095635116, -62.587276656940574, -56.96015174059569, -59.71420533962547, -61.876991013184195, -57.39447323404252, -55.89178569173813, -58.52852676813305, -55.104991076633326, -56.607901756539945, -63.98702678979933, -57.25007135361433, -56.69077674816549, -52.95812494748831, -56.83587498641013, -51.316116083785886], [-19.28502577573061, -22.69783790099621, -15.610026020944117, -15.343223133265973, -12.952883680999278, -20.953427335023882, -28.774426652312282, -21.00392732489109, -15.7683653524518, -16.881374155163762, -17.63268653744459, -18.363998989105227, -17.79568660670519, -20.841641823291777, -20.142329374492167, -20.93047218555212, -19.960561540663242, -20.85255256307125, -18.127740212261678, -18.89569550561905, -17.61693664497137, -20.698838183045385, -20.81408815479279, -20.97335599601269, -19.104302570700646, -17.487856270909308, -17.042231341958047, -16.581526057064533], [-32.8129478673935, -49.63469995641708, -49.82326159358025, -21.4563835170269, -20.931427906513218, -39.56343822932243, -38.99168545031547, -39.30844708919525, -47.05817938280105, -44.167938050985335, -46.34231445622444, -47.326671853780745, -49.430564054727554, -44.530187829256064, -42.71812530565261, -47.628010216474536, -47.87825199794769, -42.89697383379936, -43.63415884208679, -48.80829693245889, -44.0527503247261, -49.04027084445954, -48.81895806384087, -46.42311779999733, -46.27619807767868, -45.124669913053516, -43.1522947499752, -34.653277436017994], [-16.589625, -19.37825, -12.990312500000002, -18.4140625, -18.3599375, -16.4235, -25.9220625, -18.5610625, -12.7391875, -14.276125, -14.4200625, -14.8246875, -13.536562499999999, -16.797625, -16.2525, -17.3311875, -17.065375, -18.4219375, -15.68975, -16.0753125, -14.666374999999999, -18.0323125, -18.5310625, -18.5835625, -16.164875000000002, -14.861875, -14.595875, -13.676], [-28.080543707609177, -47.04768927407264, -41.11925095081329, -15.532133475542068, -18.012759983778, -32.24155394124984, -32.927429058551795, -36.516116305112845, -41.07788514685631, -41.091698069095614, -40.712322603702546, -45.71093810534477, -41.43184890294075, -32.45453671360016, -29.56234887433052, -38.27713400912285, -42.7384830365181, -38.8628040394783, -36.411054980754855, -41.670287009239196, -30.86624153876305, -38.333098787069325, -37.0864110994339, -38.50130443429946, -38.3011962890625, -37.68461673665047, -31.444930011272433, -26.78889385175705], [-11.091561504364014, -12.799171969413758, -5.2070990958213805, -10.684266083717347, -10.543046787738799, -8.08493448638916, -17.761435972213743, -11.284434316635132, -5.245991005420685, -4.741484681129455, -5.442236527442933, -5.5630237016677855, -2.9435752916336058, -5.445658142566681, -4.925344494819641, -7.420086243152619, -7.42003148984909, -9.151666523933411, -6.222413946151733, -5.614486181259155, -4.359601059436798, -9.641944839000702, -11.089320729732513, -11.421240231513977, -8.405398168563844, -6.540235342979431, -6.708608689308166, -7.898884593486786], [-26.27411307501793, -39.642062014341356, -34.03512388992309, -8.60958641386032, -11.187919607400895, -24.94674855518341, -27.584813672304154, -30.99722256207466, -37.22493952345848, -35.14593749070168, -33.266249570846554, -39.22320740818977, -41.63685538005829, -29.179947298526763, -28.165320845127106, -41.238116508245476, -40.055671644449234, -38.484759713411336, -29.784946955204006, -43.545200910568234, -29.055837137699125, -37.12775795388222, -40.64594524431229, -35.58132938551903, -34.36590948915482, -34.71116250610352, -30.805977993726728, -27.15065464091301], [-9.60236364555359, -4.712538117408752, -7.944083875656129, -18.189288748741152, -13.66827192592621, -5.640004180908203, -19.412447176933284, -10.280896778106689, -11.987267077445985, -8.395576045036316, -8.667954575538637, -8.660510472297668, -8.105730443954467, -8.177323766708373, -8.633009583473205, -10.277484134674072, -11.82220501422882, -11.992938780784606, -12.1493721408844, -11.03368605327606, -11.596701413154602, -10.34871838760376, -10.89884388923645, -11.401790941238403, -11.372500988006593, -12.99837165260315, -16.252055621147154, -18.27048375797272], [-31.91990620803833, -38.03825818014144, -12.6458785367012, -9.613598537921906, -6.927848263263703, -20.728461356163024, -31.015275679111483, -25.984961857795714, -19.339492649078366, -26.99111753177643, -32.10818254327774, -33.405353472709656, -32.76246576166153, -31.215784887313845, -28.19447252893448, -31.731096413135532, -35.39511974430084, -32.48074814319611, -29.5455579829216, -31.73320992565155, -30.215957947731013, -34.812221972942346, -39.35478478336334, -40.65798246669769, -34.73462209224701, -31.160585131645206, -29.006960586547848, -27.221488777637482], [-23.52022816181183, -36.996369170188906, -38.2708946762085, -23.414512249946593, -22.041976249217985, -33.2051523718834, -41.76777636766434, -41.181128992557525, -44.9527477478981, -46.616291871547695, -49.36891382455826, -52.92432888221741, -50.46138815927505, -43.54733565998078, -42.137336011886596, -49.071469353675845, -49.245772477626794, -45.13528988599777, -43.515486233711236, -50.91345207691193, -44.57391793012619, -48.92833390808106, -52.11957984542847, -52.38543649005889, -49.46128727388382, -51.06632575559616, -46.11876733398438, -40.05064509773254], [-29.99825, -31.918875, -40.143874999999994, -36.028687500000004, -32.142125, -35.4820625, -32.870625000000004, -38.1739375, -48.297062499999996, -47.669375, -44.75868749999999, -45.868812500000004, -46.126000000000005, -42.084562500000004, -41.3955, -44.1433125, -48.065375, -45.057937499999994, -46.6373125, -47.910687499999995, -46.708375000000004, -41.5188125, -45.7441875, -43.697, -47.602937499999996, -50.009875, -48.1833125, -44.1345625], [-28.39456161594391, -32.88526185178757, -48.66570709466934, -43.69901529121399, -40.340047670841216, -42.72476844453812, -38.27146570777893, -47.02720369148254, -54.456842422008506, -53.67848369550705, -56.88249364328384, -54.572231455802914, -53.071634895801544, -51.07215846061707, -50.69916147899628, -56.33327726125717, -57.98839942312241, -55.602634409427644, -55.18013186883927, -58.45967727375031, -51.25383975410461, -51.61394680261611, -54.67995613527298, -53.3357518401146, -61.48164172410965, -55.32824101400376, -53.8844219236374, -52.672505117893216], [-30.100923940658568, -37.82064198350906, -30.32803184366226, -29.562152628421785, -29.04364125919342, -35.194910201072695, -43.60334750032425, -48.85401695251465, -38.84068779277801, -41.628752099514, -49.34487190103531, -50.30801860237122, -48.12474409914017, -51.286660783767694, -53.713227827548984, -53.53845733880996, -57.53549249887466, -57.83445579767228, -52.20121070432663, -55.26130568313599, -49.2655832400322, -54.3188007774353, -56.67017539596557, -56.877289829730984, -56.37373483753204, -54.690146173477174, -50.89164657783509, -50.59484162712097], [-42.16106794834137, -47.199468205451964, -32.93512521266938, -38.21575471687317, -36.32093396949768, -38.01043961620331, -46.88768385028839, -42.7858952331543, -35.26464436340332, -41.44651118850709, -48.43706754779816, -52.11091163825988, -43.74279132652283, -39.64044596862794, -40.82500944232941, -44.746072790145874, -48.58503762435914, -49.873142044067386, -43.71296308803558, -46.46023596000671, -43.48913202857972, -50.6210862159729, -52.031898739814764, -52.059401934623715, -51.325627735137935, -51.425529334068294, -49.357719129562376, -50.889637862205504], [-42.974604787826536, -45.26800794601441, -39.197142349243165, -41.79748611736298, -41.08404255580902, -43.165767409324644, -41.856776034355164, -42.86172601509094, -40.04379372024536, -41.555843938827515, -44.891898510932926, -47.42840798473358, -42.73790764045715, -44.296576316833495, -44.18289230632782, 