{"status": 0, "spectogram": [[-25.099294569984078, -39.97949978387356, -45.31412469595671, -45.751339177548886, -47.25786581139267, -42.174803316801786, -52.09461581151187, -45.67574095441401, -47.88790165533125, -43.3143124473244, -43.32437500438094, -44.165660539656876, -46.34555347573758, -43.882294568344946, -45.311669586882005, -45.880723145350814, -49.28870523957909, -47.36059818579256, -48.3099104668796, -44.22845515294373, -44.47096416106821, -44.01295525239408, -47.22520526443421, -48.19583031763136, -50.43783016343414, -42.947928527832026, -44.34824091951549, -42.15922316874563], [-1.6773127099871636, -1.473008905351162, -2.158446391224861, -2.8709553173184394, -2.788482085943222, -2.016107076048851, -1.7634195649027824, -1.796160638332367, -1.8104463491439817, -1.9969820532798768, -2.805857006788254, -2.778419516146183, -2.5307320096492765, -1.9927855815887452, -1.9867231026291845, -2.062339172005653, -2.0584463111162186, -2.3946962920427324, -2.7193837705254555, -2.5803302262425425, -2.6187409474253656, -2.8136338179707527, -2.6336338278651237, -2.9064284484386445, -3.2496427023410797, -3.4424016169905665, -3.5968391040563583, -3.4793480463624], [-30.133658977508542, -45.16036574292183, -43.34649156403542, -45.505321310997005, -44.57988219666481, -40.296473329782486, -43.225722469568254, -45.483616022825245, -48.12094774389268, -42.88563328671456, -43.02163549494744, -45.88658906412125, -44.894400990247725, -38.82442840099335, -40.83974056649208, -46.39133872509004, -45.98532167863846, -50.42268896603585, -40.36031332468986, -45.172767198085786, -50.231098077058796, -50.39492681837082, -59.19030552387238, -41.088044164896004, -44.79959823489189, -44.868714377403265, -45.52540160870552, -44.0143227057457], [-13.479750000000001, -16.618125, -16.677625, -17.4955, -16.55525, -15.457437499999997, -14.466937499999998, -14.575687499999999, -14.317874999999999, -14.018999999999998, -12.447937499999998, -13.0323125, -12.86275, -12.289187499999999, -13.121312500000002, -13.0591875, -12.998499999999998, -12.4374375, -11.6700625, -13.461125000000001, -13.8466875, -14.573, -15.0643125, -14.12575, -13.08575, -12.7810625, -12.942062499999999, -13.7433125], [-17.6392978785038, -20.04802260160446, -22.477335664510726, -25.731621967077253, -30.759623127222063, -30.03839977645874, -35.14152629137038, -33.49185622525216, -31.315480646848677, -33.12664163708688, -29.085514742612837, -31.616944028139113, -34.53488217830658, -32.184176150560376, -41.241554300546646, -34.40244508814811, -36.42403486132622, -31.246675781965255, -30.411862611293795, -32.42660437226296, -35.56428383564949, -36.21629316949845, -35.44316796779633, -33.963390675306314, -33.93097022914886, -34.88939876174927, -37.125648672580716, -32.262209807634356], [-21.439750072479246, -35.41565724468231, -32.97747205114365, -38.7540978102684, -40.723731287002565, -38.09277656126022, -32.1595281329155, -39.00737300300599, -37.32213943004608, -33.323579453945165, -32.64482457971573, -34.66697711753845, -35.08278014659882, -31.634175396919247, -42.15648966932297, -36.63550818681717, -35.911300618171694, -33.67568228673935, -28.392681624889374, -36.592325540065765, -35.975666024684905, -42.20699472332001, -40.90874946212769, -38.29040741729737, -34.47458197784424, -31.0995662651062, -29.547378205776216, -32.763923151969905], [-7.222957970619202, -5.634077434301377, -5.925203199625015, -7.077390683174134, -7.169775612592698, -6.84298146724701, -6.649044379949569, -6.701687123060227, -6.921035667896271, -7.7508486306667335, -9.352475792169571, -9.778886102437973, -10.433073640346526, -10.72447541451454, -9.3651619682312, -9.969876497745515, -10.03998376750946, -10.793958140611648, -10.535833851575852, -11.147243372201917, -11.447716446399689, -11.243804904460907, -11.491429453849792, -11.807519798755646, -12.747405138731002, -13.781843550682067, -14.955156915426254, -13.87666490650177], [-32.247154089927676, -39.344857854843134, -36.02085604858398, -39.39225277709961, -42.96529324436188, -36.98518850040436, -35.77306328105926, -36.72800317955017, -40.82851153087616, -37.801484534263615, -37.68836908817291, -40.24163903236389, -38.07026127529144, -33.507651396751406, -36.50621709632873, -37.54340851783753, -39.6839140882492, -37.53474780273437, -41.430490985870364, -36.81956424999237, -37.62855592727661, -37.10455135154724, -40.091550037384025, -37.55116016387939, -35.589913272857665, -37.5841456861496, -34.246340259552, -40.67255023574829], [-29.83347317552566, -40.395874002456665, -35.04956242895126, -37.44400852251053, -37.20450189208984, -35.84524140024185, -39.73786332368851, -37.80578650665284, -35.950813392162324, -36.02085416316986, -34.2674237408638, -34.4336732506752, -34.46400072288513, -37.86217421293259, -37.161294019222254, -33.743849905490876, -32.50102094268799, -33.87878690814972, -29.576725349903107, -36.16573278617859, -37.464349060535426, -33.405865597248074, -41.035240616321566, -33.58042924976348, -31.37018036365509, -31.80005580806732, -30.914118444919584, -34.88437148904801], [-28.48898660755157, -34.05995641040801, -34.27083665752411, -33.39747361898423, -35.96605665826797, -32.701514866828916, -31.34764174365997, -30.121017830848693, -31.5559532237053, -28.74495837640762, -25.394214836597442, -27.55157890796661, -30.36381352233887, -29.388368571281433, -29.475363993644716, -28.385794898033144, -30.390546749114993, -29.75460600328445, -28.561859885692595, -27.56314861011505, -30.58575884819031, -35.691504073143, -34.01618791532517, -29.68203856992722, -30.602280779838566, -28.814013311386105, -24.633202051639554, -24.600334896087645], [-36.2644375, -32.8086875, -33.974625, -33.67725, -33.77975, -32.5115, -33.158125, -32.5228125, -32.1069375, -30.276375, -28.837, -32.0751875, -30.189875, -29.2481875, -31.842124999999996, -32.6781875, -30.8830625, -33.016999999999996, -29.678437499999998, -33.9969375, -32.324687499999996, -34.75931250000001, -36.502750000000006, -30.952437500000002, -30.275562499999996, -30.465937500000003, -30.2034375, -32.25475], [-40.41997419786453, -48.85251797771454, -45.28820512723922, -47.73609508657455, -46.92593464946747, -47.72414863348007, -48.033470476150505, -47.63700947523117, -44.610566853046414, -45.63173784160614, -42.10611730194092, -44.39115511703491, -44.08489267206192, -45.83572683572769, -48.27378768062592, -46.08630131292343, -44.33702829694748, -45.20866628837586, -37.66686107397079, -48.77837713718414, -47.390368033885956, -49.170275553226475, -52.249899102687834, -46.981773788452145, -40.53714530420303, -39.56684954166412, -44.18497073364258, -45.42445419788361], [-32.66107399845123, -31.485228017330172, -33.1712274069786, -34.369371943950654, -33.93989006662369, -34.752721858978276, -33.61365852212906, -33.14739045190811, -33.524846204757694, -36.09834672546387, -37.074156960010534, -37.19956630373001, -38.76481610059738, -41.14184533023834, -40.4499680929184, -42.41723424720764, -41.003984429359434, -43.37332105350494, -39.70888438272476, -37.98355788898468, -39.06135275506973, -37.0797095618248, -37.26758561754227, -39.93838822984696, -42.13282378864288, -41.69955450630188, -45.10911910867691, -42.57536579751968], [-49.401351483345024, -48.34937877845764, -50.315195727348325, -50.451338555335994, -47.53156398391724, -47.74311305236816, -45.96568380641938, -46.69635911655426, -47.827866218566896, -47.23240347862244, -39.41140818595886, -39.920635588645936, -42.16741865634918, -42.95862862586975, -42.46668734645843, -42.669139829635625, -42.59276729393005, -43.34717903900147, -41.398118227958676, -46.52325249195099, -45.68841121864318, -44.35892011547088, -46.29798557090759, -44.57012595939637, -42.813714706420896, -43.35313317966461, -50.11112151241303, -53.950489130020145], [-51.972151391983026, -55.85675918006897, -55.33713780784607, -56.36221603679657, -51.21383270072937, -50.87106540298461, -49.19944100189208, -50.67881607627869, -50.58648698139191, -49.04753123855591, -49.8098497877121, -53.86442785835266, -52.47275107765198, 