{"status": 0, "spectogram": [[-36.90162501680851, -45.32038376192749, -51.37800881762803, -48.417357174813745, -49.38166969253123, -51.69535712528229, -49.942106978505855, -51.25175881291926, -49.82635707771778, -54.36423218277098, -51.42216956035793, -49.991812456741926, -52.4423929386437, -52.3401072036624, -48.97935708761216, -50.908848137184975, -52.65213387842476, -50.77274995329976, -50.65900001129508, -49.967303486794236, -50.38599106250703, -51.790830363407736, -50.30008035723865, -51.201624961614606, -52.18868750731647, -52.835401807084686, -51.74033922499419, -50.74260717201233], [-2.650401977956295, -2.481223431408405, -2.6870359427928925, -2.4274377114176753, -2.6295091406703, -2.767794854819775, -2.492357336997986, -2.553589473247528, -2.546107338786125, -2.8442591411471367, -2.994571627259254, -3.1493394559621812, -3.010428743004799, -2.6913037269115447, -2.484928713083267, -2.5275537180900574, -2.735812651336193, -2.986562654078007, -2.770375169754028, -2.8481162620186806, -2.5190984026789667, -2.667553766489029, -2.2775537538528443, -2.354910895943642, -2.4817948139309887, -3.630857326149941, -4.4138572982549675, -4.629232293128968], [-33.49067833518982, -49.234840309619905, -45.98315122485161, -50.556732100486755, -48.5663478205204, -49.18569727563858, -53.26938504910469, -47.72842821311951, -48.286687120199204, -47.328955827474594, -49.542706104516974, -49.809616901159295, -44.94121341085433, -49.14667973804474, -47.495054713249196, -46.371250659942625, -52.1107062394619, -47.07304467558861, -52.8397337460518, -47.07257924628257, -51.41303572034836, -50.515768121242516, -50.824393165588376, -53.05620641493797, -46.213821345806124, -55.99142151999474, -48.18166957879067, -46.4979913828373], [-22.0970625, -30.9576875, -29.862624999999998, -31.9676875, -31.801875000000003, -31.6583125, -31.2689375, -30.771750000000004, -31.55525, -30.79675, -33.449749999999995, -32.723312500000006, -30.364937500000003, -29.833812499999997, -28.912875, -29.5426875, -30.555187500000002, -30.6015, -32.219375, -31.7798125, -30.81675, -31.465125, -32.2600625, -34.640812499999996, -32.374125, -32.684375, -34.0060625, -29.9336875], [-3.0157239224910737, -3.0408576107025147, -2.43498242855072, -2.7462326312065124, -2.5337236855030056, -2.4282504816055295, -2.7521881210803985, -2.91426863861084, -2.665732816696167, -2.2274826607704163, -4.182170247793198, -4.109242039442061, -3.7202955548763277, -4.6616707804203035, -6.107483456134797, -5.862849470853806, -5.53005478477478, -5.03188505911827, -4.61469740486145, -4.209840007305144, -4.891518600940704, -5.177018531799316, -6.193206167459488, -6.991027614831924, -7.696956322431565, -8.460509784460067, -7.8320725755691525, -6.984447615623473], [-24.795732690811157, -40.59623224830627, -39.415919042110446, -38.33746403884888, -39.924966163635254, -43.77780047702789, -42.87523863458633, -44.44540653896332, -39.56613222265243, -41.79904476499557, -41.3162313747406, -45.12222197675705, -39.17909636545181, -42.19131173086166, -42.4048749666214, -43.24600781965256, -41.723634066104886, -46.18666515302658, -46.89147959232331, -44.053552123069764, -42.050908924102785, -42.23194645023346, -41.8398829741478, -50.61659475374222, -45.878268667221064, -47.753561315059656, -47.67556028413772, -43.057836799621576], [-13.955676637411116, -19.00228039836884, -18.992784967422487, -18.759773238420486, -19.20565607070923, -18.88854105591774, -18.122916957139967, -18.6929729719162, -18.3216917014122, -19.026915081739425, -21.08710204601288, -18.335628708601, -17.590943272113797, -17.093675403118134, -16.217929121017455, -16.916366015195845, -17.6232662730217, -18.012854271888735, -19.852600848674776, -22.4004454638958, -22.2183237054348, -22.333308492898944, -22.351746790409088, -23.925644975423808, -22.096749345302584, -24.93393445706368, -21.822060089349748, -21.08433663320541], [-20.033533073425296, -17.943221278190613, -17.64890707206726, -18.655364485740662, -19.022694717407227, -19.269988951683043, -19.78574012851715, -20.621180044174196, -20.178000276565548, -18.956801570892335, -21.319490954399107, -24.38442390346527, -23.34114546585083, -25.295327167510987, -25.54532569313049, -25.89397046279907, -25.734041955947877, -25.350112218856815, -24.05311005020142, -22.194455780982974, -21.87890254688263, -22.0572327671051, -21.98985892868042, -22.554269731521607, -23.576056407928466, -25.023840684890743, -30.036784584999083, -30.62449500179291], [-22.318726009368895, -30.1351327047348, -32.059442285060875, -34.10805828666687, -36.9953683848381, -33.75370087146759, -34.30832773780823, -34.992194115161894, -36.31228168058395, -33.674023433685306, -35.959961504459386, -40.281192605495455, -39.22882705974579, -38.723035392284395, -40.284911927700044, -38.03399306297302, -38.056670069694526, -42.028765523433684, -37.59776647806167, -36.429408024311066, -35.05476693677903, -35.567685846328736, -37.58462356805801, -36.46644641923904, -37.955723541259765, -40.19418486595154, -38.6969387216568, -40.23978653383255], [-43.169813547611234, -43.735702206134796, -46.62744407224655, -48.368935692787176, -49.74890688657761, -51.11116889333726, -45.99486664295196, -51.0365862493515, -44.22457910871506, -47.30997442340851, -51.820969645500185, -49.96920260620118, -50.26219457006455, -52.41632859230042, -49.0386405673027, -45.7399156718254, -52.059035564899446, -51.80223873519897, -48.079320465564734, -50.64400042343139, -47.86675118970871, -47.2495660200119, -49.24987127161026, -49.26446396446227, -47.88496074008941, -48.55053822898865, -53.38340987014771, -50.14715155935288], [-38.2908125, -40.548562499999996, -40.716562499999995, -43.072937499999995, -44.7330625, -45.317875, -42.485937500000006, -46.9876875, -45.79675, -45.5113125, -45.5226875, -46.480125, -47.7145, -50.36675, -52.878875, -50.6263125, -52.031062500000004, -48.78281249999999, -48.290187499999995, -48.1465625, -48.450874999999996, -49.921437499999996, -50.824000000000005, -52.4565625, -52.09625, -49.4664375, -50.148062499999995, -52.132687499999996], [-45.931663121223444, -44.926528331279755, -44.44165469026565, -47.049116260051726, -45.06602696084976, -43.80317036199569, -47.1644188284874, -46.86837222766877, -45.32840929603576, -43.13577858018875, -48.06721373558044, -46.81076235866547, -46.27152162504196, -49.576778762817376, -52.154839026927945, -51.925465240001685, -52.16073235940934, -49.960537582874295, -49.70797731304168, -48.847703977108, -50.25084622812272, -50.00681922721863, -48.536943168640136, -48.07195178556442, -49.943039468288426, -54.141202947139746, -54.83188670921326, -55.90361643123626], [-51.097958456039436, -52.90664226770401, -55.078016671657565, -51.85472361469269, -51.888027192115786, -52.82890234279632, -52.1684021654129, -49.91215423965454, -52.7521792216301, -53.80977725791931, -53.66746808958054, -52.107645361423494, -51.379342197895056, -52.53984288835525, -51.556219153881074, -51.58128988027572, -51.53146848058701, -51.18578947210312, -52.01272645950317, -56.77997425937652, -52.978734052181245, -55.029054023265836, -50.50605592298508, -51.286127008914946, -50.78094903898239, -56.34441399621963, -59.94829201459885, -56.98271035575867], [-27.479521244049074, -27.38025640296936, -29.052195263862608, -28.529657601356508, -28.547487976074216, -28.949532649040222, -28.952780734062195, -28.504333352088928, -29.040619746208193, -30.100407444953916, -30.824905936241148, -30.550269119262694, -30.72036781787872, -29.699008872032163, -30.323945064544677, -31.323097197532654, -31.22777627468109, -31.919455077171325, -30.89589411354065, -30.82357458114624, -30.246958502769473, -31.46811968135834, -31.41930592727661, -32.23285071659088, -31.445590801239014, -35.34872686100006, -37.01028563117981, -37.3173206653595], [-38.38740650272369, -37.66697186660767, -37.6374082994461, -37.90258887195587, -38.11731259727478, -37.747392741203306, -39.943519440650945, -40.50278897190094, -39.78334199810029, -39.864749470710755, -43.71518968772888, -42.426662247657774, 