{"status": 0, "spectogram": [[-27.771750017106534, -50.6770446679145, -47.84610708034038, -49.22961606161296, -46.275919667556884, -42.333142906337976, -49.70683039347827, -49.62959822328388, -44.36308030833304, -48.10683924505114, -43.16196432986855, -48.39943732886017, -46.02567854982614, -47.30919636499882, -49.429446487605574, -47.14207142046094, -44.88472331006825, -41.17334825192392, -43.68809831805527, -43.505026816293594, -44.78535713180899, -45.355080414220694, -46.054392850607634, -46.47158050565421, -44.34807149150967, -48.81199099631608, -40.04405346909165, -42.829383787497875], [-7.157304113149644, -4.542071753501892, -4.135509215176105, -4.346116370022297, -4.874580691754819, -5.37819681096077, -5.794196827888489, -5.7718664920926095, -4.995812894761563, -4.330134311616421, -3.34107177901268, -3.420143188714981, -3.3494021101593976, -3.4919021173119544, -3.8073396110534667, -3.6811878290772437, -3.593214627146721, -3.528875357031822, -2.874000319242478, -2.9110538728237145, -2.973277084410191, -2.7035984930396078, -2.091910991191864, -1.8004020439982416, -2.019794909775257, -2.2829645745754243, -1.5010895531177522, -1.4431699138283731], [-38.402768183231345, -45.32906168341636, -45.943811080694196, -42.71811395382882, -45.387677058696745, -45.90817568826675, -44.04267743062972, -41.562935747861864, -41.43141002225876, -43.87209803318977, -43.06409803795815, -43.140142798423774, -43.57163382840157, -44.7495350818634, -42.58065938997269, -42.95038352036477, -43.74055368041992, -40.968043086767196, -45.895731829643246, -43.39888337445259, -40.621909049034116, -48.63562584638596, -42.49293618750573, -41.780866501092916, -43.554143719673164, -44.14712564611435, -39.38924944639206, -43.329544486761094], [-31.679562500000003, -39.8689375, -37.541, -39.559375, -41.69925, -42.463562499999995, -42.331875, -48.589625, -43.5320625, -43.9754375, -38.62525, -37.8705, -39.92125, -37.8806875, -39.73875, -40.5101875, -39.9771875, -39.4865, -40.812125, -38.51525, -36.967875, -38.631437500000004, -38.2096875, -35.1976875, -36.473125, -36.485875, -35.7745, -34.9511875], [-14.132411012649538, -12.943553107738495, -12.892865844488144, -13.686580057382585, -13.960035108089446, -13.786213236331939, -14.057713101863861, -14.055212913513184, -12.654748859882355, -12.252873939037324, -10.595249200820923, -9.695445831775665, -9.655927995681761, -9.520526233911513, -9.912276304960251, -10.860195860385893, -11.375910035133362, -11.342767035484313, -11.065829777479172, -10.113553220272063, -10.031356810569763, -9.968937313318252, -9.420749871730804, -9.322901817560197, -9.426839241027832, -9.467919388532637, -8.669419520616533, -8.431732116222381], [-29.19244593143463, -33.330127496719356, -40.30187484073639, -38.712217096328736, -39.78685818195343, -40.88653420639038, -37.94216266441345, -37.02028697109222, -35.47073334217072, -39.36050970697403, -37.793006614208224, -35.78880385303496, -32.3291244544983, -32.212026859760286, -38.52602706670761, -36.38442238092423, -35.498151016712185, -40.108351576328275, -36.54716268253327, -30.544071086883548, -34.693140944480895, -33.53492121076584, -34.42685977935791, -31.829733794212345, -34.10926028203965, -38.969285895347596, -37.950097818851475, -33.523186580181125], [-27.904051152229307, -28.568011328697207, -27.883638288497927, -29.739486063718797, -31.992403240442275, -33.501476260185235, -32.93617355704308, -32.383361887693404, -34.047921133995054, -30.459382480382917, -26.405006407499314, -26.40106075692177, -27.993638975143433, -29.70101616835594, -30.645645545721052, -30.650228034019467, -27.648764009475705, -28.37189127969742, -30.7053289206028, -24.18956753492355, -24.854582272529605, -24.14647802829742, -23.65229247021675, -19.365646821737286, -22.56218905162811, -24.84774856376648, -24.133488354206087, -20.849902921676637], [-24.152095918655395, -24.321800038337702, -26.72830087184906, -29.18624448680878, -28.03995144844055, -25.870181152343754, -23.94030772972107, -21.74026099681854, -21.89912789916992, -22.67636106491089, -22.96205117511749, -22.297328756332398, -22.6581861038208, -24.136321124076844, -24.318444825172424, -24.16956962299347, -30.476077682495117, -25.336058046340945, -24.319184812545778, -22.88481905841827, -22.576650829315184, -24.49878601551056, -24.86941063976288, -27.96397437095642, -27.009169021606443, -25.501786665916445, -24.015785672187803, -21.87769812107086], [-31.938724553585054, -33.27863959121704, -31.286517547607424, -36.57165133142471, -35.95516711950302, -34.77339666318893, -33.41695916557312, -31.923949921131133, -30.871101838111876, -32.14809382677078, -32.50959312200546, -31.189377688884733, -33.90373538160324, -32.01962103176117, -32.44968538427353, -33.163094045162204, -34.93682864904403, -33.74523062038421, -29.87260431480408, -30.689432590007783, -28.349194483757017, -32.33807580900192, -31.261764575958253, -26.97944445896149, -30.522798746109007, -32.75059168672561, -30.710027095794675, -29.09357247400284], [-33.33771364116669, -33.48200684356689, -29.267508714675902, -35.536370937347414, -34.37350340127945, -31.074629992485043, -29.957826777935026, -30.03063377761841, -29.8116405749321, -29.400909170627592, -31.91609007167816, -35.80187220478057, -31.45311252117157, -33.518850430488584, -30.050668044567107, -31.1713258843422, -33.65157188177108, -27.18845333957672, -31.468445978164674, -33.1862070608139, -28.91954439783096, -30.509355234146117, -34.336983146667485, -29.623585934638978, -33.565609379768375, -31.31004443454742, -30.08911688089371, -30.236436505794526], [-43.203625, -38.960750000000004, -43.859437500000006, -40.9705, -44.830875, -37.4239375, -39.249624999999995, -41.0191875, -41.249624999999995, -40.80375, -40.1750625, -39.2433125, -41.366625, -43.1403125, -40.0760625, -41.68925, -43.11206249999999, -41.5201875, -43.03875, -39.4849375, -40.1053125, -41.4484375, -41.15925, -38.95, -38.843500000000006, -41.472375, -42.336, -40.63975000000001], [-51.71806848669052, -47.76296299791336, -48.282331200122826, -48.137317496776575, -48.771840818881984, -46.981341328144076, -48.198338000774385, -46.17037306070327, -46.1256094403267, -46.60990691900254, -43.51365935087204, -48.951613619327546, -42.2959092965126, -42.60802875804901, -48.99221089506149, -46.42586050415039, -45.49585595846176, -43.68011383724213, -44.16098690605163, -45.85237985515594, -45.63583844709396, -49.822978909492484, -48.11942402124404, -45.098935464859004, -47.736036115646364, -46.8881502161026, -43.386023445129396, -43.189753567695625], [-52.914414662837984, -49.87145935630799, -46.06977295541763, -48.59742286968231, -50.39519368648529, -45.82761681222915, -45.29142990398407, -46.396357746124266, -46.45528661441803, -46.534591091156, -47.97777769708634, -46.032365422725675, -44.962473288059236, -47.953463284492486, -45.83208801555633, -50.173240272045135, -49.791652018070224, -47.196382288455965, -46.616758848667146, -48.143889944076534, -48.95032551050186, -49.05478005886078, -46.414344308376315, -46.60635457801819, -48.048138790130615, -46.51845097970962, -50.394886247634886, -46.16710432815552], [-37.80296524143219, -38.12845353126526, -38.753638754844665, -38.08138764858246, -37.86096848869324, -37.05667167568207, -38.44773270606995, -39.25506229686737, -38.09640343761444, -37.78267700386048, -39.23512246990204, -37.40722988796234, -39.33277798748017, -35.813835078239435, -37.60858970737458, -36.73125625801086, -39.212566287040715, -40.586935889244074, -37.320939869880675, -35.039598148345945, -35.40276467037201, -35.37353650188446, -35.32428355884552, -34.21674037075043, -37.27672081279754, -32.83473436546326, -33.174736179351804, -36.87744197368622], [-51.40645700168609, -52.58832746601105, -52.25851816177368, -53.459786596298215, -53.71872854995727, -55.00705341911316, -55.06592281723023, -56.58949179172515, -56.79840924072265, -55.06628177642823, -56.4222795009613, -52.90840767860413, -52.99067594718933, -49.9917561120987, -50.809006806373596, -51.077077559471135, -50.57226435852051,