{"status": 1, "spectogram": [[-27.614178494751453, -43.97307137101889, -39.73763376452029, -45.5361070805788, -45.19847308690845, -50.05574090163409, -45.289865921124814, -44.25016953714192, -46.78923189422488, -40.175455367222426, -39.27558025433123, -43.90910702767968, -45.84843745143711, -41.14300884883106, -44.80782129183411, -45.49597309805453, -45.028267724305394, -45.634187289044256, -44.75268740917742, -47.77989280703664, -43.16546432876587, -46.50174994814396, -47.115937468722464, -42.7092142867148, -45.154491040989754, -45.996169452980155, -45.26916956786811, -42.98791063371301], [-1.7414998303651807, -0.5248928215503692, -0.8994553342461585, -1.1792946242690088, -1.439303584933281, -1.7101964362859725, -1.597133941590786, -1.6389821169376375, -1.7061338945031166, -1.7101607027053833, -2.0010981939435006, -2.1133571492433547, -2.5083125229477883, -2.529830435812473, -2.3717679250240327, -2.1651964703798297, -2.0444017741084095, -2.0528393143415453, -2.239776872694492, -1.6328482816815377, -1.263366095840931, -1.4623393659591675, -1.746089392542839, -1.879080430328846, -1.7321964578628541, -1.9205982623696327, -2.1069732874035836, -2.319187563598156], [-29.63283089518547, -47.739411559581754, -41.448222757577895, -41.955623498439785, -43.26042864131927, -44.42254420781135, -45.56191957783699, -45.162392165660854, -47.39679571461677, -44.16466087102891, -40.573660200119015, -44.80300947737694, -46.33378539800644, -44.92551784706115, -46.66145518374443, -46.35238215899467, -45.60583911895751, -44.587713750839235, -47.5014653096199, -44.53650894284248, -44.08683934736251, -45.071589071750644, -45.30508899879456, -45.65887521982192, -44.6087049920559, -47.1327330327034, -45.076483963966375, -43.14981229186058], [-27.6545, -25.145875, -26.683687499999998, -27.950812499999998, -29.7815625, -31.2383125, -31.00775, -28.7393125, -27.850375, -27.496812499999997, -29.313312500000002, -30.099625000000003, -31.408187499999997, -33.561875, -33.1305, -31.3935625, -28.807624999999998, -29.2099375, -34.274875, -32.066, -27.9914375, -31.8010625, -35.8286875, -32.630187500000005, -31.8405625, -32.839875, -34.525125, -33.0973125], [-27.25212887096405, -34.52969349789619, -28.6538170568943, -29.68578159213066, -25.233762421846393, -25.844262510538105, -26.53582517957688, -29.90794205498695, -34.25618440246582, -26.479905694246288, -31.700219345569614, -26.87616448974609, -26.430655324697494, -22.54558278298378, -21.572707795858385, -22.843083308935167, -28.777870679616928, -23.658155156373976, -20.291591466426855, -20.285279283285142, -22.697387287378312, -19.177975472688672, -18.099099988698956, -21.322814924001694, -24.866003390789032, -22.47078855037689, -21.39678816127777, -22.500672245264056], [-31.323002319335934, -35.41591436767578, -40.03309950685501, -36.778448523521426, -35.768053751945494, -34.871020288467406, -33.2592682723999, -34.927635233402256, -35.803983226776126, -34.79136742258072, -34.073993420124054, -43.59431111955642, -36.416921174526216, -45.159757475376125, -38.33451134157181, -40.91207204246521, -42.47908655071259, -37.843082862377166, -37.45351890277862, -34.93907471561432, -32.34518944120407, -35.51387713432312, -34.74081346940994, -39.30176750564575, -38.682115705013274, -45.18663078308106, -38.49756391763687, -38.75113412714004], [-22.917892298221588, -19.40406896829605, -19.850319198608396, -18.434630330324172, -16.63737953495979, -15.581763165473937, -15.681012703418732, -17.189988169431686, -17.236899591207504, -19.62021075439453, -16.67189788889885, -16.243335159301758, -17.23165504026413, -19.5875714533329, -17.72819536185265, -16.168172183990478, -17.593425082206725, -20.11331621456146, -22.69125200152397, -20.645661160230635, -21.794592449426652, -25.99955724358559, -21.840867609977725, -20.39532020878792, -16.121270634412767, -16.149599819660185, -16.54716096997261, -16.08447418022156], [-29.878247275352475, -26.756516710281375, -32.07119941234589, -32.041145519256595, -31.412705077171328, -30.108410036087037, -30.101535352706907, -30.647454821586606, -32.004142749786375, -32.73911133003235, -26.816231777191163, -34.82990987014771, -38.85021439361572, -32.63594905090332, -37.27882333946228, -33.731530590057375, -32.5199722661972, -35.00072097682953, -32.641661716461186, -34.865911348342905, -40.58017036437988, -33.86233570480346, -29.72690437221527, -34.81964093017578, -28.849741538047795, -29.810426084518433, -32.290672931671146, -40.730601598739625], [-30.93720774316788, -33.478918200016025, -31.494482049942015, -34.22159047603608, -32.087467350959784, -35.63197040319442, -31.853535535812377, -29.229971407413483, -33.086018536567686, -34.28480939149856, -38.91975060462951, -33.23277705907822, -41.907588186264036, -34.820313688755036, -33.4568774061203, -36.09562992620468, -33.38574817562103, -34.658849317073816, -37.39297247552872, -35.80831136369705, -35.90981446123123, -31.650304611206053, -31.57086473894119, -39.276392562866214, -31.433741246700286, -32.209738642215726, -35.220801947593685, -37.2327920088768], [-37.7586657948494, -40.89065760660171, -39.178100149154666, -41.62286410951615, -37.58410454893112, -42.184953271389006, -37.30171298742294, -38.76720691347122, -38.72008953762054, -35.00144986200332, -41.230312779903414, -42.89703989267349, -38.05707897281647, -41.07874282646179, -44.94635731506348, -42.470010697841644, -39.21820545721054, -38.02209846973419, -41.9089126534462, -37.94527212190628, -36.559056406497945, -41.77075211572647, -35.88007869052887, -38.01647728061676, -37.69940629339218, -38.26528407144546, -42.60890414762497, -41.14657230663299], [-35.134187499999996, -37.5220625, -36.922687499999995, -38.87675, -38.521249999999995, -38.15325, -38.1755625, -36.4945, -36.8204375, -33.3540625, -38.32056250000001, -39.7863125, -40.215624999999996, -39.9628125, -38.2084375, -39.904375, -37.33262499999999, -38.3864375, -38.5360625, -39.087562500000004, -39.489875, -37.581, -37.1509375, -39.0078125, -36.227125, -36.7464375, -41.667875, -36.036375], [-51.16533635759353, -46.881184191226964, -48.969427573680875, -48.55157057189941, -48.40490253257751, -51.78415796804428, -48.176849560737615, -48.529831814765934, -49.50032135248184, -48.77125375270843, -50.141321195125585, -48.76546817827224, -50.38457783508301, -46.21759333848953, -48.471964682102204, -47.56056878900528, -46.345451376438135, -53.9936386680603, -47.52727161598205, -46.8072838921547, -46.915328619003304, -45.11063792467117, -44.61226527643204, -49.20897571039201, -46.60395567321777, -53.474561756610875, -47.86126058769227, -46.85246634197235], [-45.41829763841629, -52.40752011299133, -49.43389103889466, -52.18542273187637, -53.2807162361145, -53.86833125925064, -54.04589189529419, -52.33613649129868, -53.864690287113184, -57.12784053993225, -55.18765339326858, -55.9857891998291, -55.26141195487976, -54.09305698108673, -54.88599396467208, -52.167716217994695, -53.12357324695587, -51.18488615942002, -52.33582273197173, -49.38160936450958, -51.64170831251144, -54.28915642786026, -53.73328017377854, -53.976143383979796, -50.13436718893051, -48.67137669181824, -53.151438779354095, -54.86685910320281], [-53.71795369148254, -46.61003789615631, -47.21341364192962, -47.9081060705185, -43.45369131660461, -45.73717264556885, -41.36773848056793, -46.94302469921112, -41.74868751811981, -49.05661033344269, -43.886992226600654, -47.44416510105133, -43.930156700134276, -42.09219485092163, -43.978005589485164, -40.250546025276186, -41.90293611812592, -45.19242377662659, -42.38337165355682, -42.946246223449705, -43.075039757728575, -46.70400523757935, -42.580437340736395, -45.09409726047516, -40.399962701797484, -45.64465221977234, -41.78140724372864, -44.87962182426453], [-46.55727391147613, -48.499127125740046, -47.82387402057647, -49.59639680004119, -49.72387032318115, -48.931606088638304, -52.45054289722442, -52.69242701911926, -50.28388947868347, -50.41096488285065, -52.10115732574463, -53.4686741847992, -54.25930813121795, -52.549649161338806, 