{"status": 0, "spectogram": [[-28.70745532940328, -44.32961604605615, -50.85192839112879, -50.433303273499014, -48.51452655346692, -47.57816055393219, -49.18766056397557, -49.37305344712734, -50.77444633680582, -53.2980446626395, -50.47685706582666, -49.87281236173213, -49.3479551205188, -53.65366042104363, -48.49978543153406, -52.443553231388336, -57.360196107894176, -51.89824981004, -47.61399977365136, -45.785285626024006, -54.04321421775222, -52.437142716914416, -46.79795530371368, -49.53828567531704, -49.94397313673794, -48.39687492054701, -52.620749775648115, -47.43846419700981], [-3.7670893831253056, -2.4547140359878536, -2.854026525199413, -2.845580168545246, -2.9799818898439403, -3.26933902335167, -3.3706515036225317, -3.2417408912777903, -3.4389552249312403, -3.496535535693168, -3.7435355213880532, -3.9738569808006288, -3.779571197152138, -3.9866694416403767, -4.140107014298439, -4.119482010960579, -3.909982002258301, -4.27369633769989, -4.672008868277073, -4.280740971386432, -4.247499877810478, -4.229446301460266, -4.54282133102417, -4.385607016801834, -4.2682230435013775, -4.589508719742298, -4.700946242332458, -4.423231924772263], [-28.4425712146759, -40.71565218377113, -47.11921336412429, -47.377750020504, -44.46005349063873, -47.480716258525845, -46.71946535062791, -42.75560628986358, -47.10267018675804, -49.305178066730505, -46.03567894315719, -42.591740538358685, -48.4717680926323, -48.29817853546142, -43.43424053072929, -46.20069612455368, -47.71215225529671, -50.664169063329695, -35.923982100486754, -40.55606111645699, -47.54243717885017, -44.37289139270783, -41.56358063054085, -42.55515055727959, -49.48727735590935, -50.46949296164512, -51.18368080472946, -44.79088391518593], [-16.564124999999997, -15.3845625, -15.21875, -17.928375, -15.306625, -15.475625, -15.009250000000002, -19.329437499999997, -21.771124999999998, -19.377125, -19.3535, -20.359250000000003, -16.821875000000002, -18.9951875, -22.1618125, -21.978, -21.32975, -23.8065, -25.3311875, -23.2715625, -23.002812499999997, -22.398625000000003, -24.207250000000002, -22.186374999999998, -20.714, -19.127062499999997, -19.362000000000002, -18.918187500000002], [-23.167834164381027, -39.79668466711045, -37.23305854845047, -33.75256820607185, -36.04038855195046, -39.95338034248352, -42.326193570852276, -35.45188084745408, -38.03532885313034, -32.57636171627045, -32.94904914975166, -34.37471994352341, -38.25703247666359, -39.16316739749909, -35.85966771268845, -34.37237244582176, -30.691406728982926, -28.30400522184372, -35.16044500184059, -28.85812999868393, -38.373221741676325, -37.52168576288223, -32.00812226223945, -30.941022927761075, -34.58440684962272, -34.72341537427902, -30.828602204084397, -37.40971981334687], [-19.14201367855072, -26.97519336843491, -21.870009676933293, -27.54501110649109, -26.299881055831907, -25.0260875544548, -23.55008765077591, -28.374825271129605, -34.53106179094314, -31.798705423355102, -30.97195659446716, -29.42685406684876, -27.657435665130613, -29.527098614692687, -30.02554412508011, -30.819685959339143, -29.60398832559585, -33.23724541950226, -25.279441404819494, -26.95711642313004, -36.6031947555542, -34.060857612609865, -28.686484191894532, -29.650053306579593, -29.702753915309906, -28.3356614613533, -24.732352992057802, -28.482865637779238], [-8.111603823423387, -13.649885228157043, -14.592698293924329, -7.8532282969951615, -14.89561780834198, -16.39000263619423, -17.707941146850587, -8.99859396123886, -7.614412803649902, -9.89200501251221, -10.771380523204803, -8.628200272560118, -12.43644578194618, -9.232211013078688, -6.941957239389419, -7.058957639932633, -7.892797454118728, -6.710428617000579, -6.839365227937699, -7.643483211040497, -7.6859302835464485, -7.6114396021366115, -6.843125193119048, -8.126270276546478, -10.088263509988785, -11.67247974038124, -10.667103909254076, -11.936516266584396], [-29.692330164909364, -39.653314586639404, -33.411939346313474, -32.173498239517215, -32.67902581119537, -32.69776328086853, -33.43369990444184, -31.89803921318054, -37.909524876594546, -36.92370730113983, -35.23357851123809, -30.904632712364197, -40.77328128051757, -37.85760687828065, -30.243232549667358, -32.51670741748811, -30.014070068359374, -35.02756420803071, -24.50355706310272, -27.49921357917786, -37.602605133056635, -31.496131760597226, -27.862005606651305, -28.729320106506346, -38.40685597229004, -39.07938143444061, -35.18993925666809, -34.610143592834476], [-21.594560519218444, -22.2746881608963, -20.36543650531769, -26.395535190105438, -22.51653562784195, -22.39493703556061, -21.32837363576889, -30.285955618858335, -37.13585934829712, -31.71812752962113, -31.290314330101015, -28.398692821979523, -23.626331567764282, -26.523731605052944, -34.09047488355637, -32.46298519802094, -30.08189650726318, -33.245297441005704, -29.311854332923886, -29.45811658716202, -37.51090270662308, -34.54522451925278, -32.225473274707795, -30.47761807012558, -28.691980989933015, -26.32785030555725, -25.318160670757294, -25.32129670524597], [-15.352422804832457, -12.496919861793518, -11.953545963287354, -12.315767039299011, -11.873509907722473, -11.800251697063446, -12.078066089630127, -12.763016172409056, -17.968667823791503, -13.630418470859528, -14.041419085979463, -13.737638463020323, -9.570746778964995, -10.261303604125976, -15.466417243003844, -13.760624676227568, -14.142653373718261, -20.82622207403183, -23.815655318260198, -18.7040393075943, -16.55540778207779, -15.443480662822724, -18.77434910821915, -15.171177899837497, -12.847024036884308, -10.484725139141082, -10.917785294532777, -10.07402135372162], [-23.111625, -23.85125, -23.364749999999997, -23.3509375, -25.52625, -26.7533125, -28.719, -25.66125, -29.525187499999998, -26.637875, -25.7405625, -24.984562500000003, -23.541999999999998, -23.44325, -29.175812500000003, -27.8511875, -26.879999999999995, -29.761812499999998, -28.772625, -27.6589375, -31.786562500000002, -29.657187500000003, -29.0140625, -28.2561875, -25.756187500000003, -25.163375000000002, -24.3553125, -24.579562499999998], [-38.14415116596222, -37.22386039972306, -35.93754142951966, -41.439781607627864, -39.463488926887514, -38.71411937379837, -38.79542794704437, -41.09422560930252, -49.801368592262264, -39.24064545106887, -39.13645780944824, -40.12056002759933, -37.085329911231995, -37.24713376426697, -43.24036825180053, -45.08650513315201, -41.87089914083481, -46.5996437959671, -41.44427204322815, -42.00706001853943, -48.274697686672205, -46.574048008918766, -44.67710308027268, -43.73476013088226, -39.02923775100708, -36.21508330440521, -35.83558156776428, -35.77614236116409], [-38.9080403213501, -43.27181949138642, -44.680068178176874, -41.48131717348099, -45.31899804496765, -45.46635363960266, -48.767040282726285, -41.75862310361862, -39.16628755617141, -40.59554122161865, -42.24941577720642, -40.72949689817429, -48.02374886512756, -44.67064709186554, -37.39790032863617, -36.92347254657746, -39.63029605865479, -36.4079546918869, -36.40007719516754, -37.28628302526474, -39.188528173446656, -38.585170062065124, -37.47235605096817, -39.31258760595321, -43.604211306095124, -46.639090005874635, -42.92784173297882, -46.905572144508355], [-32.59931445980072, -34.935754360198985, -35.52262892723084, -37.585082279205324, -35.928904744148255, -37.18485104084015, -37.70584948062897, -40.042901885986325, -39.786118037223815, -38.89409886741639, -40.26585177230835, -39.49329240417481, -38.592658911705016, -38.96361055278778, -38.72584892940522, -38.85310022068023, -39.182942313194275, -40.87683200454712, -41.217518446922305, -41.59712188911438, -41.426062331199645, -40.348134818077085, -41.340814474105834, -41.0006270236969, -40.76147329139709, -39.09085442256927, -38.66666829872131, -39.70326801776886], [-38.28988081359863, -39.53883159732819, -40.1183280248642, -39.92323787498474, -40.17095260334015, -41.074425376892094, -39.684924242019655, -40.51641497612, -39.41223244667053, -40.6663014574051, -38.98280288600921, 