{"status": 0, "spectogram": [[-15.180329414327307, -44.47697441994657, -43.569601977733925, -44.782856939136984, -44.359604661112535, -45.83220133458046, -44.71645599019463, -45.15072860267456, -44.27819837545912, -46.53155513060516, -49.41948199883103, -48.8068598411284, -48.087114380658264, -46.84722680575326, -48.90628298567571, -49.325303103306545, -47.962330255682346, -43.81074988871813, -44.90207515144104, -46.94020567893622, -45.957541539192924, -44.72107280319696, -46.67217925618914, -46.55141191960114, -47.573838990002876, -44.56016425787427, -44.64007323750728, -39.194275032093245], [-1.8920538143385235, -2.051604364771017, -2.4715406159819384, -3.2632854654788974, -3.2165710579667772, -2.6774946734759264, -2.386499747991561, -2.7204409886112013, -3.237622069675089, -3.4488952033592715, -3.598642607450485, -3.84849200301025, -4.013504887765772, -4.203836472350721, -4.251877255566267, -4.289071198122845, -4.434262513571859, -4.587481864571571, -4.57120382449092, -4.519726750921234, -4.55990525296999, -4.902150684685136, -5.352999894346504, -5.242076147468722, -4.898660435795784, -4.9187675453765065, -5.4149917970165795, -6.296601094810321], [-21.050567365279207, -42.043548739955135, -42.16435187856026, -40.265802801609034, -41.88936326140763, -44.42147522793, -45.08202071386418, -42.134826088749655, -40.0975127378386, -43.52044793762504, -43.65962598276138, -47.752457507026044, -40.04337060451366, -41.00555567638242, -42.19809635752054, -49.48065676288231, -44.02830062057499, -41.55362549352646, -35.13366838417228, -40.18176236324909, -45.0294009002352, -52.52765456592942, -50.69217511259623, -47.710888987288264, -45.382482640743255, -39.991956155543306, -41.769668932399505, -39.95990843141205], [-7.198607281299308, -11.6716071614027, -11.358125002026558, -11.278125, -10.670678431034089, -10.430196389436722, -10.51667849445343, -10.662124886035919, -11.91537441778183, -12.600196478843689, -12.225999999999999, -11.420660933494567, -11.80512524175644, -11.58355353116989, -11.586285770416259, -11.231589502334595, -11.676410851478577, -12.175, -12.236821592330934, -11.68796448135376, -11.471392854690553, -12.286215526580811, -13.033196466445926, -12.56989266014099, -12.43875, -12.427732157707215, -13.431838666915894, -14.127731656074523], [-11.020157074253273, -33.2657272882424, -41.46958200411168, -46.334526245594034, -41.772190244791396, -42.649461088832425, -42.533274659974, -38.704639127361624, -39.93893616055438, -41.78750937447252, -42.498738626956936, -49.59470980470956, -37.79818465917762, -37.48455271681961, -43.86694007653629, -39.10556419731691, -42.12758047879525, -43.68332758903504, -37.952261204690195, -40.81240169523154, -43.48202423019731, -43.068375664651974, -42.288771508703334, -47.125778753611975, -41.12064802932739, -37.05388207441461, -37.90332069821192, -33.59972478552341], [-18.009396962214662, -24.288487918855324, -28.496939450745856, -24.613846406936645, -26.499941028020213, -25.93337207194216, -22.806081123274126, -23.348721184253645, -27.09869336539916, -28.910462859796056, -27.690274194717404, -26.604406166660844, -25.908564710870568, -25.49220757509733, -24.721435624054337, -22.720253217716046, -24.210469135361638, -26.199041205406186, -24.300226220384744, -24.891892376996317, -23.46540462669089, -25.839731089765685, -27.685499705743204, -25.82916117302289, -27.304112357139584, -24.344804135691618, -28.115461211361847, -30.567587504678485], [-3.9266485280263943, -6.835032463810832, -8.635059277135548, -12.048991796970366, -13.808600085973845, -13.417395788256105, -12.466030176357394, -13.200609156569682, -13.683131489287032, -14.685924959503904, -16.250402347564698, -20.291223360615298, -19.223225533212283, -21.790355860223816, -23.480019718832036, -22.683640919743862, -21.779239569342312, -19.757369193077086, -21.871643161549567, -22.312891951210812, -21.800337930260646, -21.741102942806794, -22.36737596033033, -22.937076955824548, -21.17078006982803, -20.955887480667418, -16.848285470331703, -15.214935163917584], [-14.13818808104275, -28.36448222345245, -32.869709871277436, -28.245801828384398, -31.729864215948798, -30.642296451095994, -31.568874443685417, -33.64751789099798, -29.685161572679302, -31.94535130788584, -34.1857805557251, -36.93472120750193, -32.899466090173675, -34.490656830048344, -29.211475934788496, -37.576857741847114, -26.78326545771769, -32.9751788520813, -31.53389842677749, -35.62896100873436, -39.33973612822169, -36.18208243874631, -35.018259556671694, -34.812462829317376, -34.376389850616455, -35.02142003510907, -35.76958244440553, -31.922565134083502], [-17.282706646137395, -24.277712358479587, -21.856016017288592, -20.702008865356447, -20.933038941130036, -20.88447771697126, -21.08301373289044, -20.38310216050246, -21.9157351978275, -24.81244479973567, -25.5835974817276, -24.31085225716432, -24.11520053026593, -22.891161533170752, -22.268747239005677, -24.196208568339294, -21.894807844240397, -23.702132821083076, -23.467796156124177, -22.307755108911763, -21.43395645678707, -22.52773411474429, -23.671853586235258, -24.550721287318737, -25.876774760246278, -24.57046264679542, -23.215999813390546, -22.14877177826351], [-19.477081020835104, -15.921746958172944, -15.056239084506618, -15.846828594207762, -16.155141305553947, -14.821573037074645, -13.783120315940977, -15.746741976523927, -18.504735811993044, -19.42170025288321, -20.31530996990204, -22.116407338862228, -24.740414193240966, -21.994324451077606, -23.548357423275938, -25.07332422260314, -24.913515466339437, -26.01552979373932, -24.567013155528358, -25.767024084323875, -25.172609461496606, -23.256352944898282, -25.87034645769393, -25.00728390534219, -23.149792472839355, -25.01271047241773, -30.171659103201147, -23.65043332660402], [-20.58250038343109, -20.556517895281317, -20.39633938229084, -23.066125, -23.68348188567161, -22.94480355143547, -23.303607195854184, -23.320214334487915, -25.259266439914704, -28.991750951766967, -27.96875, -27.60096417045593, -28.454178927421566, -28.768321459770203, -29.490570987701417, -32.45569563865662, -31.00882119560242, -30.03275, -29.378803429603575, -29.35996480178833, -28.850232028007504, -28.773624768257143, -29.38423280906677, -29.754232098579408, -28.4585, -27.132625302314757, -25.02110831069946, -27.26537290287018], [-32.40265734134362, -35.8238844365018, -35.447872774805475, -34.38383952331543, -33.62307997843871, -34.45741449485559, -35.578681259339646, -38.9181266638511, -41.07904870289301, -41.5765570610228, -42.98640050506592, -43.030989744926174, -41.98099475539721, -41.855231873921895, -39.22817324343423, -38.31680676968039, -39.34392086873853, -38.51171025753021, -37.18852533110861, -40.253924601945926, -40.76736005167169, -42.616878038046934, -42.79911102768391, -39.17158593621549, -39.29216418647767, -41.4839953749549, -40.6572208550518, -43.061497186776435], [-37.27848093693533, -43.372904720591166, -43.19495597523813, -44.73015908718109, -41.857269279606896, -43.65124009145559, -45.07643624682341, -41.23406720979796, -39.58335200747575, -42.90266314961852, -45.37665690517426, -42.59607841515055, -44.0825061606968, -41.780295369771046, -43.950114316346664, -41.77542193379633, -43.57337771520971, -39.036784719467164, -41.874705275284015, -43.5470997046834, -41.69162675978048, -40.91001965452723, -40.55406845719499, -41.756338673377066, -44.09886961841583, -41.68705847171795, -44.64178832207867, -46.692550190516215], [-37.556825575152544, -37.70227695302347, -34.66385570885702, -33.35789722061158, -35.242262544251936, -35.90889248143864, -34.8177170229056, -36.20781729837381, -36.11438497575284, -34.98484075902462, -35.94079113006592, -39.589488704935164, -39.71524378167468, -38.207742727999594, -37.92763242917161, -38.96958225117771, -40.4031246944162, -38.32214488983154, -38.96832956767549, -40.54705087070138, -40.80524245184127, -39.75306147028574, -40.320364819505954, -40.59558422471998, -38.18939567947388, -37.630032750907915, -37.5748293527095, -35.68696846132664], 