{"status": 1, "spectogram": [[-26.116973268643022, -44.28759824304282, -44.604723220333454, -44.89925885866582, -44.944714216768745, -42.831267793774614, -42.478955263897774, -44.18959820483625, -45.33399998307228, -50.42584832070768, -43.68584825952351, -44.78967860892415, -46.13579471902548, -47.15267853307724, -45.19730357968807, -45.29334817017615, -44.892339287608856, -41.097053585886954, -47.012366045370705, -44.93395545010269, -44.913785670965915, -46.130553605943916, -48.48555352795124, -45.32274998143315, -44.56515182499587, -44.6183750987947, -43.57637492996454, -39.719267903000116], [-7.2932954575419435, -6.59608136767149, -6.479581298887729, -6.506036623716355, -6.290286620140075, -6.811626006960869, -6.766125975251198, -7.477920665919782, -6.718018771886826, -6.199572296857834, -6.121634827554225, -7.0269920738339415, -7.576349252521992, -7.599715286493302, -7.6812152776718134, -6.859697349548339, -6.721367015302182, -6.705456308066845, -6.82564379644394, -7.028858092188837, -7.436036667704582, -6.904358029603959, -6.728358042597771, -7.051697341561318, -7.397983065247536, -8.043679575920105, -7.388429527044297, -7.624375963687898], [-17.39172837305069, -20.640458086967467, -22.678835411548615, -24.32963781642914, -23.086833588123323, -21.21615422344208, -22.115841712713248, -21.768120410919188, -23.320950231313702, -25.35541555571556, -23.671164647340774, -21.83570830202103, -21.866189410209657, -22.35842412137985, -22.80979677534103, -23.692967504262924, -22.050762316226958, -22.498200739145275, -22.572513770103455, -22.35405866408348, -23.44597677707672, -23.929273375749588, -23.994710572719573, -23.80706719112396, -24.434057958364484, -22.00526266670227, -23.258638182640073, -22.40294155788422], [-32.397437499999995, -34.0561875, -43.3626875, -38.942375, -42.06337499999999, -41.6749375, -43.6935625, -40.303375, -40.31912500000001, -46.8315, -40.213875, -41.283249999999995, -36.82575, -36.850437500000005, -41.074937500000004, -42.485375, -43.27825, -40.2216875, -41.290062500000005, -37.521625, -36.844500000000004, -36.68124999999999, -41.076375, -41.326, -41.7816875, -38.54118750000001, -47.3253125, -42.830187499999994], [-9.663728925704957, -16.911576071977613, -15.786262744426725, -15.144360617876051, -16.07242997479439, -18.852299070358274, -16.746046617507936, -17.781389434337616, -14.811690760135653, -13.308404779434206, -14.545466709375379, -17.954816217422483, -20.171433513879776, -18.320835305690764, -18.853021756887436, -16.020995066165924, -15.34699494791031, -16.031485678434372, -15.094110392332077, -15.758003443956373, -17.130754750490187, -14.737618463993073, -15.442181771039962, -15.468805596113205, -16.01047602748871, -19.264907258987428, -17.35259332537651, -17.956396070718764], [-10.894974552631378, -10.302648501396181, -13.258962436199187, -14.77399852514267, -14.711034456729887, -9.660558753967285, -11.204809725761415, -12.005389446735382, -14.680560651779174, -17.296857479572296, -14.930169516563417, -11.136023266792296, -11.387915615081788, -12.734228626728058, -13.108103619098664, -16.284891298770905, -14.273792114257812, -14.22300669670105, -15.810069726467134, -16.036221316337585, -18.021506847381595, -20.777570619106292, -17.35407003355026, -18.447382204055785, -18.61317602586746, -15.802558775901794, -15.138559760093688, -17.357336888790133], [-31.9376919670105, -34.27249040389061, -39.720050941944116, -38.87984857773781, -34.56090885686874, -42.75781374669076, -37.55350066518783, -35.649914215564735, -38.710492993116375, -35.488407370567316, -37.43896805739403, -40.85178743314742, -33.59725938868523, -38.38985738277435, -37.475859233856205, -37.81409159231186, -37.03490007042885, -39.549591994285585, -35.94840075135231, -34.35492096066474, -38.52298282337188, -39.19791958165169, -33.84579093241692, -32.540309030294424, -35.85752842640877, -39.6039741513729, -33.62253321313858, -37.014847317457196], [-29.131891852378846, -34.64510243606568, -43.23958939743042, -35.31703353786469, -35.11591180706024, -39.46504760360718, -37.32185209560394, -37.17607692718506, -36.692008841514586, -33.393520526885986, -33.943898597717286, -34.3275307598114, -39.547560380935664, -42.22967960357667, -35.6470618133545, -33.79570072746277, -40.24068446826935, -44.60343872451782, -37.43213228702545, -35.04792183208466, -31.92607919692993, -32.29262720680237, -39.930932396888736, -34.10239606285096, -34.70975891590118, -38.004915952682495, -36.97897493457795, -34.119105130195614], [-24.50135349988937, -26.65303472471237, -27.15216178941727, -25.312784553050996, -25.226935826301577, -30.18200046300888, -26.777313595771787, -29.710688250541686, -26.648767688274386, -22.84774815797806, -25.279499489307405, -28.159624253749847, -28.99822858667374, -29.811114969253538, -29.394114510536195, -27.904437216758726, -27.162178493976594, -27.226865983963012, -27.189052651882175, -28.955124242305757, -28.096855756282807, -26.696989691734316, -27.09836536026001, -27.875267491817475, -28.04193662643432, -31.7881073050499, -28.287232064723966, -29.700767159938813], [-32.12336741542816, -39.73820882272721, -34.66883701562882, -34.117196927547454, -36.17831040668487, -39.249965528488154, -37.006594356536866, -42.0371888422966, -36.76953445863724, -34.22335643815994, -34.160731626987456, -37.87291247367859, -37.37869991111756, -44.09202351236343, -38.912281609058375, -38.737515771389006, -38.80766563796997, -38.05559607601166, -35.188220455169684, -34.55968500614166, -33.70144463586807, -34.38081960725784, -38.995882695198056, -36.081107817173, -34.31758738183975, -40.35848406410217, -40.28098793792724, -36.63437125730515], [-53.10175, -50.258250000000004, -50.7548125, -48.9200625, -48.816312499999995, -51.675625000000004, -50.8798125, -50.27075, -47.551, -48.661625, -50.0235625, -51.077437499999995, -51.596625, -47.7899375, -53.562312500000004, -47.9381875, -51.441374999999994, -47.371562499999996, -47.3820625, -49.749812500000004, -49.002875, -48.384125, -45.591125, -49.18418749999999, -49.627062499999994, -52.13249999999999, -46.9818125, -48.82243750000001], [-50.50738908958435, -53.17847919845581, -56.826286129474646, -58.64899091053008, -61.27010679578782, -57.66786924362182, -58.69399367713928, -51.79458541107178, -53.20038312721252, -57.07639453887939, -58.44315497303008, -55.02914477109909, -52.52311522436142, -53.522649280071256, -52.76258402347565, -53.25600314950944, -52.22226069641113, -51.2899824051857, -52.84354573631286, -51.734349769592285, -53.12676051044464, -56.794692922115324, -54.05838314151763, -53.35138370227814, -55.73638497257233, -53.67962968587876, -52.86062800359726, -53.05238727855682], [-55.01678114414216, -55.385297098159796, -52.666362381458285, -53.750869299888606, -55.51555794477463, -54.40813235616684, -55.64606511878968, -53.4174760017395, -52.54853892946243, -49.96368370866776, -50.97999667263031, -50.40770172166824, -54.56863726997375, -51.612971978664405, -52.56784209775925, -53.11584113740921, -51.30924476718902, -51.2891010093689, -51.41766290044785, -52.208904391288755, -53.621225733757015, -50.6745569844246, -53.009805699825286, -52.76602859306335, -51.29316347551347, -53.33422530364991, -50.963913012027746, -51.35371892309189], [-36.817716514587396, -41.505543711662284, -37.19698554611206, -38.31093247795105, -38.77825104904175, -40.012294034004206, -40.250167529106136, -40.0616469373703, -44.495576563835144, -42.00089730358124, -39.85215537357331, -38.44822376537323, -39.98940339946747, -39.459258292198186, -41.404063972473146, -41.38718416690827, -42.292355253219604, -42.064543461799616, -38.84167148685455, -39.45908128261566, -39.334878211975095, -36.01984655952453, -40.340215362548825, -37.053534501075745, -35.84382264900208, -38.84703398513794, -41.42871928882599, -37.64125011253357], [-50.26959477901458, -53.2980190000534, -49.906020764350885, -50.67891540622712, -55.682587011337276, -54.32065716362, -55.65177967262268, -53.38092587661743, -54.61146082115173, -52.345461042404175, -50.98633383369446, 