{"status": 0, "spectogram": [[-30.416142821669578, -48.76604455770552, -46.248232135623695, -49.01065172605217, -48.35174105547368, -46.26292865461111, -47.597678635239596, -47.37809806199372, -44.561803600966925, -50.93488381375372, -49.367696304291485, -47.46471422165632, -49.99395533658564, -46.83124101786316, -48.46017873090506, -49.491758873656394, -47.245437531456346, -46.62490178318321, -46.570339183092116, -48.78658918392658, -49.55909812910855, -46.83227667616308, -49.32796415802836, -45.87586604247988, -48.52243744935096, -46.661964280664925, -48.64727677057683, -42.067571455866094], [-2.4794017153382297, -0.9847680195569992, -0.8959555132985115, -1.3681966445446014, -1.6060002379417422, -1.5977055767178536, -1.1905805209279061, -0.7141965562105178, -1.167848390996456, -1.8407055751681327, -1.6382055298686027, -1.0947858330011369, -1.1247411701083183, -1.2487858266830445, -1.7771608855724335, -2.058312695324421, -1.9668483852744103, -1.7647144147157667, -1.8387769204974174, -2.002196587204933, -1.9543305243849756, -1.8454108603000643, -1.7965358456373215, -1.6779911989569665, -1.6758393894433976, -1.9585536952018736, -2.3808037500381474, -2.8869734459519387], [-23.706642531871797, -42.80941102695465, -41.31103622865676, -37.5884824924469, -39.48344689941406, -42.14375106620788, -38.282437855005256, -43.132197162628174, -47.189740959882734, -43.6519372241497, -45.87493824362755, -45.01724999189376, -43.242928752899175, -45.22884879040718, -46.78828675365448, -43.03563436579704, -47.569438861131665, -42.01059541392326, -50.74141211605072, -45.37458954191208, -49.03414460754394, -50.25552738499641, -45.700839522361754, -44.72518826317788, -47.77292878770828, -46.07249136328697, -47.97324204659463, -44.01917008328437], [-28.029562500000004, -31.0494375, -31.986562499999998, -31.7955625, -32.627562499999996, -32.039812500000004, -31.3896875, -31.176375, -33.3721875, -35.3290625, -34.3700625, -32.348625, -31.516375, -32.3633125, -36.808749999999996, -36.6645625, -36.542625, -32.70281249999999, -33.449625, -36.2951875, -39.4415, -33.956125, -34.0291875, -33.9688125, -31.389249999999997, -33.4854375, -34.528875, -37.642624999999995], [-12.735662477016449, -10.176090379714966, -9.978152967214584, -8.86673260641098, -8.992107384681702, -10.108223650693892, -11.325599193811415, -12.210733655929566, -11.841152723550795, -12.435759395360948, -13.303447293758392, -14.441501581192016, -15.8846002304554, -14.786001706123352, -13.600688544034957, -13.201750670909885, -14.076866983175277, -14.83834965825081, -15.04616219329834, -13.87911718773842, -13.184742041826247, -13.956742341279984, -14.444242557764053, -14.145751547813417, -15.114555422782896, -15.345474905252457, -13.998599121809004, -14.599625426769258], [-24.261678723335265, -35.08737447834015, -28.675062358379364, -30.41565323877335, -33.32807563495636, -29.280444496154786, -30.41863368749619, -30.91492011213303, -33.30506363153457, -37.35431187868118, -38.762440242290495, -36.85238428926468, -36.38342890453339, -36.227949679374696, -38.28275823450089, -34.15896437358856, -41.30657313346863, -35.414062534809105, -34.12493847036362, -38.00793338871002, -37.352919366359714, -40.66989028310776, -36.37444793510437, -36.90119902324676, -36.670258585453034, -38.85966996145248, -38.47048163795471, -36.22897523069382], [-15.742851155996323, -17.54894287157059, -14.691323201656342, -20.67328436803818, -21.673137271642684, -20.831559639930724, -18.41849335408211, -14.016824419021605, -18.678350721120836, -22.8207309281826, -21.487473173379897, -15.808593705654143, -14.029721216201784, -14.833559536933898, -19.05061988902092, -21.639870422601703, -21.165261679410936, -17.731798278570174, -17.817736869335175, -18.654575125694276, -19.863343356609345, -19.727775172472, -17.410842144966125, -15.975316147565842, -14.689434014797211, -15.997085352659226, -21.00602272748947, -25.242898027896885], [-17.657256949424742, -21.237468040466307, -19.78927837276459, -15.915229866027833, -15.088549608230592, -15.643523447990418, -19.447840646743778, -22.308555557250976, -20.155063723564147, -18.423452198982236, -19.311455594062803, -24.980653916358946, -25.41301643562317, -24.411221844673157, -21.26628919029236, -19.085017263412475, -20.403768392562867, -23.591267774581908, -22.881826256752014, -22.669772359848025, -20.771804712295534, -22.2033428440094, -25.304534817695618, -25.552246844291687, -24.3461350440979, -25.768511231422423, -21.84075853061676, -19.461256476402284], [-30.805075697422026, -32.001807626247405, -29.915933837413785, -27.209083899497987, -26.7196721572876, -27.982084230422974, -33.943083580970765, -32.294901506900786, -30.23732770586014, -29.284495641708375, -34.71436917114258, -33.237061999797824, -34.834473102092744, -35.06110997676849, -35.79128797388076, -31.445414225101473, -32.9009784193039, -35.77840945720673, -32.392409282684326, -35.21445111513138, -34.07365601730347, -33.84372935009003, -35.310478861808775, -35.81477403688431, -35.6913290476799, -34.84520381784439, -33.876825879573815, -32.107414800167085], [-32.97397401762008, -39.11170203733444, -29.07807855939865, -28.61319342327118, -34.26371363782882, -30.57243197107315, -29.655869080543518, -28.68058954238892, -27.01875370788574, -27.855119092941283, -28.418555409908294, -30.044985200405122, -32.54996864128113, -27.98060936498642, -27.74105189609528, -29.791176101207732, -30.51584298992157, -31.841035451412196, -26.548924787998203, -31.89634293222427, -27.421005427360534, -29.53925840520859, -29.791129416942592, -30.707386125564575, -29.78074391746521, -29.255848101615907, -29.364730360031132, -31.457615055561067], [-34.72624999999999, -40.260062500000004, -38.732749999999996, -35.313125, -32.855375, -32.9936875, -39.0653125, -38.29575, -37.9295625, -35.587, -38.3716875, -40.6038125, -39.483937499999996, -36.4041875, -35.568125, -36.7995, -41.409687500000004, -39.7813125, -41.2325, -38.215, -38.787125, -39.370125, -38.6815, -41.064687500000005, -39.2464375, -42.755624999999995, -38.532875000000004, -39.503375000000005], [-36.93951992321014, -42.40551156902313, -42.507136291503905, -38.82121247386933, -43.29224229001999, -40.25341450309753, -42.79365843772888, -45.45547259283066, -45.8897471075058, -40.98202719545364, -45.48452696943283, -47.83171399307251, -46.28332397031784, -45.37694783496856, -47.28012874746323, -46.6680874452591, -45.37229984807968, -47.31813626909256, -46.41112912797927, -43.64827040100098, -45.12151515960693, -43.800159070014956, -46.40177708625794, -42.942740593433385, -44.80049541664124, -48.203924746990204, -46.48681155443191, -48.623531057834626], [-44.09106974029541, -46.87426267051697, -45.902638723373414, -46.4885319776535, -48.252406174659725, -48.87749615001679, -49.45493559122086, -48.74515014028549, -50.57632485628128, -50.86197383308411, -46.22741511201859, -48.39250576925277, -48.187970718860626, -49.107373477935795, -49.89055450391769, -48.29002950191497, -48.08951208019257, -48.5675759510994, -50.8121382484436, -48.426387429237366, -48.39831795215607, -44.679889068603515, -47.643700498104096, -47.947979104995724, -52.01860555553436, -48.22977414178848, -49.354209320068364, -49.42484969711304], [-36.0632669467926, -38.94697178936005, -35.98315980911255, -35.743849867820735, -35.72548268890382, -35.806137156486514, -34.21938436412812, -35.32217617797851, -36.98509642314911, -38.409842725753784, -36.490653265953064, -37.302513151168824, -39.081029668807986, -37.90251313400269, -35.83451803207397, -36.41031259250641, -38.09764207267761, -34.760621734619136, -36.93080972957611, -36.97126610565185, -36.39274146938324, -39.61330962657928, -35.39274550437927, -35.80131949996949, -36.84854930496216, -35.706032941818236, -37.352660816192625, -36.321557979583744], [-41.35131592273712, -40.08264083576202, -38.48138804531097, -39.39855754852296, -39.60479898738861, -41.40304790592194, -40.16036065864563, -40.214508168220526, -41.21524367809295, -44.78331263256074, -45.389374280929566, -44.68738811492919, 