{"status": 1, "spectogram": [[-29.954336922587178, -51.706913409402176, -46.07942815160749, -43.266035502731796, -42.50434186669636, -43.1166680244682, -47.481111187642945, -50.808565198653795, -49.42490379972483, -49.179703557138545, -46.0691069893241, -45.87414738510935, -45.86113246426046, -46.87588704451737, -49.54046126846757, -48.95310257489579, -47.19440381551156, -46.52864275717735, -47.97584411392771, -45.88136728543407, -45.60445746025252, -51.18090267001247, -47.30756081343176, -50.11079165354314, -49.99617853695154, -48.01784571137239, -51.714318574783704, -29.669231784207348], [-5.833301458245026, -2.3286227401422, -1.790199182858268, -1.6418216307163238, -1.7232501934937077, -1.6000461198213172, -2.2602707119231367, -2.2093268243050144, -2.005459402240062, -1.895377728248134, -1.7129287128448487, -1.6529644794804526, -1.6076940768203023, -1.504168647907214, -1.3346583842987985, -1.3777502562999773, -1.2506940005944507, -1.2437501885890963, -1.3036378923679048, -1.7579330731947067, -2.3615558260752243, -2.6060715862683104, -2.5807299136191633, -2.744428699561497, -2.6515716767311095, -2.4270816741962626, -2.264265563565881, -4.548375928255908], [-23.730937842875097, -40.315029611368566, -42.136862263711166, -40.41946436977387, -47.73193350061074, -42.211906370240925, -41.27642350014833, -41.09424805334644, -47.400530173321314, -45.9825049272751, -44.79989250659942, -47.28973016649188, -49.50033612967449, -46.4528375787155, -43.16882948313051, -44.77101593107122, -44.63290978439526, -41.79664217758178, -41.5727378596486, -40.147211477007616, -46.36752905836047, -45.44379607796192, -44.90914329145362, -41.86854957343364, -44.25856892776489, -45.95254269802292, -46.35163813020872, -27.141319620326435], [-20.279250150293112, -34.524142962932586, -30.43510698616505, -29.10975, -32.79732110452652, -33.05446490955353, -31.30989258718491, -31.199393024921417, -31.62289288234711, -30.226035941600802, -29.334249999999997, -28.41049823760986, -28.776642467498778, -32.12171204757691, -30.95499774169922, -32.52100069999695, -31.204858255386352, -29.975250000000003, -31.40578963470459, -29.165925880432123, -27.270570724487303, -30.323323930740358, -32.38132237434387, -33.71403461074829, -33.709500000000006, -29.72635943603516, -30.084609422683716, -24.451363521575928], [-7.436229824284498, -5.272867169954332, -6.190148361203664, -7.287322058677673, -6.523184142093258, -5.8118268382013705, -5.930867287596844, -6.372494601064757, -7.949398043885413, -10.061429508617886, -10.751251366615296, -9.077343570904047, -7.450969683627612, -6.8499087811295185, -6.63238813851797, -6.837923565339039, -7.911991072557647, -8.19921502494812, -8.57426059528263, -11.360696302744072, -14.208486076140856, -12.505188897911102, -9.592892263003224, -8.298097827814416, -8.665321557044983, -9.229306852807872, -10.701728084777823, -11.84901037130605], [-31.12756450795948, -37.5059607691619, -33.91554120695341, -30.522536397933962, -33.641206134425836, -38.3823979125507, -30.588082176715062, -33.22678210049015, -33.84586677220355, -32.78568947304539, -38.116214710235596, -38.58113522833586, -34.51107183701734, -32.106361191185414, -31.570753585659837, -30.89698496363232, -33.13451280399087, -36.15978673553467, -32.71439407659983, -35.80733338935807, -41.01196295617096, -39.56905878167892, -34.55631554950043, -34.21827440051548, -36.8546439666748, -34.431166937188095, -37.47128521604025, -36.56444769893746], [-21.145189641383165, -20.346394595022154, -15.66687882040178, -14.381125173568726, -14.744099076572503, -14.90259676547901, -18.46099643771455, -18.677410960149647, -16.326963309229654, -13.018695629801378, -11.010947344779968, -12.662575073553349, -14.882026410745272, -15.959322028354137, -16.95397428026225, -16.857058205468945, -15.379231345310595, -15.647726027488709, -15.46222116348982, -11.33381485214301, -9.966089863524466, -13.780765923379988, -17.52782861524738, -21.5950904027357, -20.906019221305847, -17.92810553938945, -17.95110418679623, -16.78086074551524], [-14.060970206716267, -14.559710142279119, -16.382994088353215, -17.273265941619876, -16.095393030633684, -15.307937783669201, -15.427032212043004, -16.06824081762433, -19.290254457375546, -23.33182409333206, -25.229913562774655, -22.89562755407438, -19.499613385238266, -19.466407480785303, -19.167573240319207, -20.1860291344195, -22.038396107189882, -22.949088249206547, -23.240250767768245, -28.608463529350264, -32.15669383878494, -30.013785933554317, -24.457129247897218, -22.337808819052647, -22.882727210998535, -23.764889673040074, -25.89393618805049, -27.919315428643923], [-24.565681025938666, -31.30058677563119, -27.341035577788865, -30.92163687133789, -31.333156257823582, -30.076200180346387, -26.48034902082162, -27.194725034909514, -35.48631555132864, -32.9359428541219, -32.08871109008789, -32.45743289398766, -29.841645645375408, -29.92843518891635, -28.567430736773797, -30.30778523986183, -28.584515485124673, -30.48327944564819, -34.27692466434108, -37.065031378995194, -35.94426555586834, -38.27048150120832, -33.60248736914368, -31.320122483581216, -33.91263214492798, -35.52426719969168, -36.48299238150171, -36.18304667725569], [-28.798072919930696, -31.967535949006294, -32.52291582210212, -32.984172613143926, -37.38588071678966, -38.69049239542112, -37.60637106596194, -38.39891206940427, -35.85485195568774, -39.73114433148454, -35.77363015747071, -37.67174769932004, -40.9727754587822, -38.04674079949913, -38.835162947677745, -37.526490281787666, -37.69147970855774, -42.395023607254025, -38.51253897350332, -36.880635540939515, -34.43958704920836, -39.95968853885216, -35.899964006166044, -40.14293280259238, -38.07345805931091, -36.00301839796041, -39.6169536395953, -39.80738124342723], [-34.75292858058214, -42.22989285075664, -43.795500180959706, -44.795, -48.01532090425491, -44.97617856693268, -45.685642642974855, -47.313106906414035, -50.16635623741149, -50.0525719833374, -53.551, -51.01282043170929, -52.25607151222229, -51.82257435226441, -46.428001216888426, -48.464036067008976, -47.80296484851837, -47.411500000000004, -51.47607572174073, -47.895963323593136, -49.75653630256653, -49.88642945098877, -52.56620742416382, -49.37771330261231, -53.529250000000005, -50.01842768096924, -49.63789239692688, -47.38424968147278], [-38.14183950480147, -45.88376369212115, -47.41456516170628, -46.149106584548946, -48.15912968498276, -48.41481375166954, -42.94846693926567, -44.003523052635366, -44.750525950471385, -47.48635432861382, -46.08231309318543, -45.63172358234218, -43.231489456216735, -43.59726429865384, -40.97533229866825, -41.69418974642964, -42.28641288245185, -44.77042636108399, -46.36168671098385, -50.1434075718362, -50.83660723643115, -52.43330256193836, -46.99690553183329, -46.010660198440945, -45.64518401145935, -48.61897052433787, -49.57315844648994, -50.07942854729281], [-45.271161118616845, -50.12804002531449, -48.00680660975479, -50.46024306678772, -49.512780469621795, -52.7718368239305, -51.261536383609865, -51.45959174085201, -52.689215769340294, -53.052475555088904, -51.996853355407715, -52.86363688687117, -56.33482202541602, -53.49259142225787, -55.12502469487383, -53.65368378403713, -53.072819635778934, -53.787851539611815, -53.90511397126137, -50.73220186646044, -47.94552804090563, -50.41808960716001, -55.69477776119093, -55.73950743997929, -54.78245930290222, -54.296904749810224, -52.96161430000839, -52.902266940601194], [-42.01134707501229, -39.589292008093494, -32.01710537438967, -32.48675470352173, -32.91160026724505, -32.52847073895625, -35.21492308234229, -37.02619641851947, -36.11567862362807, -36.86131100665376, -37.50710503768921, -37.02061927750516, -35.24017610865253, -36.64089575222603, -39.0611444335831, -38.43734721380337, -40.149193115873885, -40.60889575576782, -39.37698923414666, -47.10030801637584, -46.016207887377476, -48.0097285050764, -45.75045489942035, -45.646000952586064, -47.05818087387085, -44.2319215287182, -44.00994225225632, -44.88743017971647], 