{"status": 1, "spectogram": [[-22.4433263783058, -29.307726803045494, -33.77484439361278, -33.19178570431471, -31.58750489049055, -23.9226531517457, -25.744440963181308, -30.714338115560167, -29.766651175678376, -37.258360889352694, -28.612160724133254, -30.269257940650586, -29.240287462373786, -29.67550326010464, -38.768778883505256, -31.976267725778484, -32.75268179382046, -29.542553570240734, -29.2529941128006, -30.714359179644557, -30.102501400712185, -28.639979718433985, -30.3280345408576, -29.449695238395602, -30.722714246332643, -29.40837279834186, -28.978431047962026, -28.293694239566523], [-0.7775332764064014, -1.6269364895188128, -0.6308036848476941, -0.47973214280605314, -1.4359287621975065, -3.301904930015038, -5.805882301471671, -4.493414406562213, -2.9357758474738582, -8.781304765548061, -4.0399645018577575, -7.20499320378835, -7.016549568969471, -4.038440856016381, -8.960659923747997, -3.976471304234226, -6.827538095406307, -7.520160553097725, -6.230125594735213, -4.9469616482184895, -5.873588475380702, -6.552114540598859, -7.488478930346828, -6.412033870485317, -8.219142445087433, -11.052311410371164, -13.628114906401095, -13.158699391525547], [-22.246210217824103, -32.75887926884817, -30.746522037060934, -30.250535983085634, -23.751030373378327, -21.854036005905513, -23.59075313011963, -28.40348727714843, -24.176404440432147, -35.40157079696616, -23.032911013126373, -24.22491583454353, -25.467555532514165, -27.70102679351878, -33.56684128781657, -33.67627979594794, -29.209798764997117, -30.88971533870697, -32.442266353548305, -31.799292117927408, -35.28127873835382, -36.56963749387465, -34.798872091255134, -33.961290691084315, -31.874055799007415, -29.370766301116884, -24.086055302541624, -23.849490167247204], [-24.105964106701315, -24.45537499296665, -26.01112527000904, -23.079250000000002, -22.685732283115385, -16.61392842960358, -17.53678565311432, -20.24069497537613, -24.627909722328184, -29.250304384708404, -22.64675, -21.89203623867035, -23.443714080810544, -28.069859371185302, -31.47092150878906, -19.489839632987977, -20.707056748390197, -19.9495, -16.802912657737732, -18.069464960098266, -19.153751316070554, -18.918786819458006, -21.341106603622436, -22.688927379608153, -21.054875, -20.864731272697448, -21.570035768508912, -23.062570556640626], [-22.48391201793667, -21.317581959821677, -25.543792981639207, -27.115269864559174, -20.252102501343607, -9.903719403043128, -10.602182820709336, -18.459954495663336, -21.68730805347433, -30.525919668645287, -20.712946628093718, -23.89749814335193, -24.79340851259187, -21.861278808418817, -31.078333522875095, -26.557992595156925, -27.589126960267595, -23.699911433696748, -22.037930444444438, -23.53715453811558, -25.118023006078957, -27.469359634263277, -25.08242179819083, -33.256341559604266, -32.13805370473862, -30.099517034754165, -21.299563249879625, -18.668827978241147], [-20.763852073169083, -22.283216680390595, -23.484698133588097, -20.673392908096314, -24.666890782356, -13.044432669118695, -13.537741829979268, -17.4407567022577, -25.08023596284849, -29.707144951704397, -22.77528674507141, -20.888695007129208, -21.51751185413412, -26.72925174223544, -27.11465322420586, -21.302739661663654, -24.183501264023114, -22.113551802635193, -16.039254820065086, -19.37522579625166, -21.80420969318792, -20.647082606355237, -22.083686722190528, -27.406494315360575, -24.72242727279663, -24.497135796448333, -21.82734100123858, -22.08870528966766], [-17.513524012575942, -18.037697433420508, -18.336961782270564, -17.21400319290161, -14.729400955296793, -8.612138900757834, -9.326752745155854, -11.700382742919807, -17.537168137998247, -25.465972001543214, -15.815983022212984, -15.55530577237324, -20.821828813794117, -19.40594292512409, -26.28101176938395, -23.250109532629555, -23.527147533943168, -17.95121526622772, -14.772253887439856, -18.874359383972397, -20.14469116123185, -20.002793113395423, -20.303921368073105, -19.45652692839941, -22.565073867797857, -19.877745790237277, -15.94781617738684, -18.233529951939772], [-17.620382941374224, -23.36005530040366, -23.507792341016412, -21.685018865585327, -30.242959827841002, -13.328004199645965, -13.270981286175264, -22.355484143976728, -23.559350086096153, -27.114423772277217, -19.682423820495604, -20.550585637315912, -22.374463997160348, -23.09723928852602, -28.42018258246503, -22.163522133787495, -24.953735980481202, -22.610784595489505, -19.03709076356178, -18.509901598696814, -23.610716950007188, -21.346250082447604, -22.334159585001483, -23.460801111841516, -25.572816951751705, -23.010948683465266, -17.26855686697853, -18.71057741305532], [-18.045816207205384, -23.801353924539647, -25.222298802759973, -27.035464641571046, -22.93753882746754, -18.292284041813346, -16.000234466065763, -24.585404724473506, -24.525676218110583, -27.079847363646593, -20.14841367816925, -24.901637517685757, -30.18360816036906, -29.36159111054915, -26.653601353393753, -25.591476703332287, -26.368734101078516, -24.268911644935606, -23.48397233721785, -25.80224883768474, -26.666976946986352, -29.151536908557496, -27.686346364818448, -34.15671476597984, -24.889929058074948, -29.87527556403682, -27.559811781241002, -31.002282805792483], [-31.73464001170097, -35.274573096078285, -33.02709035854731, -33.294492155075076, -34.345044896340674, -29.771388617213404, -25.956850443879446, -31.180487804459382, -32.77817085585205, -37.22944304732878, -33.34764017677307, -35.37032675671189, -37.469141640720096, -35.592793561228596, -41.20966022871421, -35.4972394571891, -35.846559711268824, -35.182813002586364, -38.88638748994825, -38.316843368454215, -40.49107448345021, -42.97641164342054, -40.30619258724971, -44.379462637019174, -41.507230042457586, -40.79318016877522, -38.93811534133915, -38.42674185344182], [-41.90501754457876, -42.18673209536075, -42.86380352008344, -39.812375, -43.94321500205994, -39.77503600263596, -39.099999916076655, -42.41074827480316, -44.050517863273626, -44.40723233270645, -42.863125, -40.913713890075684, -43.24926941967011, -47.68044761323929, -44.74782099533081, -42.77735821151734, -43.63564822769165, -45.17699999999999, -46.05292740249634, -42.78182122993469, -43.335837686538696, -44.68066032218933, -46.14476727771759, -44.42219991207123, -47.49975, -45.855622445106505, -49.16196494102478, -44.95419946861267], [-45.98895462913698, -51.480032331500745, -49.79783480440875, -48.84989189338684, -51.602864878332745, -41.466943320506736, -46.25636841020908, -50.36087216834942, -50.8294000790692, -50.47473467628206, -48.187937261581425, -45.74472078377739, -47.11655220646869, -49.06983971003949, -57.04138729195172, -50.417420595401644, -49.35531936306848, -48.60916147899628, -48.92577824658305, -50.96056939354963, -50.81446186556295, -48.70859928173419, -47.18768549946935, -54.86557806166664, -52.26615662670135, -49.69310534294636, -50.62424483034475, -51.712194604556046], [-50.90997965902238, -52.32235275111154, -49.25213552864535, -50.127609712600716, -51.53839774021807, -48.62733677124905, -49.05549691238693, -52.333809226084874, -51.40643666952464, -52.08178277738699, -53.59144805049897, -50.621632087484016, -50.58904971348344, -54.3229144767266, -49.60849695957077, -53.51114166867018, -54.584729456024775, -52.87603562545776, -50.74682656443733, -49.56676907730108, -53.13879790477482, -55.0844313903345, -53.314539083947565, -59.12448678682419, -57.68432246589661, -56.2560033221716, -54.07114732119378, -54.9025935909107], [-40.41136259005228, -42.64860338288672, -42.13600777124867, -39.776478910446166, -39.88282421588983, -40.2524497813659, -40.52345330785209, -39.39187069545639, -39.404538018146575, -37.70317868873033, -35.655393795013424, -38.6828192986175, -39.313399518109335, -40.943140723081875, -41.58810322796381, -41.1713722059293, -46.11387859136071, -44.81283128929139, -40.42043006623939, -44.555305175820976, -43.76433613749818, -46.5329968480471, -45.43345789134712, -45.73230877722734, -44.067122568130486, -46.685233754996794, 