{"status": 1, "spectogram": [[-15.56202702488005, -18.74782197484374, -18.639696963191035, -19.421080957129597, -20.148036357790232, -19.699402373090386, -20.135089915990825, -19.619697008669377, -19.326161265194415, -18.940384449139238, -19.002571968823673, -18.866107675075533, -19.069759497955438, -19.38363452707231, -19.7031970410645, -19.758232757359742, -20.512366749301552, -21.8157150593698, -22.674340127468106, -21.945340064823625, -20.31173277646303, -19.617911313563585, -20.61166140317917, -20.07958991730213, -19.779848820492624, -21.025964997798205, -20.219839923650024, -19.574554151088], [-7.482276638567448, -8.665097998321057, -8.679285516381265, -8.747910573124885, -8.896714165210724, -9.153490944206714, -9.114428433418274, -9.196205175340175, -9.298723002493382, -9.380151557981968, -9.268714072942734, -9.24145514291525, -9.130339096426964, -9.312651656091214, -9.389026648461819, -9.59459807497263, -9.640821308374406, -9.813999895572662, -9.865562396228315, -9.919571325182915, -10.046464148402213, -10.02979447180033, -9.886357003688813, -9.947490944325924, -9.991071316361426, -10.157705257356167, -10.376705263912678, -10.544687438905239], [-9.581123368740084, -9.32194576931, -9.578570878505708, -10.607598036527634, -11.239928504467011, -11.427026705980303, -11.233151621103287, -10.544829921007157, -10.103615465402601, -9.978168906450273, -10.164419003725053, -10.195936864614486, -10.393454875707627, -11.338089165687562, -11.386901623010635, -11.42213375353813, -11.806312460660934, -12.165937537431716, -12.33750003385544, -12.415080407381058, -12.138089144229887, -11.145124632835389, -11.338499813079833, -11.826803462028503, -12.146732132911682, -12.583750090122225, -12.689375081062318, -13.65958065533638], [-14.8375625, -13.6604375, -14.302687500000001, -16.972375, -17.99725, -17.945687500000002, -17.084250000000004, -14.891875, -13.825312499999999, -13.007249999999999, -13.8538125, -13.487375, -14.706687500000001, -17.684875, -17.470937499999998, -17.479625, -18.498125, -19.176000000000002, -19.353625, -19.27625, -17.768875, -15.9709375, -17.509625, -18.065937500000004, -18.851875, -19.892625000000002, -20.32575, -21.867562500000002], [-14.13835735988617, -18.948197761058807, -20.02657353401184, -29.371371921300888, -30.955783408880233, -40.291750324487694, -28.04062162041664, -21.83091369152069, -19.259894730567932, -17.25354561161995, -19.811546678304676, -18.92701058888435, -21.512449349880217, -27.308934067249297, -27.752934102535246, -27.294183782100678, -32.667444743871684, -33.94640960669518, -37.56772310924529, -31.574837406396863, -27.99376439499855, -24.41699504351616, -31.891747795343402, -31.685337104558947, -32.37124824118614, -34.79230266451835, -40.172116735458374, -28.5136850681305], [-10.52711452150345, -11.831054531097411, -11.351993756771089, -11.17657118844986, -11.178760647773744, -12.159984598636626, -12.057544974327087, -12.270111223220827, -12.365107935905456, -13.266051939964292, -13.072615873813628, -13.498132986545563, -13.256456602573394, -13.67716785240173, -15.226670119285583, -14.47654138660431, -14.324241004943847, -13.636241569519044, -14.3048036236763, -13.984455339431761, -15.218829093933103, -14.918458364009858, -14.96227463722229, -15.605240732192993, -15.830438511848449, -15.38299219608307, -15.922805575847626, -13.081446143627169], [-17.832087094545365, -15.818810791015625, -14.634371991395952, -12.177109828948975, -12.09106437754631, -12.500350241422653, -12.63460076069832, -14.317495987176896, -15.272024437904358, -16.637811513423916, -15.57324798417091, -15.98877490568161, -14.746041282653806, -12.97002904009819, -13.313341812610627, -13.760949166774752, -12.405706874608992, -11.776331235170364, -12.57039393043518, -12.457340257644654, -13.60102039527893, -13.743825771808625, -11.61057407951355, -11.967064650774002, -11.826885248422622, -11.579982779026032, -11.046607617378234, -11.374364981889727], [-8.719928918838502, -6.05882696723938, -5.792575519561767, -6.87783846282959, -8.3367471408844, -7.862595984458923, -7.510846638679504, -6.558796748161316, -5.988960331916809, -6.4924436922073365, -6.9551926679611205, -7.2500053691864, -7.712584105491638, -10.34098099899292, -10.418043210029602, -11.41884724330902, -11.967327540397644, -12.577495656967164, -13.019058373451234, -13.891156209945677, -11.51712340736389, -11.734956391334533, -12.096766948699951, -12.215221402168273, -13.289961011886598, -15.345932538032532, -14.962619993209838, -16.75050159931183], [-21.587156466960906, -22.88798716259003, -24.03479751253128, -29.088344308376314, -32.372082423210145, -32.64378823232651, -32.22391382265091, -28.85071352005005, -27.4903156542778, -27.423656437397007, -27.611467661857603, -28.07364630317688, -28.391653036594388, -32.88787002182006, -34.03886891555786, -33.42005766057968, -33.36677946567535, -32.12470886135101, -30.698209803581236, -31.962164144992826, -33.85002986049652, -30.7169908413887, -33.89486269426346, -33.839021786212925, -33.73762825441361, -32.71682528543472, -34.07507487726212, -30.89134420824051], [-34.79277926683426, -39.765431859970086, -38.716553360939024, -40.979188774108884, -41.20338148498535, -40.508105056285864, -39.440482576847074, -37.46755201625824, -39.1434854183197, -39.31219269990921, -38.9156278924942, -38.523386300563814, -39.89771328353882, -47.08780379533768, -42.11749228954315, -45.768699533939355, -45.47597312736511, -47.18130300569534, -46.47092560529709, -46.0759371805191, -41.3517948923111, -46.46511366224289, -49.096361422061925, -47.15979609680176, -47.6367929096222, -46.56283062458038, -48.16539483690262, -45.91707232236862], [-43.241812499999995, -45.356625, -44.8670625, -46.2825, -47.2895, -45.546375, -46.0998125, -43.498875, -41.9129375, -42.937, -43.04112500000001, -43.101625, -44.9915, -48.7891875, -48.0113125, -47.843562500000004, -47.47975, -47.754625000000004, -47.42518750000001, -46.55825, -48.390249999999995, -49.479187499999995, -49.540875, -47.275875, -47.189499999999995, -46.5378125, -47.473625, -46.64775], [-47.07755911970138, -47.35957586193084, -49.64325711202622, -54.35744470787048, -57.698481896400445, -61.25589321517945, -57.19871226835251, -54.69106137800217, -53.22703833341598, -52.61017485094071, -55.003792632579795, -51.68027871179581, -52.91258736801148, -52.770737280368806, -56.569924057960506, -53.852023630619044, -55.95512998342514, -52.25507280635833, -54.71450892019272, -55.724168121814735, -58.956410225868225, -58.64048199892044, -55.29579763317109, -56.80692442417144, -55.57772220945359, -59.15140934753418, -55.96222459554672, -55.80230790138244], [-48.16244798278809, -56.178555778503416, -56.76461782693863, -59.959861492156975, -61.05225192070007, -64.14257154273987, -63.18463442087173, -61.265143641471866, -61.45807375526428, -60.05130515575409, -55.346804430007936, -54.26757229804993, -56.09382195854187, -55.12242830181121, -58.52105270385742, -58.000258121013644, -57.22160645580291, -56.62068885564804, -56.96750148963928, -57.354295214176176, -60.69186503267288, -58.001975159168246, -58.2574088125229, -56.68275878190994, -57.22429376363755, -59.245456652164464, -56.91295695829392, -56.72221508979797], [-42.60751585102081, -39.83945538234711, -42.3031450214386, -41.22115052127838, -45.59460748100281, -44.30930134773254, -45.812049560546875, -48.800626872062686, -49.30214638137817, -51.97091797733307, -49.67992096233368, -51.221622623443594, -53.95715851783752, -58.013183317184456, -52.55455516433715, -58.97984941387176, -56.77216760063172, -55.208976691246036, -54.11929170417786, -57.121076583862305, -55.44270087623596, -56.181840375900265, -51.66247456169129, -54.016020444869994, -53.99779942417145, -53.9369940328598, -53.04974303150178, -54.29541090774536], [-44.60685940933227, -45.088596715927125, -43.48572020339966, -44.71818791866303, -43.932935854911804, -41.71982007217407, -41.48919329833985, -42.85479643058777, -41.23862987804412, -38.842514503479, -40.25532071781158, -37.59014374065399, -43.61390748500824, 