{"status": 1, "spectogram": [[-26.873741150781512, -37.73517864182591, -36.96017882215977, -43.93340183784068, -37.48666080233454, -31.592696556717158, -33.421009089365604, -31.219732283025984, -36.274392955183984, -34.360785752326244, -43.200973268046965, -38.738455511227244, -35.3548483184129, -37.21102682693303, -41.1912143882513, -38.398151870116585, -44.654571550637485, -41.685919654175635, -40.52773226866126, -41.1579286955297, -37.732321437746286, -39.5125893304944, -38.454651837930086, -42.06308042274415, -41.1265714571774, -37.524830391451715, -39.18495535565913, -36.53108934339881], [-8.321563626348972, -15.166823641061782, -6.994947548031806, -7.210269032359124, -6.228679614543914, -8.573554871797562, -13.347305390119553, -13.554698129296304, -7.593259989559651, -6.001018780946731, -5.010831169188022, -5.674572298407555, -8.286510052978992, -7.801715323686601, -7.520902795493604, -6.92150098145008, -6.589634866774083, -7.1356438640356075, -8.292018959760666, -9.512277994096278, -9.558795874536036, -9.378233372449877, -7.289170632541181, -6.684393786191939, -8.820867205560207, -11.159581678450108, -10.183206610381603, -5.871143640160561], [-14.984711087226868, -16.087532928943634, -20.5134678413868, -20.902433176755906, -23.825451699495314, -19.64820169901848, -17.89026484012604, -19.580711332321165, -26.917239522695542, -27.078820694446563, -30.547070601940156, -34.00305340623856, -26.666962688922887, -31.1662125210762, -35.43908900547028, -34.375500083446504, -34.152918858289716, -29.153641123771667, -30.422890410900113, -24.103157989025117, -26.414123025894163, -26.098504873037335, -30.094446959972384, -33.18159804034234, -29.29957877230644, -24.88361233210564, -31.668552668571476, -29.312025791883467], [-30.8925, -25.605625, -20.715249999999997, -22.5936875, -22.596000000000004, -24.262, -24.333312499999998, -27.814812500000002, -23.935187499999998, -23.82075, -23.8824375, -24.3599375, -26.0201875, -26.898375, -22.320812500000002, -24.7175, -24.840874999999997, -23.980249999999998, -24.642624999999995, -24.9459375, -26.754875, -27.045125000000002, -21.31825, -22.727062500000002, -26.9265625, -22.470375, -30.610062499999998, -29.7530625], [-18.55080261850357, -19.048741110563274, -19.411742663145063, -18.825795478582382, -19.141019028186797, -19.831419145822526, -18.546794877290722, -17.679883363485335, -19.398606923580168, -13.941865222215652, -13.779988242864608, -15.288661098480226, -15.352625028133394, -20.95184828209877, -22.202472974061962, -15.813409699440003, -15.705803102016448, -16.57931237959862, -23.912687112569806, -17.904062189817427, -19.768605724811554, -20.450214376926425, -17.21783931064606, -15.535587088108063, -22.434151713132856, -19.446554021835322, -20.625552595138547, -9.282667138814924], [-15.875890666007995, -20.39056424474716, -13.100814849376679, -12.3015650305748, -16.014351967334747, -13.0497774310112, -18.48977643918991, -22.079381299495697, -21.018404569149013, -16.954714898109437, -19.643279407024384, -21.3006628408432, -13.748252380371094, -17.077807876586913, -15.834992305278776, -17.24132178974152, -20.703305339813234, -13.556045668125153, -14.414111285209653, -14.948447704315186, -14.066803725242616, -12.445904292583466, -16.91003045797348, -20.202395815849307, -14.657966099739076, -11.809133169651032, -15.393948171615602, -16.982995020389556], [-20.24713740992546, -16.12193164682388, -20.2852402780056, -21.2827339963913, -23.075089520931243, -17.56822357916832, -18.431102307081225, -22.684671704530714, -19.777697988033292, -30.638311138629913, -26.785055086135863, -19.029632620573047, -21.675072035312652, -24.59166140317917, -20.732289092540743, -24.842750483512873, -23.129002108573914, -27.84159966492653, -21.656851011037826, -20.1030167760849, -19.503078284025193, -22.783285210132597, -22.076974983930587, -22.01669659900665, -23.413643778800964, -16.458434887170792, -20.784993609905243, -23.621570185661312], [-19.44165235996246, -19.32388290309906, -15.273320295333864, -14.741263905525209, -16.043446952819824, -20.30946560668945, -17.175524258613585, -16.386916920661925, -20.427998695373535, -19.694126746177673, -17.301066467285153, -22.683562968254094, -20.992443382263183, -15.642644033432006, -20.457263307571413, -21.605792620658875, -21.89236054325104, -28.731362849235534, -18.887369532585144, -18.283551620483397, -17.55869513320923, -21.718489422798157, -24.138178495407104, -20.462141399383547, -15.796626176834106, -17.674083918571473, -25.26263874435425, -24.163990474700928], [-25.17888563871384, -29.04260762691498, -24.76454591035843, -25.921609025001526, -25.029891399383544, -31.58142040014267, -25.79054152536392, -28.193918956279752, -26.102741004467013, -27.093689982891085, -29.494438301563264, -32.848143420219415, -25.647036578178405, -28.319657026290894, -27.375724156856535, -28.61006167459488, -30.166256424427033, -36.87755841207504, -27.629560538768768, -26.68751866722107, -27.83732125473022, -28.420819714546205, -28.96894432926178, -28.5499989862442, -26.127008251667025, -30.325642142295838, -30.114391379356384, -28.730588289260865], [-29.318976483821867, -32.935521959781646, -30.03563976716995, -32.7469795217514, -28.99737925386429, -31.020185678482058, -31.352134140491486, -30.445647483348846, -34.17857267713547, -32.426343793392185, -32.53872755384445, -31.49593194818497, -34.85092281103134, -32.306189126491546, -32.61511499214172, -30.20145514440536, -31.734386609554292, -29.63674359750748, -35.338927989006045, -32.52616364479065, -32.1935357837677, -29.347604438781737, -31.531239644050597, -31.568627388954162, -30.107914520263677, -32.47981114244461, -35.021180943965916, -32.975838910102844], [-38.09025, -33.796375, -34.2841875, -35.4984375, -38.6559375, -38.775375, -37.730625, -35.923625, -37.693749999999994, -37.0851875, -36.914125, -36.2278125, -39.299, -38.640249999999995, -41.740375, -37.7924375, -39.327625, -36.09875, -44.9555, -37.345625, -38.2955625, -36.312, -38.3669375, -36.1589375, -40.4955625, -42.5401875, -40.8234375, -40.263125], [-38.444638236999516, -33.762086804389945, -32.42090373468399, -34.67978727722168, -31.558767605781554, -34.333061428546905, -36.52856906175614, -35.02970304727555, -36.35440860652923, -35.3733687005043, -35.61605410480499, -35.065125620841975, -38.24705753469467, -37.261273919582365, -36.61659044933319, -39.46300976371765, -34.67467717647553, -39.28394836091995, -34.46714577579498, -38.27169007349014, -36.62105363893509, -38.83994636440277, -38.38294912242889, -39.95050944900513, -36.752501724720005, -36.12257279205322, -39.2011266875267, -40.52605415344238], [-30.36929245710373, -23.097778596401213, -30.726902888774873, -28.221739794254304, -26.75376719760895, -27.6738825135231, -28.164006628513334, -29.4301753988266, -25.843654212474824, -27.197403629779814, -29.438401049137113, -27.57673254108429, -26.970662254333497, -28.427151747226713, -27.391527263164523, -25.649251110076904, -28.34468938207626, -31.265439598560334, -29.808190704822543, -28.95619914245605, -27.951341917991638, -28.81148473072052, -32.596045773029324, -31.240159021377565, -26.967357853889467, -26.801071913719177, -27.744012203693387, -29.896833014965058], [-39.879377500534055, -44.63469623565674, -39.22913959789276, -41.187750169754025, -43.493972733497614, -44.57520362758636, -41.74514623069763, -44.88789308547974, -42.8126152048111, -44.555667939186094, -47.503485280990596, -44.82356443691254, -43.255572921752936, -42.023673842430114, -41.669918816566465, -42.18076172351836, -45.64549436473847, -42.273311261177064, -41.93825026130676, -43.4966172914505, -43.41820661640167, -44.91592495918274, -43.01943112564088, -43.593615471839904, -42.66317259883881, -42.69388720607758, -45.24988052654267, -42.50440430164337], [-39.876969072341915, -36.4270838508606, -39.47389562129974, -37.802531258583066, -42.29859366989135, -43.09102274894715, -40.533462710380554, -46.158717779159545, -43.10950514030456, -43.471834679603575, -40.24565312957763, -37.912784077644346, 