{"status": 1, "spectogram": [[-11.562584697915813, -10.691977500892419, -12.491644471995983, -13.824366609290243, -14.70514082243309, -15.030028598299435, -14.874699461786719, -14.459682888090917, -14.594394730020237, -14.979522162556957, -14.903946903795003, -14.697138209434796, -14.782179002766096, -14.747545185172147, -14.723427818352182, -14.359060166536834, -14.160817809091817, -14.305821883648633, -14.328140771198639, -14.329941762994757, -14.618536364087044, -14.533314338236448, -14.280432761350156, -14.272820559951404, -14.04093793235719, -14.06968417578268, -14.651150775509835, -11.926557347559076], [-12.947039593081161, -9.5920881186006, -8.823909461392436, -9.217098232328892, -9.6187014612957, -9.59848968962747, -9.729473109866891, -10.130226839374531, -10.581841660898535, -10.736625903252438, -10.496374682307243, -10.514197345481847, -10.773767416306907, -11.201563188803457, -11.17389481231877, -11.05074206716186, -11.04352530278967, -10.866990676224232, -10.926544367168606, -11.511755691631738, -12.051101737774127, -12.055452363594437, -11.654133324580544, -11.634091296254374, -11.771187041699886, -12.234001223448592, -13.658143203653875, -14.861681304990084], [-21.295926074469392, -17.366883896253526, -15.414060748024866, -15.213420325517657, -14.087298781073875, -13.283086651607453, -13.452748654676936, -13.190433384194723, -12.170493633357697, -11.86180849304494, -11.821945058345795, -11.619522779644768, -11.484970293356454, -11.663324633102214, -11.771298012612066, -11.753374594002253, -11.412067356868837, -11.095855137348176, -10.81376034002869, -11.115379737756898, -11.420143570340244, -11.26022665998872, -10.944569887633325, -11.087234417010297, -11.27617610549927, -11.611505547834952, -13.131352211071762, -14.852382664647033], [-9.431267949447037, -16.415857168197633, -17.207276685833932, -18.514000000000003, -21.599214141845703, -22.313428392410277, -21.71849110341072, -20.91877708077431, -16.932561768531798, -15.508651964664459, -16.0523125, -15.030643016815185, -14.723258694648742, -14.348723934650423, -14.630956300258637, -14.993963916778563, -13.499090520858765, -12.851312499999999, -12.022650780677795, -10.551803983688355, -9.786464057922363, -9.975115858078002, -10.508366221427918, -10.973615723609925, -11.566125, -12.640054468154908, -12.375517961502077, -14.099777753829956], [-4.602498966768729, -5.984519377946921, -12.950436784179827, -14.404271367073058, -23.180987478591774, -28.194215127613383, -20.24130091679839, -20.598826869381117, -9.95144673373149, -7.027180348440214, -7.810031526565551, -7.057868405079379, -6.472611372300646, -5.866700616875169, -5.9723066645104215, -6.334393316998881, -4.83672420701199, -4.487049481391907, -3.7200792009687937, -1.9677732407410584, -1.048361129123521, -1.3489247854827626, -1.932020476253536, -2.5618946122929627, -3.1971666357517243, -4.0767016887372085, -3.4809611316454063, -4.016776701956565], [-18.548889104782695, -22.588624467862015, -19.167376646075663, -22.374504239082334, -24.819193372142372, -19.71473761442204, -19.24599169599272, -22.226860577024407, -18.382252588943338, -16.482925029326257, -17.744141972064973, -16.118175078099885, -14.387984922672006, -12.626730011958495, -12.336175132400319, -13.348153393774796, -11.265258758865116, -10.116064765930178, -9.056708170648031, -6.9048963355040325, -5.282369471521334, -5.657133563197655, -6.340086271451226, -6.630297290500552, -6.283602299690247, -7.2993055139361465, -4.587234654406523, -4.60856758387269], [-19.566808919800586, -20.46189675556898, -16.943889630251856, -16.082423368453977, -15.932778963862226, -17.11879681008193, -16.635223860030298, -18.01945875617395, -24.634310517116376, -30.04001167549525, -32.809506056547164, -29.85368888221543, -28.83803324635084, -29.485595152858586, -28.856435369490498, -28.803793860774945, -29.040120905704594, -27.878912085533138, -27.58435297292833, -22.99788751247724, -20.56081505948885, -21.31638891897193, -24.191878312927393, -26.17312168893266, -26.437481693506236, -28.00485904739122, -25.96560949933479, -29.57650744430813], [-22.79635475920989, -23.040842281058872, -28.766399136180826, -26.998710856437683, -18.250362891838826, -15.137865969482446, -14.640799889569355, -14.807506363503116, -14.657166064516947, -15.191625221641791, -14.695424240112306, -14.970181849654807, -15.499322006108315, -17.4563493384439, -16.54706472829838, -14.539462297985157, -17.480066702161828, -17.811076546669007, -18.140368098704247, -21.524169738385183, -25.453684767310218, -26.829199814659138, -24.152428978825192, -25.565034397476715, -21.0497314453125, -22.848964810666335, -25.708034899229432, -25.78211885181876], [-22.242841605464015, -19.89148341690754, -17.591645074447882, -19.166107136726378, -25.260112919398832, -28.69697504201752, -27.581359436020477, -27.366586067962913, -21.687149908639356, -18.320183250330036, -18.43423847770691, -17.723118139792618, -16.749536002723502, -16.42191339210683, -16.34630621328256, -15.502086129149378, -15.73350121617932, -15.967476246356965, -15.446477684282778, -17.663000882723452, -21.89623934542293, -22.236354787660808, -21.161631977801807, -21.426391263251155, -18.003152189731598, -16.5386674398799, -19.460415339918544, -17.554889583179058], [-30.89761761204315, -35.74820670042923, -39.03887154011592, -38.67027857685088, -38.522421724766176, -35.21963305364325, -33.62329372371943, -33.73483453307242, -32.894551057039116, -33.41324712395229, -32.7308383359909, -33.0272108778077, -32.857428176169684, -33.24367808663623, -32.78511418759519, -32.093076340333496, -33.31461040842782, -32.910772397995, -33.209869119765095, -37.15916428236433, -40.791677511455745, -40.499898537750795, -38.75782801500721, -41.02210644838711, -37.743657255649566, -39.087925204992736, -40.39522765224082, -45.332796234957165], [-42.481518251881, -41.120901811718944, -42.013856947898866, -43.6023125, -42.422437614917754, -41.30740136218071, -40.23744660329819, -42.07133039164543, -41.60760705947876, -41.60553579902649, -41.971875, -41.713500061035155, -41.552401722908016, -41.10408084535599, -40.47358927631379, -41.0960628118515, -41.5580893535614, -39.6605625, -38.32809794902802, -40.93790072154999, -42.24466973304749, -42.9758477268219, -42.346178287506106, -43.68200742816926, -40.32475, -40.61991144752503, -40.4681250667572, -40.6936608467102], [-42.83020555163648, -47.32720536238562, -45.24228620765596, -43.21526818656921, -43.28559190287036, -42.95516579821694, -41.65112764390641, -42.049569751880306, -40.23511695835643, -38.90260085866896, -38.31008740854263, -38.11070244820266, -37.90937212675435, -39.13008675836392, -39.467026715495784, -38.59674690648437, -40.53207866656255, -40.51901071405411, -39.8583147497057, -42.16053899366209, -42.32743544872457, -45.97433142732988, -45.18737154642393, -45.34355367337456, -43.54269017028808, -42.06890400158905, -44.63048386695612, -42.955839158399485], [-42.057271622532305, -42.12165518073407, -42.82507090620613, -40.60687638473511, -37.35274646833008, -37.41075286578636, -36.552430171966634, -36.290090440141924, -36.95968011131144, -36.62805312526483, -36.84748717117309, -37.45248768175871, -37.43362449266466, -37.84227022429962, -38.59020441244167, -38.48329255954582, -40.6913651609824, -40.53724304056168, -38.678096853703074, -39.71287388240075, -40.037955016447896, -42.78265681165625, -39.03339416809466, -41.57085321222096, -39.835731773376466, -38.3303126188981, -37.24345735134345, -37.40246622834887], [-48.025538348306966, -47.78529939366109, -47.95731766370109, -47.321501026153555, -46.502442425611164, -45.117393298966476, -46.63982612703273, -47.91848945791376, -47.30578488918181, -46.048627769178395, -47.03000762081146, -48.36853265810985, -48.027975954795416, -47.02902156375335, -46.39793772121273, -46.086605163885814, -47.511533347848584, -46.727063828468324, -44.66550513473975, -44.368626408245824, -45.84342279910875, -48.78906188079306, -47.317493477646465, -48.869920107197565, -48.55697523593903, -50.57768133540837, 