{"status": 1, "spectogram": [[-9.352080572113394, -10.04578591364622, -9.466848413810133, -9.669723436668516, -10.276562745854259, -10.455402039065957, -10.44752704282105, -10.681625257462263, -10.53257168522477, -10.81798240533471, -11.151357415139675, -10.884321694254876, -10.858964544534683, -11.499696698069572, -11.842634195491671, -12.130991340830922, -12.457544927701353, -12.336152065858245, -12.151277062430978, -11.826071695685386, -11.726053834915161, -11.977553844958543, -12.683616354271768, -14.23388425065577, -14.972750345259904, -15.032286047518252, -14.71016102066636, -13.888893134742975], [-9.714670204937459, -12.425599241912366, -11.942286732673644, -9.939724044024944, -8.562929239273071, -8.081161331176759, -7.849786326766015, -7.882241671741008, -7.885777399003506, -7.753366654455662, -7.52205410182476, -7.7871434270143505, -8.049375583052635, -8.119482706785202, -8.457732694864273, -8.733393412828445, -8.287054054617881, -8.353714775800706, -8.603152306854724, -8.87917912709713, -9.034063085019588, -8.759268381476401, -8.831893361449241, -8.607741446077824, -8.369339578866958, -8.71144674730301, -9.356321840763092, -9.787491573989392], [-16.021464293003085, -17.602507636785507, -17.757820549011228, -21.894224814176564, -26.292807339668276, -28.026611728191376, -26.015236296653747, -26.72465615296364, -26.2179416372776, -25.452459439039234, -24.792146927833556, -25.453405983209613, -26.018557903289796, -25.432218494415284, -25.943280977487568, -26.86791502904892, -23.86473583221436, -23.874548314332962, -25.761111227989197, -26.878388185739514, -25.94021824026108, -25.765244983911515, -24.916869768857957, -21.69820817399025, -19.822805898666385, -20.51743995308876, -24.120253275871274, -26.997271708488466], [-11.062249999999999, -8.1819375, -7.6355, -6.017250000000001, -5.7194375, -5.563125, -4.9405625, -5.39775, -5.916125, -5.555, -4.8462499999999995, -3.7580625, -3.2081875, -4.4858125, -5.508687500000001, -6.22025, -6.768625, -6.1583125, -6.28125, -5.618375, -5.3931875, -7.748249999999999, -10.2800625, -15.24825, -17.1790625, -16.3094375, -14.35775, -12.753375], [-14.76940272307396, -15.308045450448992, -13.37835661315918, -8.765798975944518, -5.690317333698273, -6.060594655275345, -5.648845007658004, -6.680202118635178, -6.506666578531265, -6.679014850139618, -7.168140307426453, -7.017684747457504, -7.299586323738098, -8.207381339311599, -8.883131391763689, -9.549542013406754, -9.663560537576675, -9.885783705234529, -10.38415848302841, -10.592675938606261, -10.690327571630478, -11.235560228586197, -11.14162333059311, -12.12680268764496, -13.805481917381286, -13.755454848051073, -13.362516590595245, -13.653774594545363], [-19.023231806755067, -19.84704982805252, -17.364362214088437, -20.618524293899533, -25.09052982378006, -27.58024881076813, -27.61624566268921, -29.22563623332977, -28.30093146085739, -29.361795513153076, -27.90654420852661, -29.707221672058104, -30.437409342288973, -28.793856337070462, -29.702918782234192, -30.388901104927058, -25.31805516767502, -25.99317087841034, -28.40317006969452, -30.5073839006424, -30.99349988317489, -29.73838474750519, -27.184010649681092, -22.866727443695066, -20.846032793045044, -22.13847843360901, -24.92947675228119, -29.965447823047636], [-25.42176155042648, -24.264819153070448, -22.213504808425903, -16.677280510902406, -16.99859762501716, -18.580259790658953, -19.257385308504105, -20.6050190076828, -20.30967095923424, -20.94730573987961, -23.7812444922924, -24.230172446966172, -22.815974825143815, -23.799717420578002, -24.02702962088585, -23.798565626382825, -26.496461167573926, -26.153513927698135, -26.51838832688331, -25.684565304517747, -24.53068944334984, -26.714557304859163, -26.757121935606, -34.61385194349288, -39.95927316594124, -39.815515061855315, -30.633821481466285, -25.244656039953234], [-20.3069723777771, -20.266242860794065, -18.25293134021759, -22.56961320400238, -23.187203664779666, -20.484258924484255, -19.159322224617004, -20.787759368896488, -20.519198987007144, -19.315779077529907, -19.0365307636261, -23.1747251701355, -21.69248409175873, -19.346369394302368, -20.68105634403229, -20.46446729183197, -18.941239333152772, -19.903693759918212, -22.251878979682925, -23.533377968788148, -22.670627764701845, -23.517254151344297, -20.992008704185487, -18.62470126914978, -21.93150986480713, -20.89684787750244, -18.52802930164337, -19.11920208263397], [-23.45716237258911, -32.82054458189011, -33.38741877126694, -39.859242122173306, -38.41285080957413, -32.562108542442324, -31.51391999578476, -32.7456261920929, -34.47767060613632, -33.70084825754165, -36.61453419399261, -37.113071449279786, -36.29972362375259, -36.658909711837765, -36.49715990161896, -37.42914218425751, -41.020202605724336, -40.38232781076431, -39.98214167881012, -38.12036611509323, -39.125080434322356, -42.104132385730736, -44.432568031311035, -45.36773146057129, -41.717628800392156, -41.833367775440216, -45.01354979801178, -42.710480814933774], [-36.3597908129692, -45.56712528514861, -45.2273789243698, -41.91023051452637, -42.71135702848434, -41.391733850955966, -40.22223405981063, -42.9356910238266, -41.256876542568214, -42.91167765188217, -47.111176879405974, -45.89931029891968, -44.899739789962766, -45.284816163539894, -44.77031706476212, -46.28211020946503, -49.6605904917717, -49.29292196941376, -48.40555087184906, -48.09105657100678, -49.99525337886811, -51.429454331874844, -53.231257823944084, -55.95904821920394, -52.099386763572696, -53.90161598205567, -54.980617086410525, -49.10708943653106], [-43.1476875, -48.1564375, -45.588750000000005, -46.4850625, -55.00625, -55.72125, -49.681124999999994, -48.813375, -48.790375, -49.0150625, -56.264875, -52.186749999999996, -50.105374999999995, -49.44949999999999, -51.6216875, -52.3594375, -54.08862500000001, -54.723875, -55.933125, -59.4041875, -57.060125, -61.917437500000005, -56.396187499999996, -51.612375, -52.371249999999996, -52.455312500000005, -52.685874999999996, -49.562562500000006], [-48.144512930870064, -53.15864574670792, -56.124527166843414, -51.412916940212256, -51.02806632947922, -54.2760294213295, -54.01183889865875, -50.1514145116806, -54.06783148050308, -55.174268286705015, -56.48557653379441, -57.14432595014573, -52.97326003026963, -53.28147962188721, -56.405915275096895, -61.64231992816925, -57.082214605331416, -55.406577686786655, -56.189201854228976, -59.64131399202346, -56.16011297273635, -55.16228139209747, -56.91909591054917, -53.039390929698946, -53.41492052841186, -53.49664113855362, -53.910075324058525, -59.30027287578583], [-50.17644625854493, -54.8692777132988, -53.78471743297577, -53.169367784976956, -57.52575000381469, -53.46448214912414, -59.19135633468628, -53.031760254383094, -57.14772333002091, -58.79579639196397, -62.481669718265536, -61.422123932838446, -58.68460668182374, -62.884949634552, -59.31701156759262, -64.41388639688492, -65.84380413627623, -64.09656559991836, -59.91725375366211, -59.644279064655294, -62.50469707202911, -61.9319081940651, -65.3016568017006, -65.1873656554222, -64.33822470235825, -63.876402641773225, -64.9108385372162, -66.94747340250015], [-43.117005177497866, -43.66452088451385, -43.45496080780029, -39.87419164085388, -46.32087272834778, -45.03010535240173, -43.79135529136657, -43.12501472473144, -48.84722798538208, -48.15141751766205, -46.625977844238285, -45.814667559623715, -53.702130122184755, -51.498692502975466, -54.02863886547088, -50.9535400276184, -46.27997746181487, -46.17877244377136, -43.68945303249359, -43.27864957714081, -46.83447027683258, -45.004632420539856, -47.43175948047638, -57.04073946094513, -57.76968171596527, -53.57214747524261, -52.117212739944456, -57.74563895797729], [-49.299927152633664, -48.44687645339965, -48.30962602233886, -49.987819656372075, -54.70596340751648, -56.95567393493653, -57.045236084938054, -54.5826473455429, -54.84574072742463, -55.35071084022522, -53.92995825576782, -57.048194055557246, -58.300622097015385, -58.543440301895146, 