{"status": 1, "spectogram": [[-25.89478601539135, -30.241926425700893, -32.143704351745086, -32.752696782171725, -33.37909465686095, -33.733622771745445, -33.509231131662844, -33.27245031196333, -32.99852817941503, -33.29738025524118, -33.96879474593699, -35.08110398443227, -34.85374771445685, -35.43813585349008, -36.40509960287322, -37.0411713194543, -37.57639828894153, -37.33514305338264, -36.609903079083345, -36.872913744061016, -37.75599419962601, -36.843333595958, -35.46990832974626, -35.07394562897788, -35.59116989566385, -36.098606050136425, -36.453858674015336, -37.73964315760136], [-18.729785688877104, -31.884989895655185, -35.23029489881649, -36.6885991178155, -36.34786983925835, -34.932104510790225, -33.569368818244214, -32.002585062880925, -32.417100591246, -33.73023847022837, -31.394938340246675, -31.00064113153003, -32.16554160514653, -31.85890227660954, -31.133296740561093, -31.538969248390973, -31.760900038699845, -30.06558125692606, -30.7441254021099, -31.768234209810082, -30.71958470894845, -31.257413897845176, -32.454568797495774, -32.2310702547989, -31.576456283986573, -32.299478659942295, -32.943480285861995, -31.084643804073334], [-33.555858798980715, -40.608680602641826, -41.210605128381914, -43.1457401046753, -41.91855939920588, -38.505071520221534, -36.06264787572759, -33.71051003941706, -33.10832261673286, -33.716485954362525, -31.32508610129356, -29.741958798447286, -30.471343316900438, -31.351249482111083, -31.088239329810136, -29.743989655348653, -28.12283564720845, -27.375326107025145, -27.903873965487044, -29.068799448393047, -29.393875014256462, -30.344896445960348, -31.959649282649682, -33.141813610471104, -32.78685394740104, -31.609423788177708, -31.322445179140946, -29.749505029678346], [-14.95, -28.001732407689097, -29.974589322447777, -29.885437500000002, -28.739598373174672, -26.802812769412995, -25.258643112182618, -24.25327664399147, -23.747294721126558, -24.26024111056328, -23.044625, -22.478276577472688, -23.143606981277465, -23.3325981092453, -22.991526888847353, -22.248642642974854, -21.05957169342041, -20.6179375, -21.02243710517883, -21.66931309223175, -21.863375043869016, -22.14014276123047, -22.589669167518615, -23.126464622497558, -22.890187500000003, -22.05072303581238, -22.15525824069977, -21.449], [-15.811639688491821, -18.78037327846824, -16.202050413680432, -13.252074282884598, -10.017086089124412, -7.433234336415157, -6.09811606384758, -4.849173936298957, -4.574684473679946, -5.2851433180205465, -4.501728191375732, -4.175743767475742, -4.761451469455502, -5.258403110518764, -5.594914439580862, -5.580986158750591, -5.153643489005551, -5.555943514823913, -6.197913774261826, -6.8151976227611994, -7.143137040556648, -7.4204721378161596, -7.704008704205189, -8.461755427053657, -8.59502267098427, -7.910794554661857, -8.262367766526928, -7.075139995574952], [-10.364638576507568, -14.343450320596554, -12.334295569599814, -9.624111475467682, -8.11298615146163, -7.143164459169984, -6.364953438111558, -6.312826530023585, -6.548808992599948, -6.7533369988081375, -6.494303043365479, -6.624710691569122, -6.42787368464965, -6.192174238662258, -6.187040413700671, -6.281750184604207, -6.361431779510917, -6.7860101485252375, -7.578491037680476, -7.67440906287168, -7.927655118796269, -8.022682721498196, -7.8516760370494, -7.830884695967747, -8.044919111728667, -8.311826112319016, -8.581087801768364, -8.479714698791504], [-16.392135398864745, -15.038180253042098, -10.761439912691102, -7.977571192979813, -6.364263784330487, -5.560872036111317, -5.621978088008889, -6.2128939806297625, -7.7596802947764445, -9.556491350066903, -10.739990843057633, -12.42675533722414, -13.027356046136696, -13.21204824252026, -14.296071953155419, -15.998815827121721, -17.23168461334456, -18.87751952409744, -23.090004913865545, -22.557988400371347, -23.232708461450066, -23.04536685470209, -22.349219877224254, -22.65003442260663, -24.522035390377045, -26.705881331147506, -26.814383354962196, -23.495073118209838], [-20.624070823669435, -31.36740162741395, -28.353030737829357, -24.482523818016055, -21.68108935185829, -19.62012858925014, -18.790008561596167, -18.81423971352786, -18.959776043648635, -19.397467419502696, -20.48066013813019, -21.783306373012998, -21.47666361848698, -20.73712166575984, -21.384474848260403, -23.676533275585065, -26.086790249814477, -27.177020743370054, -27.971420475278805, -28.863385754176214, -30.998073321206302, -32.10964425219357, -30.046316365067682, -28.920215365779995, -30.60734730529785, -32.20899871921583, -31.872405032763726, -34.67022373199463], [-32.97564170455933, -40.89970874066764, -39.33612008558741, -37.40795536804198, -34.96953194438696, -32.64746781779327, -31.74358400001355, -31.708223677751867, -33.559957929513935, -35.92092740864658, -37.83777076816559, -40.70860920923539, -42.18217513059108, -42.89430876165537, -44.424123220764955, -45.62776718992092, -44.85493205948288, -44.14924138975144, -42.06201820659605, -42.21648325252581, -41.47846624717904, -41.57639032164379, -43.347504864808855, -44.04169353119249, -42.5817974524498, -41.36812890807976, -42.340983239173674, -41.628430137634275], [-40.94842450714111, -44.74932924231014, -48.76300382069284, -52.14245546722412, -55.88391479388602, -58.525915173569466, -58.5745826052445, -58.109897157988314, -60.578358221560315, -58.362926080480015, -52.25218669080734, -51.42213760885952, -53.054257239887264, -56.08342314264668, -56.57634615261497, -55.706179703557595, -57.22520940469122, -58.11744887018203, -61.5018570238515, -64.31302320269285, -66.574601649578, -65.01145413559695, -62.014005943268586, -59.902597302524796, -59.61190718126297, -60.43414438623553, -61.28015029902518, -63.507913761138916], [-46.397, -55.36141089618206, -53.366035973310474, -49.6233125, -47.40432153224945, -46.54050897169113, -46.951124598026276, -48.32001785612106, -48.338678606033326, -48.56546430301667, -49.141375, -50.60936680936813, -50.79691969060898, -51.07850912570954, -51.80641046714783, -54.12164358520508, -58.67822140836716, -61.65237499999999, -58.72127680778503, -58.68511603832245, -60.037527245521545, -59.68336633968354, -59.30789296340942, -60.57243898963928, -61.225625, -59.98258922958374, -60.30244767189026, -61.579], [-45.191072185516354, -53.170161268149094, -51.88659670877782, -50.347737186431885, -51.83787396453338, -52.7300185975067, -51.31698554274579, -51.01791629370818, -52.54202775883209, -52.47168477046257, -56.85133795118332, -60.29233009762459, -56.86633034766382, -56.296146387528715, -61.330903224321204, -63.29458647562484, -58.7582541517327, -60.65418006849289, -59.35119152911644, -60.611272992370395, -60.460388677848954, -61.2119054820771, -59.92509787632683, -59.26999826173393, -59.812928409099584, -60.90242210195426, -63.27364057479529, -60.48427663421631], [-46.25449752426148, -52.21246697893921, -53.5531776771752, -52.82284780359268, -52.1172580418342, -51.292077650537024, -50.49113386459223, -50.67905319304843, -50.763619234980396, -51.84404027673665, -53.01952285671234, -53.71209759628425, -54.23437720380511, -56.59293919512673, -60.917359998276225, -63.841159741051385, -62.84012567076307, -61.35859726572036, -62.175406918575135, -62.781465245411155, -63.954615594932065, -63.48040032153114, -65.11211844525155, -64.8371665289277, -63.54250490379333, -64.21447352492223, -64.1810009044637, -65.49214469909668], [-50.3655043258667, -52.418931491964834, -51.34194714110595, -48.43001292705536, -46.24928663256678, -44.263051406947554, -42.279815357621914, -41.42800539829741, -39.34921628114161, -39.9219844828674, -39.056375584602364, -41.4043472334984, -43.32711059864191, -44.852994381885246, -45.99980492879915, -46.976083916264905, -47.45455718623493, -45.94926080989838, -45.843190122836674, -46.57406062663519, -48.68758674504775, -47.88249872663005, -48.13068822467343, -48.845676897360654, -49.12713379478454, -49.5712718037018, -50.229973003582046, -50.298434631347654], [-55.40549729156495, -65.11680450539792, -66.83867039579022, 