{"status": 1, "spectogram": [[-17.29801770531067, -44.34210203148029, -41.911755170385455, -39.54044634267687, -38.85580360606313, -39.703801267812466, -39.22013015168234, -38.95553570400817, -40.95107179461208, -39.80946447441412, -40.487571587562556, -40.70646724525825, -40.56939984672469, -38.00716184112431, -40.36300254340135, -40.29519211034082, -40.3539646086778, -41.634089513570075, -41.46778383556131, -40.25129476656305, -41.15402798370742, -41.01748967521165, -40.765632963653815, -40.9401150931041, -40.64600018066168, -39.3285680240247, -41.69941285568352, -21.446151625273654], [-16.227727439957306, -29.692168230113936, -25.186458789769524, -25.30916282093525, -22.511621555126432, -22.41114221241768, -21.40823611902213, -22.065045187461145, -21.637129131716115, -21.954440224472318, -21.624501680612564, -21.350907125918198, -21.643335959471017, -20.840313125751482, -21.336277422977993, -20.99604895806532, -20.58029996739353, -19.96471587586403, -19.600361056437283, -19.959748654869074, -20.248215890748163, -20.379180197341093, -21.332524890216067, -21.507374335230665, -21.53087667834759, -20.22056991327773, -19.35613916719235, -9.837055748025094], [-10.123861933148062, -13.361259949680504, -10.898050242477556, -9.520304851055146, -8.413699813151824, -7.870827208908228, -7.94601862233027, -7.939426766677786, -7.840931800764438, -7.898398621675913, -7.835911330699921, -7.88502873920911, -7.755760737788951, -7.234036335263954, -7.106240213705547, -6.984168800529171, -6.681990264250388, -6.448660896778106, -6.478456818064856, -6.413071664537696, -6.76632166331153, -6.9205513448131235, -7.6767584352201785, -8.03395200911344, -8.180464901924134, -8.034230146894654, -8.141219307606864, -10.574181841180668], [-13.646499535903335, -7.513517895638942, -5.397482224225998, -4.625875000000001, -4.305392848491669, -4.156660700321197, -4.1302142906188966, -4.045392827987671, -4.028607110023499, -4.311678624153137, -4.2936250000000005, -4.1624106707572945, -4.329696301460267, -3.9049465970993045, -3.718464319229126, -3.7394105920791625, -3.9659819622039794, -4.001875, -3.876446432113647, -3.848142883300781, -3.596732140541077, -3.7198929042816165, -3.3320001029968265, -3.480410676956177, -3.7852500000000004, -4.077428619384766, -5.074359298706055, -8.865666151046753], [-2.424565016312606, -0.7387370160708494, -3.3458041833127767, -6.302287288665771, -11.782528745894616, -13.789419242158237, -13.965707128427391, -14.472939579798217, -14.528600314587925, -16.174404760672157, -16.939003915786742, -17.67514852093658, -20.582829458489318, -20.651329119536374, -21.709500957099984, -23.152215002341585, -30.18641287932948, -28.62591726922989, -30.10620505774718, -31.921941583739788, -26.743216168968296, -27.74774497432164, -16.98272368292916, -17.30120827910381, -18.74807527065277, -19.91422874514926, -27.054002894325148, -28.021185806743105], [-12.917518652907582, -16.653973769273044, -25.172215914944882, -27.024599358558653, -31.67291469843009, -32.8381956831485, -33.27695390895819, -35.218641661391274, -36.8601244126147, -34.78760008310734, -35.19042857170105, -36.05989620124372, -40.45501604531303, -36.18314826696764, -34.577320991983235, -36.1166472567742, -39.79923466653247, -36.86326822757721, -39.55163273930068, -44.73409846640568, -39.45724767603123, -38.1958820820246, -34.61902694733469, -37.87571097443955, -38.360498891830446, -31.739273015354556, -37.05012000363815, -24.212688913618738], [-16.404390502720304, -34.643227573004246, -38.37422826485798, -40.31795401048661, -36.878032199381835, -35.7459958729851, -35.51164825981413, -36.25594369050326, -36.13269811252597, -35.24160288777635, -36.36701043748855, -33.77784443123846, -35.04146796712732, -33.903438998972405, -32.52251512574042, -32.38807624594451, -32.555762277783316, -32.067689061641694, -30.27503257653288, -31.608706391180903, -33.74034240547378, -33.84542608163762, -33.999496130414194, -34.76843290912595, -34.20760237884522, -27.302950847953397, -26.61295849630619, -16.774087269100907], [-18.968296520392474, -33.268894497155316, -33.892775951706916, -28.83290990066529, -22.500529435051135, -19.22579283107063, -19.96630267186044, -19.351662906588416, -19.91044877884331, -19.659556567474393, -19.266577066421508, -18.770743673168575, -18.310461232224025, -16.954179708714015, -17.367160536182563, -16.555478316423496, -14.624575757395128, -13.915904214859008, -14.156195461117518, -14.215720981617299, -15.642114346718618, -15.907920260838289, -19.195545314982883, -20.177872711960255, -20.056148977279666, -18.373396848016277, -17.080019115612494, -15.937933145092918], [-20.686131546380714, -26.489369200135926, -30.075622440143174, -29.398559016227722, -22.890727654072954, -20.508565886020648, -20.859392127562728, -20.260309599078354, -20.7114480567369, -20.24888839659395, -19.88606395626068, -19.644642576256818, -19.614907182537905, -17.75113121449253, -17.959034050299014, -17.86483245351367, -16.25420425864715, -15.433666977882385, -16.10227924126982, -16.09667187566177, -17.176057820806555, -17.164134596610516, -19.784758044185253, -21.65600205812651, -22.64249248600006, -20.00080884505331, -20.006007713372323, -21.544502017854626], [-29.339584154461548, -32.6337042656066, -40.115902043002514, -45.17809456253052, -47.72705977129783, -50.712269004724, -45.52269654153217, -44.88619828948176, -48.59111558597827, -47.162545360813866, -47.573465232849124, -48.11114918542712, -50.08873476810194, -44.17080297820277, -45.12559125199472, -47.263963797432666, -40.77335595013478, -38.3601742773056, -37.96612984102637, -38.302216426693775, -42.16655848293059, -43.48303330444836, -46.01963102169353, -46.74659496653664, -49.7713558216095, -47.5221875488903, -42.350605417489454, -33.30907463605888], [-45.112159350320695, -43.50841071206331, -41.03953590726853, -42.961875000000006, -43.36885732555389, -45.2146608262062, -42.486089192390445, -42.87694649219513, -43.68224985599518, -44.320428174972534, -42.845749999999995, -43.1909821639061, -43.700516879081725, -44.933749803543094, -43.48525081062317, -45.73828542327881, -47.21496328353882, -47.569, -49.02191364479065, -48.247431018829346, -45.18117804527283, -47.03130378818511, -42.25612357234955, -40.58221427154541, -41.441375, -42.96658989906311, -44.55139421844483, -38.86304091835022], [-42.4753711583416, -39.43348728051492, -39.79739521365311, -44.39486300373078, -49.574572036392716, -54.005859809086495, -52.47543113023407, -52.71991216036792, -52.77221300622524, -53.32437030342322, -50.8715896987915, -52.398080031707984, -53.19848790417631, -51.860574801503546, -48.3048721224722, -50.65855459046121, -51.13465092890728, -49.017588812828066, -48.09012662922873, -51.923766471518356, -55.38133754706572, -52.28051151248262, -55.229498284399796, -53.68701361916791, -51.68636256885529, -47.741623800081726, -43.82279155620275, -37.04812102633486], [-50.308224178646654, -42.49602343663869, -41.746876053819975, -40.62071790885925, -41.80728464399037, -44.36950018868156, -43.95844284038173, -44.703273194021676, -44.58811710325564, -43.469921837408776, -43.23790882778167, -43.09472116248382, -44.5643719273406, -43.99176466486347, -41.33096000570171, -39.748481369485624, -39.4261415996546, -38.06485735321045, -37.48066590334447, -37.477693601414124, -38.023833492979996, -39.21012188592263, -43.307795958264826, -43.82756047530957, -44.392478154182434, -42.79115186224145, -42.18387573855856, -44.720485198938434], [-43.60963556955469, -52.08488488439275, -52.26215588697564, -53.99480034065246, -49.207046919010935, -45.49719024205635, -47.17524302916693, -49.37948227263379, -51.702513521427605, -48.66518489279151, -48.7496104888916, -49.69707727159015, -50.79334443090407, -49.62867609251572, -51.796458890078846, -49.35255096038122, -48.51352215661373, -49.012619945526126, -49.43975653800223, -48.38538605043798, -47.45426373536317, -49.62380419791599, -49.95861592804561, -49.770952681485454, -50.2495383758545, -54.030902770607, -52.24221392421721, -48.67485795024814], 