{"status": 1, "spectogram": [[-12.290731033929434, -40.461256198575605, -40.13606692025888, -44.42324086244405, -40.44513119536546, -39.82447610556048, -37.331097266704454, -40.8574234426216, -42.74084928661364, -45.83964168155467, -45.948410596609115, -46.57468029615162, -48.07005972314914, -44.9152494115942, -45.39711588796611, -48.23062051535316, -48.90926460958766, -49.42776771181822, -52.23942106340678, -49.53610985120005, -45.50758481605252, -44.612069963717644, -42.60483084104259, -42.914272154026435, -42.057366159364584, -41.72013621785033, -41.6832319800641, -31.58683237968028], [-12.018836360982057, -16.776630564870892, -17.35723027148172, -17.909439680993557, -16.754315771932518, -15.844061476606477, -14.960319365848093, -15.233279943069626, -15.628845585646761, -17.297989857875617, -17.619502471208573, -17.065567185179265, -18.492901700361642, -17.474551991686717, -15.583372913860504, -16.114187628406718, -18.091826056542235, -17.999180874466894, -17.921552638690276, -15.416330891338077, -12.583457056943098, -12.07648753938743, -9.966486641894711, -9.019682844526937, -8.580867342054843, -10.194509320703252, -10.508671046878618, -10.715468322471658], [-8.79817522565893, -9.493065484883818, -9.621806099246976, -9.999945017337797, -10.378137595055078, -10.195283929688534, -9.539408788340419, -9.247226203762777, -9.033419727690367, -8.693603501869717, -8.459613699674607, -8.2970013450749, -8.360581711243576, -8.717733317292563, -9.257303580274234, -9.641059723002629, -9.908845404931238, -10.328462004184722, -10.793506884608682, -11.069764773573398, -10.937032016345212, -10.92732387172462, -12.095076940292834, -12.749319261059735, -13.12134234261513, -12.463355486106835, -13.088978558262973, -13.682841826823577], [-8.36063401148375, -16.317089356660844, -18.428589125394822, -19.9049375, -20.30940172433853, -20.718830389738088, -21.270892981529236, -22.761794620275495, -23.701197053909304, -25.776705548763275, -25.7360625, -26.425659949302673, -28.10369742393494, -26.47854430627823, -28.256867138385775, -30.826081002235416, -31.209742005348204, -29.662062499999998, -30.969725632667544, -32.218294547080994, -33.41699188423157, -35.925418146133424, -38.37023275566101, -41.51239915561676, -40.6719375, -44.830762835502625, -42.89142925262451, -34.40535250854492], [-17.012298921124387, -33.27483578507758, -39.1863557631363, -35.62194027638436, -25.90844674982353, -22.140776796983243, -20.67810415507336, -22.833453634709674, -24.5899898708644, -29.081912150446232, -29.301223036050796, -31.965645345741223, -38.18130352545779, -35.21780946933957, -34.93872043668407, -38.86758546763059, -42.65725350957382, -38.662982252120976, -39.44596415398542, -40.90738644370727, -35.26175624271325, -33.611715394892926, -33.460278486413245, -34.94727749241146, -33.83086618256569, -37.02570023147852, -42.6479644712669, -32.052089664094055], [-11.009094454110555, -25.17277445577355, -22.288364338363813, -20.345499201297763, -18.959096774723935, -16.36879583038627, -13.700451678845331, -12.575231325606843, -10.45432612823954, -10.161044326898951, -9.734583846092223, -8.84477038128525, -9.559662771263975, -9.820362475492233, -9.337941853114788, -9.791818665124847, -11.247229869794253, -14.159601464271546, -14.814184928369256, -11.885058307141154, -9.330418364515541, -8.046786683413142, -6.528128048712453, -6.821973058495837, -6.879759747028351, -7.712337138252726, -9.143783313449624, -11.818052005300881], [-8.363242001878023, -6.210038985361944, -6.288796527577773, -6.853013341426849, -7.131379745721637, -6.638451223208309, -6.610915833346774, -6.934349446393904, -7.111914305745362, -6.744841429637324, -6.4254475216865545, -6.516758189790161, -6.356466823641294, -6.88737735264106, -8.176881072035274, -8.554570614011656, -8.114423297571543, -8.094179366588593, -8.883888567745617, -10.985879479130057, -12.651156010195635, -14.215375411329655, -21.74397846208957, -26.69973019516981, -27.2707306098938, -22.51865321696761, -20.180251345197135, -21.045843622498477], [-10.236574350823549, -11.273393513107948, -12.353276775846425, -14.432924585342409, -15.868762990679345, -17.448776041107667, -18.657676144020982, -19.09721740846287, -20.89311233322095, -21.22775178336245, -21.600894288063046, -23.670775983583905, -23.706838190743046, -24.194006782854593, -31.399697415440166, -33.64614169218198, -30.454695671664126, -26.390347336769103, -28.759985009478882, -32.301517363607665, -36.91719190556373, -41.17462438077608, -40.04810156880635, -37.06229689018037, -33.92908902359008, -37.38651631666579, -36.13762863731256, -36.31938345893536], [-11.009869466438696, -9.263119149307752, -12.918405040831148, -16.23581587123871, -17.644944182143036, -18.339089030173554, -17.713574876478795, -18.195649694126395, -19.290996380533016, -22.308272805816596, -23.631170202255248, -25.83394203084968, -28.94132158493329, -25.947783105344463, -32.828480037259425, -35.167609457367035, -31.990414387177587, -28.841096659660344, -27.44852226545615, -32.00302506413711, -34.70860130492282, -37.41743798612108, -34.63842139611023, -36.24317924263201, -33.4037040476799, -36.229316614413705, -36.911812432445515, -36.17820919935383], [-25.44846559899945, -25.142851757176306, -25.774575115490702, -26.9629373421669, -28.18054518403853, -28.146432019383113, -30.419241917644076, -32.07520013991191, -32.1073096541112, -31.859902689624104, -31.9287543091774, -32.92641386072806, -32.60055373123784, -33.90874996037545, -36.85631604217752, -37.348206674878824, -36.08014091774184, -34.61886780881881, -36.183567023373435, -40.916305788714666, -43.670652942016424, -45.691003817741645, -42.90994882615585, -42.35892160120089, -43.28151970672607, -46.09881116129282, -46.541221015637724, -45.128978246645254], [-34.85686639876105, -38.89237489533424, -36.055919560551644, -36.816375, -36.45598260784149, -33.23458891439438, -31.73329463076591, -31.819321372032164, -32.350196359634396, -32.07492853164673, -31.6995625, -31.049884043216704, -30.82386590671539, -32.17871342086792, -33.51090197229385, -33.61862494468689, -33.34915203380585, -33.85825, -34.53945572948456, -35.89882095718384, -37.600554447174076, -39.4215882987976, -42.26517046451569, -42.24943809223175, -42.410812500000006, -42.2237319393158, -41.4547680721283, -42.495804172515875], [-39.740098324340806, -38.88605018351002, -42.120483023843406, -45.872773129463205, -45.49546807978081, -43.14221319263355, -43.944317628296034, -44.88056056868275, -46.20678140237181, -49.05351427156063, -49.353146409988405, -50.8962800950625, -52.78149105517704, -51.62019759045532, -48.51579954708374, -47.47515939088575, -52.513683632053585, -55.58240770435333, -55.6126637824842, -48.90569784525732, -43.82838918315734, -41.94204742418816, -39.78247959386944, -37.96772730924853, -37.91775701856613, -39.579697860362884, -41.90218977214748, -43.14844377505669], [-43.56546403589719, -43.27117394519568, -45.119407756907876, -49.2585397849083, -48.217509123821685, -45.555294156298594, -44.505624708915235, -45.614308776349304, -45.16737010797166, -45.9163307253194, -45.86142612171173, -45.55131435518854, -46.54023186662271, -46.59015530352609, -45.59217150734935, -45.02534409357557, -45.92725098686917, -48.83117548084259, -49.189011992125685, -47.70158905244284, -46.87470944836794, -47.53274907495462, -49.235931816393965, -46.41273855680608, -46.243970199584965, -46.38726760274656, -48.78014952659609, -49.58966917346277], [-35.62256884882768, -39.749258224382736, -39.94969087616462, -40.82725109291077, -40.03548196353718, -38.22988785725812, -36.54412763910406, -37.98337489593802, -40.42871780068626, -42.035613242450935, -42.1289680595398, -42.92759899985037, -42.81750171237016, -42.37403651100293, -42.605739923233386, -43.804505067319624, -43.45954654222529, -42.56703182888032, -43.53881743952845, -44.74146069573475, -44.4680309099256, -44.39256119924821, -44.01037286298926, -43.17164647328269, -42.936254266738885, -41.6714528345411, -44.168963496889084, -46.66004253829419], 