{"status": 1, "spectogram": [[-1.7412768700271841, -1.945928709387779, -1.8948662206977607, -2.129875143766403, -2.7083572812974452, -2.8795180041193964, -2.5302680081427096, -2.5357412135750055, -2.594017997920513, -2.629491216018796, -2.6629912158995865, -2.682544791802764, -2.668062647804618, -2.784009078010916, -2.6950090808123353, -2.660214432239533, -3.064393005281687, -3.4050358644127847, -3.594035866290331, -3.7564108702540397, -3.7469822929501535, -3.689964439064264, -3.5443394417464735, -3.429053728252649, -3.442651944801211, -3.45130372813344, -3.1898662275224923, -3.4133126468807458], [-12.440000281572342, -13.433679176092149, -13.812616821467877, -14.42627747553587, -15.196884576022626, -15.497116890847684, -14.666429430007934, -14.027000697493555, -14.418366739451887, -14.690107879757882, -14.740107865095139, -14.897741925895215, -14.773706204235554, -14.954795550763606, -14.967795592129232, -14.62754543107748, -15.445241880357266, -15.882179429411888, -16.125367011010646, -16.23725098013878, -16.113036628603936, -15.730081254899503, -15.450206323683263, -15.673483134508132, -15.961322479844092, -16.012018956899645, -15.028143875718117, -15.32619732451439], [-15.575828071832655, -16.020372572898864, -16.924497178077697, -17.850934791326523, -19.010470713853838, -19.490327568769455, -17.925639805793764, -16.72291698384285, -17.7779170525074, -18.040363157987596, -18.30311319041252, -18.61096992850304, -18.134711129188535, -18.35624663734436, -18.554246272563937, -18.04967564868927, -19.748863199472424, -20.692470257520675, -20.968345193147655, -20.878532742977146, -20.5565684170723, -20.087702413320546, -20.057889800071713, -19.745407781600953, -20.61688977432251, -19.86794300699234, -18.639380750894546, -19.244657527446748], [-16.474625, -19.069000000000003, -19.90025, -20.8745625, -22.3801875, -23.147937499999998, -21.0549375, -20.447000000000003, -21.1791875, -21.1589375, -21.1983125, -21.9784375, -21.4951875, -21.7138125, -21.576875, -20.847, -22.268749999999997, -23.645562499999997, -23.993812499999997, -23.7676875, -23.502125000000003, -22.765, -22.4128125, -21.98525, -21.63975, -21.538125, -20.1219375, -21.3065], [-10.068017652511598, -8.916196460723878, -10.379947045326233, -10.734786100387574, -12.377250067234037, -13.70342927598953, -12.682179683685302, -10.500321811199187, -11.292125228404998, -11.654723658800124, -11.613598682165145, -12.354099089860917, -12.11409905552864, -12.488920593976973, -12.716545757055282, -11.821652475118636, -13.399429131507873, -15.26773310136795, -15.75373312997818, -16.983001413345335, -15.858974210500715, -15.481688550710679, -16.069688907861707, -16.085760364294053, -17.264814221620558, -16.841707012891767, -14.966206850767135, -13.576938331365586], [-16.72138261651993, -17.633843488216403, -16.86059449529648, -17.877156805038453, -20.35637944459915, -19.043746416091917, -16.042497163772584, -17.409317282676696, -18.68288849449158, -18.43846924448013, -19.183281648635866, -17.568291381359103, -17.137469952106475, -17.546764664649963, -16.816202633380886, -18.202496281623837, -19.956219483852383, -20.840559550762176, -20.838184609889986, -20.48053342628479, -21.473675610542298, -20.721613108158113, -18.83273871469498, -19.096256780147552, -18.65423934984207, -18.414444650650026, -17.83856955432892, -20.01414847135544], [-21.31649526906013, -19.03421597146988, -22.129343310356138, -22.80694972896576, -22.15180515766144, -25.151941680669786, -24.325568584680557, -20.726154778242112, -21.39438657021522, -22.16603926992417, -22.58503922700882, -24.108174737215045, -23.51208520913124, -24.243005146980288, -24.751568457365035, -22.966521885871884, -25.354110957622527, -28.58055823612213, -30.371496838331225, -32.354712628126144, -30.73204148006439, -28.818889046430588, -29.679391167879103, -30.347650409221654, -31.325945438623425, -30.936553337812423, -27.017113592624664, -26.529576318264006], [-20.03934777736664, -23.22809056377411, -21.607341025352476, -24.0121615934372, -27.436009691238404, -26.53287703418732, -22.223628712654115, -23.873483872413637, -26.25591129398346, -24.666438566207884, -25.39131355476379, -23.680279302597043, -23.708565135955812, -24.051351081848146, -22.945227340698246, -24.529609374046327, -27.56609070301056, -28.40598512172699, -27.913674167633054, -28.466139568328856, -28.70564643383026, -27.445226867675785, -26.191790696144103, -25.992559128761293, -25.687873153686525, -25.07462288093567, -23.99430955028534, -27.974922197341918], [-21.910939532756807, -23.49440751218796, -24.010092983245848, -26.168272583007813, -32.0155675406456, -33.64388729906083, -29.187073954582218, -27.504933031082153, -28.34999580717087, -29.233200502395633, -30.78257544326782, -29.44420859861374, -28.93338742685318, -29.32152976942062, -29.365841754913326, -28.640039461135864, -32.752816709041596, -40.10325243186951, -46.124751578331, -45.070536825180056, -40.810430528640744, -38.437028859615324, -34.285341223716735, -34.61421562099457, -34.25287554264069, -31.641241745471955, -28.064617715358736, -29.749806541442872], [-37.37782320356369, -39.26918670272827, -38.77794364356995, -44.61713680362701, -50.71446302318573, -51.64612332630158, -46.741313920497895, -42.079637069702144, -46.48591203641892, -47.87569215583801, -51.02513134527206, -46.192704360485074, -45.393355031013485, -45.05809952116012, -44.36653687381744, -45.66317551994323, -53.31041557836532, -50.488436422824854, -49.01393924379349, -54.1570583987236, -48.52466869688035, -48.309410374641416, -46.89753632450104, -48.199974698543556, -48.13015114831924, -44.70118153381347, -40.40899258470535, -42.83389389324188], [-47.2844375, -46.702062500000004, -50.402874999999995, -52.478125000000006, -54.7723125, -58.3505625, -54.522875, -50.608875, -53.1214375, -53.64075, -53.7733125, -54.512, -51.9320625, -52.663062499999995, -51.659000000000006, -52.763437499999995, -53.5636875, -56.053062499999996, -60.527375, -58.248375, -60.25568749999999, -57.93725, -56.256375, -53.699375, -55.744125, -54.866375, -51.7360625, -52.406875], [-53.10734645414352, -55.391804199218754, -57.19567572593689, -56.09885713386535, -58.21965131998061, -56.81727609682083, -59.75127976465225, -57.62114669704437, -59.21907562446594, -59.193780788898465, -60.149465769767765, -61.465102888584134, -60.865966994285586, -57.266147109031685, -58.50377177715301, -59.04908612394332, -59.57747269010544, -57.60578276824951, -60.51590942764282, -60.092074244976054, -57.86252410554886, -57.00983894443512, -56.724470630645754, -55.68118523025512, -54.754712397098544, -56.665661145210265, -56.1334054517746, -58.96306487369537], [-53.01404556703567, -55.808768589973454, -56.869641983032224, -55.54644785499573, -52.65539344882965, -49.69041204071045, -52.80672557878494, -57.76252156639099, -53.469573418617244, -55.34988564825058, -52.281634655475614, -55.33423368167877, -55.69449247407913, -57.76947546052933, -56.87591136741638, -56.22203695201874, -54.376269155502314, -50.11810822105408, -51.35879652070999, -50.05721678256988, -49.75240348863602, -50.92792975521087, -54.7586141963005, -53.92373031330109, -52.605560511112216, -52.52774980258942, -52.8789406542778, -52.53822463750839], [-62.45055160331725, -56.212572286605834, -57.42263201808929, -52.38786169242859, -52.24208236980438, -54.30348467063904, -53.909544886589046, -54.48213725566864, -52.96462819480896, -54.56618889522552, -54.67731541728973, -54.90496543693543, -54.93272475147247, -54.46244920730591, -56.79232330703736, -57.24366280174255, -57.48793037223816, -56.976315417289726, -56.091192755699154, -56.66798541069031, -58.415386353492735, -58.090134079933165, -56.937259148597725, -56.962463592529296, -57.671536195755, -55.25185076236724, -56.90241474151611, -57.71397570514679], [-51.710751941680904, -52.77690134716033, -50.729528986930845, -52.35807191848755, -56.48402354907989, -57.35450590229034, -51.3253184223175, -50.69118408107758, -50.877910339355466, -50.18178744697571, -52.503660615921014, -52.31363301181793, 