{"status": 0, "spectogram": [[-46.68515440067801, -49.53788769540861, -45.70457132223674, -43.27721405518055, -47.67382634663339, -48.07363388613774, -52.74165318784911, -50.09676459556941, -49.921633884809395, -53.00052006953828, -48.1861427090168, -53.34384822476397, -49.18879632772225, -49.79218168607537, -51.93103845992873, -51.72327638498861, -49.72374413221466, -52.98871427035332, -51.245705360230076, -53.41379540357792, -49.850076430950764, -55.68113350700115, -52.794702485549124, -50.086595285610244, -51.063142745494844, -53.3312259246111, -50.02042211488327, -32.06539613047219], [-2.702122274729967, -3.0263160355541197, -2.973132418364896, -3.154571228981018, -2.707264965441755, -2.899489747767532, -4.234581413502588, -6.662285115855085, -6.9913363648239395, -5.591917751351192, -4.891713896751404, -5.7679074824294405, -5.913081150016015, -6.724202619727813, -8.051459217704037, -8.787581127059703, -8.602723803276922, -8.646570803642273, -10.473539770583725, -12.175560330497985, -11.594336906987747, -11.9406528156436, -10.743988554652885, -9.141907982699728, -9.142356514453887, -8.622101054483544, -9.732865671323303, -9.558945911807015], [-33.665776861878996, -47.02188871728766, -48.05670507365097, -53.19478621101379, -48.57438038859127, -44.7197564679361, -44.66546955910497, -41.31893782148523, -50.39910117560043, -48.58846112021613, -46.48185787963867, -46.490173546265716, -47.422845460112526, -46.96968977231506, -50.190313970584555, -49.05014324079306, -50.31103012904378, -49.27564166069031, -44.164551045767496, -44.24694981948728, -47.030833560338664, -47.60838710473528, -43.109935127219046, -54.49223750344069, -53.68264441108704, -49.94432369434633, -42.57819885284986, -31.26039207571531], [-22.904714968845248, -20.96607154929638, -21.02671433866024, -21.8195, -19.56664256715775, -17.889499879837036, -16.841071276664735, -16.38342855787277, -16.13392872428894, -15.671785766601563, -15.511, -15.014642804145813, -15.033785717010497, -15.433785251617431, -15.794642940521241, -15.82721426010132, -15.050857074737548, -15.45, -16.528713978767392, -17.93757163619995, -17.194571905136108, -16.72628628540039, -15.589142372131345, -15.56942764854431, -16.5525, -17.996715549468995, -19.527856380462644, -22.365573928833008], [-30.734189257229914, -44.18144546686258, -43.88307861307679, -37.94272103118897, -40.60116111679974, -37.00026173535186, -43.67677035789093, -40.53189936315782, -43.08493065268586, -43.09193059730603, -45.46014533233643, -43.87203533583313, -45.42464474378284, -39.734934735436454, -43.63664810462984, -40.986461503865016, -44.242369680229515, -45.0708590927124, -48.01609243426032, -43.799570911952756, -43.47951245712674, -38.46634616497515, -40.23783383676937, -40.82798969300208, -42.70635703849793, -44.12588948973708, -37.813417200399094, -34.880963131067666], [-25.612159775479263, -24.043204399534734, -26.390744635290282, -29.480989585876465, -23.52753047678815, -19.82477276931576, -13.117308274970156, -8.123322175483246, -7.724148906600759, -9.82602527347845, -11.478993171691894, -8.125036230067526, -7.102526784779766, -6.280220878561668, -5.294619584025713, -4.584518574773072, -4.84427345238893, -4.666141166687011, -4.251499646595432, -5.0746340367842055, -4.4811843497224615, -3.9543478342176535, -4.004979374281669, -5.518721633599286, -6.9578555374145505, -10.193897007650886, -10.758172421474258, -13.556064952071203], [-10.34703262231644, -17.8475514889929, -12.95662016829165, -10.097220476150513, -13.6647655209967, -21.703357356017307, -27.23646988189226, -32.313961029753735, -32.23475582672609, -31.61617103214887, -31.491657995224003, -32.60514478370199, -40.469032508730216, -36.846303482562774, -34.638337085255586, -34.874610454445126, -35.14326608393253, -41.913716419219966, -36.37010447449827, -41.78309398779777, -39.041507845835824, -39.31097301821704, -31.07424720285178, -35.1866503968427, -35.247791608810424, -34.04165370614828, -35.40177654815174, -30.450748566607796], [-24.56415256201092, -35.479885955634266, -33.41829558571251, -34.55693051910401, -29.63183001029247, -38.0912742710162, -33.66995828919334, -27.521765548024632, -25.48913367499136, -31.210155529452635, -33.12170222473145, -29.313042003126032, -32.22612777242449, -23.549994954202816, -19.012084530033988, -16.78596518933051, -17.742872505888492, -15.963414855957032, -13.492734410713936, -12.522656145562854, -12.17095030732172, -11.708094691296166, -13.213817303636576, -17.720679731718615, -17.77641499328613, -20.801021155648545, -21.31056972717642, -18.387867096964328], [-24.0431781014613, -18.97129482170518, -18.654252214944936, -20.09850792312622, -14.927242159288863, -11.311117855732919, -6.972901381540945, -7.793928026676378, -8.004080740072094, -6.148164730539545, -5.93350322341919, -5.671714535849941, -6.395897158058578, -8.632250595891811, -12.154007183307636, -14.273474633430624, -12.027383150529015, -14.498137283325196, -20.648266127897873, -27.1405799317271, -25.873391808897107, -24.275483645612987, -20.496204895019442, -15.389002741638729, -17.856922565460206, -19.07551670884184, -22.108123711762268, -25.622655391072215], [-18.89427027015309, -18.75229618598689, -18.032351197060006, -17.95221538925171, -18.486999051883657, -20.4703638510436, -24.588132668407265, -36.578243209624674, -38.52506188584245, -30.262356067056473, -27.049885040283204, -33.114110905572815, -36.64571296123692, -40.77921847424915, -43.03121661703123, -48.68523554213327, -43.573313028899264, -51.20663305282593, -45.9349593808491, -55.208306357438516, -45.595874372131696, -44.49644830284047, -44.54000181194498, -48.01222274176662, -42.57464486312867, -46.23960823643686, -50.24182515946943, -43.50673578279872], [-28.870572272822265, -26.21478571099043, -26.427714327454567, -27.253999999999998, -26.587285734415055, -29.34800077533722, -35.40935798883438, -43.57814296627045, -46.3951412410736, -43.28271331310272, -38.2175, -45.19192843532562, -44.30421526908874, -47.856065593719485, -49.29407327842712, -48.638641412734984, -50.99114248371124, -49.828, -48.714857807159426, -59.35443152999878, -50.25493365955353, -49.329714763641356, -49.076928609848025, -52.45922002983093, -49.334500000000006, -45.096429376602174, -51.62793018531799, -46.375924430847164], [-37.16161004001137, -34.267203209921995, -35.1566876931261, -37.945816814422614, -33.6688029288611, -33.19221360459322, -36.31400678000997, -44.4700913209437, -46.76205987432907, -38.837211466654594, -37.00450360488892, -39.768288606197856, -41.801672245960475, -48.394567820205154, -53.62528496693469, -55.63031257827883, -57.82470286593473, -54.88361778640747, -53.948932310843844, -56.42009872421189, -55.75642760654232, -54.398721011497635, -52.722949867908625, -55.384830669400195, -55.51262261581421, -49.837129989906806, -61.667767680020624, -48.274071182489955], [-50.82881371574547, -53.99699061775231, -52.918491931098195, -52.591997245788576, -52.020002583599556, -50.99287793236391, -49.038891020278975, -47.22095852799292, -48.5627335524466, -46.085251834031794, -47.551351230621336, -45.467100036639934, -43.28762189600407, -44.97502005419296, -47.73173890814571, -47.64529011998804, -46.374901834604444, -49.087290657043454, -51.232088862108, -51.59132064044861, -51.19451607877281, -49.955291627068306, -47.567515075918585, -46.86179695888337, -49.13678998947144, -51.38913248637746, -54.52895574235011, -51.40226523815303], [-52.77055669392993, -49.58063576188758, -50.88777089327702, -52.200223213195805, -51.66533074271364, -52.8880410538188, -60.56485883879076, -66.30610918393435, -69.16263749534352, -63.45955836309692, -61.50127314758301, -65.91238113414953, -65.40326868683894, -67.15085622578707, -68.33883998656479, -64.26816673567151, -67.34139838580745, -66.14414009094239, -61.48579626774507, -60.547497728113456, -60.98029344613361, -59.89659111755248, -59.98092963817794, -64.71419568501449, -67.19356387329103, -67.5492993403101, -66.91523710106806, -58.171757222390504], [-45.780455434091394, -43.327458060195134, 