{"status": 1, "spectogram": [[-25.543017226644917, -25.665903145061463, -26.376511535475146, -25.348062612220644, -25.654000141416276, -27.193607621095, -28.02257688273459, -27.568319141934115, -30.304991231797004, -29.467219201924237, -28.211348282054068, -28.396125093511206, -27.291483512723914, -27.790663311152432, -28.160937637475968, -33.10683081932334, -38.491072088514116, -38.800267917424435, -37.75737260061349, -38.380900945811796, -38.245886542325266, -39.33252137227595, -39.09128792549184, -38.83761480647817, -38.50587506338954, -41.57906728134806, -40.2115101041393, -35.5425812032277], [-13.250116660656643, -14.409785530520939, -15.276732041167966, -14.211295641720294, -14.237904129994163, -14.763709274580286, -15.261936252935797, -15.052032258564218, -15.173386572509411, -15.063030173726098, -15.26112618803978, -15.047248276362527, -14.825462088356147, -15.064012440731338, -15.118482991695366, -19.1235332490028, -19.669360924132015, -20.677269466757775, -19.70603806224915, -19.039463880936925, -18.122470719229472, -17.913827925611407, -18.544619563425027, -18.953414098879648, -17.328126563310622, -16.7730147607011, -18.03094148400339, -18.730204224450844], [-9.110157966312695, -8.69839984596263, -8.809284729616973, -8.830945600032805, -8.9965372847051, -9.638680930463654, -9.759052039895767, -10.297696543075606, -10.353845738926644, -10.893006124676692, -9.813553141593934, -10.118234425535006, -10.58171203102852, -10.736777774022505, -11.448053889751513, -12.62609452238856, -12.349722100909784, -13.222509669542314, -12.975443967147656, -11.524313476324288, -10.246467340182273, -10.171826196446826, -10.680934279008437, -10.970393068313541, -9.661151745557785, -8.2510323929883, -9.04478095847335, -11.989485796452746], [-18.575508435174825, -23.433633896648885, -25.489196450710295, -25.3319375, -26.07881250309944, -29.172553431510927, -27.998071571350096, -27.495758770942686, -27.71504512643814, -22.773740026950833, -23.0008125, -24.58710782623291, -24.05366136741638, -21.831509043693544, -20.83869620704651, -19.28156265735626, -19.574509141922, -19.1653125, -19.060312715530394, -19.515910566329957, -20.935373203277585, -21.29615065193176, -20.998430145263672, -19.383304347991942, -19.71025, -24.14835771179199, -21.44879218673706, -17.977871669769286], [-20.32964582992324, -18.53554107829625, -18.500240678884563, -15.166275018930433, -16.426476525014763, -19.02023380959766, -21.096001696508623, -23.185255077552153, -27.828063942938556, -24.936786891256784, -22.32523123455048, -21.468865781812998, -21.780555608588006, -24.527674112884167, -23.63565338070075, -28.791993829703056, -30.869899507454935, -25.246190769433976, -25.909071518446225, -30.994928304005796, -31.998690287597785, -36.20353324801369, -30.883130120878693, -32.6493247943126, -30.19269978237152, -36.012438066604744, -31.87196413244177, -23.80972797977511], [-16.22470382995276, -21.139878819605535, -22.635890889985046, -20.370215410232547, -20.733441239172013, -25.269494422717592, -24.32442204024713, -23.771258320680595, -24.442588128264234, -20.018290390247913, -20.34306668710709, -21.875612351417864, -20.682473218460473, -21.054554357276285, -18.051488347578356, -28.263515565773286, -41.09630051835619, -34.27461826753617, -32.96051696733622, -32.462745525108026, -32.43717439480196, -31.931166073712212, -37.96166183874887, -35.07458626648893, -34.15319458961487, -31.238728628215696, -32.71178400533131, -31.790134183611592], [-19.08790957582516, -16.316190885888126, -16.69822215197035, -17.52513560628891, -19.888151642157162, -18.724321720376487, -20.57212012590692, -19.14348228839948, -17.966700849421443, -21.26065492896856, -21.286321001291277, -19.740700739119404, -20.927936716283998, -22.622578719425565, -25.541618829218553, -28.405229334440357, -26.21668197048908, -34.92881197714806, -33.42508842741213, -31.210386805280987, -25.59027569893231, -25.1441752184315, -28.15483058089932, -32.24990246407887, -24.86523553013802, -18.31557515908491, -21.200100519351764, -29.41457239197723], [-34.024295220614384, -27.026875032536687, -25.88958963823317, -28.78157833766937, -31.216728634011787, -26.198118136016756, -28.62226928870723, -30.12177455474001, -29.24234862587351, -21.96790415435694, -24.649812394142153, -28.457959949243786, -28.33372151791412, -21.9506686066612, -22.95478260223061, -25.297093550624005, -24.988227713390632, -26.32540895175934, -25.106185752050777, -21.333212342900296, -22.856184471402376, -21.437787275315554, -20.517133381769003, -25.19656465886734, -22.024228956222533, -24.465387125035253, -23.559513786116497, -27.976899164204514], [-26.121252956106005, -29.24146660948532, -29.332280261059267, -25.89289418411255, -30.324333381467973, -27.86155122056269, -31.141078093158637, -32.43862219921504, -32.04475530544597, -33.893987209339414, -34.61464486503601, -32.87763499511914, -34.546861815786826, -35.87104767825718, -32.71186331191433, -30.655706346513412, -30.95320833643018, -32.20034582424164, -33.76930309573161, -28.191870891038747, -32.27824890890835, -27.642118659912462, -30.323220149584873, -30.194167409516652, -28.37021808338165, -32.42141912771703, -33.81235998132901, -34.7621940611514], [-30.25028225179399, -30.337938464928545, -34.078767119012895, -34.21674564313888, -30.78881291952426, -41.38439850314901, -41.37247966157385, -36.07748726292226, -38.6319324837695, -33.08620826586476, -34.27664840745926, -34.18885927420783, -35.75191928625507, -36.84047553743594, -36.96256258165604, -37.936510474309, -39.45342733311027, -40.34612947368622, -44.23058849239498, -41.52566368970522, -35.42289246225501, -33.74372530680533, -35.92741448883093, -39.6097453150767, -35.5105798406601, -27.42130373967519, -30.49694973991861, -42.84409341361], [-37.843606006860725, -37.80032142138481, -37.96248196363449, -40.3365, -40.13533937120438, -39.18868723344802, -42.64565041828156, -43.505107585906984, -42.667946515083315, -38.70498031711578, -42.794250000000005, -46.2701860294342, -42.79603047275543, -39.054070884704586, -41.71630393028259, -45.88314134979248, -44.361616235733024, -44.242999999999995, -47.42835717773438, -47.09520572948456, -44.548513248443605, -44.140846326828004, -46.15651633453369, -46.04648198318482, -44.5613125, -44.869018009185794, -47.391946617126465, -45.109556772232054], [-52.31702985617433, -47.25599455786967, -49.42396315996984, -47.725265522956846, -46.87473528325375, -44.6228930373271, -50.92535222150874, -48.0465243689654, -48.220876502445954, -53.47307815492557, -56.67580328893662, -53.422991045951946, -50.62674175688256, -54.50863559893905, -55.83929624719854, -52.4249737417323, -49.84558320148137, -55.80213470363618, -50.245156875134086, -52.51503309528933, -49.34912333455215, -50.18641887799018, -47.47818980551615, -53.01424408317649, -49.89515488243103, -53.70372206971596, -52.75454973812084, -58.04753216427347], [-38.868180446767674, -37.926246322488275, -43.949123571673155, -39.22407141494752, -39.17125429219608, -44.07978495002297, -43.579434332419645, -43.70783905748373, -42.61942322137429, -45.587836181621064, -45.22220463705062, -43.492138121303704, -44.74698108157075, -47.37200618749695, -46.55126998904162, -46.50887023744596, -50.33935360161128, -45.56112424659729, -48.40752126042642, -50.147643728936366, -43.75557360670398, -46.23531635941613, -48.54338798818691, -44.18123750513556, -46.82852858877182, -45.20737332094862, -46.04322339709644, -45.69888159330415], [-37.46480527026624, -37.267849380367835, -35.929445193130036, -37.945802046775825, -39.41797050066358, -39.064215511973956, -44.350567586159826, -42.97227535275032, -42.80116823324836, -40.491099564123765, -42.65062898254395, -44.9756225878089, -41.11013254180805, -43.80825926138466, -44.356640912154106, -46.02230329412472, -49.365962943000454, -45.888110271453854, -43.41912957545754, -44.21363988167826, -46.62787169036565, -42.3079977725507, -44.818491601575225, -42.55805676738984, -45.47730304813385, -45.96045546243951, -50.60509510527424, -47.25107556080158], 