{"status": 1, "spectogram": [[-13.57915864582056, -19.92059733034518, -21.144003074078537, -21.049643279790878, -20.870513260422314, -21.018946870467488, -20.700612630177517, -20.647689180863146, -21.291599873601776, -21.64426610364356, -20.713428997337818, -20.583479952787858, -20.376375514417894, -20.592099964337084, -21.18481945086074, -20.89703619482689, -21.410306692803385, -21.755429029285906, -21.827829413712625, -21.513005667386018, -21.949037804359623, -22.180387757976387, -22.290904042452027, -21.840936564769663, -21.662554017215967, -21.538145892853034, -21.729645954722685, -16.244321913559748], [-14.338961272630437, -16.619294949799166, -17.06776177794836, -17.386677600383756, -16.459606341872888, -16.048483866579677, -15.733300074587072, -15.512687912493341, -16.01315991403375, -15.947412699587463, -15.428713495016098, -15.579376565923498, -16.593302848390152, -16.729560406008545, -16.132960976184627, -16.50619784401876, -16.905966178015774, -17.38962415587902, -18.116534605877753, -18.89883600106529, -19.04544340543353, -19.174407947822445, -19.849465802608695, -19.458707788827486, -17.923874091029163, -17.066116531571566, -16.389351465619335, -15.132989018335318], [-13.967696801163097, -18.75578544926401, -18.999039872743595, -18.33060052776337, -16.666701611470277, -17.00143096007133, -16.126756313684087, -16.632578819489478, -17.741454391148746, -17.53745049854152, -16.172029453277588, -15.594450351880724, -16.382289746518154, -17.06787038999635, -16.26149601785506, -16.507381115387776, -17.36335824568348, -17.942796219348907, -18.795742556299274, -19.464939269814945, -19.57838638741587, -19.872576343361974, -20.738228673447246, -20.239559296082646, -19.079796798229218, -19.047826290218197, -19.551531596990927, -17.70759652700424], [-3.5419107918441295, -5.783821443915367, -5.711767813920974, -4.883125000000001, -4.012517894983292, -3.92162501001358, -3.746732089042663, -3.758642799377441, -4.254285778045654, -4.567678875923157, -4.116250000000001, -4.778249729156494, -5.307607259750367, -5.6042857780456545, -5.3858036012649535, -5.610910460472106, -5.800875158309936, -6.34575, -7.425553213119507, -8.223018229484559, -8.565625200271606, -8.939786659240724, -9.662964591979982, -9.227803201675416, -7.882875000000001, -7.564017713546753, -7.76621434020996, -8.30224859237671], [-1.4697854730209863, -3.140273822041193, -3.3878375536470937, -3.742822096824646, -2.7467323961598766, -2.6862450289239677, -2.5473621948591973, -2.793790653209254, -3.249056402401071, -3.189092198294242, -3.30471400642395, -4.25441752614778, -4.761481915950874, -4.86339034640061, -4.879956281554976, -5.519068287177859, -5.618556160985289, -5.979232274532318, -6.743849583791169, -7.2496717654929554, -7.645199673302398, -8.072636891530848, -8.900559950877259, -8.379301484730663, -6.956178986549377, -6.59921448285236, -6.4697473590131995, -7.533788766160113], [-12.20828539801326, -16.385143007417128, -15.269969711916708, -12.966630017280579, -12.60484985845925, -13.025211993100688, -13.624752347673478, -14.278785529895416, -14.02828152577743, -13.59397197380915, -16.0134474401474, -18.428839547429362, -17.60687079262282, -20.00309981677013, -20.953230953294536, -20.560904959502977, -20.706882439185005, -21.132127440452575, -21.848737954742738, -21.68952051524739, -23.284100185103583, -22.74248399115642, -22.66914764349803, -22.794322563054127, -21.526592665672304, -20.833066319971124, -21.27790664151346, -21.45953843095484], [-10.385048132981073, -7.911982259316117, -8.768181473483843, -9.733695870876312, -9.504321273623782, -9.45508392546131, -9.320452663314322, -9.027379034080935, -9.326714524463817, -9.637635121093668, -9.987155426502227, -9.623213247143315, -8.981988113705283, -9.121386752683433, -10.068043502214186, -10.577155775955264, -11.237335607052307, -11.381390002250672, -11.518768538669407, -11.395973671193161, -12.097064898646831, -12.72012019425141, -12.755944182746491, -12.619831841293141, -12.543051920413973, -12.544775514359229, -13.19244776608092, -15.571649956918872], [-8.374076305298889, -7.27832226383688, -7.5638835632849375, -8.020320999145508, -10.321401954363969, -10.77300360826571, -11.800775565983901, -12.088451704939551, -10.570769738246083, -10.28497282037106, -13.881064201354981, -15.58149926407446, -13.685895797146689, -12.631569116650892, -14.363837639925784, -15.268526543694446, -14.388134660526788, -13.853210289001465, -13.046770592669636, -11.486062793012138, -12.046383722811559, -12.381117478197615, -11.402501223973465, -11.431759503266397, -13.271355243682862, -14.686843408078538, -15.366262744087319, -17.88604867818131], [-30.54503231695878, -29.998030311641678, -31.831825360069317, -33.474682456970214, -34.47361009137012, -34.939256958114896, -36.051273647891286, -35.71777395279452, -34.844811785192064, -35.30511616280825, -39.1039947052002, -42.31776533342801, -40.47123386733628, -38.18354329023548, -39.7380634970772, -39.54306635891429, -38.08122080199741, -37.60112536716461, -36.62156142369062, -36.801794805916174, -37.259729514764096, -37.32315713818495, -37.819114219392944, -37.47502159398853, -36.22659254932404, -36.97193467860314, -37.60554763544945, -36.354332322703605], [-29.85013236670888, -32.406405385787444, -33.531633972990214, -34.75798202896118, -35.14301279036404, -35.61022205272009, -35.84565519725951, -35.154776206696624, -35.349410247102384, -35.99107161934808, -36.565057595252995, -38.05554229529944, -38.50672474055395, -37.20650553629411, -37.316825785501116, -37.52712561568262, -37.84220661864093, -38.64313556575775, -39.2495636638327, -39.63329400903299, -39.335946805468865, -40.52649394031871, -41.224555605749835, -39.454723764243845, -39.32806701946258, -39.53939399941019, -39.66383950469215, -40.93586872969512], [-37.51423327876628, -36.20835713529587, -37.144982215166095, -37.039375, -35.07707156372071, -35.325517812252045, -35.04076762485504, -34.803785560607906, -36.375553703784945, -36.20266080522538, -35.796625000000006, -36.977553049087525, -38.57083891582489, -38.79508955097198, -38.64069636440277, -38.54930378437042, -39.35108987998962, -40.486000000000004, -41.687624792099, -41.450625237464905, -41.444142311096186, -41.92303612136841, -41.239355743408204, -40.85360734939576, -41.291375, -41.55014242553711, -41.39367833709717, -41.763517465591434], [-32.42273714794455, -33.58104965987371, -34.04700047852072, -33.911497957229614, -33.068487650359984, -32.801564210940406, -32.72562089059894, -33.64386045444355, -32.79234070622157, -32.584210678808134, -34.12656487369537, -36.675135348534646, -36.42067211824436, -35.42801260578327, -37.525889763539574, -38.753250381236825, -38.63969657757832, -38.561416508674625, -39.47937853554388, -40.1963102447343, -40.701584916599, -42.051663129724304, -41.46653400296334, -41.01252941894758, -40.44144878482819, -40.50716251653648, -39.689284295587136, -41.136133860770386], [-44.4514021108846, -53.61691017032523, -56.402254830204676, -59.93723108386993, -57.96230975148143, -58.297733102448106, -57.03184815675386, -59.0977994608975, -58.42744225823154, -57.85166165534782, -58.536408915519715, -58.088957766279314, -62.2651885039642, -61.3506244506835, -60.56655927988926, -60.54292177461224, -61.35129711507244, -61.55251630306244, -64.20500710619746, -64.71758292521362, -63.328967430503575, -62.54409110966513, -63.47097294313029, -65.14401310765007, -62.57958730411529, -63.41709451760998, -61.15925656445222, -60.02339411583682], [-52.35336777689936, -52.95349153130637, -52.96702307561959, -53.84005112266541, -54.131705147874555, -53.841288864661266, -54.65852240702527, -55.655735534706736, -55.21775315799527, -54.68044573202936, -57.378887950897216, -58.16806372506323, -58.500408342614406, -58.55874225371226, -58.8822158812505, -58.93855312890416, -58.13940354491358, -58.28169282341003, -57.37930089514502, -57.8153510011366, -57.860245342802315, -58.814159559445336, -59.47392114892376, -58.25489788141023, -57.906371351242065, -58.58363710465582, 