{"status": 1, "spectogram": [[-21.20580363959074, -39.24629479704797, -39.0891698358804, -41.39458942964673, -39.72444652944803, -41.25076789048315, -40.64908045677841, -38.53916090786457, -38.34566985379159, -38.51395556770265, -37.34283042894304, -40.66401790818571, -38.178884062364695, -40.47366089165211, -39.25147344611585, -37.927401923999184, -38.8364376835078, -39.27459843076766, -44.79791078031063, -40.243080463126304, -39.6264644254148, -38.520580525293944, -36.8815180079639, -36.38738411580026, -39.86347344584763, -37.26416088098287, -38.94109838567674, -38.336375133454794], [-21.409223906099797, -23.880608324289327, -21.271420490682125, -24.63268913811445, -24.013430047750475, -23.89127821534872, -25.201778398215772, -25.906153302967546, -25.437456610143187, -26.00762623786926, -25.68325120687485, -24.847233266234397, -26.32666191637516, -26.183920744240282, -24.922358031153678, -26.281786858201023, -24.047482874035836, -25.498911646842956, -22.37059878748655, -22.66362561607361, -22.831786232352258, -23.455313124239446, -22.810750507473948, -24.317491781651974, -26.23240287595987, -24.917804520130158, -26.157179834127426, -25.774046004831792], [-12.719475273370744, -16.339690578699113, -16.134940665483477, -15.375011851072312, -15.678610156536106, -15.224868999719618, -16.109994111299514, -17.465262240648272, -19.047896468162534, -18.886208894491194, -18.257208763837813, -16.965779926061632, -19.52214651346207, -19.296592836380004, -19.042530304193495, -19.463601863622664, -19.05759285163879, -20.06834297847748, -16.383717164039613, -17.175288808822632, -18.88029805970192, -19.04196772480011, -19.8907179851532, -20.92332543230057, -18.807539282321926, -19.03620902085304, -17.939271336078644, -16.67782469892502], [-15.6829375, -16.111562499999998, -16.1115625, -15.73625, -15.7264375, -15.495687499999999, -15.738937499999999, -17.2115, -19.113, -19.534750000000003, -18.6195, -18.3571875, -19.946125000000002, -19.660062500000002, -20.0870625, -19.673375, -19.6539375, -19.7308125, -17.631687499999998, -18.5581875, -20.0675625, -20.6833125, -20.7060625, -21.783125, -20.6778125, -20.241374999999998, -19.9591875, -19.0266875], [-17.22512444639206, -13.647695284843444, -14.455757582902907, -14.721097194433213, -14.526811352968217, -13.269507901906968, -13.825632829904556, -13.04725745177269, -12.959569720268249, -12.453078630685805, -12.493141371726988, -12.674355920791626, -12.83042681503296, -13.01315022444725, -12.969525117158891, -12.686007107496264, -12.324382211446762, -12.345685745477676, -12.590686596632004, -13.238918464899063, -13.271230584144591, -13.720114445447923, -13.986864335775376, -13.829685319662094, -13.381739352941514, -13.540150069475175, -13.484150186300278, -13.788864664793014], [-11.839896109580994, -15.440801466464997, -15.546862455368043, -17.270953923225402, -18.07671250295639, -15.729444202899932, -18.29682117509842, -15.23152376174927, -14.319353014469147, -13.515272367477419, -14.198273547172546, -16.603087771892547, -14.309254648208618, -13.777932862281798, -15.671309308052061, -13.578664888381958, -13.82701324892044, -12.666736048698425, -16.63580298280716, -15.229569148540497, -14.803693116664887, -15.479442506313326, -15.661504326820374, -15.840949642181396, -16.35756753396988, -15.371923577785493, -17.446112536430363, -17.24696099901199], [-18.24304045009613, -21.76762244915962, -23.532749277353286, -22.080482084989548, -22.32845538234711, -26.233101120948792, -24.314787377119064, -22.561811885356907, -20.736837927103043, -19.344095945358276, -20.683034165620803, -24.217510395526887, -20.107426525354384, -19.79610535264015, -19.94829253578186, -20.200149277687075, -19.551140106439586, -20.23142580294609, -27.401556308984755, -24.728034873723985, -23.627632668972012, -23.761122946977615, -22.346496771097183, -20.606299079179767, -22.110756435871124, -22.322595380306247, -25.670846493244174, -27.911338529348377], [-27.007565930366514, -27.422974027633668, -24.856403008460997, -26.273189591407775, -26.61492270469666, -28.87552602767944, -30.014087166786194, -24.571675756454468, -24.08625825595856, -24.741938155174253, -27.25618431186676, -27.95248065853119, -25.005334787368774, -25.67016921710968, -24.825286328315734, -23.685919167518616, -24.26707980442047, -25.956286184310912, -31.33177117919922, -27.74906715965271, -27.723053455352783, -25.09981271839142, -24.526623344421388, -21.942594525337213, -26.71256042003631, -24.755003417015075, -26.78531711578369, -29.638774312019347], [-17.22571334171295, -21.760879134655, -20.492754035472874, -22.477993838310244, -19.91267273902893, -21.823796525001526, -21.554109721660613, -17.927513025283815, -18.187067772865294, -18.56906798458099, -20.289192120552066, -22.45752973175049, -18.31830894613266, -20.62211184072494, -20.095549765586853, -18.91715756034851, -19.38775563764572, -20.32685368728638, -25.371790412425998, -24.65905762243271, -22.907754949092862, -20.80922010087967, -20.38103250694275, -17.943623003005982, -20.9817016787529, -20.190630603313444, -20.9353174905777, -21.248084387779237], [-25.64282219696045, -23.412581229209895, -23.454514041423796, -25.341920173645015, -22.52343862628937, -21.91091399717331, -21.81041233778, -22.200389035701754, -23.923904630184172, -25.564519273757934, -25.22202194881439, -25.56332104730606, -26.822216256141665, -27.20272595739365, -27.605850751399995, -26.337617003917693, -27.309527953624723, -26.807063940525055, -26.86238691902161, -27.22045495605469, -27.099718928337097, -27.576770232200623, -29.24476871585846, -28.95721108055115, -26.591342197418218, -27.126009475231168, -26.05707434558868, -25.952300199985505], [-41.48043750000001, -42.472375, -41.8121875, -43.9410625, -43.10787500000001, -41.72775, -44.746062499999994, -42.962500000000006, -45.31725, -43.92725, -41.13775, -41.583062500000004, -41.944187500000005, -42.4145625, -42.297312500000004, -42.0359375, -41.4501875, -43.5469375, -42.840374999999995, -42.304249999999996, -43.471374999999995, -41.840625, -43.489562500000005, -42.028, -43.274875, -42.47075000000001, -41.2195, -42.145875000000004], [-46.466975908756254, -45.14407420253754, -44.588078359603884, -46.71985000181198, -47.04795152568817, -46.515173128604886, -50.856417809963226, -48.96851152944565, -50.99996640777589, -46.527877764225, -45.484876502513885, -46.431956990242, -48.41276412153243, -47.5574400677681, -47.31775749588013, -47.958906112194065, -47.128342612266536, -45.39048056650161, -42.83842472267151, -44.52734781122208, -45.604930115222935, -48.97048492622376, -49.171176639080045, -49.669901497364044, -45.86129654979706, -47.45607230329513, -47.974942176342005, -44.72205107307435], [-48.421063725948336, -46.50290965557098, -45.17209727716446, -46.35065092992783, -46.55464099407197, -49.00163252592087, -48.4706963186264, -50.02665833950043, -51.39950619554519, -50.22782788610458, -51.04807789468766, -52.437293879032126, -55.358454392910005, -56.60282795953751, -57.68120738744736, -54.786337380409236, -55.53412118434906, -54.26804874897003, -53.34286541414261, -55.317739219188695, -56.48594440078735, -59.332621853828435, -56.50018644189835, -58.115463109970094, -56.87907739973069, -57.08623701524735, -58.335613153934474, -60.632668210506445], [-35.383995000839235, -34.6919316740036, -36.310434231758116, -35.56477882099151, -35.8065750207901, -37.66203018188476, -36.65009533214569, -37.72556078624726, -39.07799035930634, -38.89095870399475, -42.13096165847778, -39.63775424671173, -39.37145682144165, -40.8570177488327, -39.12652017116547, -41.05876156044006, -39.80717405128479, -42.138591227531435, -44.85927963256836, -47.00747156906128, -45.70058888149262, -42.57502943992614, -43.404778537750246, -43.773353195190424, -47.27800042247773, -46.20872452545166, -48.558847286224356, -45.73805328273774], [-45.443184962272646, -42.9900893535614, -51.768335247039786, -46.046533372879026, -49.030166666984556, -46.98283641052247, -49.366650216102606, -50.084010146141054, -51.00403398704529, 