{"status": 1, "spectogram": [[-14.848553956000933, -44.71427685710149, -42.92863354115187, -45.44948215532303, -42.75123970824967, -42.36178695787853, -43.47277833038509, -43.36048476196067, -47.07022004793705, -45.17095595049655, -46.598384067252276, -45.11161159195676, -44.861580698560374, -45.58917905182494, -45.0069797920554, -46.00013484171251, -44.86367583684807, -43.90142854300141, -42.597183059545245, -43.175111562366084, -44.94246855884394, -43.96714196708645, -45.527402717209306, -45.848676355814476, -46.79837501737475, -50.26373415335582, -49.68654751408882, -46.30904426347421], [-8.982067992954613, -8.127799621652578, -10.395307485655852, -11.345581921875477, -10.871046102140626, -11.06496727904619, -12.1674330528026, -12.386477539384856, -13.099432884938846, -12.500143943309697, -10.604528330862522, -8.761256890584072, -7.508941062432145, -6.481654270984709, -5.9058605481969915, -6.61599706399697, -7.909619217837285, -8.731465540885926, -7.601457095005005, -6.78231688463576, -5.940559584138354, -6.599921112733268, -8.954458631251722, -11.62225655320825, -15.706600050508976, -20.135040098122467, -18.263009937420662, -16.37863996012118], [-22.25184517532467, -17.095428976758367, -14.59987840724476, -14.372245870590213, -14.841847664852505, -14.343788954773817, -12.904834031893353, -12.13367884235967, -11.881652205214175, -12.382067265038458, -14.047460380077363, -16.801399552637616, -19.698188208317173, -22.309928139730356, -23.400504047627386, -22.221321296384655, -19.85513549131178, -20.59318164229393, -21.90740756476075, -23.256785763705242, -25.53179904692006, -25.997198568110324, -24.70043915422183, -24.32875434224911, -24.559443260669706, -26.17208789362229, -27.36034730859224, -28.983606146598408], [-23.789009529441593, -44.11994653284549, -39.68854446291923, -42.5470625, -45.34856267809868, -43.21599026536941, -37.5866062040329, -38.524365478277204, -37.92741981744766, -37.84470668935776, -41.2708125, -44.68179140806198, -47.857257763385775, -43.78283832359314, -46.818902318000795, -48.017393260955814, -48.85265131187439, -49.1721875, -49.35498223495483, -50.198348732948304, -50.17020459461212, -50.92284687137604, -49.591718467712404, -50.561743223190305, -48.1951875, -45.59587327194214, -47.52621157836914, -48.76122301197053], [-15.154598955583793, -33.947802565690196, -34.19131953206357, -36.28122317242622, -34.882222501754846, -33.5984567798497, -35.798887784948484, -36.822859672371216, -40.579578441518095, -38.398594495894756, -41.86651768112182, -42.98818823574098, -32.8098523740183, -27.6161465164354, -26.33834286788473, -29.29180244903367, -33.897423179021715, -38.10592953681946, -34.25921034615787, -31.345653152705104, -26.967225775115804, -27.940681697549557, -39.24535313751133, -52.36477331650911, -45.1096084113121, -42.467303539212985, -42.75678220831739, -39.732662975097064], [-9.012986947722855, -6.804940345180325, -8.871387885244602, -10.350909094810486, -9.811155606011962, -9.521768590985353, -9.706530546879188, -9.816016388275171, -10.503393432772956, -10.551240115497032, -9.254846547603607, -8.871927576920733, -9.364742336039942, -10.63755147306239, -12.293207095915342, -11.418801123499419, -11.101062425653684, -12.798974406719207, -13.601203809690618, -13.116863601225798, -14.963060127832351, -16.232316692254432, -16.82330174624914, -18.62624942850716, -23.84122880554199, -27.473133984448708, -26.503617262722702, -25.94801737679208], [-12.14434161001417, -24.251939891334757, -17.322392264200797, -16.877794956207275, -18.422440496610193, -16.727707839274508, -13.352808481799894, -13.476183650804906, -12.61570471272194, -13.52692004482168, -17.293365136146548, -27.33397613457804, -30.412043414129617, -36.23407805360539, -40.07068376179961, -37.71366993807247, -33.563598574587104, -36.96911385846138, -35.413706754665256, -38.645019193586336, -39.30050985975343, -35.512101540953445, -41.972216711734674, -34.6554575082297, -30.314710472345354, -29.646915072634382, -30.850995701812025, -37.08889569221646], [-16.141356712270554, -37.479362520822356, -31.881980139674187, -32.60080186271668, -35.2687212611266, -34.581736919082815, -36.84482760302614, -39.15093611229065, -36.5441839313496, -32.421670695586876, -38.83061529445648, -43.86621502893446, -35.84593270297858, -33.72546717842442, -39.43709085888432, -39.8516659685796, -39.51046324768598, -42.37102381229401, -39.659957993001065, -39.00350467818555, -36.192794479760956, -37.47488790321826, -37.50554564736872, -39.78439897692832, -39.89909307670593, -42.72981874088484, -45.68136557073137, -52.742036965820674], [-22.998031089220667, -30.480942761178028, -36.609839106218914, -37.81867919063568, -39.50180910734763, -40.435994684977416, -39.61501576728753, -37.839949681597936, -40.662813176739505, -35.31008285721094, -36.47098059272766, -41.65830074049198, -33.962334836415536, -29.359439568003474, -26.7909858508984, -29.006214931388342, -36.74227478568762, -38.105323261260985, -33.19749620905733, -32.92475863069507, -28.615110064554763, -29.794191101842568, -36.061025781296735, -42.33882816580554, -44.37685344791412, -45.88070186750088, -47.181030654116725, -42.65719435702452], [-24.72793442068606, -39.99951304143041, -41.14120347835498, -44.56716063690186, -43.94486329171692, -43.593628810609296, -45.085657551130325, -45.179060882165324, -48.04945259644958, -45.64666253626211, -49.72708289241791, -47.80781187287421, -45.796313687326, -38.16127617821162, -34.78232075930706, -37.71233731709901, -44.4113296493046, -45.26808771848679, -47.69535632067069, -42.49233858307107, -37.82502175701825, -38.60968960166245, -45.73884351008924, -48.80436400801102, -46.93951253604889, -48.512267817603956, -49.87102615560007, -46.77096123156992], [-34.83500983259827, -39.11506255286932, -36.577669625520706, -37.548125, -40.09314303207397, -41.51787502193451, -39.45571366119385, -40.62250839591026, -40.63588400316238, -40.684643993377684, -43.398062499999995, -44.54978347778321, -47.890222868442535, -46.638446168899534, -46.746115864753726, -47.851492857933046, -44.440815446853634, -47.169375, -47.56711597633362, -45.23393279933929, -49.70551891899109, -47.07489330673218, -48.24617861557007, -46.35468059539795, -41.859624999999994, -39.832124698638914, -43.668505047798156, -51.76489967441559], [-32.555840692698254, -36.12446619521701, -37.836800384817934, -42.99404025363922, -44.605412964475555, -46.60314057603132, -45.051185421170665, -43.44495161261255, -44.195988751995216, -45.099600629164165, -45.880243893146506, -48.301095805851915, -48.99271357341525, -47.93607072002156, -48.32823317446921, -48.25464081029391, -45.62177548627855, -48.203154092788694, -47.97749881538759, -50.22480429127307, -52.713405994308026, -51.701053441136786, -52.20070369451989, -53.62080892636169, -58.613225388050076, -58.662005109877576, -62.23899482283929, -60.41531080507848], [-45.13325609200262, -45.516002133202726, -47.97645001976851, -49.26493060588837, -50.22934091882839, -52.78915014671746, -55.18371576568475, -53.95197535456917, -51.40999978713596, -56.32642320230141, -53.9007452750206, -54.86390356071695, -54.80287125657462, -54.94823910723002, -55.54498746663677, -54.806638717245846, -55.96490689810645, -56.280306271553044, -56.937109196038186, -57.56784586428731, -59.08963118917116, -58.756117772014946, -61.21036396548713, -61.57707228259533, -61.46466213035583, -65.16760468662048, -63.40494142256011, -62.70831620024616], [-29.598503165140805, -35.35348444960673, -36.45512460569923, -38.85421844959259, -40.91799834085956, -41.66810240803011, -41.978719966377774, -42.89772473691864, -42.09855785310502, -43.55048832782189, -43.99302107906341, -47.77524608493263, -45.616247200295206, -42.38541631811348, -41.91096978802635, -42.5803838307076, -48.52938501270887, -51.50235822772979, -47.0998121773859, -47.31650326086016, -45.84024436674261, -49.071812696572536, -55.34145164575275, -61.016035204402, -59.549375391006464, -60.74638563467609, -65.1009894256615, -67.81564709893095], [-35.953665573164685, 