{"status": 1, "spectogram": [[-16.19185468989093, -16.08053868847964, -16.343471155744734, -17.53492900618911, -17.759623023966753, -19.24301820905294, -20.630499743868835, -22.10399149095798, -21.606294061159012, -22.355932909169667, -22.29990234474838, -22.052199226467593, -22.569308033040905, -22.45795219130363, -22.41214086448842, -23.463148411999555, -23.001935897176295, -24.046179070949556, -23.676451030371094, -23.96884794436673, -25.552286696280802, -25.617565800557042, -24.941928154154837, -25.445105169003718, -25.660652327761056, -26.676243827104017, -25.644113461724835, -25.669737111302013], [-8.561076088592111, -6.584986707395435, -7.681310708118935, -8.935954608142376, -11.808343858750469, -16.356314442892508, -22.28993707391659, -30.561039167579494, -29.823609617584708, -31.042704861601948, -34.285559866249564, -28.668269490788397, -34.06024849668559, -29.441371851955182, -28.99612424931252, -31.730758191205986, -32.1469148695785, -30.64240006798506, -30.567806984707797, -33.25816541581615, -32.06051551433221, -27.80525109414797, -31.688505504860977, -33.26926483287134, -33.517881790220734, -34.679217220004965, -32.20963358325306, -29.207620190694534], [-20.401610934061978, -19.303933929766917, -20.008734687831826, -20.64625446915626, -23.575605278287647, -28.179015920843103, -32.52944534745444, -37.159580972895974, -37.88857339414739, -37.90843498962736, -37.515318654537204, -34.975118686969005, -35.33119832595977, -35.46105788827882, -36.42136968417121, -39.21351607336842, -40.23925625212937, -39.74394701576233, -40.447504478103774, -43.43263104028205, -44.18223414789898, -39.40765834925061, -42.77616183464495, -44.162191122273235, -43.89549162888527, -44.2982977455305, -45.005295731863924, -41.821384885354625], [-15.105160504676402, -10.485571455955506, -9.685776796698569, -9.761000000000001, -10.44141979455948, -12.290562191724778, -16.23234152507782, -23.68213217496872, -28.09829401111603, -28.481616506099698, -26.677625, -24.443793068885803, -25.415464183807373, -24.02303504180908, -25.470482547760007, -27.43169541358948, -30.841580872535708, -32.144875, -31.783071166992187, -34.16071423339844, -33.3125185585022, -30.080971765518186, -28.586296899795535, -32.814852996826176, -35.427125000000004, -34.533834220886234, -33.46629338645935, -30.900511129379275], [-6.066599002996129, -4.762140721866079, -3.6132232071624255, -2.630856688022614, -4.386071157596691, -8.816142983134702, -17.19367051362605, -31.3610208160578, -31.1600401183006, -30.279020871858368, -30.741569312810896, -29.057847378977677, -32.32688487453849, -29.448397869120598, -28.24485737536855, -31.58840042201818, -37.059205746452065, -34.12520174551011, -32.53172803562612, -33.08934258093636, -32.735214397654595, -29.53546768344647, -33.56975662052288, -36.8111144644615, -36.12857795667649, -39.98758097723079, -33.51484569147189, -28.21378644734603], [-11.353922702462743, -8.868871610130613, -6.901223062749041, -6.680849228382111, -8.183969845363622, -12.182969060026805, -16.024366130731924, -22.54914538733557, -23.720556630097345, -28.135870887776598, -24.110705605506894, -20.53257998690168, -22.767946094386957, -22.557191383889496, -24.348794709428752, -27.124921860811373, -28.098006095477224, -27.546227006435394, -27.82830483420092, -30.52686426607302, -31.409137663404564, -28.932292329886728, -28.896758285337636, -33.36839904504293, -31.19554250049591, -32.67368025015891, -32.02742651790922, -30.819048830405606], [-14.282018998034783, -14.534078814153858, -9.707967831894425, -5.171788798093796, -4.699900234874866, -8.96051613700569, -17.17154703631317, -28.61943175019219, -23.244667440505346, -28.45663158004181, -25.946377933740617, -29.227576332346725, -28.123920044582725, -25.630567874082235, -27.53994192067281, -32.05421481349621, -29.276560291985216, -32.230954578399654, -30.11754453883328, -33.74449359640176, -33.3921027028523, -30.239338426203055, -33.414824317474164, -41.182519631881675, -32.67505001306534, -34.402670223230146, -33.7303236614421, -29.993521137399924], [-12.597920887028902, -21.157811070967938, -14.04378501652259, -9.361563282012938, -6.760513093725567, -8.38473135208545, -13.97629316704759, -21.278135129781752, -25.35727622456642, -30.163698088344557, -27.55242157649994, -23.426924298381376, -26.54672165590593, -26.732565917819855, -30.504190571627085, -32.49922111168626, -31.957550574524866, -33.67762015628814, -33.82877570752325, -34.37570123866829, -36.68862759315656, -32.1686738615832, -35.63311471528063, -38.28692997735349, -37.06212366390228, -35.30287832888291, -40.463909559217626, -39.67326787333785], [-29.672555474559786, -25.15721120220059, -31.299720895025082, -35.17037819242478, -28.087149796583354, -23.34259060323524, -22.714156995869978, -27.388727940267977, -28.032188250396015, -27.82454920667528, -28.659427124977114, -27.381110450832352, -27.490351757886515, -28.120988247639062, -30.994021619095875, -31.771166061576473, -33.627308102151225, -37.17972036123276, -39.501846912540785, -39.872890615190144, -42.823486555848376, -40.69096602754256, -42.285360853915826, -39.90530216064348, -40.76821303653717, -42.49327581330823, -49.69166539289337, -54.742747337538106], [-32.733642883145194, -39.485043535716855, -32.49697276952162, -31.43265280485153, -30.6994377612487, -33.1399075775515, -40.315639288530896, -36.595953081341854, -36.664368980125836, -38.326664862632384, -38.570297721385955, -41.606016198019816, -42.73104407404796, -44.74324542403967, -38.85446943855338, -41.19941261315834, -40.768132698311696, -38.383506928443914, -38.97034585578935, -39.98669665673508, -37.5081559194852, -44.609405403566136, -54.41616447139901, -52.338078227127376, -48.93195703744888, -50.753886013446284, -49.399666284465155, -49.12877176614831], [-37.62333873222768, -37.87937489581108, -37.04988390624523, -36.911500000000004, -38.8273836941719, -37.734356967926026, -39.75620372533798, -34.68460811805725, -34.79955318260193, -39.84886605787277, -37.486375, -38.240463855743414, -39.08541088294983, -40.6197774219513, -40.88408119010926, -41.79400876140594, -42.27576784324646, -45.263374999999996, -46.91801745414733, -48.80909798336029, -46.532144409179686, -51.178065839767456, -56.08792694664001, -50.2794295539856, -47.263125, -50.15391310882569, -51.50846949577331, -55.99691758155823], [-38.567950201095506, -41.69380046070129, -38.56070458880994, -38.01394790124893, -40.84433973754044, -41.80893941260118, -37.98514995534236, -37.49194002083359, -38.47673220352259, -42.235842653703, -40.77142906236648, -41.08537578562187, -41.82527755230287, -42.57824136055731, -43.047074539885166, -43.87785766594777, -45.618964650028595, -47.15901438188553, -48.799378232883136, -52.614960503490074, -54.17144012769488, -52.60520763869861, -58.399897352590166, -53.61853233627203, -49.677546649932864, -51.58698445116906, -53.30130702336487, -53.21792256816684], [-36.213229760388316, -37.7007905440014, -38.10530329605498, -37.82051667118073, -35.53489969025873, -34.9312086387655, -35.958423049439475, -37.93417575840099, -38.96839827775959, -41.65267816962023, -40.83023897504806, -41.12950272994138, -41.76534407180672, -42.297005762656234, -43.551270144686356, -44.993729392022516, -46.49388616176497, -43.24126625823975, -43.421311952386354, -44.12963422506695, -49.57120066634886, -48.80700734234783, -47.938273710005525, -52.7648335232074, -53.4634531197548, -55.18296738864939, -50.4054214412032, -51.39088927347814], [-42.69034375719589, -40.40544559697712, -40.42029873749135, -43.06678956890106, -39.63410979682493, -39.31477479011169, -34.78976053620408, -33.46010122057986, -34.47680896856375, -35.891540162855556, -35.42947531604767, -33.42595608610204, -33.86849318948124, -35.54635591522872, -37.60053588458424, -40.74737064322645, -39.8468876172677, -44.21810708236695, -47.669685463927046, -51.448392229313214, -53.00781718018642, -54.42605488269441, -54.073281815077, -57.4841240252679, -61.53624196720123, -57.99084547294112, -54.92692569802341, -53.89039027385582], 