{"status": 0, "spectogram": [[-33.11527683059872, -52.35240179245174, -46.56002684663236, -43.44803570365906, -47.87256240575016, -47.547008897379044, -47.82050895805657, -48.39429460839927, -41.03540181626379, -45.788321363776916, -45.9316339956075, -46.54145547576248, -46.74978575080633, -50.01639285516739, -50.10783036695421, -45.11854466088116, -43.61507137036323, -47.9248928307593, -52.01083037148416, -45.907491164103156, -47.32477678264677, -44.80884821753203, -46.36441070583463, -46.778508917197584, -48.915785785347225, -46.50640182982385, -44.56177673967183, -40.54807140561939], [-5.81950927144289, -5.735794939935207, -5.471732498884201, -5.235527174413205, -5.335446831703186, -5.17691107571125, -5.147598516881466, -4.6564288706779475, -4.1005538569688795, -3.1949556198716165, -2.9355806221365928, -2.14141090464592, -1.8311073335409165, -1.5213126752972603, -1.4926252158880235, -1.653973506629467, -1.7017413628697393, -2.0174824986457827, -2.0260449730753898, -2.419357508063316, -2.3446252925395967, -1.877018114924431, -2.407955651938915, -2.5628127745985982, -2.7691699106097216, -3.002768127322197, -2.7845805655121803, -2.3018215998411176], [-33.80018605017662, -38.390695596218116, -33.71688143229485, -34.99583841466903, -35.65945502305031, -38.60658796215057, -35.91533812808991, -37.40010678100586, -31.232999796390533, -36.96552532029152, -37.51627501177787, -38.97015198779106, -37.27575953459739, -37.72644639110565, -44.87263497567177, -38.890320468902594, -32.80831219553947, -35.23793678832054, -34.95156059432029, -35.733900445699696, -37.03958871793747, -40.028500687599184, -38.84712421274185, -40.622213722229, -43.84802739834785, -39.06548945975303, -47.699429705619806, -41.80083022332191], [-24.2375, -35.13275, -33.4628125, -37.5654375, -33.428625000000004, -33.301812500000004, -30.48825, -30.08925, -25.4823125, -27.575875, -30.060875000000003, -28.938875, -26.143125, -27.287312500000002, -29.1235, -28.96525, -27.1291875, -30.045625, -30.132687500000003, -32.0471875, -30.659750000000003, -29.013125000000002, -31.2036875, -29.583375000000004, -30.850499999999997, -32.3085625, -30.335875, -29.3668125], [-7.031937702894211, -6.436758597135544, -4.731258083581925, -3.9775703611373903, -4.219659546375275, -3.950981243133545, -5.626669296979905, -5.095187138795853, -5.392356920242309, -4.990642775058746, -4.5746428265571595, -6.401000709056856, -6.110759633779525, -6.171304464817046, -5.07961652636528, -3.2156247463226317, -3.310589056015015, -1.879909921169281, -2.523847658395767, -2.7725080010890957, -4.183678288459778, -3.9001786155700686, -4.2443032541275025, -4.9190891666412355, -5.9118035144805905, -6.230223098039627, -7.769848767042161, -8.166277740240098], [-30.67001308774948, -35.224295442104335, -28.914170851230622, -30.23057509708405, -29.11930393218994, -36.78037235498428, -30.5654913725853, -30.06921607208252, -26.977590288162233, -33.933366514682774, -35.704303659439084, -31.24817332792282, -28.597778567790982, -31.147091433525087, -36.47734060668945, -33.08400949716568, -25.67645806837082, -31.724795135974887, -36.598863844871524, -31.591847010135652, -37.2667588505745, -37.10862373065949, -38.18069169569016, -37.38221398639679, -35.7102495470047, -38.82042580080032, -34.14560761356354, -36.21598372364044], [-20.599410922765728, -30.136253067493442, -29.41482462477684, -30.553957521438598, -32.98240082883835, -31.034185845851894, -29.661745106458667, -28.406139843702313, -25.334574068307877, -26.658818168878554, -27.149068334817883, -22.291041995763777, -21.17858863592148, -19.991739973783492, -22.687989862203597, -26.653524107933045, -25.785311591148375, -28.594796305656438, -28.892351051568987, -30.984099042892453, -26.971749244928358, -23.591006552219394, -31.19018324828148, -28.204637406110763, -28.433914854049682, -29.794453640699388, -23.77677231693268, -21.900372288227082], [-24.980495977401734, -24.36430392742157, -21.639363168716436, -19.799646924972535, -20.642592550277712, -21.100130554199215, -24.098947020530698, -22.7783308467865, -23.140804064750675, -23.556572678565978, -23.508386709213262, -26.533481773376465, -24.46590117931366, -24.802365096092224, -23.374550340652462, -20.37320664405823, -20.1031531867981, -18.774524066925046, -18.728088204383848, -19.87137136363983, -21.410287236213684, -20.041369159698487, -21.20174137878418, -21.776716300010683, -22.608949105262756, -22.509252472877503, -25.11375771808624, -25.732624357223514], [-25.992101001739503, -27.70935895299911, -23.95385880613327, -20.71457400083542, -20.780431170940396, -22.59842151451111, -30.696792174339294, -33.34575401973724, -26.001314114570615, -25.794661437511444, -32.19596883964539, -31.967750635623933, -31.469517670154573, -32.286349199295046, -30.707972266197203, -25.64434730529785, -24.031938340187075, -21.80816909122467, -22.951356053829194, -21.00341119527817, -24.747232299327848, -29.612950732231138, -28.26426505422592, -27.44209728240967, -30.51210420179367, -29.04181979894638, -30.601384375572202, -29.62083367919922], [-34.477890204906465, -39.1484312787056, -36.35174681854249, -34.861348422527314, -33.70217199850082, -34.651592726707456, -42.14389348363876, -35.48648801851272, -33.210582904815666, -37.898716081142425, -38.53827249145508, -36.455847870349885, -44.044261044979095, -33.50557561254501, -37.56932017087936, -37.311762498855586, -35.183038712978366, -31.851488296031953, -35.3703052520752, -32.956423120498656, -37.036999141693116, -36.161330349922174, -34.89708632087708, -41.47928619527817, -40.69212144041061, -35.71764505720139, -41.62870364189148, -41.55657642793656], [-47.397, -49.3151875, -42.765812499999996, -41.3363125, -41.892624999999995, -42.7765, -46.5516875, -43.421875, -43.235125, -44.1839375, -46.734562499999996, -47.2969375, -47.16975, -45.0738125, -46.8693125, -44.593375, -42.394375, -40.2271875, -40.1930625, -39.588125000000005, -43.44924999999999, -42.679125, -44.0480625, -44.329375, -46.276625, -47.1871875, -50.4885625, -48.818125], [-45.79796531486511, -43.343200370311735, -43.23770832967759, -44.66486500215531, -44.2470986866951, -43.65753082132339, -43.12108466815949, -42.92875259828567, -43.9483104763031, -44.69925883769989, -44.846382739067074, -44.86503392124176, -43.44424766540527, -44.13354955863953, -44.35105457687378, -41.32229794311523, -40.7216177110672, -40.056943741798406, -40.094758308887485, -40.87709327411652, -40.991850686073306, -40.656247565746305, -41.341441195487974, -41.26537472581863, -41.71601792097091, -43.13823964691163, -44.43891780424118, -43.73670994758606], [-53.784468659877774, -54.868567322731025, -49.75151040220261, -48.99009430789948, -48.45970154476166, -48.28060914611817, -52.45091609334946, -52.18504118680954, -49.24390059709549, -52.50968251180649, -52.06593292284012, -50.93690421772004, -47.25210315036774, -47.33558396816253, -46.774835132598874, -48.05956895160675, -47.659078573703766, -44.69434187221527, -45.963902902126314, -45.0969768910408, -50.04463862991333, -49.30576190090179, -46.92357948446274, -49.23626498794555, -50.33969369411468, -52.93593387651444, -52.204119259834286, -48.66099520874023], [-37.77467155838013, -36.67657966518402, -35.33888782691956, -35.701627280235286, -36.17430766963958, -34.716980747222905, -35.62610485267639, -33.53350685024262, -33.74227677536011, -33.552459201812745, -33.08727147197724, -34.32585141468048, -32.31173636627197, -32.91622577571869, -35.85947802639008, -34.796109084129334, -35.4883589258194, -33.70722780036927, -33.883667119026185, -36.2537797908783, -37.23423924064636, -33.64483232688904, -35.57320845222473, -37.669662569999694, -38.18477828025818, -38.633412909507754, -35.69209384727478, -37.02961738491058], [-63.97160408592223, -67.01300952339173, -62.42038463592529, -61.85830510997772, -63.00786599349976, -62.99240221786498, -62.13553304672241, -64.03815782928467, -62.04102378940582, -66.51454692173004, -63.841858320236206, -66.58068610286712, -63.84177677631378, -63.39953385734559, -63.94253551101684, 