{"status": 1, "spectogram": [[-5.345316726595476, -11.533418790805097, -12.037224953493293, -12.193643305420874, -12.3187351792102, -12.102214664987166, -12.09808208717132, -12.100867795717962, -11.820337253699497, -12.152163762593753, -12.48428614115715, -12.450439286516637, -12.349418774762938, -12.460071805460117, -12.707133415448464, -12.565908361189187, -12.735959751591393, -13.411357588648796, -13.686857571261275, -13.440561816509877, -12.910888517518437, -12.401959553261182, -12.46371473755155, -12.68722458896833, -12.97635757791996, -13.203296455361391, -13.379010658753174, -10.855169784956628], [-11.720010031094949, -11.526040404308814, -11.136162887052613, -12.116999583244322, -12.20841795795791, -11.943285137585246, -11.83740775674703, -11.961417946036978, -11.767897588233543, -12.099621939123885, -12.472142394065857, -12.333673070245858, -12.313367110622192, -12.223132002392587, -12.356611899083997, -12.472907802727745, -12.908540526711196, -13.564356652736665, -14.289723791015401, -13.597346939398285, -12.211673558254565, -12.137683347478166, -12.217622151520786, -12.697059805772835, -13.305928110599517, -13.436213438647142, -13.950468595894016, -16.614298889870863], [-20.00221515668715, -17.656385515641183, -17.057141241771838, -18.401926301956173, -18.128967144435787, -18.537222236730738, -19.272610196094128, -19.240364922757024, -19.077345121490605, -19.54468155082396, -20.981569149017336, -21.57042686857499, -21.39545743058676, -20.969375302100335, -20.660712328774565, -21.691427052361185, -21.81429358955299, -22.52992593574524, -22.894466570561956, -22.94445607337116, -21.53464091464418, -19.9024678773683, -18.965038462619216, -19.770088797355132, -21.445711853027344, -21.74802845207609, -21.564120315629562, -21.86569404937112], [-12.993071793153883, -10.214071367800235, -11.11157145702839, -10.46, -9.165999992132187, -8.970214961528779, -10.656071479797363, -9.884714243888855, -10.68857114982605, -11.007285861968994, -11.3965, -11.878143107414246, -12.525571170806884, -12.434571996688842, -13.065284768104554, -12.039214159011841, -12.786071455955506, -13.779, -13.969071367263794, -14.874928922653199, -13.820000575065613, -11.347999515533449, -10.58892788696289, -11.397997991561889, -12.538, -13.153286893844605, -13.021643100738526, -15.377432750701905], [-19.973057815403244, -17.498323482068265, -19.8566904542884, -18.059424812316898, -15.74165026786871, -14.665262860307871, -17.51764030572351, -15.649701377226368, -17.976310593148686, -17.30476283421791, -17.08071133041382, -16.950986172170175, -17.244679857642915, -17.742150478324003, -18.74614632916173, -16.71416029077618, -17.37408977010295, -20.640068738937376, -20.53407949048676, -19.456140623910734, -19.411130937752016, -16.980097481475152, -16.703506062605324, -16.630148681056074, -14.507354497909546, -15.90207135527421, -15.83546652206131, -18.669686536090815], [-26.04253968095741, -25.678413389781262, -29.448810120670217, -27.521138214111325, -23.260454677601302, -25.723762087422614, -27.404922829764264, -26.69241300913761, -28.549901856296287, -25.134310702888556, -25.638423698425292, -27.697024365308508, -27.37458756520736, -25.734840840651223, -26.624219330340505, -30.052997115815778, -28.368452372434554, -26.198638637542725, -24.141639803341658, -23.395793000319465, -26.46245142121317, -28.63869613133589, -29.069728202468845, -30.319784811836, -29.198852531433104, -31.11331020016644, -33.1019845758547, -35.09338459117268], [-25.987794814145303, -29.19176623052443, -33.49504964393992, -31.941707263946533, -27.407385663870308, -31.527558065045728, -33.921750185741836, -32.896322424732425, -35.67357649911847, -33.06609948105649, -33.038060060501095, -34.249949241832816, -33.56198570936929, -32.78173595171035, -32.75065770032537, -36.02133471087616, -33.76560054930684, -30.782703350067138, -26.899063243320015, -26.432547813453105, -33.214420470232064, -32.613994561871195, -36.22302405349543, -35.29328344152454, -33.90935054206848, -32.804622334915784, -34.922446114052455, -31.679204777577525], [-19.818092372678088, -22.148095637277674, -20.588822595705842, -22.841149353027344, -24.839865120474506, -28.096763496138585, -27.300144233362307, -26.58370547393789, -24.824371201988825, -26.417446417631233, -35.9242762298584, -27.729919691028698, -31.00397304520005, -29.43994032732879, -29.217240107830378, -29.26066192923015, -28.195719808577326, -34.00184422302246, -28.52578887063378, -31.62869959803682, -31.034353988503383, -25.283525617241686, -26.037685030957455, -27.25318632520692, -33.29392655181885, -30.599038883558386, -29.317432034629867, -32.93649755258666], [-29.87157369646434, -32.347410595052, -29.221003918869144, -32.89578778457641, -30.93362269027883, -30.469683936168153, -31.572930173056356, -30.807337546085613, -30.980227742223825, -31.753939773248028, -32.80057139587402, -32.273869972871225, -32.96118547451367, -32.94022647717444, -33.84293174062502, -33.2580114557691, -34.21658361403728, -37.32471385192871, -36.972397022635846, -36.94642777088587, -30.818287862775747, -31.943809472141325, -32.058829646090494, -34.55578509739655, -37.4342852935791, -34.878650509385615, -34.216508035075904, -41.84410673102597], [-44.2891319033147, -46.50625018542763, -42.55102575623016, -48.49499585723877, -50.29992979502211, -51.4267739464939, -46.53875379921459, -53.21804907434672, -46.40511604405713, -49.08688558198715, -49.40192261886597, -48.21263184360634, -46.89312070336823, -47.20349816689827, -44.792788964815045, -44.92204227595334, -45.67767253482393, -51.0905602722168, -46.58850727673124, -46.30779948359529, -45.65639385220417, -44.82205814120718, -47.74149481500687, -50.08158831451671, -51.88012896728516, -49.05158739459626, -47.82800536070137, -52.22606041366825], [-48.260430007800466, -47.97578571224213, -48.64735708534718, -48.7975, -49.5105716290474, -49.309572344303135, -50.68107132387161, -51.80992875194549, -49.34721500873566, -51.78821529388428, -49.6375, -50.88607197666168, -50.11357098770142, -50.824857122421264, -48.88256991672516, -48.1250717868805, -49.512286320686336, -51.159000000000006, -50.70271513080597, -49.93521328544617, -49.183502660751344, -48.66106871795654, -49.62192805290222, -48.63528609848022, -48.7445, -48.98399673843384, -49.06557123947144, -49.215856918334964], [-43.35570860920063, -47.02847926584431, -44.63099606873801, -50.76728368377686, -51.03825347261594, -48.825546164524944, -52.66511983061726, -51.40194646534544, -49.31653410531995, -53.05765206646261, -53.57371199035644, -53.71660369289295, -56.60785722950331, -53.20078467083272, -52.99597791311884, -54.11129434227125, -52.2558819750944, -58.467279197692875, -53.54228639357272, -51.55625622407585, -53.58979895202071, -52.226547244862594, -47.03494982820355, -51.45130073649847, -51.84235348892212, -52.615194455049064, -49.36486878963602, -52.422304880330074], [-45.661828107705844, -39.26164601481809, -43.346197204003445, -44.22636128616333, -43.10990265588911, -42.21825842589669, -44.047963664551936, -45.770898967451004, -45.43192435098014, -47.513471661412424, -45.02671648406982, -42.189227677715266, -40.86731972137859, -41.19678551319545, -42.435920416325644, -44.63687220923747, -42.58725759068284, -45.48928805541992, -46.37461286406664, -42.616678604828635, -42.544242672395306, -40.53848249442901, -40.51908544454732, -40.95192042572829, -40.964357540130614, -39.78639948720419, -38.88904956198683, -43.64607873808104], [-47.68695931754698, -43.899986457349165, -47.56132087282002, -49.435287460327146, -48.00651533865421, -51.147583152187536, -51.312809904838204, -52.04511781779081, -50.10853860693609, -49.287944522955, -54.075721328735355, -51.45038473557466, -51.54891808381485, -49.96287113485424, -51.23367103773092, -57.845617427121795, -52.91694402227667, -51.08593245697021, -52.878583507362414, -50.166285931722435, -52.75385125749801, -50.6978034038152, -50.31552606956299, -53.05077224194444, -51.5725756072998, -51.11039728067563, -51.005260314239074, -53.13498073017527], 