{"status": 1, "spectogram": [[-38.52412851166391, -46.052591792411945, -46.1679312389779, -45.60548211088776, -45.611734686978004, -46.529316233739564, -49.55726277897004, -50.513933571966255, -50.48100018539599, -48.55013590299176, -49.7704821023047, -47.21365787982519, -49.16788986142748, -48.23292586745231, -48.13633023811606, -48.229367652808406, -46.90517667818617, -48.77876793923974, -49.92598688825724, -46.86571797448407, -47.80863885219011, -46.96016013468603, -49.319407711527255, -51.43689471616369, -48.614410773724316, -47.5097734533056, -48.82689522946798, -52.198592588003315], [-9.198812416803193, -8.597539148840365, -10.75102931531353, -13.104858488798142, -11.776003761400988, -9.458891377339574, -9.514710675054726, -12.631561995545166, -13.356889077921306, -14.22850430203218, -11.183750993967056, -11.176158755312114, -12.13144246132275, -12.904674932090629, -15.631723500512106, -13.94682891315844, -14.111146278456719, -12.745840335726736, -14.48055680406818, -14.599177736547606, -14.490468098273087, -15.135525583571479, -15.069795736307796, -13.4626592574217, -12.70914393186569, -12.35504238174406, -11.81340090457515, -13.075106373923015], [-10.627908757325539, -17.307361622669276, -15.068531411876368, -12.05978009414673, -13.716528917653235, -18.06923037690507, -17.81864674210035, -12.909203204310828, -12.573485845527, -12.106797325815757, -16.729458683013917, -17.74893271374212, -15.129564690589142, -14.576602009082865, -11.565028140895283, -13.063441335328985, -14.058821093403312, -17.24161795091629, -14.554695726715135, -14.294946750817129, -13.756434466995351, -13.015739684661552, -13.435667875862316, -16.685230368789284, -16.486295644283295, -17.231440897454743, -19.485754788087068, -18.536927439674123], [-28.502107733801008, -42.85780360108614, -38.8679644370079, -40.766875, -40.711714421272276, -39.81823275327683, -40.37730455303192, -37.756126851081845, -41.56328681564331, -41.33832138156891, -43.220375000000004, -42.627753894805906, -45.35024273872376, -39.19037596607208, -38.81751682376862, -35.885415381431585, -38.056838830947875, -37.123375, -43.5020547618866, -39.34201606655121, -42.33159377098084, -41.2715380897522, -38.13523935699463, -42.156142303466794, -40.286, -39.94035553741455, -38.60626055526733, -41.69027599143982], [-17.879767417117982, -16.413316390054543, -23.70429488287182, -33.65007217502593, -26.309011564240254, -15.064790399512873, -13.458661090228052, -29.576378767732496, -32.06197386547029, -31.054738423795598, -19.98235225105286, -21.608215934994927, -27.240291042971737, -28.551750939904117, -35.687431430943725, -28.165808630874878, -31.094314890461458, -23.38517573356628, -33.93146547656017, -31.003132227255858, -38.33316360589626, -39.08354027012639, -35.169941852492805, -26.201313085166884, -25.961282578468317, -24.067757764778012, -21.600862950411006, -28.77064802774727], [-4.274665941544561, -6.878673597699598, -4.409685041656017, -4.211322090148926, -4.076094291609097, -6.877693011799226, -6.991789505353947, -4.133037379129194, -4.194945032878728, -4.750418757068314, -8.781023482322693, -9.438455554613174, -8.014553842622801, -7.096124294630965, -7.095096649481173, -7.391450262263067, -8.661527847057151, -10.665236590385437, -9.340741327325116, -9.370572670799403, -9.250903900924488, -9.587044278454545, -10.298284473635693, -10.655799297839025, -10.78857539176941, -11.86717668794011, -14.567483245052543, -14.586147184375529], [-25.833155167824756, -39.27246741051566, -29.82903832137938, -26.965194871902465, -29.414292860775607, -32.06638579471818, -31.808587443168786, -32.85920898691194, -32.888017184062704, -30.39119714265876, -34.46797204685211, -35.1695479562969, -32.57937880130065, -29.725602032585265, -25.149379943671917, -30.702058331995104, -30.3239862118822, -31.77737694978714, -34.23564074061028, -31.768153829291144, -37.7936934722378, -31.641821946318032, -28.575597178405282, -37.818209462098636, -36.32354481601715, -36.58394215294217, -37.43484484402162, -36.6678892961599], [-21.868364884813225, -29.593543745588125, -30.146043086427404, -33.703296438217166, -35.20288568526465, -27.835587588311565, -27.409613504391007, -37.149362764315214, -39.57476766319577, -38.27627766202536, -34.10827015304565, -35.13255694797076, -35.108928554560244, -36.34428200073405, -34.02155454872977, -33.836074290355036, -37.81535150761308, -34.174989864349364, -34.81584129613009, -36.36632363766942, -40.482724143358496, -38.38690744159379, -34.284621999933854, -42.217292727181366, -37.93970282745361, -34.13100652749735, -36.05578345987503, -38.311191821182], [-27.437214657065095, -16.74090196417057, -22.191659724172233, -32.841930360794066, -25.9480332652206, -16.103953874530028, -14.816923143582112, -31.240735543115786, -33.493922716734176, -36.2886421742032, -21.602026913642884, -22.413121390323184, -28.520547736228174, -29.00849150848292, -36.72983636918277, -30.92934741043576, -35.52107115440261, -28.027189737319944, -36.06410994536029, -31.997255625858266, -39.819702024977474, -39.24968796125876, -39.419597555222715, -34.69253789627096, -31.11842452144623, -28.41030014343599, -26.406447060466654, -34.376607160570074], [-35.006407432223014, -30.187423566201822, -38.53129071030709, -45.2944202375412, -42.14301621285268, -33.803216369306604, -34.215373382057294, -47.149446117480544, -52.38207990328192, -50.367162614754896, -41.36862269592285, -42.93172686065653, -44.04464410302746, -48.05574067843602, -48.804082350870125, -47.14830899841419, -50.2608478196042, -46.23981655406952, -47.309288212069795, -50.083026114602056, -58.77819142644341, -52.09346597294058, -52.3116429962666, -49.67518254622634, -49.92413349246979, -46.29644599696091, -46.38807703718846, -51.166876783795864], [-36.764679613262416, -40.37700001716613, -41.07182159376144, -43.857625, -43.80705370783806, -41.951160912990574, -41.77151797771454, -43.395071010589604, -45.17375003147126, -44.26205290174484, -46.161125, -48.740877103805545, -48.160089688301085, -46.546695590019226, -45.169981345176694, -46.086143764495844, -48.38578733825683, -51.04025, -51.12114237976074, -48.89332022285461, -50.033358078002934, -47.45447794532775, -48.58464408874512, -53.22674982070923, -52.648375, -51.12258825492859, -52.78212356185913, -55.40485388946533], [-30.258151377822216, -38.09090808139992, -36.078314962792, -35.015836811065675, -35.373823093434034, -40.46962374472261, -40.38506971001558, -35.80750495462742, -34.85134256346417, -36.808671756562994, -41.870103454589845, -43.303788644357525, -40.525309483117844, -38.9073253831293, -37.906535736785294, -37.74361797878602, -39.54548920960086, -42.90853505134582, -41.08534943702982, -40.46504080134369, -40.900903694039066, -41.118821722665075, -41.9892451943651, -42.679645635059714, -42.068571847915656, -42.763453577687514, -49.119329904299775, -47.13231342012983], [-34.242403155529814, -36.98923942969638, -37.32433683500996, -38.24095214939117, -38.11447206926845, -38.80336583921819, -35.40131263803026, -39.04705349793532, -39.238209372958764, -38.90767365921889, -44.04844175434113, -44.70555503086102, -43.84886918628287, -42.553300219478686, -39.32462750333674, -40.25346151005896, -44.008524744012206, -46.931993598937986, -47.380754703364275, -45.156170221018826, -46.17283074172819, -45.629633332862696, -45.449844109039645, -47.86425631824807, -48.14818892192841, -46.289942583006884, -46.350966260928686, -50.30500175678317], [-41.979185829855304, -42.60475225512234, -46.73725800532165, -53.42604944801331, -49.75656560997065, -47.508225199982064, -47.268807573823, -53.12311480218792, -55.063029860369184, -58.67984530695709, -53.548315252304064, -52.408155776980564, -55.30149453909432, -55.26110481429359, -61.61569382747381, -56.503620904817815, -58.43636429152676, -57.74545689582824, -62.39295513043963, -61.815627924252404, -62.06037579727007, -64.21527762307169, -63.74610871853592, -60.26266243284693, -59.59967453575135, -59.25636742408652, -61.27031341144227, -64.97929974832796], [-46.11021525605115,