{"status": 1, "spectogram": [[-24.702266238443094, -45.729855777747474, -47.58484033662232, -45.184348214551804, -45.244285808605795, -45.578936290937406, -47.414579901893205, -45.63465414375581, -45.02153554675408, -44.8789981357227, -45.674259047493344, -47.137901368282314, -47.407106495146245, -48.19905679878046, -46.75360348319126, -47.079097682363184, -46.10477348692832, -48.63731261910498, -48.73438857843588, -48.26689656771526, -49.27641989151123, -49.90442001793976, -50.156857981388285, -51.34750102147888, -49.08633925178647, -48.74860982695949, -45.361519583290544, -25.707879106910372], [-8.22288441686969, -9.521471875251551, -12.51720054330874, -11.59854619497061, -9.524720584866934, -8.350474480177683, -9.603058512630469, -9.271225844327285, -9.089336623112736, -9.99835581632288, -10.472805068135262, -9.284896354444117, -9.987602479218259, -10.133669733324819, -10.327732291848061, -10.66904703020559, -8.810344186998131, -10.174795955002308, -13.163790990567936, -11.523872701153623, -12.546417261359437, -14.414009728985082, -14.747538950089304, -15.948407997580071, -14.952555416107177, -13.414572079113423, -10.914516009854832, -8.518954059300695], [-15.696099936414216, -13.97677481634151, -11.51456237726795, -11.794522480249405, -12.714279514487867, -14.354747194275742, -12.1087251941231, -12.183269241581062, -11.799950614213815, -11.480332577578654, -11.195522350072862, -12.765126524695916, -12.284951317203362, -12.620628946065839, -12.282210813858129, -13.459496759068399, -15.028936954166651, -12.52411097741127, -10.043417473277268, -11.765183082610402, -12.414062202140805, -12.02919034557881, -9.90805831415797, -8.255406739512088, -8.96818406367302, -10.014885683142134, -12.072905882775434, -14.396353472797813], [-31.49989216719568, -41.99180361878872, -35.78120543169975, -41.101625, -36.13801812696457, -41.315375279426576, -37.846081746101376, -41.42894545936584, -39.196044180393216, -41.3044013915062, -39.691874999999996, -42.45946753692627, -42.559608684539796, -43.30321376800538, -42.66397247982025, -43.30382321548462, -42.39449920654297, -41.391062500000004, -35.675098237991335, -38.85791657543182, -41.96251295471191, -39.72748671913147, -34.55862955856323, -30.49042201423645, -32.341875, -35.133208028793334, -39.89772006225586, -42.69162022781372], [-16.11567372657056, -33.16876551011259, -35.21081588744132, -31.981042920351026, -31.587940514350375, -31.184418822254617, -33.26746872879989, -38.16005232804149, -31.488076475192237, -34.29346530825795, -32.76828621912002, -36.23803087263493, -44.44154876920987, -35.194843482815514, -35.64920713420835, -38.53502232543204, -33.04998093903672, -39.973830768823625, -38.29011633991715, -34.45676090897838, -41.66600774706142, -39.69150063374086, -38.16914362584474, -35.12374458125116, -35.054420930624005, -36.29310648618955, -36.176230550604686, -26.47457028728046], [-8.8063559509656, -6.30762331650218, -5.988111321493093, -4.9455695152282715, -4.069039184147116, -3.8787861135052553, -4.083699959297832, -4.15317844159271, -4.844511392651959, -5.049315301097327, -5.043249118804932, -4.431272785031585, -4.4938693631229985, -4.776236451129517, -5.5530036329056385, -6.808474368738359, -7.737819377539344, -8.454839818000794, -10.96426432745799, -8.155207699765079, -9.760488229898925, -15.114714692349168, -18.733364371885486, -15.569427369858225, -13.852434000492096, -11.221218000830982, -8.95472119392801, -10.47468785444471], [-28.582639840672606, -29.163142348117788, -26.564174386647196, -27.375247163057324, -28.734411962771862, -31.47049201977502, -31.27975290170931, -32.98554376731521, -29.724913957678204, -29.335327727174846, -30.532782642126083, -34.155290381127415, -34.95857216509482, -28.46544453405265, -31.506107127774143, -34.11862998963818, -33.90437261600462, -28.517170255184176, -21.449858938581713, -29.598238336955195, -30.749142157417413, -24.152468820463792, -20.13995904436856, -16.796599093350363, -20.89328278660774, -24.632263642769235, -28.985133745685467, -32.86608304847417], [-28.267850036731332, -35.881454688090194, -34.70467875167857, -31.553979703903195, -28.918675015804695, -35.06527919866645, -29.084876396801498, -34.20415949852749, -31.62752835327191, -36.99969637167134, -33.317888610839844, -36.68606879765561, -39.674640821295576, -33.776497174750666, -37.30641600215806, -36.829120346297046, -37.94059815455365, -39.47041522407532, -33.82661662025892, -30.2563054386469, -35.48488264176467, -39.2985620074005, -37.23011305657681, -33.53640183143931, -35.320479707717894, -37.544712199716514, -34.066368459198856, -35.62715069085481], [-19.51540770514397, -30.03333133483063, -31.498970320190345, -31.86638331079483, -27.3079529888046, -27.55947620586442, -30.13278696654902, -33.5073980568566, -28.541506195593676, -31.2505070079487, -26.700955838680272, -33.42937266999727, -32.54814552629327, -30.61713526138913, -29.64785742514481, -31.67361112968272, -31.69188404868725, -32.91856397390366, -30.672130538132464, -27.331606138140945, -32.90842066563911, -32.546364680252125, -27.229778853764934, -30.61465338628943, -30.498893392562866, -31.961710923000737, -28.604133954460384, -25.4618033732571], [-25.800267196205052, -39.27500883930081, -41.34872543783096, -41.314454702854164, -40.79987952117045, -40.094099683178726, -39.1136621913805, -41.35818021935275, -41.894760730588445, -43.89701579263482, -38.464618464946746, -43.34231908549889, -43.054104479023664, -42.71201890251589, -46.13924926472584, -44.20888078339339, -40.61309715955491, -46.73075550270081, -41.11166158656001, -38.91512864021544, -44.65284568664565, -44.27104619419664, -42.01788222178779, -39.820115299829375, -40.20314731216431, -43.838620094597125, -42.173119970305564, -37.34997949827845], [-37.58008831471204, -41.0817054374814, -41.89463394999504, -39.834125, -37.652258982419966, -43.99853442573547, -36.433964664459225, -38.886534259796136, -38.438285339355474, -39.46107074356079, -38.1623125, -44.53874458885193, -40.90802816104889, -38.78399954223633, -41.29114324951172, -42.1320554523468, -45.237606147766115, -46.2350625, -40.6781771774292, -38.0702684841156, -45.66654273796082, -43.67608758735656, -41.36130941390991, -36.53003482818603, -44.44225, -41.84342916870117, -40.44394738006592, -38.710958351135254], [-46.22154718213706, -45.43410218718808, -47.56479533167251, -46.975881122589115, -48.4252886916666, -42.558325481473915, -46.682519845177794, -43.304644860682814, -49.87043491092803, -49.57841146655636, -50.04434991598129, -47.23346394437087, -47.485254973675, -46.57152448228873, -45.2281318586525, -45.47171982815091, -48.91796231462105, -49.12938479042053, -48.151221613064905, -50.28983499058401, -48.349990851911365, -52.65027759729783, -45.98296189091184, -48.321893754434626, -52.20121948575974, -52.36250040991553, -50.400844316047476, -52.73666979934418], [-51.76269233719531, -48.790486303136, -49.49171912036134, -47.58862648010254, -50.26109547510432, -51.463192211579496, -45.82827898996698, -47.19583456492903, -45.988394166031526, -46.82836300018932, -47.97635955142975, -49.68754719343138, -51.60963521430096, -49.565779843729, -50.468824144499905, -50.42412595364404, -51.908099381845695, -50.97217084360122, -50.48897644079916, -47.3263550345162, -52.92301290001727, -50.63472165053239, -45.15225393455589, -41.98534266614061, -45.79040339422225, -48.04991076556061, -50.154404767846025, -50.69139360427192], [-52.85199126652516, -48.45146703543848, -45.77686526648834, -48.051290543556206, -51.65180174826058, -49.358788457393565, -46.4905250109458, -50.98503830115674, -48.37757710012049, -51.01436092696744, -50.81299647712708, -57.29521142486439, -56.51676739143913, -53.82577058648234, -54.724104469884, -55.148072588934575, -50.80085012409027, -53.11325904273987, -52.43260174130651, -55.62436425138995, -61.18697455948594, -57.91760647751982, -55.10120699754194, -50.18458685927614, -51.3674468383789, -51.35672228554092, -56.18203867341957, -54.26974779978313], [-48.44196691512857, -45.3188969116429, 