{"status": 1, "spectogram": [[-23.14219644254446, -41.56370540352166, -41.339892836779356, -41.15383036415279, -38.06101781016588, -39.464473256394264, -39.6619106579721, -39.903232131123545, -41.26191964562237, -38.660928511559966, -39.129866021290425, -39.971374954283235, -40.58881245280803, -39.942160682916644, -41.60597333781421, -41.13151796144247, -40.17592855021358, -40.47214290088415, -41.07376788124442, -40.70724989405274, -39.626142783463, -39.009133804008364, -39.57869634503127, -40.67129457579553, -42.5701964275837, -41.77400000092387, -41.22312490311265, -40.57845529077947], [-10.360625955820083, -17.368725051939485, -17.34616238808632, -17.293894504785534, -17.132349897682666, -17.516046351015568, -17.71710874533653, -17.69942125672102, -17.92298382425308, -18.6573946198225, -19.072769451379777, -19.140787306189537, -19.537421274125577, -19.834858768939974, -20.251108814120293, -20.07776058846712, -20.056260567486284, -20.36202848738432, -19.41852839571237, -19.509590980291367, -19.44368912667036, -19.632456927001478, -19.837394407510757, -20.123135488212107, -19.629706965506074, -20.00047482532263, -20.16203728187084, -20.684528329074382], [-5.255258653402329, -6.299097495794296, -6.147847595453261, -6.336222610712052, -7.0064101605415345, -8.021642411231994, -8.304080028772354, -8.828151387453078, -9.279097763776779, -9.699044145345686, -10.357106912136079, -10.896133692979813, -10.759553343296052, -10.588464100360872, -10.39902664208412, -9.9792051756382, -9.82566947722435, -9.633062306642532, -9.731749687194823, -10.080062123537063, -10.342544296979904, -10.712294385671616, -10.902106895923612, -11.28997301840782, -11.589160311698913, -11.90574069237709, -11.79586572098732, -12.182928459644318], [-12.022749999999998, -13.8248125, -12.6610625, -13.033312500000001, -13.892562499999999, -14.585062500000001, -14.019375, -14.8656875, -16.080875, -16.779625, -15.700750000000003, -16.358687500000002, -15.846312500000002, -15.345937500000002, -15.1849375, -14.6814375, -14.580187500000001, -14.637374999999999, -15.276125, -16.069, -16.43625, -16.271, -16.5129375, -16.6525, -18.464, -19.3106875, -18.575687499999997, -17.627187499999998], [-19.086832612752914, -30.63187825536728, -33.05731731104851, -32.16006699252129, -31.259834226846696, -34.49050495767594, -31.681441831350323, -31.26223613166809, -36.47178152441978, -33.64044093441962, -34.79862965393067, -39.82457766962052, -33.20520069694519, -40.440033353090286, -38.3165329887867, -35.08744279837609, -34.89337155032158, -35.180469667434686, -34.99440674901008, -32.410619662523274, -34.67274520277977, -35.32157645559311, -39.84013993000985, -36.238496534109125, -35.93873640871048, -34.321949892520905, -35.02220075273514, -37.83439862203598], [-17.628004889965055, -27.739418758392333, -29.36185553503037, -25.558378513813018, -30.00754615020752, -29.353056741237637, -30.393934135913845, -31.49510291194916, -34.23597469234466, -30.98397609806061, -34.644666781902316, -35.49415858840942, -35.19122959899903, -36.46665796470642, -35.43166133880615, -34.86814082431793, -35.429552916526795, -32.91312359333038, -37.07637017536163, -33.778076109409334, -33.53157682657242, -36.55880985593796, -35.04843568086625, -38.46797006177902, -39.810097960472106, -34.38733621883392, -35.684709964752194, -40.9394792804718], [-8.853119900226591, -5.5819342479705805, -6.8793062081336975, -8.006259145975113, -8.656251555442811, -10.599483418941498, -13.021797182798384, -14.308553176879883, -12.465671885252, -13.254707009553908, -18.451827114343644, -17.988788344860076, -19.095653864622115, -19.948249359607697, -20.525249348163605, -17.799482680797578, -17.847279388189314, -16.566280154943467, -15.855088718891142, -15.375579892396928, -16.963561046361924, -18.983413041591643, -17.834915193080903, -20.68829823422432, -18.142413331985473, -18.933123303651808, -21.018114248514173, -23.498701158523563], [-4.203605716705322, -3.2126315937042236, -3.6887549076080326, -4.784530650138855, -6.322298178672789, -6.919012070655823, -7.634260029792787, -8.579698040008546, -9.036029786109925, -9.610074682235716, -12.005071647644044, -12.408249893188477, -12.228151381492614, -12.346392023086548, -14.02770332813263, -10.689552932739257, -10.71116856098175, -10.957248821258545, -11.82518747806549, -11.038215925216676, -11.621912481307984, -13.196910175323486, -14.71453564453125, -14.4873651304245, -17.43928820800781, -19.68651998901367, -16.586643779754638, -17.63577427005768], [-5.534153866291046, -6.613266954421998, -5.180892668724061, -6.9368573770523065, -9.510072024345398, -10.69775071334839, -11.805064278125764, -13.358814205646514, -13.316893818855286, -14.470983000755309, -17.11679740571976, -17.003841979026795, -16.62166348171234, -15.850029966831206, -16.89784321117401, -13.83805659389496, -14.079039069175721, -14.418253087997437, -13.950127093315125, -13.847671188831328, -14.951849766254426, -15.986984747886659, -16.928546822071077, -17.7715566034317, -19.20477804040909, -19.722269471168516, -19.55689453125, -20.61842345952988], [-12.50683525943756, -10.23092402982712, -10.261172278881071, -10.90546601295471, -12.078536398887636, -13.749561457157133, -15.807495070457458, -16.923773644924164, -17.166694836616514, -18.279347338199614, -22.021966516017912, -23.476215958118438, -22.4442436914444, -22.112564323425293, -24.003498760700225, -22.262858775615697, -22.510437978744502, -25.266313239097595, -22.608192167282105, -21.823166877269742, -25.18603310012817, -27.26500382757187, -28.20206826877594, -30.300295936584472, -29.674238379001615, -31.47832510328293, -34.578827915668484, -28.188224755764004], [-33.208124999999995, -34.327875000000006, -34.674375, -35.6239375, -36.28725, -37.387249999999995, -41.20224999999999, -42.040437499999996, -42.0770625, -42.82843749999999, -41.067499999999995, -51.45762499999999, -45.8575625, -46.3329375, -44.21368749999999, -41.938125, -41.8514375, -40.9230625, -42.046125, -44.0871875, -45.1908125, -46.5105625, -43.6108125, -42.6608125, -45.3433125, -45.068, -43.271187499999996, -44.4189375], [-33.35128417062759, -34.312272340774534, -32.081337992191315, -33.26686552810669, -36.41759047269821, -37.978885139465326, -42.43107472658158, -42.11849451923371, -43.705757412910465, -47.26010445070266, -46.2629808011055, -45.15732643461227, -46.49439216566086, -47.32492741441727, -49.934556067943575, -49.864066395282755, -51.60588534498214, -49.20974669885636, -50.06873874235153, -51.39940864086151, -51.229237526416775, -50.92528438234329, -50.917161739826206, -47.483438769340516, -46.96369015121459, -49.488575138568876, -49.993885906219475, -51.7582426738739], [-38.17428007650375, -41.408951187133795, -38.28607766246795, -38.75850626850128, -38.764971570968626, -40.7530145945549, -43.53201281213761, -44.4766825094223, -44.92879669046402, -46.44172685289383, -49.61497251844406, -49.899833236217496, -47.99999141740798, -49.531269962310795, -48.379395881652826, -48.659304384231575, -47.705528070926675, -46.55588578939438, -47.05513455247879, -50.06049300050735, -49.86969656085968, -54.421386016368864, -46.18144862174988, -48.176233748435976, -49.74466190719605, -48.070628415107734, -46.31319164609909, -44.94150225925445], [-29.489535274505613, -33.52879845237732, -32.82892518424988, -32.598497852325444, -33.8456939792633, -45.746093997001644, -45.09203223800659, -41.654944871902465, -43.62613920021057, -42.617489134788514, -42.472553087234495, -45.398641910552975, -42.44778449630738, -42.505869145393376, -42.74786868953704, -41.90581474018097, -42.57624049282074, -42.93339165115357, -45.49882969379425, -45.251337450027464, -45.654588462829594, -44.381712347030636, -44.50927975940704, -50.59128673171997, -48.01554105854035, -50.04293093585969, -49.059057602882376, -52.02651966762542], [-35.93659619235993, -34.808982736587524, -34.916543028831484, -36.161588214874264, -41.869292542457586, -45.83977258586883, -45.25983204269409, -45.4085850200653, -44.3371499300003, -45.919814081192015, 