{"status": 0, "spectogram": [[-40.398817648296145, -52.74288767498124, -54.91594860683899, -52.26235703122616, -49.845702502442876, -53.804080828525606, -53.64183681734242, -57.182622746289965, -54.771357040524606, -54.56140636812906, -55.112856833457954, -52.4699197588015, -54.436735990242084, -51.7991836917887, -52.58643016454153, -53.8438769625158, -56.19993834072724, -56.996571362733846, -53.475510682339575, -56.80688038773917, -54.09067057914638, -52.82710702388399, -53.747039041806225, -53.65932209012951, -52.23907125365734, -51.94935536093367, -56.77332617205982, -39.68299388659737], [-12.245928723758881, -9.603622610587246, -9.335785856298038, -9.062500138759614, -8.83285724905559, -8.896326693719747, -9.06771441650391, -9.08518378950625, -9.35220410636979, -9.546071583952221, -9.212785828113557, -9.015051148424345, -8.918887843083375, -8.858755171892605, -8.858520364615375, -8.941163362697685, -9.323806272360752, -9.840642922878267, -9.907571555273874, -9.741602006318622, -9.948653080220133, -10.022683618457947, -10.214510323758018, -10.238408246118171, -10.291714367866517, -10.288734522469177, -10.019510395147373, -9.552713950293438], [-31.25002178373386, -51.99255119143335, -53.3469086730576, -55.148357229232786, -48.992587339016765, -47.042866213146596, -49.964254030480625, -52.814029176322556, -51.882947375150934, -51.53814494950449, -48.23828374099732, -50.51603092495336, -47.320718709088716, -48.574902999586165, -49.34489664062121, -52.71875751943063, -49.920815173713635, -50.77442709350586, -51.381978734502745, -48.13435031618186, -49.113554772729024, -51.3211583998167, -48.103631481481415, -46.91405526577826, -46.79999920272827, -46.914720740724945, -50.093211883817986, -37.45491262568273], [-20.626143547192214, -35.32364273452758, -35.364142864346505, -32.141999999999996, -31.98857125782967, -32.42071412611008, -32.68278582811356, -32.539928690910344, -33.684784869670864, -34.945142815589904, -31.804000000000002, -30.898714375495913, -28.374572296142574, -26.56535765171051, -25.23349963951111, -25.431928897857667, -26.53364333343506, -28.4055, -30.017142826080324, -28.419571144104005, -28.287714948654177, -27.744357597351073, -26.650642351150516, -27.5900689125061, -28.3005, -30.07278408432007, -28.014500574111935, -25.757212219238284], [-8.040673334262504, -9.066480827681884, -8.756552278562472, -9.025715667724608, -9.443328205770413, -9.668501672336035, -9.019042405040878, -9.045256693752444, -8.658348606693625, -8.240715521676234, -9.38728740310669, -9.802991709748074, -11.24253209919807, -13.699134448635053, -16.745810348024285, -16.235676440803203, -13.896002399035709, -11.59864531517029, -10.285889871616755, -11.045583483793182, -12.624124150626312, -12.808961812856214, -13.872728073898768, -13.522974120393533, -11.435002311706544, -10.74751287701684, -12.343828710127672, -11.374020338797372], [-31.29100696258689, -41.00805201391803, -39.92302097522249, -40.770714355468755, -37.65442844043448, -41.31381798562125, -43.45032814664301, -41.20860079188277, -41.293872671459134, -38.18883803661484, -38.04564334487915, -38.36763421893603, -41.80602009492773, -39.08458207930775, -38.81723185994637, -34.20941609250316, -38.34058861125309, -41.73278531265259, -37.9091746295033, -39.95472411342403, -38.525378081924444, -38.343020495193834, -37.55840439149727, -35.6302351792804, -34.324218143463135, -37.06767750265276, -38.305997708458634, -32.574805590881176], [-13.11211767228048, -12.806276356845721, -10.958666569673344, -10.703555225372316, -9.750025464413554, -7.437343974794599, -7.373343050002845, -7.110670486362661, -9.219595669796131, -11.187612852816795, -6.90170125579834, -6.001722786689221, -3.8846446494656197, -2.178636379377476, -1.4001684394762197, -1.9303111900792647, -2.367085440148512, -3.6112767143249513, -4.858948263732843, -4.241939345690021, -3.477655502240523, -3.7276039568842823, -3.4483704462644016, -3.987604262061941, -5.098204786300659, -5.953590503305044, -4.756471608920117, -3.646247596312227], [-13.160067904173967, -16.63926181661107, -15.798850018907483, -18.274812339782713, -19.699279799375166, -20.386532999204274, -19.30141142070544, -19.77936111662317, -18.21819922708042, -17.744636463691002, -20.393873657226564, -23.258835974169195, -27.710313166138633, -34.355218096180565, -38.01853561849417, -37.47082561940086, -38.8298993847566, -30.305151443481446, -29.237587137769818, -31.692602889121716, -31.281507215364268, -37.4072436982753, -34.637677731808566, -36.0345517472504, -31.458512870788574, -31.799294355157848, -35.63224518437067, -33.26840499286039], [-23.850520099210733, -35.07561720500791, -36.73502450471505, -37.17771043395996, -40.89634368614255, -39.56725084997852, -35.219530545049764, -40.409985413045234, -34.63155956789876, -36.29226108586025, -41.194068569183344, -41.90422221207173, -45.792257245315746, -39.22822286424644, -38.356391922290506, -39.429074100766115, -37.949949440333896, -45.219073268890384, -40.5851420745854, -39.80662217692963, -42.69750794284544, -42.00180637406142, -42.17838965322556, -42.23810357837763, -38.231286041259764, -41.959537039227584, -44.88966259458029, -42.40931244402524], [-27.520211109305937, -48.876731579735974, -38.77919699706779, -33.76870757293701, -37.99394702460351, -37.28703318978101, -36.93506487154633, -41.421567578373974, -39.560129733830294, -36.09118119360479, -44.34218675613403, -37.380428101600074, -35.25422231553671, -37.6957921859073, -32.519394778971375, -34.39494505239931, -36.77198273845748, -38.78540228271484, -38.60726649188675, -36.8773583986351, -37.816834958893736, -38.01770134377133, -41.62170420393057, -40.98904746597408, -39.14333797073365, -38.77559791629955, -42.74326054327277, -37.00282373295436], [-32.99521531164646, -39.11900006097555, -40.94821426236629, -37.7395, -38.67950022745133, -39.61742922925949, -41.26878576612472, -38.47392862892151, -41.022927212238315, -39.18049990749359, -39.692, -39.86842836952209, -39.236357685089104, -36.699216213226315, -35.970714216232295, -37.83985836982727, -38.59464415931701, -37.554, -40.03228650665283, -38.893786132812494, -41.10835385513306, -38.16621884918213, -37.589644392013554, -39.55006804847717, -45.22, -42.20093096733093, -38.486355514526366, -40.488213432312016], [-38.33928125748019, -42.030012043977166, -41.45764523268949, -43.59248909378052, -43.529816640391644, -45.07077221005289, -43.67178315260981, -43.38886435453265, -43.005122494326486, -42.84568612992036, -48.478986289978025, -48.75020290565277, -51.17029932174223, -52.67338550169818, -50.986205852230604, -52.60124772629189, -54.011670157684854, -55.619344333648684, -50.18952235346388, -55.671661661813005, -56.58953483547674, -52.91515124830025, -52.310409432857995, -54.756873953309295, -58.28248243331909, -50.3440937578064, -54.08855293386978, -52.00259707353249], [-35.00605047369758, -38.85449597305917, -37.989403485239826, -36.99306733322143, -36.76033310063543, -36.3820078753355, -36.533966838544586, -36.89476204191916, -38.35168983031313, -40.49698489329293, -37.02492547988892, -37.28013052794399, -34.317029489127115, -35.979663210109486, -35.64581980639117, -39.760963264620514, -37.84203229075028, -41.525356716156004, -42.310600386366396, -38.928366719070326, -38.331958897882345, -38.00498941289072, -39.67089968584033, -40.087602547937976, -45.262000976562504, -39.27167033892081, -37.837256305811444, -37.22699061452062], [-31.686641622539018, -29.90448939471212, -29.002999190075016, -29.1158544921875, -30.184079075297134, -30.341014877309593, -29.125772010297396, -28.636751352699388, -28.851467542696202, -28.64081558897064, -32.77463849639892, -33.27225957197064, -34.59899011312492, -38.43941217150149, -40.7965084618744, -43.06655785015607, -39.56643817321665, -39.32413372802734, -37.20367832849379, -37.72666565365726, -41.118864843294084, -42.63834651674382, -39.87572709866177, -42.686155749377825, -44.8465619354248, -42.59518788590916, -43.037749503389406, -41.553297449851875], [-46.163513152706415, 