{"status": 0, "spectogram": [[-15.319102765385905, -22.844173966009997, -22.449908800935262, -23.671429277181623, -21.668265792038973, -22.34747048025232, -23.819266048543312, -22.1844903770223, -21.865796448123696, -22.516704492454615, -21.823071931242943, -21.46797996062162, -22.332856994049834, -23.787836930761504, -23.450174166341238, -22.908500222359358, -23.00556158681059, -21.86042904520035, -22.10938827349702, -22.465633517065843, -21.96473523339933, -22.022959821414005, -21.932163764569232, -21.619838169346135, -21.381143344402314, -22.161561646347117, -21.5043780438973, -17.648871931542818], [-14.945388396359226, -12.813632636977704, -12.949326479143025, -12.644571348190308, -13.07924478600949, -13.462469367416546, -13.83656110031751, -13.793612109369164, -13.659255016784286, -13.667265129984644, -13.93399981880188, -14.287214099134722, -14.396295852826542, -13.997908276567596, -13.753867217501814, -13.8701224669826, -14.506999951907549, -15.490642573833465, -15.380224365331687, -14.830928437437324, -14.472540894556998, -14.514550538822121, -14.886448872079654, -15.096398268067162, -14.384214028835299, -14.576255493893939, -14.775264899331727, -14.713999164853877], [-28.412432544801995, -18.26714356248721, -16.93243905266207, -16.046214460372923, -14.798877071677365, -14.69056122170668, -15.527979448464462, -15.6457346031228, -14.955755012084039, -14.625540435226618, -15.052999622344972, -14.586764745517662, -14.94810135175736, -15.9103665198887, -17.37353097972092, -16.91200999228796, -15.404366682013576, -14.785427543640136, -14.936794932598971, -15.145632019626827, -15.149336195478503, -14.733244295003564, -14.634448198785577, -14.06193849096552, -14.060141868591309, -15.059133146052714, -16.111255324889413, -15.70450007220704], [-16.09821479460597, -21.51514282554388, -23.778785700917247, -23.047, -19.984928438186646, -20.388357770442962, -22.64664303684235, -22.39378586626053, -20.884286054134368, -20.070428477287294, -19.8805, -19.488285630226137, -20.315213928222658, -22.090355754852297, -24.083714330673217, -24.017571361541748, -21.09657074928284, -17.472, -18.767571521759034, -20.136000095367432, -20.82278475666046, -19.662144485473632, -18.715000076293943, -16.94150378227234, -17.9885, -20.353287769317628, -24.45457304763794, -19.994425651550294], [-8.523816865514757, -16.901513784556894, -22.318270523864378, -23.77564835548401, -20.821983098278064, -22.961170281878424, -28.713045957137055, -28.05527129944026, -22.593330613049083, -19.646542467915154, -19.61635898017883, -18.67622497459331, -19.917561264621284, -21.57750334167354, -23.279014301669402, -27.69431504269103, -22.277724757427084, -15.00942625808716, -15.479028406980023, -19.21675506358224, -21.084560697184507, -18.94192062627163, -17.20885599953761, -13.321512235332886, -14.030354913711548, -18.984608060177077, -32.727705852861575, -18.600617012372922], [-5.711604069676087, -7.17654619059988, -11.573263437336738, -13.422150863647463, -15.86039169085231, -17.276350294152937, -18.610385004579356, -18.185556965293102, -17.60340096499044, -18.20962276071446, -18.21307165145874, -18.724518739622596, -19.27316224362793, -18.13050480801447, -17.330985895097683, -18.087772814692404, -20.060991289720654, -19.23149489212036, -22.41209514401883, -20.79827374543909, -20.12414365209647, -20.943608214088833, -20.57142407390097, -22.578688606614293, -21.333350315093995, -20.142783186236365, -21.255884962553232, -19.42835397120673], [-17.96366251605407, -11.2023530435475, -10.680661706591179, -11.233785612106324, -12.86487122061832, -14.06532025672905, -13.823083948709414, -14.295655215019963, -15.608034064243798, -15.836800388160958, -17.103576168060304, -18.591751044428896, -18.669854046725415, -14.779340326390047, -13.120570295606763, -13.201918703118892, -18.200159517795147, -26.16136798286438, -26.70828649034327, -21.349762681533086, -18.274435976574765, -20.61730143352339, -23.23338691076974, -30.015841245995166, -24.379724487304685, -19.646717961717844, -18.82776707656846, -21.243198491036775], [-16.82533550783252, -17.40688785803929, -14.347715944098047, -10.647494438171387, -8.094867177414246, -8.471654878440356, -10.74453976104683, -10.605998722757459, -9.71398016569516, -9.214461222395563, -10.166573196411134, -10.583290785789387, -11.0634320302704, -12.110364627530828, -16.37430794513569, -15.343167374631712, -12.893991945443545, -13.592938041687011, -14.075468787212856, -13.19034277842054, -12.767839938787848, -12.311658373383978, -12.580262023498042, -14.06192696928748, -13.644223701477049, -13.27767943179523, -15.045285948886855, -14.170177672950608], [-24.009876333048116, -23.613467976431618, -28.279792429629616, -27.74492430496216, -24.831204125444188, -25.500431672299328, -29.83323393807111, -30.016395581293832, -26.991838643695683, -25.3573190690646, -26.628859931945797, -25.566741937832106, -25.94384070976573, -29.40023080777606, -30.198599506943133, -31.904303527754088, -28.49895318268925, -26.7212933883667, -28.030457002017023, -29.158661185634536, -29.185598201947435, -27.924438191005727, -28.32925323638097, -27.1228062449495, -26.11343672943115, -28.63407104550359, -31.77464424432688, -27.612911571036328], [-34.38309202602172, -36.75808060174303, -39.72192221440111, -38.88541377258301, -35.187476417824676, -34.9505691838941, -37.861563307216436, -38.09872802024979, -35.896577526324975, -34.9277314731634, -33.72142729949951, -34.207877878520044, -37.44794841377451, -39.60051160042081, -40.34785815616324, -42.465631303785884, -36.55881691853036, -38.95293880081177, -38.30235854370755, -36.0696456857419, -35.758978683960265, -34.959024613980674, -36.73049726054149, -39.170395916439396, -34.22572338867188, -35.71393054062383, -39.794943785995216, -37.978335091807885], [-33.85421533542872, -39.65628577625752, -40.16178572285176, -38.8315, -39.32742864131927, -40.96064427518844, -42.98271410417557, -42.19728559303284, -42.23857171201706, -40.400714464187615, -39.516000000000005, -40.026928222656245, -41.72642810821533, -42.08107185649872, -42.97621364688873, -43.249857671737665, -42.36178593158722, -44.376999999999995, -42.75557163619995, -42.14878607559204, -42.245499238967895, -41.86100026321411, -44.03364434814453, -45.28635850143433, -43.0295, -42.667714879989624, -45.14971397590637, -43.91842594909668], [-46.387320139206594, -39.72276612195838, -38.61607584399832, -38.00150186538696, -40.51762777526472, -42.739148380034784, -43.82009644585306, -45.25956632028292, -43.31909499265852, -41.86405395457183, -42.371992996215816, -42.04420248703084, -43.604597240876274, -40.91594045212467, -38.87935142766319, -40.20547163484266, -44.76855044413705, -42.29507577896118, -43.328149748664, -45.98276773487801, -45.606579703976095, -44.27898494400826, -46.04237974403936, -47.03898201948242, -45.34050513839722, -46.07690606836422, -48.58957790371291, -46.62358510582827], [-37.185039740379004, -35.26090851103524, -37.093571480938365, -35.473355518341066, -34.981008318828046, -36.59922357855058, -39.78166085351223, -41.17898677339364, -37.94627425136318, -37.03085546656998, -39.29642694091797, -41.44175397666676, -46.16192797115933, -40.01548048326989, -39.17973338827653, -39.92199653788973, -43.75837731190144, -43.494426971435544, -45.98329416666316, -51.73483791277414, -48.58581749713467, -48.75168257180194, -42.536537271073406, -46.24325064834318, -46.20299892425537, -47.84694862163296, -49.10161271651802, -47.05554386668335], [-47.79116697639752, -55.35247702322849, -55.231298031342334, -52.24778652191162, -51.30661832211448, -52.66090001213255, -58.15248831126104, -58.77262240587819, -56.752389014809886, -55.79351124745952, -56.082077461242676, -57.47313513610048, -57.46107446588591, -58.635612646901265, -57.57957132584508, -55.09153702642952, -59.50035013720262, -56.45686026000976, -57.90386990243488, -61.79700329099258, -57.706567848923285, -57.565987427618644, -58.51757214900577, -61.07638140071198, -61.990640464782715, -58.83012003905585, -59.01298814913665, 