{"status": 0, "spectogram": [[-18.634196623593567, -24.40925044471026, -23.907786119043827, -24.36250044417381, -23.803446843057873, -24.19601828953624, -24.15450043481588, -24.01183969655633, -24.412661137312654, -24.210536119699483, -24.04955398800969, -23.502964685857293, -24.117732600897554, -23.77294684824348, -24.43798259922862, -24.373107570528983, -24.18762542948127, -24.03360759311915, -23.4288754222095, -23.82916115179658, -23.715589684337377, -24.18685757112503, -24.34458971914649, -24.244357583224776, -23.839268277853726, -24.048357574284076, -24.31305400660634, -19.165053768068553], [-14.672731997132303, -17.306088428616523, -17.055802723050117, -16.708124196887017, -16.04340997111797, -16.316142110347748, -16.36792783045769, -16.99867778253555, -17.484409869790078, -17.399017012238502, -16.462481383681297, -16.013927866458893, -16.18796357393265, -16.85514210295677, -17.258874196887017, -17.610249146461488, -16.870195628762243, -16.2839099701643, -15.954177853822708, -16.356231407523158, -17.039356355190275, -16.904838487267494, -17.719552714705465, -17.407338454842566, -17.507552746176717, -18.00442772936821, -18.670945567250254, -17.828374290108684], [-22.993067052841187, -22.29990414190292, -21.95826186323166, -21.387564375877382, -20.495315294265747, -20.29378022289276, -19.919887450218198, -21.137993451118472, -22.09304711294174, -22.183154429912566, -20.6829756026268, -19.46915560865402, -19.56044127225876, -20.54320796108246, -21.61715372991562, -22.43165441942215, -21.31629739236832, -20.76938656997681, -20.189941117763517, -20.34786946439743, -21.8231892952919, -21.643244454383847, -22.544297502040862, -22.440314725875858, -22.483367925167084, -22.379172574996947, -23.101207042694092, -20.73822881555557], [-9.476375, -8.801, -8.713375, -8.872375, -8.5805, -8.793125, -8.7955, -9.15625, -9.347125, -9.256, -8.996125, -9.036625, -9.07525, -9.475000000000001, -9.419125, -9.409, -9.2165, -9.31325, -9.259, -9.479875, -9.73975, -9.378625, -9.97775, -10.072625, -10.2925, -10.570375, -11.117999999999999, -11.791125000000001], [-1.0671241269111635, -0.625964448928833, -0.4753929309844971, -0.38298198270797734, -0.23287457799911498, -0.3854458909034729, -0.3188208932876587, -0.4825891098976135, -0.8316607718467712, -0.941964388847351, -0.5181424646377564, -0.37060636043548584, -0.26980282640457154, -0.5064817023277283, -0.8382498846054077, -1.2220358085632324, -0.9297676501274109, -0.7867852716445923, -0.7751421966552734, -0.8734458823204041, -1.1810355405807498, -1.4635712499618532, -1.9075000667572022, -1.9086785507202146, -1.8910000143051149, -2.1020714702606202, -2.851303754329681, -3.368107171058655], [-11.051324996948244, -8.952556544303896, -8.360877690315245, -7.719037452697754, -7.257000848770141, -7.468607730865479, -7.39805412197113, -8.26109105014801, -8.760145471572876, -8.61887786579132, -7.6510367069244385, -7.4740353965759265, -7.676517737388611, -7.69864379310608, -8.420716361999512, -9.080020701408387, -8.035269322395326, -7.648161507606506, -7.471446610450744, -7.3116431922912595, -8.339055407524109, -8.165537464141845, -8.4046989068985, -8.468609430313112, -8.392591660499573, -8.264341631889344, -9.14550306892395, -9.034556487083435], [-8.746928266525268, -7.977532974243164, -8.344925539970397, -8.770763504505156, -9.491940669536591, -9.939207644462584, -9.72865416765213, -8.763459795951842, -8.508246812820435, -8.651711352348327, -9.450583670139313, -11.024723520755767, -10.595420367240905, -8.847547706127168, -8.132656605243684, -8.090979105472563, -8.380655995845796, -8.426672541618348, -9.351331701755523, -9.094403978824616, -8.010906247615814, -8.52444209432602, -8.236228919506072, -8.373907157421112, -8.078300166606903, -8.011764508724212, -8.44389025402069, -9.766194071292876], [-10.24731551361084, -7.276353328704833, -7.55601355934143, -8.833154691696167, -10.6817598361969, -11.6200092754364, -11.899955516815186, -9.726297330856324, -8.493406202316285, -8.221049451828003, -10.717903070449829, -13.543632469177245, -13.400061290740968, -11.29251007270813, -9.56381565093994, -8.62717436981201, -10.305618448257446, -11.66317041015625, -13.113633235931397, -12.710883773803712, -10.520958034515381, -10.37620796585083, -9.451763311386108, -9.773941423416138, -9.642530845642089, -9.759209518432616, -9.79885338973999, -11.252299802780152], [-19.078630074501035, -22.612040477752686, -23.407700175285342, -26.011965103149414, -28.412408350944517, -32.29954859638214, -34.237010296821595, -26.601696860313414, -24.310735894203184, -23.454878960609435, -28.749319011688236, -32.911279022216796, -36.67634796333313, -30.588069011688233, -26.108430210113525, -23.811664875984192, -26.361553910255434, -29.971461669921872, -33.862494304656984, -35.050225714683535, -26.953162331581115, -26.662108026504516, -24.84741512012482, -25.420146610260012, -25.584379536628724, -25.8279684009552, -25.399255647659302, -24.27061053276062], [-29.307167212486267, -27.301671435356138, -26.424598099708557, -25.98396969223022, -26.017091839790346, -26.666376072883608, -26.677500944137574, -26.381041563034056, -26.850795413970946, -27.05393758201599, -26.428449002265936, -26.861408177375797, -26.68174784851074, -26.39160947418213, -26.63477501010895, -27.067742236137388, -26.38695134830475, -26.010769368171694, -25.603195860862733, -25.696089745521547, -25.81204157447815, -26.085898839950563, -25.885188320159912, -25.798454878807068, -25.856419060707093, -26.302830911636356, -27.713600119590758, -28.68832976722717], [-32.866125, -32.776125, -32.496875, -32.212625, -32.254375, -32.753875, -32.805625000000006, -33.415375, -33.835125, -33.971250000000005, -32.640750000000004, -32.714625, -32.544125, -33.089375000000004, -33.204125, -33.914, -32.655125, -32.264, -31.861375000000002, -31.980625000000003, -32.6175, -32.43375, -34.09175, -34.115375, -33.711124999999996, -34.652, -37.001875, -36.3865], [-25.718182117462156, -23.948022446632386, -24.53368398284912, -25.34132755851746, -26.01534042072296, -26.594606395721435, -26.999391733169556, -26.210236422538756, -25.885433925628664, -25.84857607650757, -26.41569735431671, -27.599242687225342, -26.55731692123413, -26.05075060081482, -25.324381016731262, -25.049076173782346, -24.941005538940427, -26.076928678512576, -25.662568895339966, -25.49033887004852, -25.029702607154846, -24.771113496780394, -25.095595072746274, -25.270292015075686, -25.22950654602051, -25.70345201206207, -27.018968725204466, -28.150662251472475], [-38.4590687828064, -37.850657584190365, -37.98280037403107, -38.16274609756469, -38.220640195846556, -38.87630051898957, -38.97115743350982, -39.633407547950746, -39.25951480579377, -38.76767532920837, -38.60501494693756, -38.01123032474517, -38.9481047039032, -39.43474722671509, -39.33081892967224, -39.1710684261322, -38.56737183856964, -38.53731939888, -38.2127117729187, -38.594300248146055, -39.21238970756531, -38.87065766811371, -39.23130045986176, -39.704228989601134, -39.92437157917023, -40.66826490306854, -41.50626510906219, -42.90421097564697], [-42.62637424659729, -42.21794721031189, -42.752250427246096, -42.868340044021615, -43.23575002288818, -44.439767225265506, -45.280105068206794, -44.016357597351075, -43.18569915962219, -43.79855493736267, -43.66862413978576, -44.73469515800476, -45.2953196144104, -43.71083980369568, -42.27927021598816, -42.53239477539062, -43.00405428504944, -42.756392940521245, -43.46753369903564, -43.57687337303162, -42.46248348045349, -42.29442976760865, -42.65557295227051, -42.89905467414856, -43.07060837554931, -43.1086984386444, -44.630805536270145, -45.64384109687805], [-32.026130266189575, -31.776058149337764, -31.77596866607666, -32.94318308258057, -33.38812915992737, -34.06350453186035, -34.29352200508118, -33.884772348403935, -33.22054155349731, -32.9823089389801, -33.62389669799805, -34.32986183547974, -34.11648703193664, -33.72445069313049, -33.349737718582155, -32.593898307800295, -32.73052356529236, -33.22311185455322, -33.3892900352478, 