{"status": 1, "spectogram": [[-14.103787915390361, -13.50552326946356, -13.01207554193936, -13.991544939771295, -14.731829524053607, -14.411779514317912, -15.665574189419031, -16.48190976898433, -15.110999933770707, -14.817367625474319, -14.999411067366601, -15.08623508913481, -15.348075720446754, -15.645458157646715, -15.486713399349135, -15.631522174090465, -15.034809112767787, -15.082598554983736, -15.326227525096163, -15.630553972005846, -16.133481984576992, -17.3772118360227, -18.1460007820683, -17.66767515110938, -16.707053937345744, -16.306751819430524, -17.33435147288534, -15.553786273987573], [-12.235774481925715, -9.241170094481532, -9.158843609514285, -8.761500413775446, -8.762784821983498, -8.736689181544353, -8.166958222864858, -7.859125151480953, -7.829625228064425, -7.693236206849006, -7.975169930517673, -7.974664799837431, -7.86972224716263, -8.210828094875339, -8.283246395576981, -8.568743771551798, -8.938510527163132, -8.891571748018265, -8.879520723213945, -8.95622979035668, -8.816340816280109, -9.095251736355031, -9.422745099512884, -9.30351542494251, -9.380437744796277, -9.41885751162265, -9.40790963501222, -9.887989669498083], [-15.7907536972791, -23.628328527061278, -24.781415750651945, -20.802074425697327, -20.9755055431541, -20.393736825461392, -17.133345656925417, -14.891779710458295, -16.568455056506878, -16.44304281096552, -17.184457635641095, -17.14559659812887, -16.10413561790322, -16.550278865030858, -16.423247086135742, -17.300602339768744, -19.464285718518852, -19.12041320133209, -18.981233046945196, -18.39672643364685, -16.961098745117734, -15.845299281412034, -15.805854411684669, -16.23830522911901, -18.061653854131695, -18.24333450096052, -16.933474592719627, -15.036816230950237], [-13.587392467677592, -9.548357175827027, -8.732794659495354, -7.77325, -8.717455618619919, -7.262330493450165, -10.456812010288239, -13.64602674150467, -11.992927848815917, -11.549098170280455, -10.543375, -11.915741425514222, -12.851116579055788, -13.691097823143004, -13.56856222820282, -12.796929595947265, -10.561464229583741, -11.597625, -13.024437462806702, -13.655527528762818, -15.527606155395508, -14.339927825927735, -14.560035606384277, -14.85075025177002, -14.38275, -14.83335629272461, -16.497331079483033, -13.775021949768067], [-4.284284056408114, -1.54950846456997, -1.345269731149378, -0.9502040226459503, -3.1657210245521985, -1.5419889115313417, -3.933910049029611, -8.52971530321662, -4.689863501178618, -3.9009043417220344, -4.014981904029846, -5.099943993510067, -6.507335027782464, -8.16845543919274, -8.257479510112592, -7.9499353396310255, -6.635384459320427, -7.877249400138855, -8.977076180983625, -8.278419822045826, -10.624416518522253, -13.404055410254237, -15.334064628499059, -14.564877680024127, -11.628634087800979, -11.522866929963428, -14.642527758365118, -15.301993399031824], [-20.04778860292452, -25.396904519767105, -25.711584070215366, -24.89829173898697, -30.14535215930067, -29.014481521120214, -20.265218948305517, -16.563301956526907, -18.36644350777766, -17.650514349635742, -18.885684544086455, -18.95644919393507, -18.214566125403216, -18.594468209353643, -19.26661510774047, -18.916343582572136, -22.436068188696744, -23.921273359775547, -23.580524551080277, -22.342978055652768, -21.185376214328134, -17.296940147040964, -16.670833788998642, -17.036560109556174, -19.42710542011261, -22.082883642505795, -19.954831065957112, -18.255999193237486], [-15.421478927947154, -21.158683701622255, -19.225384306876066, -21.980704568386077, -27.764588985287944, -24.83471774130845, -25.415911442432982, -23.74372685755621, -26.27532225669991, -28.58670521202771, -29.18753505396843, -27.81055417845077, -27.725546601311592, -27.767805145860496, -29.440261498394744, -29.315969862244046, -31.792662683793367, -32.32980514597893, -30.92754618343472, -31.887438043228936, -30.58470636132153, -36.80772366620248, -36.353346676015335, -40.73990293962339, -36.86471095442772, -34.91174566027492, -38.67853201610377, -35.685048508799184], [-23.35652046333115, -29.813062529598003, -30.930580854897485, -18.694689454078674, -23.764730418020374, -18.553535960488936, -17.563892937922493, -23.211452261224608, -23.176789206770355, -23.45238037619287, -20.855626439094543, -18.72335681132936, -19.431266857712906, -19.678715540827383, -18.785117157371293, -18.27550030011684, -16.570054199958467, -17.473311491012574, -17.698156538983067, -18.609703662852787, -19.161189819954338, -24.755611264667706, -32.276344572820435, -27.906700744454373, -24.990161707878112, -20.618604429905652, -25.423335879383085, -30.687663230571488], [-28.58266174632461, -32.35352072481716, -31.097286826578923, -37.57343603372574, -40.50483550596195, -41.03010561380613, -36.34653981078331, -35.00576551174569, -43.38716652075759, -43.73161674804025, -40.1862370057106, -39.115817690410935, -39.46034712488117, -37.47595198517173, -36.724911947899756, -34.46248536679037, -35.07017683846701, -34.419846560001375, -33.75099247683329, -33.537646163998836, -34.4075891479149, -32.317781258407976, -31.696932071685204, -33.165936200416795, -35.22345289325715, -36.06868568480547, -37.560898049325175, -34.42784829469761], [-37.599726045935974, -47.525119036264876, -44.37860047380544, -46.82485543060303, -44.331827338068265, -46.070618723791654, -38.11977119116718, -35.46603535932329, -39.769376901351855, -40.353564683555156, -39.78515417480469, -39.10637768446694, -36.81368068629997, -35.47514595767276, -35.49600796820061, -35.260217266337676, -41.47658682165338, -40.92176638078689, -38.65891622381819, -37.802640994404214, -35.455174753659904, -34.71952125766778, -37.54101830205326, -37.45613689384265, -38.698230720520016, -40.44236523187393, -40.59093308522164, -43.536880481083465], [-40.33389161409437, -48.78008907747268, -51.10139289045334, -48.31175, -46.685954828977586, -48.32591116428375, -45.13752673578263, -44.0609911904335, -44.63958024168015, -45.14115181827545, -44.7993125, -44.88816972446442, -44.480732791900635, -44.73551778602601, -45.602079442024234, -44.546741926193235, -45.085080721855164, -45.3460625, -46.91029440402984, -45.39684827613831, -46.95115895843506, -47.921869106292725, -49.36091080093384, -51.064958501815795, -50.830125, -50.19077375221252, -50.584338787078856, -50.788583667755134], [-44.20023670367126, -52.743753868356215, -55.85517350020435, -55.206551781654355, -54.76361675275425, -54.703339658310064, -52.746006044465375, -52.38807524873749, -49.43584035050448, -53.29189608293749, -56.67089681959152, -52.37183884141059, -54.94317220609717, -55.71511217295532, -55.790885040744456, -49.940920032450656, -50.132288345999584, -51.79083558273315, -52.53671243910056, -49.54592648518867, -52.82068630847911, -53.301974227463916, -52.18677769807841, -51.940615428077685, -49.292718361854554, -51.769258671044376, -57.09504050099987, -52.936820662938636], [-47.488335386434414, -61.68375847676333, -67.05454297406817, -62.14863413953781, -61.74698649636523, -61.97103586695151, -63.46400475694614, -60.171801964000196, -60.82236941070928, -63.37053367826874, -64.39005477809906, -60.8608444404406, -60.38374130171025, -61.051189554583374, -60.61122487238343, -59.9407124728891, -59.37138066535083, -57.303196945190436, -57.57182661909997, -57.167116977730586, -56.54297505205527, -55.62577596864588, -56.44635155971665, -56.30681727738941, -59.50538844680786, -58.61139446405018, -59.36723326153826, -57.95689831096234], [-41.8847802640435, -47.31428673103398, -44.91345808175394, -43.49315768814087, -43.94548817638462, -41.25145185038538, -40.597798028508095, -40.87125306498278, -40.852693311067235, -43.06832400205232, -43.74567896747588, -43.51769237533868, -44.38974499939917, -45.41393244303466, -48.128959374174315, -47.434590321249736, -48.65125983962236, -50.908325671195975, -52.50647455363199, -51.07055198772633, -55.69642347394268, -53.55545451656258, -56.51970452404048, -58.09271162957043, -59.939730390548704, -60.78440355171735, -59.96633809153709, -60.91373203635635], 