{"status": 1, "spectogram": [[-40.597205252334476, -55.417767645180234, -56.34289266717435, -57.53045514382422, -55.08183916869759, -61.101553401857615, -57.0780535081625, -59.34073208206892, -60.414812526777396, -56.220428436875345, -56.305178380817175, -59.965231841236346, -55.79391947941482, -57.31030346730352, -60.18167831206322, -59.12445518051087, -56.56800880210101, -57.364339150637385, -57.76577664540708, -56.46518743760884, -60.65786592771113, -61.32063375781476, -54.959571437239646, -57.79216057887673, -56.76797308562696, -56.93732150688767, -59.51332129535079, -54.60387480688095], [-10.722170259296892, -10.513732697963714, -10.063607702732085, -10.387402368485928, -10.935929213523865, -10.700768448472022, -10.655830913364888, -9.908268328547479, -9.483009366095066, -10.191866594731808, -10.372866605222224, -10.38808985197544, -10.789500612378118, -11.150964907765388, -11.274777404844762, -11.005688091933727, -11.110411288261414, -11.30652739328146, -10.921589881777763, -11.409572077989578, -11.175741697490217, -11.721482797503473, -11.089795232594014, -10.784616622388363, -10.820643419981003, -11.35271490764618, -11.632339933276176, -11.154268450975419], [-33.080014575004576, -33.632317803859706, -32.74900586628914, -32.31505878901481, -29.71737998890877, -32.162103213787084, -33.6084769821167, -35.513102992057796, -35.62809533762932, -34.50420204997063, -34.466139057636255, -33.463914239645, -30.749022777318956, -31.49619191503525, -31.788379725694657, -32.58275433707237, -33.18595237898826, -32.421378557920455, -32.388879810094835, -29.651612186670306, -30.9742372071743, -29.809612125635148, -32.692986283540726, -34.24309389281272, -33.731014821052554, -31.408540201902387, -29.927040312528607, -32.42520104002953], [-32.94775, -47.1945625, -45.580187499999994, -44.457812499999996, -41.795500000000004, -45.181, -52.937875, -43.788000000000004, -40.1216875, -49.685, -45.028687500000004, -45.5738125, -42.171125, -46.07875, -45.055875, -43.753875, -43.91475, -47.839625, -45.9780625, -40.9546875, -43.069125, -41.339375000000004, -44.372125, -47.9336875, -43.9440625, -42.45881250000001, -43.0870625, -42.902437500000005], [-4.45816746211052, -5.334426000118255, -5.351550868034363, -5.751532793998718, -7.1151927919387825, -5.923264940738679, -5.228702690362931, -3.5201678445339204, -3.2803735103607177, -4.617970991373062, -4.579533330917359, -5.266693692207336, -6.005639764308929, -6.569710960865022, -6.281335986137391, -5.9081040740013115, -5.443943644523621, -6.141380704164504, -6.023318344116212, -7.0806748929023735, -6.62309476351738, -6.982603340148926, -5.7606666061878204, -5.021550993442535, -5.3752919332981115, -6.412175306797027, -7.12486225104332, -5.8214880077838895], [-10.381219464302063, -16.44219687795639, -15.757696985721587, -16.508038261890412, -13.78916274213791, -14.772643231868745, -18.38789570951462, -23.645822912693024, -25.552309533119203, -19.74259893894196, -20.31253812170029, -19.033869050025938, -16.297555286884307, -17.612959423065185, -16.454082124710084, -18.100895267009733, -18.66376957178116, -19.359924925804137, -17.89635914182663, -16.070412988185883, -16.732930769443513, -16.68336024045944, -19.21398539018631, -21.387172814369205, -20.251207223892212, -18.900423540115355, -17.742423110961912, -20.25519141483307], [-20.508416554689408, -31.216212071895598, -31.945273569822312, -32.663581044912334, -30.597505775213243, -31.765962061882018, -38.26333771419525, -34.501297578811645, -30.069472816944124, -35.89930225968361, -32.14468823456764, -32.404973087072364, -33.04605119371414, -41.32604034996033, -37.26916220712662, -32.89951740837097, -32.561335940361026, -38.8018251297474, -35.051011240005494, -31.08573840546608, -34.081214841365814, -31.95097443032265, -33.09309964632988, -37.90989303207398, -34.48680507469177, -32.708284801006315, -32.07209845614433, -37.77573295927048], [-16.70101495552063, -21.050556563377377, -22.11693113040924, -23.261064188003537, -26.1792668466568, -22.374430665016177, -21.911744194030764, -18.910668620109558, -18.09866156768799, -19.56623710536957, -20.14261113834381, -21.502198945045475, -23.49905412197113, -26.16457076740265, -24.586509101867676, -23.04541166973114, -21.730778900146483, -22.935455854415896, -23.554331407547, -24.366811162948608, -24.528374249458313, -24.636141072273254, -21.99470675086975, -20.65813708305359, -21.755386417388912, -23.39431257629395, -24.954935958862304, -22.340804759025573], [-14.812759204387667, -17.11270461988449, -16.7603924074173, -17.567053558349606, -17.6180285153389, -17.014884228229523, -17.598883168697355, -18.894461067199707, -20.273522140979765, -18.503534049987792, -18.100284273147583, -17.57907102108002, -18.088804412841796, -18.245492569446565, -18.35474197244644, -18.93511653280258, -18.893874821662905, -19.195974114894867, -18.53128620815277, -19.025653718471528, -18.530796157360072, -19.068359152793885, -19.040232467651368, -19.11503485965729, -19.150231828689574, -19.021197497367858, -19.14426088476181, -18.811348707675933], [-13.521725442886355, -12.959199855804444, -13.233448001861573, -13.490705957889558, -13.517396374225617, -13.083633105754851, -14.440574827194213, -17.69718418169022, -19.800863850116727, -15.013738680839538, -14.72830013513565, -13.6672608294487, -13.741507370471954, -15.180388893127443, -14.824390017509458, -15.024026097774506, -15.445241876125337, -14.947095937252044, -15.524722321987152, -14.630886343955993, -14.65631702518463, -14.215957427978513, -14.544588808059695, -15.708200164794922, -15.824359337806701, -15.181692909240724, -14.992627644062042, -15.218106050491333], [-29.052875, -30.121, -29.4266875, -29.70775, -31.2884375, -29.82625, -28.098125, -27.932875, -29.775375, -30.162, -29.429624999999998, -29.18175, -29.988500000000002, -28.725749999999998, -28.4496875, -28.759500000000003, -28.28275, -29.6463125, -29.154125, -31.519625000000005, -29.967, -31.6486875, -30.644624999999998, -28.537875, -28.82025, -29.6751875, -31.4339375, -29.723374999999997], [-41.12993322992325, -39.97510735702515, -39.28379499578475, -43.86550087785721, -45.62685855197906, -44.38731184005738, -40.16132576465606, -34.54895183610916, -33.94597293519974, -37.770211605072014, -39.011393447399136, -42.34177379655838, -46.64745980119706, -50.63477374982834, -50.53315143060684, -48.35747748708726, -44.187057898044586, -50.769614748477935, -48.55587061643601, -43.31388519859314, -47.851725069522864, -47.951598581790925, -47.211793081283574, -42.658164239883426, -43.92939987516403, -45.61331881189346, -51.12574643707275, -49.600655576229094], [-31.285533233165737, -31.601666110992433, -28.885978150844572, -28.476245454311375, -26.656510888576506, -27.752548008441924, -28.962987484931944, -33.615275193214416, -36.06092647504806, -32.50713973379135, -33.39526572847366, -28.71335267972946, -27.327886789798736, -29.04335943698883, -29.179172014713288, -30.84933382463455, -31.965521950721737, -30.360252982139585, -29.74419066095352, -29.704912407875064, -29.842162861824036, -30.113322595596316, -31.255512672901155, -33.24349674177169, -33.15637099313736, -30.71085982131958, -30.242483507156372, -30.892655193805695], [-47.247670753479014, -50.665371657371516, -51.942808698654176, -51.21030199527741, -48.91492311286926, -51.06389165019989, -52.08607433128357, -54.983857330322266, -54.214477643013, -57.63576179790497, -56.812009860038756, -56.65166614913941, -52.83871471118927, -51.10280622768402, -52.439867023468025, -53.18563291740417, -52.034872490882876, -51.50347368621826, -52.71172218132019, -49.75947746276856, -50.91945760726929, -48.0620136013031, -52.51356963253022, -54.78760102939606, -54.854307735443115, -52.41064424419403, -51.596709867477415, -53.69928502178193], [-41.77316006374359, -42.438866884231565, -41.8048657913208, -41.8679844827652, -40.86904337978363, -42.26126869106293, -42.69226880931854, -47.25730298042298, -45.37539402389526, -45.74626192188263, -47.60932355499268, -45.31204179954529, -44.91606439781189, 