{"status": 0, "spectogram": [[-30.09217853322625, -46.64601778230071, -43.47364266717434, -47.83722310303152, -46.34501766452193, -46.47305328464508, -47.82542849990726, -48.73192844593525, -47.90842846924066, -42.53936596922577, -50.76449100442231, -46.24678558441997, -43.42810707706214, -43.84032145398855, -45.91207122004032, -48.27356239931285, -49.23869637939334, -47.965482003927235, -44.10204466105998, -47.850044440105556, -45.8990891084373, -45.12841047954559, -44.0059106027782, -44.32983013667167, -46.40474075444043, -45.76783919328451, -45.20396402844787, -41.80739264386892], [-4.0086700981259344, -1.9660537701845169, -1.9908662393689158, -1.9580090975165367, -1.8103483883738516, -1.8723216253519057, -1.8762591207623478, -1.435125165939331, -0.9870091115832329, -1.967634142100811, -2.2526966073513033, -1.8355805208086968, -1.3525001696348191, -1.0998662264943122, -1.9596787639856337, -2.0111876584887507, -1.8044287083148958, -1.6271876173615458, -1.5308751146793367, -1.4179733197093012, -1.6551965532302857, -1.497053681254387, -1.0303661645054818, -1.641437656223774, -2.3622769375443458, -2.1212501289844514, -1.1495626427531243, -1.1051430079936981], [-28.162624496459962, -43.74411684823036, -50.739304313182835, -49.02467904949188, -47.897937817335134, -48.194830837965014, -43.57295502400398, -43.58127676320076, -45.88320677065849, -42.08040287375451, -43.77508985376358, -46.5421696794033, -44.55637522411346, -43.305054059505466, -47.390305441856384, -44.84746480035782, -42.3898572101593, -43.03824094605446, -43.28361644530297, -43.68080230951309, -46.294196791648865, -51.91180368804931, -40.679240254163744, -42.7825165028572, -43.02125863575936, -42.14874108576775, -48.46824168562889, -41.32471486377716], [-22.2416875, -31.3388125, -32.462312499999996, -30.274, -31.540812499999998, -35.06425, -29.97875, -29.445875, -29.107937500000002, -30.335874999999998, -28.774874999999998, -31.22925, -30.3419375, -28.6533125, -30.283874999999995, -30.7978125, -27.671062499999998, -26.265562500000005, -26.713125, -26.560625, -27.65075, -25.80525, -24.467375, -30.296062499999998, -30.0000625, -27.990125, -29.125874999999997, -31.9234375], [-15.578366152524948, -13.162607735157012, -14.657170608758927, -13.490304527759552, -14.24224196076393, -13.831750667572022, -12.879125696659088, -13.104884991884232, -11.63265264391899, -10.686571908473969, -12.445322278976441, -12.635188563108445, -12.43623311328888, -13.106635107755661, -11.961947171211241, -11.89437605237961, -13.04128711748123, -14.0633141310215, -15.168626693725585, -15.504617994546889, -13.020376560211183, -14.122466105937958, -14.292591321468352, -12.851822553634644, -12.377322625160216, -12.452349663972853, -14.077536962509154, -13.543197663784028], [-42.02017337989807, -33.03119858837128, -37.55069839096069, -37.476046575069425, -36.58191265773773, -40.31342767238617, -38.20318018150329, -38.91601044988632, -40.8459029545784, -35.53824435472488, -36.021303558349615, -35.97213613080979, -36.59771536159515, -40.38752651739121, -36.00627779626846, -39.939206399440764, -38.540548629283904, -34.894575756073, -35.84488248968124, -42.015275694370274, -37.872544719219206, -35.36237767314911, -43.208121723175054, -35.46542882537842, -38.66738623094559, -43.5464569144249, -45.499956138134, -37.75920628881454], [-25.130549190998078, -22.51508497214317, -20.899209997892378, -20.57517380642891, -21.882018968105317, -23.264823789596555, -23.320256645441056, -19.57523214864731, -19.140251207828523, -22.644319845438005, -20.30200445795059, -18.33445742869377, -19.791985085487365, -17.810398468494412, -20.741647557258606, -19.008563312292097, -16.54953137087822, -16.42542454314232, -16.670863720417024, -14.383399813175199, -16.50270854306221, -15.083639590501784, -12.058767274141312, -17.888155501127244, -16.79808228564262, -15.50635105586052, -19.343911153316498, -17.650011865377426], [-16.38016747379303, -17.06207861995697, -17.909955622673035, -18.02682963848114, -16.182222882270814, -14.953964735031128, -14.446589250564575, -16.185636858940125, -16.438349255561832, -14.651254616737369, -16.427510251045227, -16.396296833992004, -15.686653195381163, -16.988671202659607, -16.539107021331787, -19.0828030872345, -19.77704537677765, -19.793787344932554, -21.833358585357665, -20.914443433761598, -21.59259523010254, -19.236843396186828, -22.850035072326662, -16.65336776447296, -19.55429080200195, -19.46746759414673, -17.290528216362, -18.2472775182724], [-27.169752930164336, -32.18817966413498, -34.096431230068205, -30.68602238321304, -31.625100629806518, -29.044002485752102, -30.603500141620636, -27.559914454936983, -27.417451529979708, -26.54827857398987, -28.829966667652133, -31.77402733802795, -30.10115297222137, -32.795046334266665, -30.81141878414154, -28.149576362133025, -30.54635269355774, -28.803722438335416, -36.473657100677485, -34.280291887760164, -30.905256915569304, -29.01932915353775, -32.02139375495911, -28.187477292060855, -30.626628643512724, -29.724774188518523, -28.538586248397827, -34.79213496208191], [-31.399100121498105, -38.97402726650238, -35.52803166675567, -32.1847528719902, -35.122899214267726, -43.14294691324234, -34.80114503765106, -37.93033044719696, -33.5637641954422, -30.51276680469513, -35.14901811790467, -38.376517619609835, -35.06491408205032, -38.33822158813477, -41.63647644329071, -37.079582235336304, -37.80090264081955, -32.9176524977684, -37.198147130489346, -37.67495136070251, -39.03294798231125, -36.36474907445907, -41.50617113208771, -35.63371977138519, -35.97277657413482, -39.458113208770754, -38.45843757486344, -34.905223527908326], [-37.030375, -39.569375, -42.071875, -39.718375, -39.590999999999994, -38.4795625, -41.945, -40.17031250000001, -39.91175, -37.227000000000004, -39.368125000000006, -42.8125625, -40.14337499999999, -37.643375000000006, -41.80225, -43.2433125, -42.3046875, -40.320125000000004, -41.505750000000006, -44.9626875, -44.0319375, -45.82925, -40.7328125, -45.0576875, -45.0981875, -40.8835, -44.344562499999995, -41.250125000000004], [-47.54779493570327, -41.37471856212616, -43.99027167367935, -42.86112261676788, -45.926836684226984, -45.49179535341263, -50.263040463924405, -45.22355247974396, -41.784534859657285, -43.27946538925171, -42.69553298902511, -53.69010188961029, -48.39626376628876, -44.8757832403183, -44.64678562927246, -43.442363567829126, -49.18781581687927, -44.18365830898285, -48.66753307723998, -45.08589518642425, -47.117179356575015, -49.50167002105713, -46.22467422389984, -48.9956408405304, -46.57852562475204, -45.482177983284, -50.460360002994534, -45.37127971553802], [-47.41624065160751, -47.438366629123685, -48.15217975234985, -49.969981291770935, -44.13925921869278, -44.65501441001892, -45.25851756191254, -45.24316016197204, -45.41699788570404, -47.23499146032333, -44.65367377853394, -43.97514819383621, -45.9834618730545, -42.87217877292633, -48.17023961591721, -48.46864004898072, -43.82864910364151, -43.976016712188716, -43.80720322561264, -43.00266788053513, -44.434658186912536, -40.94486384534836, -40.966802855491636, -44.0931748828888, -43.759701273441316, -42.07113115262985, -43.92388176202774, -46.441704463481905], [-39.67478178882599, -37.27278114032745, -40.71902734661102, -35.77840296268463, -37.61498336791992, -34.06704820728302, -34.58948593902588, -35.19339340019226, -39.984546965599066, -38.31497738170624, -34.61253728103638, -35.63531296825409, -38.725188452720644, -42.919592330932616, -38.132905585289, -39.75242924499512, -38.06792693138122, -37.87190997886658, -42.682281265258794, -42.49184396266937, -40.5746312417984, -40.21966599750519, -41.46472998809814, -40.90823222160339, -39.80598250198365, -39.339273930549616, -41.66646426391602, -45.86459112548828], [-54.11404320049286, -48.09708728790283, -51.501278225898744, -52.79590146541595, -50.78358325099945, -47.47478797531127, -49.494100794792175, -47.00727781581879, -50.98861620616913, -52.06091067886353, -47.48947915363312, -49.43274930000305, 