{"status": 0, "spectogram": [[-28.18991961674392, -49.90594617930055, -53.405571224540466, -52.04041057148575, -49.914615948453545, -50.41862475121021, -49.06243736205995, -50.52957117784023, -48.836303353011616, -45.170231887549164, -43.679044351235035, -45.28476757049561, -46.89675866131484, -48.35198198229074, -51.73310702437162, -48.464830153122534, -51.03324092535674, -47.64577661602199, -50.27115154491365, -49.70001771596074, -49.660178342908615, -48.93447301663458, -50.366098057881004, -48.78320506434143, -50.7658657605797, -49.29686575965583, -49.91436578647793, -48.622035686433314], [-10.048179546117783, -7.688330953657627, -8.34689350116253, -8.31571490740776, -8.149509524285794, -7.611411289691925, -7.58978628373146, -7.443223772823811, -7.812509505450725, -8.24087558364868, -7.971000560045242, -7.666089838266373, -7.867036288619042, -8.252625597000122, -8.175438106477259, -8.6112506275177, -9.042143511891364, -9.050143508076667, -8.490580973446368, -8.41621489751339, -8.36867024976015, -8.602107769846917, -9.268357801795005, -9.168268481969834, -8.88698274242878, -9.311009562790394, -9.191822072267533, -9.672420303165914], [-19.184175906658172, -29.66288801431656, -26.728637231349946, -28.512852311134335, -30.167476648330688, -30.7694585852623, -30.010709730625152, -30.34779035449028, -30.303021478891374, -30.776128275156022, -31.841127547025682, -31.245280730247497, -30.367272955656052, -29.782351808071137, -29.123102360248566, -27.988593570470808, -27.186923224925998, -27.309985921621326, -28.90604859495163, -28.98718188214302, -28.802102837562565, -28.128494921207427, -27.647808423757557, -29.36070815229416, -30.353521545171738, -29.024843011617662, -28.820344152212144, -27.344432154417042], [-31.641, -41.9035625, -39.8359375, -42.401187500000006, -45.9843125, -46.702687499999996, -46.39425, -43.201, -45.941312499999995, -46.671, -44.2013125, -45.410312499999996, -41.6944375, -45.11931249999999, -41.456125, -42.8414375, -41.91918750000001, -40.9988125, -43.114125, -43.6025625, -41.334, -43.094875, -43.98168750000001, -42.0016875, -43.666625, -42.0124375, -43.0834375, -39.749812500000004], [-7.346533246994018, -4.928220177412033, -6.266156966209412, -5.911898386716842, -5.225416597604752, -4.473113306760788, -4.118613253831864, -3.746586617946625, -4.629139974117279, -5.449872092247009, -4.79637232875824, -4.2731135480403895, -4.780934682607651, -5.340746906757355, -5.550246788501739, -6.1095144014358524, -6.799844439268112, -6.90821944975853, -6.0275948717594146, -5.663202070951462, -5.149327208280563, -5.924353782653808, -8.284540767431258, -7.316719774007798, -6.324711213111877, -7.115862669229508, -8.370362359762192, -9.112049590587617], [-15.114124612331391, -17.277244400978088, -15.614620065689088, -16.587128818035122, -18.305835521698, -20.692641611099244, -16.91863663482666, -19.42830969285965, -18.891487419605255, -18.67187014770508, -21.79774858093262, -20.77444412136078, -18.72729045724869, -18.146496574401855, -17.373933448314666, -16.500049206733706, -15.013065614700318, -15.39258369064331, -16.661647045612337, -17.523809039592745, -16.440709593772887, -15.97919096183777, -16.30187835741043, -17.63018277311325, -19.134318054199216, -17.40841513776779, -16.034100315093994, -15.9179317612648], [-21.38113635993004, -30.376036818027494, -28.161720555067063, -31.841170199632643, -33.72122437310218, -32.18482678341866, -28.918829675912857, -28.48789880871773, -37.30219851589203, -35.51064877438545, -34.742091709613796, -30.663606533050537, -31.26616136455536, -35.43447111153603, -36.574100606203075, -30.437019296646117, -32.442719025850295, -39.95924422931672, -34.37150092840194, -28.355498101711273, -31.510705610036847, -26.072615675687786, -30.424617292165756, -30.925705233812334, -37.92939473009109, -36.80559797978401, -33.715162729263305, -32.65645722222328], [-11.992916152000427, -11.968697428703308, -14.155320092201233, -14.564803423881528, -13.504920625686644, -11.1736629114151, -10.743162751197817, -10.114788266181947, -11.679091435432433, -13.919876763343812, -13.0780026884079, -10.575440855026246, -11.47250222682953, -13.377429276466371, -13.267366804122926, -13.944276445388793, -15.107391503334043, -15.49063228416443, -14.01157126903534, -13.192473426818847, -13.028429003715516, -13.856482169151306, -17.519730525016787, -16.30236563682556, -14.856876200675964, -16.23849048233032, -18.419302378654482, -18.6916588010788], [-10.537830113887788, -10.037125505447388, -11.044626969337465, -12.797197531700135, -13.470732774734497, -11.435223002910613, -11.439847921848298, -11.033267504692079, -11.937374860763548, -13.112553654670716, -13.21124022912979, -11.390356287002563, -10.805526576519012, -12.021295272350311, -11.408357809066771, -12.583340635299685, -13.996341244697572, -13.833091291427612, -12.270653037548065, -12.13249194574356, -11.54909897184372, -12.260439051151277, -14.677564219951629, -15.842617518901825, -15.170473556041719, -15.91308186006546, -14.289019618988036, -15.679859642028807], [-17.942561500549317, -15.936990451335907, -16.35860976076126, -18.137068095207216, -19.4910710849762, -17.30242114686966, -16.994606748580935, -16.71932296180725, -17.147036082267757, -19.067123836517332, -18.35756460237503, -16.868895676612855, -16.374706046581267, -16.81894428253174, -16.149444459915163, -16.74935313796997, -17.29979730510712, -18.186100133895874, -16.943604079246523, -17.135255834102633, -17.04076540374756, -16.610844223499296, -18.589091496944427, -18.845316787719728, -18.72977421236038, -18.872718980312346, -18.410217006206512, -19.07417048835754], [-25.8214375, -26.39925, -28.1636875, -28.006875, -26.7755, -24.607562500000004, -24.4203125, -24.031750000000002, -25.5906875, -27.183125, -26.4984375, -24.938187499999998, -24.9895625, -26.410062500000002, -26.5575, -26.854812499999998, -29.3095, -28.698875, -26.058125, -26.6639375, -26.227, -27.2896875, -30.0074375, -30.003874999999997, -28.509999999999998, -30.667875000000002, -31.681125, -33.912687500000004], [-40.37961328506469, -48.583687503814694, -52.46161188459397, -53.768629951000214, -47.45537177562714, -46.27122982215882, -47.799416471004484, -44.17141448020934, -48.64737859869003, -48.43467487049102, -44.79249633264541, -44.11012457704545, -46.99207277774811, -50.747177201747895, -52.822985803604126, -54.86954257440568, -56.12468202733994, -52.53094688987732, -55.506256933689116, -56.53803199768067, -51.54699680089951, -53.71379419660568, -52.338359041213984, -56.4436588230133, -52.770227738857265, -55.79560547065736, -56.52960056114196, -51.40907186985016], [-40.10216399383545, -41.89501182317734, -39.8370099606514, -40.13833245325088, -40.88295937108994, -40.36359389114379, -38.698218865394594, -38.39161213111878, -39.262370379924775, -38.01735211038589, -38.659791470527644, -39.59163990831375, -38.996111910820005, -39.06499445199967, -38.787806809425355, -38.47326096105576, -39.82317960739135, -39.55455506801605, -39.112868847370144, -38.88460101556778, -39.93452088832855, -40.28981478261947, -40.75168903875351, -40.99238615942001, -40.4759320487976, -40.74665418672562, -40.415840630531314, -41.32175985479355], [-37.16754756355286, -36.28495608711243, -33.98971035003662, -33.50830604839325, -35.46680192470551, -36.26940640926362, -35.881407769203186, -37.783531805992126, -36.257419034957884, -38.95055328273773, -40.694986646652225, -38.109647260665895, -37.888203878402706, -36.976526985168455, -38.54709020137787, -35.88510174751282, -34.78897817993163, -36.043021199226374, -37.68251845645904, -36.79132265377045, -36.78522477340698, -36.80494916248321, -40.34870163249969, -37.45152935409546, -38.39598156452179, -37.522421667098996, -39.999987885475164, -37.69392548561096], [-36.8354312582016, -37.18345899772644, -38.07902664470673, -40.97897105884552, -39.11941628551483, -40.77730268192292, -40.2771789522171, -38.64502976989746, -41.186655250549315, -40.75205159568787, -39.2603005771637, -40.748299661636345, -39.000706429481504, 