{"status": 0, "spectogram": [[-28.148714194446804, -47.7768837467581, -43.362196407437324, -40.97825000751019, -43.97070513416827, -46.9061694445163, -46.52879445527494, -48.840848116859796, -48.827321239590646, -42.810910406708715, -46.608035490125424, -45.14231227554381, -41.213651534453035, -46.66144614851474, -47.577133797153834, -48.060258708462115, -48.75624087570607, -51.18352668957412, -51.42127681715787, -46.48133033467829, -47.52081234388054, -48.72442844220996, -49.405178463071586, -48.49834803406894, -45.74911576871574, -46.61176773869991, -51.1852675113678, -45.58750862018765], [-18.085552480459214, -28.93483745229244, -28.300587468504908, -30.331828385531903, -30.96462295639515, -30.048881981074814, -30.5628196079731, -28.65107893449068, -28.894141243815422, -28.994489363610747, -28.660176969408994, -30.017310750544066, -29.317436002314093, -30.37347170323133, -30.140784346938133, -31.99608770287037, -31.955828855454925, -31.98934660452604, -32.35053399717808, -34.488881839334965, -34.745640699505806, -34.18302468520403, -35.01371213519573, -33.5551855302453, -33.06737321007252, -32.55759663408995, -33.541658918738364, -33.57794454991817], [-33.319698783397676, -42.744172192335135, -37.01429447340965, -39.3756171271801, -38.067581245183945, -44.1141012942791, -38.63247670388222, -37.633924201250075, -39.014503370285034, -41.163119554758076, -39.622369293928145, -39.58376247954368, -38.28688730168343, -41.41523479747772, -38.60592196249963, -41.97152096748352, -41.81110175299644, -40.972815150022505, -43.884565171003345, -39.744964490890496, -47.78150251293183, -41.938535989761355, -45.50441181993484, -51.057646553516385, -43.77483273434639, -41.18519889688492, -46.022324877738946, -42.35357140207291], [-24.8335625, -27.47475, -25.946999999999996, -26.96625, -27.3701875, -28.986124999999998, -32.4296875, -34.986, -30.875687499999998, -28.761062499999998, -29.427374999999998, -30.408, -28.9124375, -29.329874999999998, -30.577624999999998, -32.8765, -33.0683125, -30.493187499999998, -30.2971875, -29.882437499999998, -31.653062499999997, -29.389062499999998, -31.031437500000003, -31.471375000000002, -31.455375, -33.75806250000001, -32.902312499999994, -32.7576875], [-30.394260246992115, -34.41383171486855, -28.778832329034806, -30.738343310356136, -29.086714688301086, -39.15282378673553, -34.42457089853287, -35.12543581080437, -34.16056190609932, -34.36065332579612, -32.60265236496925, -34.20064343976974, -31.663939614057544, -35.589296360731126, -32.6296708881855, -36.119348424673085, -33.69361742281914, -33.57551062560081, -35.4897611105442, -30.963529068231583, -37.44809243440628, -34.748501777172095, -37.33681534171104, -34.91828685855865, -34.30110030198097, -35.24402550244331, -38.02046548891067, -42.55351991510392], [-18.695148189544682, -24.310094756126404, -22.257033784389495, -24.24864585876465, -25.817577585220334, -27.73004372119903, -36.116042466163634, -38.22367278909683, -32.489245270252226, -28.55797675561905, -29.359163153648375, -31.15394225549698, -28.584087552070617, -30.249117319583892, -29.378552691459653, -36.486291367530825, -33.28008691596985, -29.948100486278534, -29.39441486644745, -26.58923873996735, -28.715012579917904, -25.11062220621109, -27.361874639987946, -27.588622566699982, -29.17978994369507, -34.05760307073594, -29.77747799921036, -28.401740508079527], [-27.19397674369812, -29.819275219202044, -24.6029661488533, -29.30625513982773, -28.83341065359116, -32.730069024086, -28.53200213742256, -26.22456019496918, -28.23237469124794, -29.817449609041216, -28.141265215396878, -29.389957437038422, -28.624048208236694, -31.84691960763931, -29.546175216674804, -30.109419308662414, -28.506201251268383, -31.828056921720503, -31.77193749642372, -30.27614597463608, -35.507324368476866, -31.831562597990036, -34.49631582093239, -34.45784843039513, -31.18836219668388, -32.38962637066842, -30.58225577521324, -36.9958550581932], [-13.741261272430421, -19.342608351707458, -15.830240752220156, -21.616944016456607, -21.227827917099, -23.415753390312194, -29.451868685722353, -27.14385748195648, -30.505209736824032, -25.374297099113463, -28.267609588623046, -31.489698606491086, -28.964130188941954, -29.19161830997467, -26.56393084526062, -33.59253927993774, -31.913050489425657, -30.12011422252655, -29.194366612434386, -22.594171371459957, -22.050533031463623, -20.0291751537323, -23.177615965843202, -22.729345863342285, -25.102524505615236, -35.96717770767212, -28.111062986373902, -23.075220170021055], [-18.064313033580778, -25.997910263061527, -21.704534854888916, -15.678970583438872, -21.32162382698059, -23.126859087944034, -28.81091865873337, -27.387223490238192, -29.661756861209867, -25.499945309638974, -28.585822800636294, -31.42317144727707, -24.468524093151093, -27.9324080286026, -27.610910977363588, -30.9605079331398, -24.715165544033052, -26.932378532886503, -27.201443192481996, -20.67645372056961, -25.77071294975281, -27.94798264598846, -32.172419964313505, -30.37728732299805, -29.993872304916383, -32.00828838253021, -30.626971904277802, -34.45159854269028], [-18.53244853258133, -19.55749303340912, -23.46636449432373, -21.441409324646, -20.67418983268738, -18.675681953907013, -19.501312532901764, -20.88135386705399, -19.170214665412903, -18.65784668588638, -18.739347670078278, -18.125570657730105, -17.209536015510558, -20.626408452034, -20.23872263288498, -18.952704912662508, -22.017250686645507, -23.194765585899347, -24.191949373722075, -24.187404372215273, -24.009902701377868, -22.31505402708054, -20.717804238796234, -22.095858595371247, -20.89342467021942, -20.186392039299008, -20.87638792514801, -21.75344721078873], [-19.976375, -17.480375000000002, -18.851937500000002, -21.6519375, -20.928125, -19.9408125, -20.1674375, -25.446125000000002, -20.708624999999998, -20.705, -18.20425, -18.9690625, -20.9384375, -22.0675625, -23.261499999999998, -22.23225, -24.3245625, -24.505875, -21.4775, -21.19075, -20.8894375, -20.5186875, -20.1739375, -20.1715625, -23.4320625, -24.602062500000002, -23.011312500000003, -23.470937499999998], [-29.995859271049504, -28.159628295898436, -29.312632676124576, -29.716111273765563, -30.229520495414732, -29.854671597957612, -34.213162728786465, -36.895800691127775, -32.63195910930634, -31.189846099376677, -30.807782044410708, -31.394173960685727, -33.93460237884521, -34.240612040042876, -35.66073768091202, -36.4962366309166, -38.82691221952439, -38.31525571870804, -35.46419701671601, -35.05984455776215, -34.40260512304306, -33.38424990034103, -34.653871956348425, -36.11817408704758, -35.643651568889624, -37.856165386676786, -35.949106701850894, -35.56045986223221], [-26.0813399438858, -26.140553075790404, -28.097052007675174, -31.09564261436462, -28.396445885658263, -26.679964358329777, -28.896904381275178, -29.14381792020798, -28.20337757205963, -28.711590443611144, -27.75546599674225, -27.143403883457182, -30.996877305984498, -30.942367542743682, -32.89811824655533, -32.089198446273805, -32.83488722372055, -35.10914449977875, -34.81820586824418, -35.09590935516358, -34.22471244239807, -33.79635523891449, -33.432793550014495, -33.17005251121521, -33.6022859621048, -33.09488588476181, -32.78588468027115, -32.979775858402256], [-37.97427697467804, -38.73001847839356, -36.15651479721069, -33.881800582885745, -40.766464218139646, -41.52548366546631, -39.036364452362065, -37.30113414764404, -37.530161618232725, -37.50086968708039, -37.55862321186066, -36.150343563079836, -37.904354518890386, -39.15898473930359, -39.38210702896118, -41.11685248661041, -39.515086900711054, -40.25901413726807, -41.04851423645019, -39.86838185787201, -40.55693270015716, -42.363584943771365, -43.668771979331964, -46.962433543205265, -43.63524747276306, -44.44639334011078, -43.560194839477546, -47.337549438476564], [-31.80101225185394, -32.90091271972656, -30.073282808303833, -34.610038719177254, -37.11314032173157, -37.012179853439335, -38.9846780834198, -38.76647603607177, -37.9722474784851, -36.34759844493866, 