{"status": 0, "spectogram": [[-33.85101790636778, -52.84899108164012, -60.07999107392132, -62.62644615423679, -61.11863373328745, -61.23150878588855, -61.81263378332555, -62.409294505342835, -61.212473022833464, -59.68514266255498, -58.38470512686669, -60.91621420150995, -60.7501962234676, -59.57481234590709, -65.77831229574979, -66.25945519565046, -61.26153560030461, -59.56951759892702, -59.20308026270568, -58.64943734319508, -59.135392765730614, -62.41758897086978, -61.78883900657296, -56.35302664776146, -61.51257122832536, -63.28929446946085, -65.0561069252491, -55.5465177320242], [-13.461588826060295, -16.174499379634856, -16.82743687516451, -17.110633302986624, -17.3062225869298, -17.492115430057048, -17.192115434587002, -17.456642186760902, -18.346276036918162, -18.260749263048172, -18.523311754882336, -17.994490371286872, -17.779561830580235, -17.863758269011974, -18.069070781469346, -18.047436870872975, -17.756767237901688, -17.452026189386842, -17.901151146709918, -18.191927898287773, -18.51891001880169, -18.678026111543176, -18.33683866429329, -18.011383338510992, -18.23228510260582, -18.413133296549322, -18.438133277118208, -18.52788325995207], [-42.47306181359291, -51.2666421751976, -56.75576743125916, -56.37333027434349, -59.14418606209755, -56.23567016720772, -57.03973135566711, -54.99249045586586, -56.67250205183029, -54.51444793367386, -55.66857185220719, -60.505706684827814, -56.41432952141762, -63.00898947739601, -65.22667763996125, -59.786482252120976, -59.73573213672638, -56.60572274804115, -56.916848897695544, -59.39649128460884, -58.82724134325981, -52.65329365563392, -61.06567017054557, -59.51698304367065, -59.92341972088815, -61.06865973234177, -56.67522225260735, -55.69685690736771], [-12.6845, -12.240375, -12.7815625, -13.171375, -13.383187499999998, -13.607062500000001, -12.925875000000001, -13.10825, -13.578750000000001, -13.094999999999999, -13.476062500000001, -13.258125, -13.1289375, -13.435374999999999, -13.809875, -13.797374999999999, -13.6009375, -12.896437500000001, -13.4678125, -13.624375, -13.749125000000001, -14.016749999999998, -14.1160625, -13.934875, -14.039562499999999, -14.2031875, -14.052687500000001, -14.1755], [-22.492964071273803, -36.73555371904372, -48.31624156594276, -50.12578674697876, -53.54354469895363, -55.18388383030891, -55.7435105240345, -53.78034995150566, -52.695082141637805, -51.87780363273621, -50.17286654162407, -51.417590034961705, -51.80929491734505, -54.12203644990922, -55.90628700351716, -52.92650121212005, -50.49383167386055, -51.910616756677626, -47.84855313634872, -53.639733161449435, -50.51964379787445, -46.68436575722694, -57.65268008565902, -60.312046912908556, -49.340115549325944, -53.62941064596176, -58.80735004305839, -52.4244571840763], [-9.220998482704164, -6.31658794593811, -7.560087601661682, -8.04188232755661, -8.263605503082276, -8.057257581233978, -7.473819938659668, -6.458874210357667, -5.406456172466278, -4.966929098129272, -4.862929374694824, -5.330151665210724, -6.015472392559052, -6.453865191936492, -7.505114953517914, -8.242846561908722, -7.898391058921813, -8.14871200275421, -6.939525472164155, -6.333490305423737, -5.88242833518982, -6.929668978214265, -8.668355418205262, -9.527819012641908, -8.885515910148621, -8.36730198764801, -7.504239921092987, -6.907570803642273], [-30.039302009105683, -28.729917225599287, -38.172420278310774, -41.58930838346481, -42.411374444961545, -43.87761663842201, -35.87699448084831, -38.37283169150353, -42.15159366798402, -44.123466221809394, -46.39040625596047, -47.75863969016075, -43.136528681039806, -43.415214606761936, -44.50290096163749, -37.090967346191405, -38.955290876388545, -37.433583329439166, -43.550772488117225, -39.95651013970375, -36.73491811966896, -40.96276728820801, -43.035640375614165, -45.63896202445031, -44.30278027033806, -42.26568295454979, -40.154001480579375, -40.14034668374062], [-11.412818402290345, -9.902406434059143, -11.400405512809753, -11.535227147102356, -12.0733519449234, -11.639709944725036, -11.065084816932679, -9.32584523200989, -6.724955917358397, -6.882526678085327, -6.342089936256408, -7.696096912384033, -9.106631103515625, -9.732202222824096, -11.276389241218567, -12.845629013061522, -13.116976691246032, -14.429546452522276, -11.149424328804015, -10.049773998260498, -9.476025146484375, -11.515631441116332, -14.582503864288332, -17.215430158615106, -16.13405647277832, -15.056896905899048, -13.502273099899291, -12.291301014900208], [-18.941631303310395, -20.356628432750703, -21.6503158826828, -23.207351462364194, -24.274092485904692, -26.418020357608796, -24.023958089828493, -26.36544754743576, -35.32355851745605, -33.7063268699646, -32.81338952684402, -27.716847691535946, -23.95725161600113, -25.52614393472671, -25.302582092285157, -23.439253467082978, -22.388351758956908, -21.68824547958374, -22.669056202411653, -24.506063563346864, -27.417311718940738, -26.042884751319885, -23.265762137413027, -22.026460101127626, -22.810994837760923, -23.410333435058593, -23.789332463264465, -25.318018773555757], [-29.939182992458345, -36.69115134811401, -42.94152977848053, -41.674965809822076, -45.4463722820282, -46.59089105272293, -40.59089473485947, -42.45127087020874, -49.36545661735535, -49.851034250259396, -47.17121432733536, -47.53433612060547, -47.15012476539612, -50.46597464942933, -49.523985092163095, -45.763215821266165, -43.87224326276779, -42.38255632781982, -47.63674294233323, -43.29453695392609, -46.270824187755586, -47.55341795587539, -49.20172858905792, -47.61062748336792, -50.74720622301102, -49.51181317043305, -50.134186373710634, -45.975762053012836], [-36.290875, -36.6815, -48.561375, -49.67525, -50.244875, -48.51675, -44.4580625, -48.261624999999995, -44.535875, -46.37168750000001, -47.6290625, -53.7805625, -51.078375, -50.408125, -52.571125, -50.828312499999996, -45.4339375, -48.883624999999995, -49.79975, -49.0774375, -49.44618749999999, -49.976375000000004, -51.682625, -51.632062499999996, -54.92937500000001, -52.6895625, -51.578312499999996, -52.53218749999999], [-35.9837684841156, -43.99750083208083, -51.4216230225563, -46.923136205673224, -51.695876984596254, -50.679646658897404, -46.633085207462315, -44.661976529121404, -50.28522320175171, -48.005587445259096, -51.2405819606781, -51.14314562606811, -50.74025056266784, -52.19331130170822, -56.75449320983887, -47.93860957098008, -43.76020941257477, -47.4333429775238, -51.333342820167545, -50.8221893119812, -46.5305350227356, -49.07451680469513, -53.473379814147954, -52.12227716302871, -58.49474141025543, -51.38007796955109, -54.05894697284698, -54.549697047233586], [-45.12047576189041, -43.44238970613479, -42.24095262527466, -42.772138799190515, -44.229997592449195, -44.21551613759995, -43.40401454687118, -43.056273658752445, -44.76679945230484, -45.10259682941437, -46.1745971326828, -46.83899023246765, -47.09408746290207, -47.16338974809646, -48.931890151500696, -46.86080880451202, -44.72919863128662, -46.56932414531708, -45.36989132261276, -44.651130973815924, -46.085006121635445, -47.977039845466614, -47.85516315746307, -47.229959032535554, -48.41774655294418, -49.75557672595978, -46.46063752412796, -51.338871865749354], [-41.339920010566715, -42.305618535041816, -45.07074660205841, -43.478729846000675, -47.76419519710541, -47.24613576698303, -45.14831618404388, -42.69315770053864, -42.51061764907838, -41.792451340675356, -40.075703810691834, -43.491710180282595, -45.33851349258423, -45.30677691078186, -48.310652978897096, -48.25667668819427, -44.69218983459473, -49.76507835197448, -46.037152674674985, -41.81770971679687, -43.93589773273468, -46.59323195934296, -48.76560636615754, -51.32846808624268, -48.72529001235962, -51.117870158195494, -49.0140558052063, -49.59244810962677], [-54.66223561859131, -51.64082637405396, -51.19889004421234, -49.65719329166413, -51.932166440963755, -52.21623874664307, -53.23517577266693, -51.92326870250703, -49.824293038368225, -48.89702413845062, -53.512773787498475, -52.86716752529144, 