{"status": 1, "spectogram": [[-26.460053587317468, -38.81674102540314, -41.926178545057766, -42.598062463983894, -40.55880350068212, -41.41466079255939, -39.35416071009636, -39.63518749289214, -37.512017809540026, -40.519571475535635, -42.04807141822577, -40.81690177242458, -39.92481248293817, -39.86060712322593, -46.86010726428032, -39.89876781255006, -42.70048204642535, -40.71630358165502, -44.04799110172689, -35.31458934786916, -32.51046434950829, -33.861035742759704, -35.82984826035797, -42.19203573653102, -43.873830263331534, -37.17092852261663, -37.80624101684988, -37.07672315357625], [-19.077885512292386, -22.250975033819678, -24.198912764668464, -23.68002865511179, -23.404233890175817, -24.165868011057377, -24.69180560052395, -25.386225383102897, -23.619091190218924, -23.465626885533332, -24.349814498603344, -25.087395095229148, -24.19285906136036, -26.214895045399665, -26.169019961714746, -25.786537744522093, -25.92751991403103, -22.86601942157745, -21.6211440860033, -18.67272408205271, -18.408991912662984, -18.32286691206694, -21.88217999815941, -24.91127853244543, -24.69351950252056, -26.171207541167732, -22.252581971824167, -22.200939263164997], [-13.121536429405213, -14.458153395414351, -14.444716166973114, -16.17917168259621, -18.4845825316906, -17.853055433750157, -21.217993008375167, -19.35299278378487, -17.84193025112152, -15.40898376607895, -16.69054650759697, -18.008073194026945, -18.152189397096635, -18.67606442332268, -21.376127171039577, -21.51659147310257, -21.919573534488677, -19.847189244985582, -20.770314612150194, -17.464528353452685, -18.55260863447189, -17.915787286758423, -18.95347496390343, -24.326538142204285, -27.038109657287595, -21.50212684726715, -18.71912659549713, -21.460662261486057], [-11.092437499999999, -12.7146875, -13.1233125, -14.138375, -14.282187500000001, -14.569312499999999, -14.988875, -15.28375, -16.5213125, -16.9568125, -15.475875, -13.6906875, -15.000562500000001, -18.252812499999997, -16.6296875, -15.863812499999998, -16.09025, -15.591249999999999, -17.0940625, -17.098625, -17.318374999999996, -16.639375, -16.7155, -18.1931875, -18.028937499999998, -16.2564375, -16.1374375, -15.662437500000001], [-13.385071425914765, -14.086197468280792, -11.604571774482727, -12.323839286804198, -13.17158925151825, -14.49415216755867, -16.47327721142769, -16.499536361694332, -16.341732995986934, -16.34669735956192, -14.05675928235054, -15.48500945734978, -14.967589710235597, -16.478607509613038, -16.289732175350192, -15.40377661061287, -16.97232135009766, -17.87757197856903, -15.787009065389634, -17.502233113288877, -19.12648328113556, -17.65599200987816, -17.173241745233536, -18.219972812414166, -19.43843714785576, -18.923848671674726, -18.253849094629285, -20.19909929251671], [-26.22962003469467, -27.221730330944062, -25.497357893466948, -23.828115773200988, -22.423089633464812, -24.585354415416717, -26.814296822547917, -27.889617066383366, -31.37043608474731, -30.475664463996885, -27.644296195983884, -27.297796392440794, -28.010653409004213, -30.640587319850923, -27.29765153217316, -25.07607203149795, -26.83962722921371, -28.1863928360939, -26.02495190048218, -26.736269195556645, -27.32811559343338, -26.271047349452974, -28.747237725257868, -24.781908615589142, -24.280597211837772, -28.465260922431945, -29.147819765567778, -30.49140920591354], [-28.72115103030205, -39.566038055419924, -37.38710379052162, -35.796901000022885, -37.114225296974176, -43.16216002821922, -37.13327765536308, -41.39295021247864, -37.021745140552525, -37.89200166082382, -40.02456811547279, -37.276869229078294, -40.625629421710975, -40.27307352304458, -39.72888949418068, -40.22912684798241, -45.99077430033684, -40.10894732713699, -38.032886341333395, -30.443165378808978, -30.62262192153931, -27.735076365709308, -32.71570161890983, -37.990447027921675, -36.507893862962725, -42.33055431652069, -37.7331783823967, -38.42161682868004], [-25.498209518432617, -34.60699136734009, -34.28380732822418, -36.27676281929016, -35.94768833827972, -36.83042947769165, -37.5752986087799, -38.14927752304077, -36.709616736412045, -35.208158897399905, -37.4690972738266, -38.204850185394285, -41.718429879188534, -37.34953156280518, -38.71003591918945, -37.75425564289093, -40.502935578346246, -38.80107399272919, -40.19513704109192, -27.451119355201723, -25.58194827079773, -24.32040759372711, -29.066721279144286, -34.12104460430145, -35.892875479698176, -44.912090970039365, -36.22959340953827, -36.37159138202668], [-32.56745368480682, -42.953687315464016, -41.369875481605526, -37.78085786819458, -40.513836962699884, -41.44993837213516, -43.6753130106926, -43.07451006650925, -41.16175159072876, -39.26478103971481, -42.712276940822605, -43.01488332796097, -43.754395838737494, -44.90392256784439, -40.92485914325714, -43.33038569116593, -47.03031914138794, -49.339616746425634, -45.54474180650711, -38.006483294487, -40.16201900100708, -36.13500106430054, -44.6081279182434, -46.64540865421295, -45.042104061126714, -45.01480262565613, -41.10224325323105, -45.67284936761856], [-40.3856082239151, -40.515827647686, -38.605207102298735, -35.24506144666672, -35.346965830802915, -40.015099472999566, -42.39092084932327, -43.14082261800766, -47.399024352073674, -47.48526345205307, -39.22790469408035, -38.501480635643006, -41.317833961963665, -44.89944105482101, -40.07857789945602, -38.0657654466629, -40.39214753055573, -42.466182075500484, -43.400417129516605, -43.71729807949067, -45.35981826877593, -42.999343123912816, -47.68384868574143, -42.12964047813416, -41.839551064491275, -42.96828667974472, -44.17097074508667, -44.755807123661036], [-42.8296875, -42.2120625, -44.53125, -46.64031249999999, -48.159875, -49.9938125, -47.1080625, -51.5403125, -58.402125, -50.755, -48.84225000000001, -46.401875, -49.091125000000005, -54.5525625, -54.2060625, -50.420375, -57.4610625, -54.906437499999996, -53.3620625, -51.306125, -50.46325, -48.743375, -57.0641875, -54.201375000000006, -54.4585, -54.7700625, -50.60375, -47.688625], [-50.67914011335373, -50.61896779489518, -49.368285915374756, -45.71202354812622, -46.05951489686966, -52.4830913734436, -50.39865432977676, -56.493452460765845, -59.19473110675812, -57.27310904741287, -54.830304542541505, -51.60118623971939, -55.25099211263657, -61.12684439134598, -61.20640558815003, -53.04959281826019, -55.095001341819774, -58.11055195045472, -57.64398722314834, -57.50624539661408, -57.49779950141907, -55.7812472934723, -58.20757543325424, -56.270791648864744, -54.89129072189331, -54.53052558469772, -56.89583666706085, -56.39182808160783], [-43.82431360292435, -46.67075343227387, -45.791442676067355, -44.131459558963776, -45.0705119137764, -53.904813108921054, -48.512007006645206, -52.5555287308693, -54.201521387100215, -49.5515826420784, -48.55408467149735, -48.2111384139061, -54.59491330432892, -54.61398383426666, -52.7535479054451, -53.4427239460945, -50.68786970663071, -54.34585956001282, -54.89929597520829, -50.93277932214737, -52.99284316635132, -49.555938211917876, -58.60887847995759, -53.88442191362381, -52.71262628364563, -51.808297995090484, -58.0484823102951, -53.20104523229598], [-50.46097434329987, -49.934861310958865, -49.801301171302796, -48.318719135284425, -48.32661430358887, -55.670335371971134, -55.158461667060855, -54.79753222370148, -56.35242607402802, -49.44857503128051, -48.61601427364349, -49.90146904373169, -54.24034727668762, -54.89605113315582, -55.51854971981049, -53.93954133796692, -53.69584588432312, -55.80419353199005, -53.04113059234619, -54.1771389093399, -55.86625128936768, -51.50616480255127, -57.678039346694945, -59.10500528526306, -53.25959849739075, -51.52358901309967, -54.12170990657806, -52.085297327995306], [-62.387552658081056, -64.2729384508133, -63.12893479061127, -58.000259182929994, -62.60869736862183, -65.61752590847016, -65.2175239496231, -64.50280213737489, -69.36948911380767, -64.57214961910248, -65.14371380233764, -63.999470990180974, -66.58298124885559, -68.61180278587341, -65.05273969173432,