{"status": 1, "spectogram": [[-28.283491074129937, -35.162874909609556, -35.015062442854045, -33.82537494057417, -34.349857130289074, -34.76250896362961, -35.54432141324878, -36.6221071382463, -38.767267793864015, -32.24880359768868, -36.1751785748303, -37.799517917871476, -35.45467864027619, -37.85356260426342, -34.608312471315266, -38.13285715571046, -38.192812611386174, -38.22676790729165, -34.01739286544919, -37.757178534060714, -36.24752679602802, -38.84491966538131, -38.0765447369963, -36.57510713365674, -35.69863390116393, -34.88310709908605, -37.30210715100169, -38.50034822069109], [-13.970938326656817, -16.14512665271759, -15.627876563072203, -16.765367715895174, -15.524733472943305, -16.502430119276045, -16.73474263137579, -16.480501610159873, -15.994501556158067, -16.84834090089798, -17.24121600186825, -16.330358699321742, -17.00170709592104, -16.805912423491478, -17.825287447690965, -18.13188573807478, -16.541456791341304, -16.30612649679184, -17.354376653671263, -18.139957061469556, -17.093715698480608, -17.769706896603108, -16.267206679284573, -16.118438924252988, -15.986510256111622, -18.98545725721121, -17.230019402027132, -16.959090854406355], [-9.130900874376296, -7.217883091688156, -7.441008071660995, -7.562258270025254, -7.683160184383393, -7.318749423027038, -7.5086869494915005, -6.781686897039414, -6.571034951210022, -6.91957085609436, -7.005508178472519, -7.42011537194252, -7.136981438636779, -6.999597448110581, -7.242347710371018, -7.171374503612517, -7.665374566078186, -7.184812022447586, -7.3639369866847995, -7.344785336494445, -7.487883668661118, -7.2386069197654725, -6.731731760501861, -6.185954935312271, -6.309472751379014, -6.577338793754578, -6.215838921070099, -6.069320925235748], [-8.523937499999999, -11.490312499999998, -11.8184375, -10.759249999999998, -10.118937500000001, -10.628687500000002, -10.33425, -10.0755625, -10.277499999999998, -9.692625, -10.114374999999999, -10.549875, -10.2864375, -10.2505625, -9.6888125, -9.6489375, -9.3599375, -9.300625, -9.35575, -8.862625, -8.91575, -8.813812500000001, -8.731125, -8.0016875, -8.56875, -9.102500000000001, -8.473375, -8.555125], [-22.697134752988816, -32.00120834851265, -34.33514619445801, -32.42980697584153, -25.819135987043378, -26.499519608020783, -27.27764515113831, -27.504359366416935, -24.66222459101677, -31.783718259334567, -26.607966113567354, -24.816635271310805, -30.036351074934007, -26.350760934114458, -26.425760935068126, -31.18039677762985, -27.24795817685127, -27.618761641740797, -27.598448908805846, -29.619164532184598, -28.26403925561905, -32.297058545589444, -25.04261854815483, -30.69162934923172, -28.39076252198219, -30.507950187683107, -29.287075282096865, -29.67619989681244], [-16.545695425987248, -23.323663165569304, -22.944665158748624, -26.38124509143829, -23.08446264076233, -24.87003265762329, -26.38009437894821, -24.876853061676023, -23.336799180030823, -25.037219317913056, -29.23915192890167, -26.58918070650101, -26.58467115974426, -26.41862670183182, -29.929877693653104, -27.276360884189604, -25.35509752893448, -25.04655942678452, -26.47862167263031, -27.295720257282255, -30.28365000104904, -28.599463216781615, -25.63283650588989, -27.768781336784365, -25.416996976852413, -28.120566041946407, -29.242817969322203, -25.014362983226775], [-11.405930090665816, -12.022873250722885, -11.506062445163728, -14.53478392148018, -16.02655741262436, -15.730540679454805, -16.723726573705672, -14.157370585680006, -13.09130109810829, -16.02981165146828, -12.663132685184479, -12.539150618553162, -12.949648917675017, -12.571711096525192, -16.0524612967968, -16.064011815309524, -17.74917678642273, -15.159940699815749, -14.858379023075104, -16.025942955732347, -17.765193666696547, -19.126578520298004, -16.532635537862777, -15.823341542720796, -15.290502672672272, -15.0167543964386, -16.6295043091774, -15.192992943525311], [-23.07846547698975, -20.21596785736084, -18.835719244003297, -21.064112310409545, -20.853849608421324, -20.02344247341156, -21.827005655288694, -18.91949491405487, -18.387675436973574, -18.987414602279664, -20.152854020118713, -19.184014050483704, -18.84564872932434, -18.49380035877228, -17.860298689842228, -18.550957715034485, -17.23904635334015, -22.43699449443817, -18.583806457519533, -19.49067096424103, -17.544098814964297, -19.45069527816772, -18.831573818206788, -15.920520122528075, -15.37812680244446, -16.788421765327456, -18.0294210767746, -15.700351550102233], [-27.97727643251419, -30.4568017206192, -29.334739173412324, -30.63950934076309, -33.23849983596802, -30.82104417085648, -29.96017169713974, -33.73636489057541, -28.772222704410552, -31.600973560810086, -33.307034521102906, -30.79781152772904, -32.22702670907974, -30.45834752893448, -29.64441061210632, -29.793741665363314, -30.229037371635435, -33.19424918365478, -28.04981337881088, -31.558394496917728, -31.842770236968995, -30.090502788543702, -30.73575152206421, -28.614688390254976, -29.879339703559875, -29.777669405460358, -31.995609431266782, -33.750616766452794], [-34.67599467611313, -34.60379904127121, -34.29730332136155, -36.19743926095963, -35.64976941394806, -35.47117119455338, -34.32773111534119, -36.85596660804749, -34.44136241531372, -37.73319719696045, -36.90769909095765, -35.27980767250061, -35.42580126142502, -35.6061628780365, -38.25409671735763, -36.52425979280471, -36.245140291213986, -36.53549889564514, -36.98787187290192, -39.02987975740433, -38.087094766139984, -41.61100824737548, -39.787890686035155, -38.5571032743454, -40.36906678390503, -36.309308307647704, -37.66155012512207, -40.82999956512452], [-44.8435625, -47.237624999999994, -44.322562500000004, -46.6884375, -47.788375, -46.71975, -46.4681875, -49.080124999999995, -47.830687499999996, -48.18325, -48.4033125, -47.9669375, -49.38725000000001, -47.9751875, -46.0545625, -50.475625, -49.5770625, -50.515375000000006, -49.321875000000006, -49.375875, -50.235125000000004, -46.599375, -47.810375, -49.9008125, -49.861, -46.8009375, -48.785875, -50.346875], [-37.786848393917076, -39.66349310827255, -40.909803512573234, -44.13837179613114, -46.825722635746004, -43.272313468456275, -41.827130702018735, -40.51949334573746, -40.11689686870575, -43.46210886764527, -40.7674212346077, -47.07589115810395, -41.04427994775772, -43.17345982503892, -36.22115106010437, -40.507361519813536, -39.57600187110901, -40.81162527799606, -42.17361994218827, -41.224558290481575, -41.03824522256851, -39.398114573001855, -38.72116808795929, -40.417699056625366, -39.984359170913706, -38.58731367778778, -42.120310527801514, -35.54890039348602], [-36.124254932403566, -36.02908373308182, -32.37383188199996, -38.358165262222286, -35.69038711500168, -36.87227002620697, -35.1483968257904, -34.83866481876373, -35.48224341630935, -35.171040733337406, -36.226790237426755, -36.82056703424454, -33.721468528747565, -35.541272156715394, -33.501773628234865, -33.27488139915466, -33.70843341159821, -33.47255125188827, -31.77192471170425, -33.10594203233719, -30.825388418674464, -32.064736539840695, -34.43948509120941, -36.40642489290238, -38.357843755722044, -34.251140287876126, -35.06688775014877, -37.569253122329705], [-42.98567519378662, -41.30234360790253, -41.11515828895569, -43.27100843334198, -40.39853886604309, -39.74137257575988, -40.229250564575196, -41.62600900173187, -40.31747419071198, -40.27012722015381, -41.628562176704406, -43.38435407352447, -44.04449934577942, -43.561801177978516, -40.41086662387849, -43.26025892734528, -42.79082135581971, -43.005412199020384, -41.34466444206238, -39.36174262714386, -38.998655123710634, -41.25857503890991, -41.49651178646087, -43.73194601631165, -40.049843166351316, -38.65329493999481, -41.615795882225044, -42.40135641288757], [-47.38129578876496, -48.292645122528086, -46.71389438247681, -45.872419257164005, -47.02833925437926, -47.58775842761993, -47.81750594234467, -48.157696592330936, -47.171422499656686, -46.17772274494171, -44.3867870349884, -45.53250252914428, -47.187777985572815, 