{"status": 0, "spectogram": [[-26.836749939113854, -46.500437249585985, -45.636312297597534, -47.792892618834976, -52.58822298534214, -49.29688372288644, -49.13319630187749, -45.20141939331591, -45.51220514543354, -43.40079442553222, -49.26141943873465, -47.03204440440237, -47.18096402332187, -49.03662480404973, -44.52537476471066, -47.38139272022248, -48.970714026838536, -51.767410420149574, -49.07634801663459, -48.92396419143677, -50.011606831818824, -46.81067836013436, -47.55767845079303, -51.074214088141915, -49.29020519082248, -50.83302654905617, -46.61240160436928, -49.102767655044794], [-5.353982219576836, -3.9358570289611814, -3.9071695612072945, -3.693249915957451, -3.481642748117447, -3.5151784741878513, -3.7134284656047822, -3.785455200612545, -3.984392697334289, -4.293901644170284, -4.253839146375656, -4.052776654422283, -4.068776678740978, -4.232785639882088, -4.2235981536507605, -4.243946367383003, -4.573785642981529, -5.043267810225487, -5.065517797112465, -4.750598125994205, -4.590883801519871, -4.555339136362075, -4.438776637494564, -4.266285571455955, -4.776857074379921, -5.09859815710783, -4.940160603523255, -4.767205218851567], [-30.602724184274674, -46.75642014384269, -49.84848143959045, -51.34494644832612, -43.222178027153014, -47.66463384795189, -49.42988489460945, -50.372705162763594, -46.338642952442164, -43.167187098264705, -49.40524918031693, -44.62632118749618, -49.85749125695229, -51.443948547840115, -42.96657128620148, -47.594161167621614, -50.11232078695297, -51.02301792860031, -53.24939320087433, -50.990516705513, -49.12148287391663, -52.72219743871689, -49.38544603490829, -48.49804437088966, -47.81883893966675, -48.247115892648694, -43.17292879009247, -48.33891891360283], [-9.5941875, -15.044999999999998, -16.528125, -16.125, -14.664312500000001, -15.168750000000001, -14.7369375, -12.958124999999999, -13.416, -14.619937499999999, -14.356125, -14.346875, -15.300562499999998, -16.8569375, -17.5114375, -17.5591875, -17.799, -19.321375, -18.6331875, -16.9889375, -15.357875, -14.386125000000002, -14.047062500000001, -13.5835, -17.705437500000002, -18.6996875, -16.122375, -14.7871875], [-19.334244084119796, -32.449765878438946, -37.6402055683136, -35.76702662229538, -36.015446122884754, -33.237409682989124, -35.19278519797325, -29.683380635261535, -31.56543427705765, -33.31794391036034, -31.03169345593453, -31.660774404048922, -34.71924007558822, -30.483284007787706, -27.522220843791963, -27.464327822208404, -28.951426162481308, -28.551613514423373, -32.059614451885224, -35.17097231578827, -31.40838123750686, -34.52847109699249, -32.578408148527146, -30.01895234441757, -30.468087342023853, -30.65773914957046, -32.22711379384995, -30.708523693084715], [-18.046789746761323, -31.140373162269597, -39.290190570354454, -33.44327855825424, -32.77437275695801, -35.30808815860748, -33.41339798116684, -29.797805837154392, -31.15076096343994, -32.82084406709671, -33.28665596008301, -32.13770448732376, -35.53126661968231, -32.808383866786954, -35.36469896697998, -35.83895506429673, -35.715073241233824, -40.74358624267578, -38.18240217256546, -35.1089197268486, -31.19740011644364, -31.172647765636448, -31.919959185600277, -28.75900473165512, -33.6410175151825, -35.2502047419548, -32.32558092832566, -34.454432364940644], [-8.179465010166169, -5.495689191579818, -3.4018749055862427, -2.9547145195007327, -2.8826974802017213, -2.767804539680481, -2.7209295582771302, -5.712191019773484, -8.521209264993669, -8.933574129581451, -7.4041365158557895, -6.1326808671951305, -4.8319923121929165, -3.846535410404205, -3.688972102880478, -4.542481216907501, -5.162963715553285, -5.4250251247882835, -5.593963232040404, -5.3154734518527995, -6.948769976139069, -7.755404775381088, -6.990279906988144, -5.995422451257706, -4.613758417367935, -5.211971951246262, -7.28184964632988, -7.733243641138076], [-26.60794580078125, -32.84149945068359, -35.775441014289854, -34.76251943778992, -41.567363284111025, -34.91043727779389, -32.41494122982026, -34.844288753509524, -35.95358161067963, -32.10945545864105, -38.63933105373383, -35.44972036075592, -35.20009692287445, -36.75652648258209, -37.675460659027095, -35.57894769668579, -36.02077076911927, -39.76613393306732, -36.529131421089176, -39.76322286891937, -35.39001901626587, -41.30078843212128, -33.75598336601257, -31.737071912765504, -33.263314257621765, -36.94969798278808, -44.77264028263092, -35.193473984718324], [-24.837533152103425, -36.68978053712845, -39.426778100490566, -38.935956387043, -37.42441220760345, -33.67555851650238, -34.81387090158462, -30.84987395620346, -29.51558754014969, -34.22230714321137, -33.076747496128085, -36.521799595355986, -38.581753538131714, -36.84157400512695, -34.964761433124536, -36.901197736740116, -36.30666265201568, -38.041608044624326, -43.31130118894577, -38.998912096977236, -40.18894023656845, -34.37492042064667, -29.69347842359543, -30.32521827220917, -34.46705763530731, -36.34244011926651, -39.61219145822525, -34.650326959609984], [-26.014620224952697, -31.39055911064148, -33.72811509180069, -33.727909252166754, -31.15475306606293, -31.000002591133118, -29.61831715250015, -27.298601137161256, -26.85420122480393, -29.377814037322995, -28.97575004529953, -29.098775466918944, -30.62395008563995, -34.251097054004674, -36.94184275102615, -36.90310304450988, -37.925379424571986, -41.69463207912446, -39.980198036670686, -35.58009046840667, -29.98025745201111, -29.111475439071654, -29.09022453212738, -28.266090657711025, -39.86165375328064, -41.57016233873368, -31.713424938678745, -30.175285803318022], [-35.9566875, -43.467812499999994, -43.67475, -44.86206249999999, -43.1875, -41.1361875, -42.943062499999996, -37.999750000000006, -38.3125, -38.983374999999995, -40.397375, -40.011875, -42.568937500000004, -43.7185625, -46.083687499999996, -43.823125, -44.917625, -45.4069375, -44.656625, -46.707750000000004, -44.030750000000005, -41.985, -44.337875, -42.43325, -45.044875, -45.8448125, -45.3408125, -45.1440625], [-47.92255901193619, -51.87183266496659, -53.459764012336734, -56.7059783372879, -54.32092653274537, -52.532345020771025, -50.664473831653595, -48.95341836547851, -49.9268430018425, -55.564058227539064, -53.199433339118954, -51.98982595920563, -55.735690630912785, -54.564221158981326, -52.195285193920135, -55.483024024963385, -58.55028429841995, -54.079352896213535, -59.496283923149115, -60.531940822124476, -55.993516261100766, -50.82068149662018, -52.453249439716345, -51.2839549331665, -57.14748718547821, -54.45799873781205, -53.965887527942655, -53.1818643693924], [-47.97105711078644, -40.27420916700363, -37.48046111249924, -38.32947968721389, -39.61765646505356, -38.54563866376877, -39.56401378107071, -44.441913075447076, -46.03386878633499, -43.015316617488864, -42.23656664419174, -44.334826348304745, -41.633739811897286, -40.9422922592163, -40.89516848373413, -39.17654171657562, -42.12904101085664, -41.419326003074644, -42.26632733154297, -44.72488184547424, -45.490078510284434, -44.410726809024816, -45.37035284471512, -44.901190085887905, -43.063252863883974, -42.70974672174454, -43.484498018741604, -45.88439811897278], [-37.77773983383179, -36.15098679256439, -39.231543394088746, -36.266420866012574, -36.66074185180664, -39.709749781608586, -37.413314050674444, -34.55511255741119, -34.423662073135375, -34.29223164367676, -34.71679485225677, -39.39402849388122, -38.22794418430328, -42.25723996639252, -40.37780560874939, -43.745685523033146, -41.10598264312744, -44.893996425628664, -41.101374761581425, -42.03937761878967, -39.85014117908479, -37.774731873512266, -39.34347889995575, -35.58073073291779, -40.594744381904604, -41.542167996406555, -39.551237455368046, -37.95565017318726], [-49.91825502204895, -52.233644079208375, -53.775766597747804, -56.47585571098327, -54.7464560213089, -54.92499093341828, -55.880115157127385, -49.88081760501862, -47.63536122894287, -53.25524178981781, -54.92336775302887, -52.84466892337799, -51.41469424057007, -50.80549525070191, 