{"status": 0, "spectogram": [[-36.145499866843224, -55.74399976277351, -53.381571206569674, -55.37207133686543, -53.90564259636402, -55.88657122635841, -53.448571239471434, -52.55378549849987, -53.00799971985817, -54.50299973487854, -54.013642745375634, -53.483428324222565, -54.716999695301055, -53.00064259541034, -56.60057124710083, -52.58871416878701, -55.43164283454418, -56.199356980681415, -56.02814266705513, -56.55085700345039, -56.204428384304045, -52.46999976062774, -53.72271399021149, -57.762785370230674, -53.6515712826252, -61.42978564369678, -52.87178552377224, -22.815000022649766], [-10.897714610099793, -22.334573289871216, -24.563502218723293, -25.9314310131073, -23.87350211286545, -23.39850206232071, -23.349144867897035, -25.901288129806517, -25.404788054943083, -23.816859229087832, -22.107216101169588, -23.503430603027347, -25.201288038253786, -23.953144971847532, -24.716430835723877, -24.29800219535828, -22.870501962184903, -22.5884304561615, -24.34164502286911, -25.612788074970247, -27.07428827095032, -26.983931087017055, -25.72785948848724, -23.960359272480012, -22.710144793510437, -23.47157350063324, -21.20828746986389, -19.06700104236603], [-16.996284294128415, -12.235996784210204, -11.322997241973876, -11.086854488372802, -10.958854301452638, -11.277782709121706, -11.85992553138733, -11.88949719810486, -11.831568618774414, -12.110925481796265, -12.33721105003357, -12.193068391799928, -11.80092575263977, -11.992711280822753, -12.179997009277344, -12.176782724380493, -12.06749698829651, -12.42092553138733, -12.620211408615113, -12.63842582321167, -12.459854694366456, -12.318926267623901, -12.45499751663208, -12.547997261047364, -12.719854282379151, -12.84121149635315, -13.989996742248534, -15.781069997787476], [-10.9955, -32.056, -30.932499999999997, -32.744, -31.219, -31.208000000000002, -31.215000000000003, -32.1055, -33.021, -31.662, -32.907, -32.165499999999994, -31.0735, -30.3825, -32.8985, -31.862000000000002, -30.733, -31.763, -33.8115, -32.584, -32.777, -31.9525, -32.725500000000004, -32.902, -31.0225, -32.653, -34.3925, -32.4285], [-22.36385892486572, -34.96471495819092, -36.37200066757202, -45.812715679168704, -40.13071517181397, -30.733571849822997, -33.49450013160706, -36.884429271698, -37.638857891082765, -30.54942824935913, -31.827785562515256, -38.733357690811154, -35.91378590583801, -30.544357217788697, -34.510285820007326, -33.19542826080322, -34.9602146282196, -35.393357919692995, -38.53085622024536, -40.28850206565856, -37.56907283592224, -36.011857681274414, -42.12914316558838, -39.97099996566773, -34.625357961654665, -37.487214635849, -35.602071245193486, -33.73314506149292], [-6.655929119110107, -5.0005679779052725, -6.207924198150635, -6.823638072967529, -5.7905670928955075, -4.624067508697509, -4.733639019012451, -6.148352771759034, -6.160138450622558, -5.017924732208252, -4.173353710174561, -4.520782047271729, -5.956852775573731, -5.452638828277588, -5.361710273742676, -5.4903532295227055, -5.842710350036622, -6.1704246597290044, -6.938924396514893, -8.128638301849366, -9.729780498504638, -10.637065845489502, -10.10249490737915, -9.010852714538574, -8.936781536102295, -9.891638507843018, -9.07692531967163, -8.57442765045166], [-11.997928506851197, -11.152933324813842, -9.125216997146607, -9.014430870056152, -9.803146030426026, -9.926003799438476, -9.97064678001404, -9.622145904541014, -9.492502866744996, -10.443789777755738, -11.527219240188598, -10.449861042022704, -9.736002918243408, -10.41464647102356, -10.420289440155031, -10.830718112945556, -10.970860973358153, -11.503075258255006, -11.105574760437012, -10.990645521163941, -10.412572883605957, -10.281715103149415, -11.13614447402954, -12.35693140220642, -12.750217443466187, -12.99150290107727, -16.200576591491696, -19.782577484130858], [-23.08892234039307, -32.448719985961915, -26.320086723327634, -25.720664222717286, -28.626368003845215, -28.5821453704834, -30.028363075256348, -26.916225303649902, -28.415511741638184, -27.675718017578127, -34.53978661346436, -29.863939155578613, -27.29565686798096, -25.938792778015134, -28.631363288879392, -34.12501119995117, -31.75957635498047, -30.9463657913208, -29.36079744720459, -29.062876678466797, -24.67058622741699, -23.499373893737793, -27.027373680114742, -30.13037230682373, -31.184790824890136, -31.568734069824217, -38.2491413116455, -31.873496131896975], [-22.05035914993286, -38.73978255844116, -33.685066501617435, -36.25999163818359, -32.0299965057373, -30.236712356567384, -31.639354297637936, -31.540708770751955, -34.21684964752197, -27.75864051437378, -28.804928035736083, -31.477924350738526, -26.949782962799073, -27.7979967880249, -27.22906988143921, -34.33470809936524, -29.42049785232544, -30.559068058013917, -30.869352855682376, -34.98891993331909, -31.340206493377686, -28.24606548690796, -34.073920024871825, -33.212923320770265, -33.808424186706546, -30.82913970184326, -32.2615717086792, -31.099576850891115], [-24.315713844299317, -43.222790241241455, -39.90250978469849, -37.76501210784912, -40.689725334167484, -41.20928491973877, -39.304870529174806, -36.97251216506958, -37.37201295471191, -36.78357579040527, -40.66414379882812, -37.17286141967773, -35.57007724380494, -35.40871787261963, -36.52401089477539, -39.849645503997806, -37.05136545944214, -36.82300636291504, -36.748449752807616, -35.41231080627442, -34.028803356170656, -32.613303848266604, -33.72073778533936, -36.41615572357178, -36.437576019287114, -37.103801044464106, -42.83864211654664, -38.08220181655884], [-29.53, -39.251000000000005, -36.6065, -35.327, -35.868, -35.391, -34.5035, -33.9865, -33.2015, -34.6135, -34.0375, -33.3895, -32.638000000000005, -32.6515, -32.567499999999995, -33.644000000000005, -34.459, -34.299, -33.5085, -33.8455, -33.747, -33.025499999999994, -33.816500000000005, -35.788, -36.6095, -36.5215, -38.5055, -36.3435], [-33.27864584732056, -50.04222346878052, -54.007062297821044, -56.41305790328979, -51.74492589187623, -49.195215229034424, -48.29528672790527, -50.186492183685296, -50.318134414672855, -45.04657590484619, -43.7134377822876, -46.42257464599609, -48.63492261886597, -46.5854271850586, -47.5863570137024, -46.18721717453003, -46.2773607673645, -47.4270015335083, -49.90492344284057, -52.421847068786626, -57.37347618484497, -55.258409652709965, -57.71962213516235, -52.133922847747804, -51.50849742507935, -52.489138328552244, -48.707367908477785, -44.261286865234375], [-38.84735441207886, -43.81157346343994, -42.691713821411135, -41.66878454208374, -41.94700004577636, -41.03492898178101, -38.717143119812015, -38.22435670089722, -37.427285537719726, -37.38985789489746, -37.0525018119812, -36.86764374923706, -37.15342824554443, -36.613429023742675, -37.0121434249878, -36.86742910766601, -36.96514376831055, -36.68942929840088, -38.29278538131714, -38.47057091522217, -40.624640483856204, -40.52878307723999, -41.093140914916994, -41.26935660171509, -41.073786121368414, -38.91628610229492, -42.748430152893064, -43.922359302520746], [-32.26321646881104, -36.3770735244751, -34.73057977294922, -33.530510063171384, -33.12386419677735, -32.789505226135255, -30.776505531311038, -30.70615037536621, -28.819936164855957, -27.10421895599365, -28.45407448577881, -28.08850452423096, -27.09979335784912, -28.8742911529541, -28.68286343383789, -29.314790611267092, -30.90021933746338, -30.535720550537107, -31.596792701721192, -31.093151367187502, -32.32522643280029, -32.13072731018067, -33.05644116210938, -33.56179444122314, -35.245435379028315, -33.33079488372803, -37.91307373809815, -41.22757206726074], [-44.34393282318115, -50.758426834106444, -56.346924476623535, -53.735922248840325, -52.72606687164307, -52.516425216674804, -50.35499681091308, -51.58270852661133, -50.63592336273193, -47.12135436248779, -47.80156965637207, -49.77185414123535, -48.53349452972412, -49.83792421722412, -48.80163874053955, -48.94185403442383, -50.90206726837158, -52.19328218078613, -50.63028103637696, -52.05613734436035, -52.080277313232415, 