{"status": 0, "spectogram": [[-2.2181697129756213, -3.311803721129894, -3.702303719550371, -3.438366227641702, -3.4471698029488325, -3.4157323091328147, -3.463919808164239, -4.447250157833099, -4.848660866171121, -5.895062651917339, -7.488187654539942, -8.437009087666869, -8.601384087219834, -8.50654480691254, -8.431169805511832, -7.812428726166487, -8.057732293099164, -7.990535870313645, -7.553473375216127, -7.298437663629651, -7.298330522581935, -7.546009084865451, -7.401634080067277, -7.264794803962112, -7.256151948705316, -7.2897233783751725, -7.555535879194736, -7.894419792756438], [-8.1324915189147, -12.240232877135277, -13.167232793927194, -13.429724072039127, -13.806143729686738, -13.553920572459699, -12.95542056161165, -13.798313255012035, -14.360929257750511, -15.84973287320137, -17.245170316755768, -18.781295491755007, -19.109974045932294, -18.94079569083452, -18.50954550009966, -17.81542934072018, -17.712786368846892, -18.543750755429265, -17.660438330113884, -17.005527664363385, -17.208849165260794, -16.879688335955144, -16.90100079345703, -17.352563464343547, -17.64484020578861, -17.709331254422665, -17.850706240832807, -17.78472383350134], [-10.598266145706177, -10.181326991319658, -11.07388962125778, -12.315942557811736, -12.723068162918093, -13.0715771920681, -12.353764843463896, -12.413094998121263, -13.064541499376297, -14.779210886001586, -16.058398419618605, -18.321121289730073, -18.65454093146324, -18.583175377845762, -17.702550042152403, -16.92171098804474, -16.4556040391922, -17.506559581995013, -17.567246733665467, -16.81280932402611, -16.696675022125245, -15.405630223989487, -15.33881780195236, -16.17648739886284, -16.860353879928592, -17.384273528337477, -17.62021121644974, -16.590639729022982], [-4.4754375, -9.2798125, -9.2141875, -9.8233125, -9.145125, -9.0979375, -7.66775, -9.826625, -11.234312500000001, -12.408874999999998, -14.1558125, -15.073375, -16.281375, -13.010875000000002, -15.035187500000001, -14.8071875, -15.008812500000001, -13.398374999999998, -13.855125, -12.729625, -12.521999999999998, -13.6979375, -13.961749999999999, -12.536249999999999, -13.0116875, -13.5999375, -13.05525, -14.895312500000001], [-6.268196944713593, -7.021063490629197, -7.26562579870224, -11.045358699321746, -10.94869780254364, -13.124055521011353, -13.376993427991868, -9.862108469486238, -10.310822500705719, -12.755867350816727, -13.177991962194442, -17.117626492023465, -18.53551947784424, -20.17228815317154, -16.40222484755516, -15.511296071767807, -13.35889373445511, -15.690197645187379, -17.642573308467863, -17.366091300964356, -17.39948432826996, -13.641260321855544, -12.447010004281998, -15.835216122150422, -15.575492633581161, -18.234707357645036, -19.089582648038864, -13.827474082708358], [-10.634785017013549, -14.587631264209747, -14.085380563259124, -12.568078505039216, -12.363605478286745, -11.944963212966918, -12.317838856697083, -14.405167467594147, -15.77551496887207, -16.053738684177397, -18.096487894535066, -18.202917650699618, -18.696301698684692, -16.760544534206396, -17.936980361938478, -17.20294436454773, -18.66797936248779, -17.39814112186432, -17.238703764438625, -17.045454227924346, -16.340660084724426, -18.53600651216507, -18.752006235599517, -16.477239785671234, -16.520114717960357, -16.49285604572296, -15.255856225013734, -18.432916420459748], [-14.656541954994204, -14.182621678113936, -13.61505779838562, -18.59421373820305, -17.390720896720886, -19.524678034543992, -20.937304224729537, -16.940122477769854, -16.7076666431427, -19.67798890018463, -18.584549519777298, -23.207606020689013, -24.83507052731514, -25.727177974462514, -23.6780532476902, -21.890614337921143, -19.99279991173744, -21.49071080708504, -24.67665173816681, -23.00418673944473, -24.960072744607928, -20.947123680830003, -18.547997101545334, -23.409598880767824, -21.838141122102737, -24.49003599238396, -24.530411135435102, -20.082014126539228], [-11.167223872184753, -13.317137281417846, -14.40163562774658, -12.623488030433657, -12.559051025390627, -11.581035808563232, -11.20003748893738, -13.842701155662537, -14.073539370536805, -16.023030948638915, -17.63765493965149, -17.416176235198975, -18.49389915561676, -16.19300234222412, -15.968623188018801, -17.380112727165223, -18.60670830154419, -18.039022976875305, -16.405838047027586, -15.424196334838866, -14.847473940849305, -15.675675928115844, -16.00573602581024, -14.616329226493836, -15.582935574531556, -15.613704966545107, -15.817768775939943, -18.288431405067442], [-25.238866554737093, -27.338171778202057, -26.346922635555266, -26.817796016216278, -27.04819691467285, -28.850276239871977, -28.380963245391843, -27.83990368127823, -28.680073912620543, -30.27170715475083, -31.14433307504654, -32.86242047262192, -35.324697388648985, -31.802508188724516, -31.326509844303132, -31.531948109626768, -31.656323945999148, -34.46082206821441, -31.97650918340683, -31.300330142498016, -31.56585646343231, -31.474912639617923, -31.361725225925447, -30.04822339582443, -31.96333055925369, -32.086339386940004, -32.74252634477615, -32.31013702726364], [-32.17157556724548, -35.313036567687995, -34.64134567022324, -34.94622763395309, -36.59394606113434, -37.28047686719894, -36.38197626924515, -35.43243052387238, -37.51621511745453, -39.307421137332916, -41.416607245445256, -42.874529962062844, -45.81435944271088, -40.91735750007629, -42.011049484729774, -40.59992390680313, -40.09525747251511, -43.84710599517823, -42.727236485481264, -39.18713694143295, -38.93108641576767, -38.74779814004898, -39.1844206366539, -38.27893559360504, -40.69615485048295, -42.90822674131393, -42.77553758621216, -42.13405197620392], [-40.678875000000005, -42.651937499999995, -44.079499999999996, -44.421687500000004, -44.85525, -46.0035, -44.696250000000006, -44.1056875, -45.8041875, -47.0938125, -47.8065, -50.78725, -55.169125, -50.9384375, -49.003375, -49.60575, -49.6880625, -52.0774375, -51.691125, -49.4265625, -47.819, -47.22506250000001, -48.8438125, -47.724625, -49.1718125, -50.1140625, -48.917500000000004, -49.675812500000006], [-48.243505733013144, -46.727783040046695, -49.04040850067138, -48.8626731801033, -49.204723619937894, -49.589354790687565, -47.90391772699356, -47.57046469974517, -51.40150051784516, -50.82066848802566, -54.01435646724701, -53.57735167503357, -59.00198447084428, -54.885626364707946, -53.21356182336807, -53.810230385780336, -55.42080094623565, -55.99046607828141, -55.44671943426132, -52.95196328926087, -51.19838416337967, -51.31509671735764, -53.204470381259924, -50.781893338203425, -51.932176541328424, -54.53179722976686, -53.20079993057251, -55.75150727796555], [-41.64076073694229, -42.92654589414597, -42.17998438453674, -43.66094067716598, -43.99033166742325, -48.823812332630155, -43.09850253868103, -43.0748770236969, -44.721028331279754, -47.62803660964966, -51.213661319732665, -51.310954846858984, -52.99255568885803, -50.94042969894409, -48.87980507946015, -49.03435861873626, -50.212153294086455, -50.19968911886215, -51.05593778848648, -48.6619119758606, -46.91884131336212, -45.486412775039675, -45.21566278648377, -47.005422705173494, -48.7055363893509, -50.4328122010231, -49.539687694072725, -52.69257064914703], [-43.18999964904785, -41.746110803604125, -43.99898256683349, -45.91730353927612, -44.581317313194276, -47.066734558105466, -46.18429467487336, -44.92938466739655, -48.201991497993475, -46.78358165836334, -49.79108113384247, -50.713277047157284, -52.1939559545517, -50.797939314842225, -50.33862882232666, -49.50518134307862, -50.15137537002564, -51.50502414226532, -51.60890143299103, -49.49981857013702, -47.31004260826111, -47.1779027261734, -46.40783988761902, -48.72920107460022, -47.87193772220611, -51.457424404144284, -50.63730277633667, -50.81079567813873], [-46.932932640075684, -46.29990432834625, -48.934779614448544, -47.67054723262787, -47.55927132606506, -49.013585520744314, -49.19658332729339, -47.604912761688226, -49.45325339508056, -48.73914640617371, -51.61808355998993, 