{"status": 0, "spectogram": [[-33.1039567813776, -55.217116864740234, -59.417548213033044, -60.00383925983309, -54.72279357180062, -53.127176950717114, -49.93002861703388, -48.011068733202244, -52.903915783176075, -55.45004558982802, -56.6849640237689, -57.17407639943889, -57.91572983027052, -57.91158749629611, -55.16047167587443, -50.71788835801609, -51.00958838833077, -53.615151749923825, -57.01042875821244, -54.41493094753672, -53.93670207370348, -46.57779468832385, -51.84585461764252, -55.4449572049928, -55.673088998764754, -55.025301107201074, -57.24047321103946, -50.95863121808384], [-15.82627772554481, -13.39761279497585, -12.916314232293438, -12.956339742183685, -13.07205667053681, -12.464638204798401, -11.976064142562905, -12.67219811615287, -12.449108706239535, -12.05635625750313, -12.233491468369962, -12.055227341075323, -11.755667243958733, -11.46471748235276, -11.81955517125494, -11.998758115551905, -12.012791264088783, -11.925196828961372, -11.841321696179246, -11.594655960579315, -11.412634464459774, -12.530795161848268, -13.337634632664091, -12.955019362470264, -12.76788435524702, -13.31923409118697, -14.187573442020003, -14.989146589153837], [-28.981644962891128, -38.313080417000435, -38.64142985471413, -38.37595967245102, -38.972384593097544, -38.493044081099434, -38.54701788165123, -39.52587798082103, -38.469210168770005, -39.217865168391306, -38.954014451026914, -39.23067423752865, -39.56068061022856, -38.87034772262233, -38.49129074393432, -38.636190295569925, -38.34073434691013, -38.93493419003487, -39.4217914144315, -39.485021870174926, -38.6839520485399, -38.389624815993116, -38.74424018568809, -39.35340176918594, -39.79121092128754, -40.24397524889593, -40.283784429125944, -35.10131851988622], [-31.195632931232453, -48.62064342498779, -43.82336590564251, -43.5958125, -47.14692109656335, -40.8373122639656, -39.984232172966, -41.93884782266616, -38.87103547477722, -40.48600864505768, -40.298875, -38.83799091815949, -37.91716153335571, -37.869634699821475, -39.75299000835419, -39.45887475967407, -41.27234830188751, -38.5206875, -40.365025919914245, -40.63020491981507, -36.42078108596802, -44.527002262115474, -49.80048494338989, -42.511601051330565, -44.2645, -43.87789208221436, -46.96634974479676, -38.02792929458619], [-10.982113155691914, -8.45615987705693, -7.296065811631644, -6.774766231060028, -6.704553516553303, -5.852194140779737, -5.348315206819615, -5.896515234815864, -5.550292091953459, -5.1477768954841885, -5.080570332050323, -4.747593407475316, -4.461030917727251, -4.081883381673073, -4.359986201879954, -4.7382296201891805, -4.994030646202573, -4.998248854160309, -4.99130229949957, -4.616988758602835, -4.633520662769836, -6.014679981906942, -6.760016097272849, -5.987812025236184, -6.0812664408683785, -6.697201614555291, -8.21646649229734, -9.802398204905083], [-12.75165531248962, -22.9502649013611, -23.737513555835612, -24.104062420845032, -26.391108987219575, -31.73957697062577, -30.770213961835005, -29.477815737198046, -31.562788900357923, -33.274846899275445, -33.83593739986419, -34.50610309346577, -36.3274142133753, -34.96333008331308, -31.43611747515856, -32.26041933683502, -30.488139774361187, -30.911754492759705, -31.612783579593362, -31.827724446688457, -31.74411090821112, -26.916963495691572, -23.711324366094445, -27.42866799710234, -29.596597212791444, -31.344531987873843, -26.096431388681786, -18.3318889526455], [-19.822609965775875, -38.9148189082636, -31.991783654580487, -30.81277947235107, -29.517392905760218, -26.90287828922409, -26.67199792224521, -27.320345918524044, -26.604495035355907, -27.106568777172647, -27.338896090984345, -25.766165692173566, -25.947616439369476, -24.123984985556415, -25.933662560186598, -27.365497616302157, -26.785344590191222, -26.36130193209648, -27.6486354778497, -26.36100432696209, -25.93377614035857, -32.56042565426506, -42.732363089422286, -32.376434275615004, -31.574802930593496, -33.77519330632704, -38.41426419894001, -31.395570867122473], [-16.297011462014375, -16.493975570483805, -14.328066108735307, -13.037598139762878, -12.789597089265913, -11.977171438528663, -11.397999364764948, -11.969760238822811, -12.107273261945593, -11.874034149325919, -11.527004570007325, -11.2141064588593, -11.089496642930463, -11.39045687554647, -11.366055931169248, -11.847147155587184, -12.650622446761, -12.84947712802887, -13.181790242292873, -13.16272188243034, -13.686143900266616, -15.559423977221885, -16.630291766165204, -15.52414819429745, -16.067037185668948, -17.435428453175003, -19.32377472927864, -21.573270250182425], [-11.659400878526784, -11.471321893954906, -11.980397413667326, -12.466201655864714, -13.837194014199246, -16.561048517869533, -16.221777836702564, -16.275635092404226, -17.367204795234414, -17.43410206279941, -18.360189376831052, -21.67480482993734, -21.37715350208445, -22.449824322886307, -19.304725983891213, -17.872030169077625, -16.6548961747713, -17.761413119792937, -18.014578292457184, -18.7010966718641, -18.803626553497455, -16.334606313612372, -15.338789275997302, -17.69624255822378, -19.316602092742922, -19.564204773483205, -16.59556550319944, -17.884135513324928], [-21.682441496850732, -24.234406002628344, -27.902680090035634, -30.90075097990036, -32.94721787817944, -33.815089878567136, -34.19702415911939, -34.19242401625092, -34.251921115154666, -34.73086887495604, -36.462699260711666, -38.7437165576169, -37.32400301423819, -38.524653866848396, -36.00549121937637, -33.508098262411295, -31.35249848285157, -32.02841378593445, -31.87604223277713, -31.215770384596805, -30.96866620693958, -27.557332485541554, -25.016737698798053, -29.18782925318932, -29.129930125236513, -31.080698213148516, -27.84158914076988, -25.855663777569223], [-31.650266920626166, -30.14362487745285, -31.344303599119186, -32.704875, -35.24891924834252, -35.81817927360535, -35.508473012447354, -35.93440196180344, -36.07143694639206, -35.790259205818174, -36.8425, -38.5363847284317, -38.522516941070556, -38.33197258853912, -36.689072402954096, -35.18900061035156, -34.51870559406281, -34.1520625, -35.32000937747955, -35.03743727684021, -35.58772217941284, -35.28713287734986, -35.787588909149164, -37.968681465148926, -39.729937500000005, -41.78890560722351, -40.086848173141476, -43.772509021759035], [-36.55904740261618, -41.62410115843795, -39.6525581212677, -39.623937626361844, -38.731201158416376, -38.30753437421873, -37.511417414197886, -38.24615924453685, -37.50744313654552, -36.762912970280745, -37.353610067844386, -36.956720477023666, -36.72733221341008, -35.40142638532747, -36.70981418253463, -37.31220740154449, -37.94597711781124, -36.660678822994235, -36.71599088823306, -36.522786413203306, -35.90191236701419, -40.918114354904105, -45.667085441001745, -39.94878820147012, -41.11045073747635, -43.782726623908566, -48.6376077229088, -54.04977902978714], [-39.837400173232105, -42.284176041505674, -43.23006752449142, -43.3946630358696, -45.58006698934989, -43.02354419118549, -42.989342902709424, -44.03792284109155, -43.23181613102716, -42.898665740363235, -43.182301589488986, -42.85863540364174, -42.49959321842321, -41.850148614428534, -42.38027921012983, -43.07816375859776, -43.74636664883886, -43.11737337446213, -43.26157889202578, -43.030546970893596, -41.65859678568237, -43.86737622140511, -44.25136237536561, -48.984304261268704, -50.305069596767424, -52.965243084041646, -51.56453493174698, -49.181790805878634], [-36.413885609816596, -43.13568642091178, -42.56647233892238, -43.27351576042175, -45.36037325117325, -42.71676450665323, -41.87169856588153, -42.97034331051176, -41.82668007369948, -40.547605635935454, -40.01748355770111, -38.531025680853915, -39.07827203764403, -38.29165523980319, -38.910204968744864, -40.32118378356975, -41.33667703387345, -40.984864274978634, -40.966593845173634, -41.731351562616005, -40.950128142375036, -46.48271529438126, -50.4299348209537, -49.87558398223439, -49.217921986579896, -51.781122898442845, -51.42321358000898, -48.74042178866662], 