{"status": 0, "spectogram": [[-26.167419626429677, -44.444249977558854, -45.89712484887242, -52.19123204901814, -54.29895537222922, -51.238508901372555, -48.36538379229605, -47.662571261763574, -49.12002669952809, -46.6749016609341, -44.487839148104186, -46.003937284901745, -43.28587484559417, -48.452303295552724, -45.342928427219384, -42.47858926835656, -49.14704436378181, -49.6899372997433, -45.12581242184341, -46.78682143369317, -49.13188386239111, -48.91165166504681, -48.445901685610416, -42.8223928053379, -47.06604472137988, -48.84440161664784, -38.4115893548727, -42.23816074234247], [-6.112830495417119, -2.553687980234623, -2.810125461220741, -2.8025004521608357, -4.709447030305862, -5.687581044495105, -5.31983104211092, -4.672536320686341, -5.51018817871809, -6.7008221830129635, -6.782197196364403, -6.050884624183179, -4.872938072383404, -5.454259539186954, -6.065759602248669, -5.160313094556333, -4.310402309119701, -3.658277267634868, -2.7684022100567818, -2.3523575358390807, -3.3130629604458806, -5.2945720911026, -5.014572061896324, -5.091116702020169, -3.737946902155876, -5.45387563419342, -7.071063269913196, -7.479857937812806], [-25.28861547780037, -35.44896328830718, -34.96196251916886, -35.783579073667525, -31.562326983690262, -28.265808326482777, -27.874308634996417, -30.79877340817452, -27.00984473156929, -25.155621376514432, -23.250808519124984, -26.827265617370603, -33.207889531612395, -31.368889739990234, -27.95964070558548, -30.464455977201464, -34.708373333454134, -35.46467666769028, -34.45180483388901, -37.538787310123446, -38.17823866963386, -30.5389880669117, -31.971114870309826, -32.177750176906585, -35.78715361666679, -26.30549761772156, -24.21162476396561, -23.644247222423555], [-29.06275, -41.550875000000005, -39.934749999999994, -39.977375, -41.5113125, -38.975625, -41.069500000000005, -40.2660625, -36.5041875, -39.083312500000005, -38.895624999999995, -32.7, -42.6915, -41.63125, -35.1768125, -31.368187499999998, -41.7500625, -45.409625000000005, -37.1771875, -36.307812500000004, -42.968125, -40.27762499999999, -46.75875, -41.1793125, -36.9818125, -36.397875, -26.1826875, -35.4399375], [-17.78311524271965, -14.580533795833588, -14.321159030914307, -13.9912751557827, -14.908434247255325, -15.649638799667358, -15.715076360464098, -14.094836124420166, -14.219102881908416, -15.663021495103838, -15.733771238565444, -13.748585116863252, -12.667523955583572, -13.292970041513442, -15.323969156503678, -13.752631100416185, -13.42653336906433, -13.49673033952713, -13.685293285131452, -14.175284578800204, -14.547480427742004, -17.42880859351158, -18.378871498107912, -18.77888947200775, -16.77749823331833, -17.524925148010254, -18.95817506122589, -19.721638190269466], [-20.092845853805542, -31.81731562948227, -33.53806520700455, -34.89788757658005, -26.629535410404202, -22.910681526660916, -22.703179768085484, -24.387892014026644, -21.31182412672043, -18.109716618061064, -17.25609097242355, -19.821778200149538, -27.000530186653137, -24.084483054637914, -22.114483166217802, -23.205336190700528, -29.64711308479309, -32.31453150129318, -36.298965662956235, -39.34479007816315, -37.65049385023117, -24.72070511722565, -27.155578729629518, -26.9229716424942, -33.67803789329529, -27.58799031448364, -21.154364939689636, -19.320465364933014], [-29.08064250135422, -37.18805349540711, -38.071807881355284, -36.42134173679352, -40.33341121292114, -37.3945794570446, -30.823516475677486, -34.838606839179995, -37.27141587781906, -35.53024259257317, -33.26705480718613, -30.9093266761303, -36.91003648328781, -39.9319771900177, -35.01623300790787, -29.127930648326874, -35.61279668593407, -35.44901097798348, -31.80263655304909, -34.52991493105889, -36.92869095826149, -38.88293324184418, -41.09549393725395, -34.13936604332924, -31.78967319941521, -38.021912700653075, -26.522970226049424, -35.12978090286254], [-22.03898127269745, -13.081319845199584, -13.943570528030394, -13.508178617477416, -20.219921348571777, -26.32055958366394, -23.16949819087982, -18.749947995185853, -23.763730309486384, -30.94963129806519, -29.105573424339294, -32.03379528808594, -23.049448603630065, -24.633375248909, -28.48362241077423, -22.9297600440979, -20.164245939254762, -18.520845618247986, -16.153849774360655, -15.738673327445984, -17.755026230812074, -22.353804139137267, -23.098241397857667, -23.51160661792755, -17.887730522155763, -22.859261869430544, -27.73532451915741, -31.904346296310422], [-13.956903101444244, -16.373961358070375, -17.92783573436737, -18.27074618339539, -15.131143585205079, -14.974083319187164, -14.74933342885971, -15.312589881896972, -16.2562612862587, -17.60929034614563, -16.486665773391724, -14.583441227436065, -16.202901751041413, -15.632804633140562, -16.251993708133696, -16.35121484375, -16.818587933540343, -19.083738358974458, -22.583798583984375, -23.88872703742981, -21.030809086322783, -16.11417167043686, -15.889796434879301, -17.419590920448304, -22.09257830476761, -16.78837665939331, -18.337692363262178, -18.818211446285247], [-24.2860388712883, -30.18666944742203, -31.046484203338622, -30.489147315979004, -24.883872102737424, -25.386222799301148, -25.46941060113907, -25.40513817501068, -24.087723691940308, -24.264020395278934, -25.429455170154572, -24.05167727422714, -24.92227609491348, -24.894756286144258, -25.268624262332914, -26.97298734426498, -28.87719826221466, -31.47108664560318, -35.77282707834244, -38.28040761137009, -37.43696265792847, -30.261682034969333, -32.11961705875397, -33.84282340478897, -36.892785652637485, -31.44874158668518, -31.95573138141632, -30.66687224769592], [-33.675875000000005, -37.4415625, -39.0778125, -39.9614375, -36.538124999999994, -34.3263125, -32.8195625, -31.4950625, -32.8095625, -35.586, -36.8980625, -34.7569375, -30.6904375, -30.590312500000003, -33.540375, -33.898375, -35.9876875, -36.3174375, -40.4325625, -41.887625, -37.869625, -38.6104375, -41.3946875, -40.879875, -40.948375, -38.2066875, -37.144, -37.497625], [-47.09942956542969, -44.97050786828994, -44.250577902793886, -42.91818826961517, -51.41729499053955, -56.909582401275635, -53.529079628944395, -54.31335666418076, -56.5093958773613, -49.84296925592422, -50.976032795906065, -48.02028674459458, -52.17580608415604, -53.76163966703414, -49.53920964431763, -48.296453962802886, -49.918373919010165, -44.48435545301437, -42.165351541996, -39.71375668954849, -45.11869794511795, -53.97051669883727, -53.93121229124069, -50.308379992485044, -45.8561394739151, -51.346887788295746, -44.88894479084015, -49.87735819721222], [-47.56667139291763, -50.58820849752426, -48.19577350330353, -49.03015939855575, -45.563628246307374, -44.312455877780906, -43.2811430644989, -44.52257372474671, -48.29388501691818, -50.618240243434904, -53.595054213523866, -54.66700097942352, -50.796093055725095, -50.498448690414435, -47.74494641017914, -45.85916454315186, -47.02315110492706, -49.523110707759855, -47.66198206281662, -48.08151646947861, -48.40063265514374, -45.61759036827087, -45.68452881956101, -45.69514450359344, -47.90671054792404, -47.01273335170745, -50.166982808113104, -51.06452662611008], [-43.008193910598756, -46.65611594772339, -48.375550875663755, -47.03278376483917, -47.07940442466736, -45.978907642364504, -46.61834594249726, -47.36626027107238, -45.83578347206116, -49.421114151954654, -49.184306402206424, -48.41682795810699, -49.52960860157013, -45.92999354553223, -44.91056095409394, -45.07266317462921, -51.94265355587005, -52.53886055755615, -53.06374558830261, -51.48508241558075, -51.95820433139801, -49.98673044776917, -49.74879041576385, -49.88408268260956, -51.95708368873596, -48.19900484180451, -49.15900430393219, -48.93359903049469], [-46.189405838966366, -52.44686716842652, -52.731117879867554, -53.28237018585205, -49.9116147480011, -51.21453180027009, -52.38372068977357, -53.240496688842775, -51.46480544090271, -51.59677527523041, -47.04759104156494, -47.891066004753114, -51.48561556148529, -50.35061064720154, -53.27086179733276, -54.31435777282715, 