{"status": 0, "spectogram": [[-6.868893023908138, -8.936973588392139, -8.970973585948347, -8.598428928881884, -8.547714645653961, -8.586321778446436, -9.02582179042697, -8.84432179275155, -8.735589653521776, -8.647473586693405, -8.668848585888743, -8.511580723926425, -8.203161057829856, -8.283741419121624, -8.27992892125249, -8.819036105960608, -9.10496469756961, -9.565446857541799, -9.693384365692737, -9.56310756778717, -8.812223586216568, -8.728027136132122, -8.655152153149247, -8.815330734089017, -8.997286102205514, -8.756937867686151, -8.907125381499528, -8.514928923130036], [-6.4450538367033, -7.140723448812961, -7.126910961031913, -7.287812775313855, -7.397830606281758, -7.697732417464257, -8.048794929683208, -7.546473459661007, -7.3513127322793, -7.283830576360226, -7.190893074154854, -7.164785947442055, -7.482687782466411, -7.4996877699494355, -7.4452502619028085, -7.302651996433735, -7.179357303619385, -7.0962858406305305, -7.097723355591296, -6.9837947615981095, -7.280410911560058, -7.966875256180762, -7.58225021636486, -7.162750197410583, -7.25591092479229, -7.633544902861118, -7.913607372999191, -8.33009849947691], [-16.51257167673111, -20.345234117031097, -20.416609115123748, -21.812859383106236, -21.265894886016845, -22.318520046710965, -22.902145110130306, -20.80014489364624, -20.229332277059555, -19.79474288249016, -19.86511795115471, -20.05085016751289, -21.771475450277325, -21.361278915643695, -21.384528927087786, -19.79283217692375, -18.337947934150698, -17.10766208934784, -17.25291213941574, -16.214715543746948, -18.63968923449516, -20.99437709283829, -19.7378768992424, -18.35002849316597, -18.70470713829994, -21.147770095825194, -19.973082193613052, -22.38764500617981], [-15.349875, -16.9306875, -16.23025, -16.799875, -17.3924375, -18.0399375, -19.454375, -17.733687500000002, -18.0130625, -17.40775, -17.3241875, -17.6445, -17.546062499999998, -18.1259375, -17.6635, -17.621375, -17.763, -17.3794375, -16.996624999999998, -16.7455625, -17.43725, -18.353125, -17.5188125, -17.05125, -17.583125000000003, -17.975687500000003, -18.3265625, -18.7584375], [-2.07848209142685, -2.0232592136859897, -1.5645090711116794, -1.5523212709426881, -2.6550001201629634, -3.1610445282459256, -4.8284819059371955, -3.3373572273254393, -3.683607489585876, -3.848393368244171, -3.559205739736557, -3.209687737703323, -3.286160553455353, -3.326946388244629, -3.2970714354515076, -3.9646611704826356, -6.026349417448044, -6.2264567458629605, -5.479081606149673, -5.943376597881317, -4.038330976724625, -3.681339355945587, -3.31840210556984, -3.4986525456905366, -3.259625505924225, -3.0562141852378844, -4.459964735031128, -4.124821203231812], [-5.624783061981201, -4.85988223028183, -5.4915694818496705, -6.167345367908478, -5.455783609390259, -6.502925928115844, -9.010238111019135, -6.0603907861709585, -5.382944952011108, -5.2214719977378845, -5.474846828937531, -5.716658963203431, -7.424077600955963, -6.659194013595581, -6.564568984031677, -5.548257750988006, -5.5626879115104675, -6.97090268945694, -6.678652475833893, -6.143189073085786, -5.921901036739349, -7.11120314836502, -5.3304538731575, -4.687642416000366, -5.443686439037323, -7.227336665153503, -5.467463141441344, -8.057470299243926], [-15.635089047670363, -17.407943082809446, -17.02613520693779, -19.682274063110356, -18.13145586323738, -20.275969346046445, -21.248718729496, -18.746804821491242, -18.386217925786973, -17.523260573387144, -15.95038917684555, -18.929007304430005, -21.732336705446247, -20.224619648218155, -20.35080654668808, -17.777762965202335, -15.024484089612962, -14.752735640525819, -13.579427342653272, -11.99814836835861, -17.150730111360552, -20.306125728130343, -17.30199874973297, -16.29986567735672, -17.165894837617873, -20.01998477458954, -18.437664241552355, -22.08851292347908], [-9.445011989593505, -8.771316291809082, -8.125813814163209, -6.875135330200195, -9.033619455337524, -8.159546867370606, -9.521670433044434, -9.025850238800048, -10.737709712982177, -10.867574023246767, -9.072259935379028, -10.417477605819702, -8.867393973350524, -9.161734580039978, -9.51485923099518, -11.443716574668883, -15.101108640670777, -15.724492035865783, -15.656553438186645, -14.213373035430909, -12.921276306152343, -10.938868701934815, -10.358116931915282, -12.502821887016296, -11.240654691696166, -9.915421812057495, -12.810546766281128, -11.695420186996461], [-22.81831598520279, -25.614691191196442, -25.63800228881836, -26.097161818504336, -26.487057532310487, -26.665243388652804, -27.243929921150205, -25.367288918495177, -26.272219393730165, -25.37733570051193, -24.07233509111404, -25.005540811538694, -26.056975833415983, -25.88911020374298, -25.799110827445983, -25.71228237962723, -25.17223633575439, -26.559236988067624, -27.08867412900925, -24.919325045585637, -26.478960805416108, -25.805977607250217, -24.8187279086113, -25.71353241586685, -26.084469227790834, -25.753681913375853, -25.52374667406082, -27.356226085186005], [-30.845229158401494, -30.732446922302245, -30.62119425582886, -33.10131545639039, -31.175927139282226, -32.84922695827485, -35.224976160049444, -31.323756908893582, -31.12530412197113, -30.186931490898132, -30.832742490291594, -29.999482823371885, -32.67015483283997, -31.48495995903015, -31.900897566318513, -31.08234201145172, -30.49086402606964, -31.967519182682036, -31.543955359458923, -31.840178258419034, -31.256432389259338, -31.460917266368867, -30.388296114444728, -31.522318274974822, -31.612252783775332, -33.208146396160124, -30.662716525077823, -33.98785952520371], [-33.932125, -35.309, -34.5044375, -34.22475, -34.87975, -35.101937500000005, -37.491125000000004, -34.8575625, -35.7864375, -35.0655, -35.28075, -35.2295, -35.3316875, -35.6398125, -35.215875, -35.5834375, -35.200562500000004, -36.433499999999995, -36.896375000000006, -36.5975, -37.228375, -36.894999999999996, -35.317375, -35.9014375, -36.179, -36.200874999999996, -37.232937500000006, -37.7949375], [-33.68230697107315, -33.81592088842392, -34.05598309516907, -32.56567334318161, -34.20403831005097, -33.942528285503386, -36.50734002876281, -35.15489334106445, -34.881366772174836, -34.955320760726934, -34.67188266134262, -34.707384543895714, -35.672571524620054, -35.413786064147956, -35.86966226577759, -37.72377571344375, -37.58257570123673, -39.093708634376526, -39.14408410644531, -37.95602966403962, -38.15557851076126, -37.30322298765182, -36.784721934795385, -36.56465791702271, -35.81814192199707, -36.09414385318756, -37.24045411157608, -37.989848385334014], [-27.664654741764068, -29.610333063602447, -29.985207958698272, -31.393162334442138, -30.649458443164825, -31.956055769920347, -32.97361840200424, -29.906029726505277, -29.040887307643892, -29.641512476444248, -28.62757454013824, -29.049137267589565, -32.29956469011307, -31.707297300815583, -33.57535987281799, -32.135691236019134, -32.90550313663483, -33.23207532024384, -32.504762548923495, -31.116235192298888, -31.119415041923524, -32.16169054079056, -31.23656526136398, -29.633897233963015, -29.94683437395096, -32.39532401180267, -31.955387290477752, -37.38209145355224], [-30.961704545021057, -31.144788717269897, -30.916600764274598, -29.635841789245607, -30.823466682434077, -32.2107058763504, -34.986518894195555, -32.23584099006653, -32.69280466079712, -32.34963504695892, -32.38776020526886, -33.12416130256653, -34.09892910003662, -33.980214673995974, -32.84734008026123, -35.32260775756836, -34.10594828987121, -36.05191239356995, -35.99603783035279, -34.91089339637756, -34.74563491916657, -33.37801034259796, -32.914510201454156, -33.97390243244171, -33.469536342620856, -33.74901855278015, -33.69820690250397, -35.35062743568421], [-25.264583018302915, -27.5559145526886, -27.804664344787597, -26.752387152671812, -28.357235481262208, -28.646030114173893, -30.858655228614808, -28.48039581680298, -28.584556327819826, -29.067234607696534, -28.68267251491547, -29.63227937221527, -31.2369319858551, -30.49870853900909, -30.085333310127258, -31.4079848651886, 