{"status": 0, "spectogram": [[-8.772839542031289, -11.277500606745482, -11.56993814535439, -9.557571926116943, -8.836339712291956, -9.24304509319365, -9.834607631236315, -10.804741624101995, -10.072045169666408, -10.381705899611115, -10.471268431067468, -10.524045212969185, -10.365063051059842, -10.316286256104707, -10.262973738864066, -10.461822003364563, -9.291313005879521, -9.153223722144961, -9.288286209583282, -10.208955915167929, -11.753232778817415, -10.440518381863832, -10.00364334651828, -10.171500494480133, -11.364598791524768, -11.337009513482451, -10.104821903735399, -10.261723690733312], [-11.432830656826496, -9.841455339491366, -9.329392817258835, -9.466196491360664, -10.368651904881, -10.296250065207483, -9.527874998092653, -9.528366001069546, -9.15057140314579, -9.76036607438326, -9.437116023242474, -9.228633875787258, -9.507142832994461, -9.496607139229775, -9.33554461568594, -9.183401764810085, -8.979008921444416, -9.12052680426836, -9.038714271306992, -8.963455310761928, -9.466473184764386, -9.951151787817476, -9.975089317917824, -9.681080365478993, -9.64024103051424, -9.534535701870917, -9.502410698413849, -10.12975002670288], [-11.569643913269042, -10.057991577863694, -9.254803954124453, -11.520840271472931, -13.367528067350387, -12.228545621156695, -10.31492021727562, -8.807357374191284, -9.032839728832247, -10.262616706609725, -8.776241441965103, -8.12830385351181, -9.110527271032332, -9.708982766628264, -9.133107596874236, -8.97313444685936, -8.929509506940843, -9.382473921537398, -8.942348757982252, -8.134196796417235, -8.954321873664856, -10.285750635147094, -11.072063323259353, -10.185964936733244, -9.195893236160277, -9.723848767042162, -9.630973717451097, -11.125375785827636], [-14.561625, -14.89625, -14.8118125, -13.785250000000001, -14.0999375, -14.4374375, -14.8189375, -14.4713125, -14.298375, -14.646125000000001, -14.100562499999999, -13.364749999999999, -14.33075, -14.553499999999998, -14.7105625, -13.636062500000001, -13.728125000000002, -13.267812500000002, -13.6659375, -13.785250000000001, -14.020812500000002, -14.671187499999998, -14.583250000000001, -15.0383125, -14.96525, -15.0309375, -15.043187499999998, -15.12625], [-19.04356518530846, -23.504137661218646, -27.298826503753663, -17.73966349411011, -17.079233707904816, -19.19802025222778, -21.897334134340287, -30.92461305904388, -23.916192154169085, -22.782503947257993, -26.752504791259767, -29.26613069868088, -24.847477782964706, -23.01770060491562, -28.05101442885399, -24.367459830522535, -22.159262912511828, -21.26447699570656, -22.38354000663757, -27.612121752023697, -23.737629683971406, -21.685289446353913, -20.115038834095003, -22.020423584699632, -26.759933666229244, -23.027691829919814, -23.506504499435422, -21.258280246973037], [-20.509790952682494, -23.581336901187896, -25.685524557113645, -23.8851197552681, -21.92139537525177, -21.7561816110611, -27.315685170173644, -28.02515892457962, -27.520123183727264, -24.604988149642946, -23.918301408290866, -25.00509793663025, -23.213569795131683, -23.47868508529663, -23.881810092926024, -22.088041996002197, -23.245586973667145, -22.6098089838028, -25.07537290811539, -25.443320575237276, -25.31083659410477, -24.515567887783053, -24.3845041103363, -25.890666341781618, -27.93884609794617, -28.496139564990997, -28.100514575481416, -28.572781857967378], [-22.943006440401078, -26.627701839208605, -27.371642392635344, -27.517313522338867, -29.662809217929837, -25.927135134220123, -26.77770207667351, -26.49135687494278, -21.84505093193054, -24.662958438396455, -21.965588290691375, -22.53202533507347, -21.993755756616594, -24.117781696796417, -25.95090791845322, -22.90915764808655, -22.94510249185562, -21.367191524982452, -21.10669318294525, -21.08235586214066, -21.560845174551012, -26.97417243146897, -25.753423059463504, -27.062746367931364, -28.128095467805863, -26.341005243062977, -25.09163072657585, -28.524046354293823], [-31.162475934982304, -31.453673955917353, -28.2411712436676, -34.54965173721314, -32.836860159873964, -32.34592881679535, -30.86780357074738, -25.926582820892335, -22.68049181747437, -30.50802642822266, -24.716216464042667, -23.100313846588136, -26.847525545120238, -29.522327976226805, -28.18683001327515, -27.22598221874237, -28.909667802810667, -28.17128434085846, -25.3405343580246, -23.997955516815185, -23.366571990013124, -31.050006034851073, -30.4391326007843, -29.92990000343323, -28.21955450344086, -29.323747715950013, -29.200374398231506, -33.02590003967285], [-39.256711993217465, -35.188382007122044, -34.98975581216812, -34.50823330593109, -39.493681224823, -35.24044800281524, -31.96788313817978, -36.43582596826553, -33.787470853328706, -33.45868653249741, -34.90099725723267, -35.221308902263644, -34.13222100019455, -33.43620409154892, -33.51914046573639, -32.13541784238815, -31.059159216880794, -31.16744585609436, -31.95394457817078, -32.03813103055954, -35.04047960090637, -32.56274894618988, -32.59806270170212, -32.637552735328676, -35.70550578069687, -34.01202482748032, -34.03783715724945, -32.70877686166763], [-40.24292033863068, -47.40008195734024, -48.677078681468956, -46.02668224000931, -42.155334536075586, -43.597450277805336, -48.21012897872925, -49.403681650161744, -50.08745111846924, -44.841489717483526, -49.38972864246368, -47.66441258811951, -46.69044204378128, -47.26977175617218, -48.491709005832675, -46.29420848798752, -46.35831803369521, -42.9233761382103, -46.66030950832367, -48.719833665370935, -47.249323832988736, -44.0769425649643, -44.9142531208992, -47.11774051856995, -48.11144202375412, -48.142916218757634, -48.71960357999802, -47.229217368602754], [-44.2008125, -45.90543749999999, -43.2485, -45.1494375, -49.08562499999999, -46.8508125, -45.2548125, -43.561125, -43.24968749999999, -43.8345, -44.4238125, -41.8806875, -44.292437500000005, -44.32625, -43.245625, -44.352625, -44.736625000000004, -44.8485625, -44.26625, -42.5666875, -44.075874999999996, -45.053, -46.0343125, -45.0534375, -44.7450625, -46.099, -45.005250000000004, -47.410624999999996], [-47.06286569929124, -54.25758556556702, -52.06039662218094, -56.900434574127196, -54.06054605388641, -54.57726790046692, -52.68839232540131, -50.069732583045955, -48.69585523414612, -57.91307699394226, -54.26745659160614, -45.14058277368545, -51.4572461719513, -48.139891321182255, -49.604581062793734, -48.37649903869629, -49.195070102691645, -48.626883267879485, -47.97013317632675, -45.993449205398555, -45.384914028167735, -59.347294182777404, -58.254796053886416, -52.465236301898955, -50.74342251634598, -52.76410519981384, -49.46310847282409, -57.0104771361351], [-39.56469279909134, -41.50869017076492, -41.06368905782699, -40.695768960952755, -37.33643319129944, -40.58952793741226, -43.09359063339234, -40.61597540807723, -38.58932214641571, -40.67559154224396, -36.02159149169921, -40.26133021974564, -38.25832417869568, -40.549296931743626, -40.24929581308365, -43.17278660583496, -43.36029550218582, -43.53418964719772, -43.015313352108, -40.00977755117417, -41.82292012166977, -39.543796315670015, -40.345483179092405, -40.342465309143066, -39.01610012578964, -40.82289562225342, -41.53901978969574, -40.25534076881409], [-42.34822453022003, -46.188455519676204, -45.98476914215088, -45.40521625709533, -50.958844414710995, -48.16264085769654, -44.728456950187685, -47.05342068767548, -47.34935084056854, -45.99617118358612, -45.43954563999176, -45.17209041404724, -45.189679323196415, -46.03693205261231, -45.699931495666505, -44.968448764801025, -43.25485067462921, -43.573991946220396, -44.17568137168884, -45.64381512737275, -48.38596642684937, -45.09243895816803, -43.79100155448913, -45.735511700630184, -46.50586765384674, -44.61649371051789, -45.935555723190305, -46.388705775260924], [-38.00603820991516, -39.48279131317138, -37.024792024612424, -38.42606802845001, -46.08694305706024, -47.068488340377804, -37.88367520427704, -36.21547960186005, -34.410076986312866, -38.718405781745915, -35.86834531021118, -32.69855112171173, 