{"status": 1, "spectogram": [[-33.208348203256726, -45.76464291235804, -45.73139265680313, -41.16172313131392, -46.06958020775021, -40.534964232772595, -45.84277652673423, -48.68513363401592, -46.8916873369962, -38.86307152244449, -50.72913385097683, -44.510794559612876, -44.47199992153048, -44.47986601127684, -48.74955362230539, -44.9259554157108, -43.000419665440916, -47.62574989375472, -42.33299991309643, -44.79962487328053, -47.15335710176826, -47.47244643709064, -46.80650888423621, -40.39551781278849, -47.43560703024268, -41.93495533712208, -45.887205190524455, -39.79580344009399], [-0.6600804256796836, -0.9923125109076498, -0.7556874772906302, -0.805455296933651, -0.9171428014039994, -0.4313124588131904, -0.4009375029206276, -0.8222321529388428, -0.9605714293718337, -0.9312946481108666, -1.5293571385145186, -1.3497767689824105, -0.944624997973442, -0.9435000114440919, -1.0529374924302102, -1.0407678337097168, -1.1446964030265807, -1.0425267820954325, -1.3701517739892006, -1.1728214143514633, -1.6239910662770272, -1.9383928332328795, -1.8434552994370463, -2.184017851948738, -2.3158571487665176, -2.014062511384487, -2.285937524020672, -2.534571450829506], [-35.876186416387554, -44.147857730865475, -42.87479447627069, -35.70833032441139, -42.494250243186954, -36.370580112218846, -41.75008050942421, -44.23364170885086, -40.16727604842186, -35.72125028800965, -39.055436594724654, -37.730294387578965, -40.710053759574876, -48.25634900784493, -37.91484764552117, -37.284401260137564, -38.14510729408265, -46.81550833582878, -42.9427576982975, -47.480812679529194, -47.499884349107745, -44.08590211129189, -44.448588394641874, -38.93504451155663, -43.12478421020508, -42.63149126553536, -43.965990043401725, -41.77579401564598], [-17.8875625, -16.232750000000003, -15.1446875, -13.3769375, -14.0926875, -14.6939375, -16.7445, -17.2395625, -17.1549375, -17.71825, -17.8096875, -16.793625, -16.643125, -17.93725, -17.413125, -16.536, -16.657875, -18.0913125, -17.592125, -18.217125000000003, -18.614375, -17.633, -16.751437499999998, -20.0685625, -21.1313125, -20.8085625, -22.0204375, -22.137], [-22.436324791908266, -23.914119940042493, -26.920808290481567, -35.801176647901535, -34.08393506288528, -31.0963984746933, -24.8024592692852, -24.698325212478636, -25.90367370581627, -26.248512957334516, -27.585700656890868, -28.501683263778684, -26.105147025108337, -24.460503734588624, -27.21612935447693, -28.938853075742724, -29.288969262123107, -26.42572732710838, -28.134665123939516, -28.098477582216262, -27.311334515810014, -30.081442445516586, -35.44463127279282, -29.055540044307712, -27.87623604106903, -26.95275383377075, -25.543440901994703, -26.751762430906293], [-36.79935816383362, -36.443389201164244, -38.215515615463254, -25.606215980529786, -33.95956417417526, -30.53416274547577, -38.081036897659295, -35.717635169506075, -34.0656259393692, -31.952477585315705, -31.607350166797637, -31.749795670032505, -30.23552811098099, -33.87455341720582, -31.949741295337677, -33.809199716567996, -28.86751924800873, -37.61891112232208, -39.42397416162491, -34.45921611404419, -40.43931151342392, -36.482627920150755, -36.06356060171127, -34.12150240898132, -36.126402877330776, -34.76617269849777, -40.01979261445999, -33.533651283740994], [-9.670157424926757, -8.675727338790894, -9.37716648888588, -10.467275928735733, -9.70788248038292, -9.843042460203169, -9.733790059804917, -9.589754267454149, -9.681290162801742, -9.050415215730666, -9.31510318136215, -9.13943433213234, -9.020504775285723, -8.917995206356048, -8.612996176242829, -8.93140783405304, -8.797318486213683, -8.510486963510512, -8.742800199508668, -8.927987491369247, -9.02179957151413, -9.379068494796753, -9.94475778222084, -9.77752269434929, -10.53545079779625, -10.029093535184861, -10.709967596769332, -12.295101524829866], [-32.96692925071716, -41.29804234695435, -36.03303718376159, -34.155583766937255, -38.506810494422915, -34.823956632614134, -38.0040248708725, -42.23156199550629, -41.10763993453979, -35.02989144706726, -42.94163638687134, -38.084477432250985, -36.9563964471817, -37.584020019531245, -34.92507903575897, -36.32535026550293, -36.62801941013336, -35.795930055618285, -38.14467844581604, -45.497382315635676, -38.85306902313232, -40.269192547798156, -41.73230869197845, -37.53552676296234, -41.069777686119075, -38.15747475337983, -44.320907001495364, -39.26775765705109], [-36.61762372779846, -46.15912527751922, -38.7126866517067, -36.76033765983581, -37.78508853530883, -37.19440186452866, -43.32483870124817, -38.925249727249145, -40.568135236263274, -36.04513292551041, -38.906881928920754, -39.81859616231919, -39.7236790561676, -39.79128378391266, -41.60372310018539, -38.00401585102082, -35.24743546819687, -39.58260246753693, -37.9145421833992, -42.41396231555939, -38.872327165126805, -37.18405419063568, -37.6603673453331, -39.94048107910156, -43.253517029762264, -46.01199810123444, -40.70337660598754, -40.395831004619595], [-34.179885687351224, -34.762271543979644, -32.008837212562554, -28.485179281234743, -31.02578835725784, -30.509620369911193, -34.97761821269989, -33.10412224960327, -36.851686123847955, -31.123167442798614, -38.675715553283695, -34.52632104539871, -32.90423365163804, -36.44162294149398, -32.26768924236298, -33.27199911451339, -33.154589337825776, -36.56867618227005, -31.079373465538023, -38.667504984855654, -38.880809830665584, -32.71184889602661, -32.76460080432892, -34.463690752983084, -37.683947209835054, -35.650261138916015, -40.236255654335025, -32.454645809173584], [-39.285625, -44.794812500000006, -41.332875, -41.512249999999995, -40.469125, -40.74275, -41.534625000000005, -40.7831875, -40.004875, -40.1598125, -41.4521875, -38.51356249999999, -42.766625, -47.0033125, -40.223375000000004, -38.2443125, -39.3069375, -41.12525, -41.533, -40.72775, -42.7905625, -42.593875000000004, -42.2093125, -41.732749999999996, -46.5073125, -45.14175, -46.7014375, -47.7204375], [-53.77636827087402, -52.37568613100052, -51.53250342464447, -53.060873329162604, -50.923572543144225, -50.88639602470398, -54.49295235204697, -51.5661412525177, -51.33893712091446, -52.44989228248596, -53.19020097875595, -49.28536398267747, -50.64821964597702, -49.90400767564774, -52.231001275539406, -53.00925328969956, -53.359858686923985, -53.460441079616544, -55.61306702375412, -52.37277589607238, -51.65586328983307, -52.511193869113924, -55.67169434976577, -50.94758009243011, -53.76078220701218, -57.727105453491205, -53.95204879426956, -57.29885188627242], [-47.305769462585445, -47.32632357597352, -45.521073940277105, -45.27093354606629, -44.68181623411178, -45.6086903090477, -46.13325053596496, -47.55548394680024, -44.675591060638425, -43.56666324520111, -43.049974633693694, -46.22669040060043, -46.69051925563812, -45.51382333564759, -43.83994878959656, -45.076261275768275, -45.29366174888611, -43.33350259685516, -45.66900380802154, -44.0260739479065, -42.25454725408554, -42.92881709432602, -46.70337743377685, -44.74600216674804, -46.82451943016052, -45.360028963565824, -49.05396602249145, -51.46341242885589], [-48.20746656417847, -51.88297476291657, -52.71603398323059, -47.12104346656799, -48.470013558387755, -49.14241755104065, -51.836160392761236, -50.088850140571594, -50.78006520557403, -48.854811338424675, -49.637056158065796, -50.92548114776611, -51.29272890377045, -50.587388314247136, -53.15482047462464, -52.02115828227997, -51.25838691043853, -54.30382067680359, -52.00895529556274, -53.65712054347991, -50.23658208751679, -51.17594646644592, -50.586199724197385, -48.33936271286011, -56.07322131443024, -53.54949063968659, -55.451865609169005, -54.50916092681885], [-53.36435286712646, -54.84884764766693, -55.73309488201141, -51.391618332862855, -51.65119503593445, -52.16023673057557, -52.560980014801025, -54.17752324390411, -53.7642840423584, -53.0881949634552, -53.82737710857391, -51.2142133693695, -52.011308403015136, -54.84405948734284, -50.581814097404475, -53.668513157844544, -53.36796515655517, 