{"status": 0, "spectogram": [[-28.111755657253216, -53.05877529921337, -54.7682647634331, -53.928856987714774, -52.73436754638321, -51.66400011845997, -54.77359199335625, -55.37716261075951, -54.16363255058504, -55.120775667910685, -53.71699990534782, -57.42154076872309, -57.012469412682044, -54.91497815603134, -53.06243814905563, -53.70030603680325, -55.02274347251044, -55.989214317202574, -54.43112604286482, -50.63128474780491, -54.8753385437484, -55.82783575617539, -55.926529698561666, -54.98617250650517, -57.17199997997284, -53.93539383400953, -55.82719147027513, -53.71794800616037], [-7.537612759734605, -7.284939056595977, -7.091204361852338, -6.8982144961357115, -7.125143001488279, -7.304887960623733, -7.519204353269269, -7.455673741564457, -7.577081902465042, -7.729214548247203, -7.726571674346923, -7.62722471349094, -7.54747977407612, -7.681530894162721, -7.620500195026377, -7.63118391075913, -7.428408569413828, -7.606357360363007, -7.858173640747426, -7.7500001946858195, -7.8227349185165185, -7.727796192947707, -7.571306279377058, -7.707928600788092, -7.942357352733612, -8.116296147511957, -8.207429082734306, -8.455694246778702], [-33.049989113841264, -42.86669252885359, -42.998589629878865, -47.658000263214106, -46.76085676615575, -46.954019927321546, -43.058947462174295, -46.18617294313481, -47.3595088867068, -43.26699634865333, -50.397214864730834, -42.64858086622979, -49.98978322287918, -47.46993277845407, -40.427229486114534, -45.28184572904937, -46.05033359290167, -49.4667138748169, -45.1995247686164, -47.59398046610343, -44.39365124099103, -57.04862532460002, -51.056946686530154, -43.847135214435305, -44.74299834442138, -42.78150908030467, -43.37685720852817, -38.788781000953115], [-20.962286094591022, -34.217785680651666, -33.31707147669792, -30.9195, -31.294928927421566, -30.567928978919987, -34.53350024724007, -32.880285700798034, -33.09350015354156, -32.63799985170365, -34.879, -31.4082140250206, -32.590142945289614, -35.39150186920166, -33.002570808410645, -34.01078573513031, -33.71164324951172, -33.963499999999996, -36.353211146354674, -32.73628613090515, -32.56228602027893, -33.093713333129884, -33.40807067584992, -32.507713509559636, -34.6495, -32.411855167388914, -35.603362569808965, -31.790996671676634], [-3.2662029981384957, -2.359285500322068, -2.46177550517293, -3.02492901802063, -3.389041671188475, -3.322816922104964, -2.8796429233210086, -3.2923470664414105, -3.1837655944240213, -3.3398573144503807, -3.865785810470581, -4.520316763488569, -5.180174168197355, -4.873530977949596, -4.862408769140609, -4.822275712324578, -5.56931603910448, -5.905071912765504, -5.963072131702077, -7.292245349767006, -7.859613353573485, -7.295949894145946, -7.5720727045876846, -7.196613799212184, -6.394357637405395, -6.717143121446629, -6.694122355129635, -6.4873980196347985], [-22.499865698659434, -34.38746077665506, -36.01043038962569, -30.380286758422855, -31.689603320890896, -29.92510271135702, -28.50334722553453, -32.40236038228477, -35.89108734113369, -34.18756311890513, -39.0164994392395, -30.613396134561288, -33.46395676260594, -37.49323457274144, -35.823887417267734, -35.65325424560204, -33.75224441584737, -36.1953588066101, -33.55969016859632, -32.11821580641546, -30.982805195320104, -32.842371225865094, -32.53422687472248, -27.605885102061755, -34.41386115264893, -28.851848646433297, -31.933860932987137, -26.141693077712524], [-16.80208963037365, -19.269825229399096, -17.75386413947944, -13.400128269195557, -11.487733882815842, -12.021505176399018, -16.68038709679454, -17.115145924763407, -15.523831399547156, -16.787086726821578, -17.829555934906004, -15.308729596771258, -12.834452094466663, -13.0694023511459, -15.092911373138797, -18.24882299499252, -16.175604659333505, -13.648918584823608, -17.914781246284896, -13.548404356452894, -11.450513410452725, -12.855296742731959, -11.580480438778656, -12.297794690836383, -14.96298484802246, -14.903218425414845, -16.738197207055958, -16.93883488768219], [-12.463963726480486, -10.137622458813192, -11.165287374007322, -13.967587310791016, -17.05762999627985, -15.424811785215029, -12.778471128925801, -13.778033596505804, -14.074115764228917, -14.475736969023064, -14.320869354248046, -17.357473653131308, -19.740698299116584, -19.20060757683884, -16.5008294434073, -15.791847972403078, -16.815533218712503, -18.750870162963864, -18.804146793405497, -23.187677463452623, -25.428375181471115, -23.332950415980918, -23.35774819611633, -22.48551504503259, -19.42694162750244, -21.92390607522585, -20.452502296210092, -19.163725510459308], [-22.26331335084696, -27.97533798993108, -31.24291826379286, -27.114212154388426, -28.012019369388113, -29.836966208028894, -30.883533184168062, -29.29408099504191, -35.571695116763564, -30.400321039521423, -29.562353321075438, -29.113752780962816, -35.15174208997233, -34.08260820809166, -31.093259556443083, -33.68017470453276, -32.977809607522836, -29.229928493499756, -29.140356331417294, -31.157498920985397, -30.673334019873963, -37.6455529091093, -32.57647112531053, -29.46570989517309, -32.386140251159674, -29.666605707289534, -30.51835535944815, -25.79820045829326], [-33.994998486146606, -39.168871436126736, -38.04277374520131, -45.86463737869263, -40.68263223822354, -42.307989151824884, -40.06781429411886, -44.19795413128037, -45.66973054305858, -43.934504646808016, -42.66214212799073, -38.01448735190395, -40.613335892759146, -43.2081740211538, -40.40080440404112, -40.94432512063042, -40.38869114637941, -37.34492621231079, -43.95317482046656, -40.66559658678954, -38.131728861320696, -41.67974739767431, -42.161216046155985, -44.382730507897705, -47.47014958953858, -40.324418509655075, -39.83375790689209, -39.07117705034175], [-32.40507194332034, -38.70249999046326, -39.385714165091514, -41.409, -47.61721454334259, -43.072784572124476, -40.6102142803669, -44.51178533029557, -44.17535744094849, -44.68335712051391, -44.686, -42.673928215980524, -46.281784882545466, -48.307857599258426, -41.642571136474615, -41.80521409702301, -43.44914052295685, -43.7215, -43.36157226276398, -46.18392757320404, -47.08971386337281, -48.813001514434816, -46.60821439838409, -45.934501041412354, -45.6335, -42.62592529678345, -41.55999081039428, -39.28085722541809], [-36.102195839839545, -34.370654417003855, -34.811753126232354, -38.470357448577886, -40.225289891817496, -39.0514461929721, -37.41593472228764, -38.4900040381291, -38.29785098638366, -38.84819910479582, -39.70750522994995, -43.689918766402265, -44.3500031488583, -42.608321890269686, -41.37751259826827, -40.453364272390466, -41.0636965598526, -43.024502323150635, -41.585527543257705, -45.692667257876096, -46.622818393007734, -44.91075857333848, -45.488195581066, -44.1673527094939, -42.650001853942875, -42.508366138693816, -42.953938602688396, -41.94637130951434], [-45.032137544599955, -44.65958696211106, -47.13195153885488, -41.889208690643315, -42.3718010286506, -46.01862623613601, -46.63013672154326, -48.33632021915658, -47.67950374899106, -47.396556832557174, -49.23027986907959, -47.32680153450688, -44.30630276590414, -47.04499711881235, -47.922001128297474, -50.888143615140784, -49.42435955711485, -48.346778766632085, -48.74254226120273, -45.36293446605042, -44.49602550849103, -45.20958677638213, -42.88593396237447, -44.84101176744742, -48.816421920776364, -47.75709324225784, -48.05094900773852, -47.7998433296055], [-28.279838753624574, -28.332036225598728, -28.585278572603613, -28.77429168701172, -32.84077641150436, -32.535329558252116, -31.4106141439024, -33.849744420586234, -34.6204672380371, -34.847244571335686, -35.449368080139166, -38.47574037476033, -37.808694996231175, -37.77190066131455, -34.693232442270265, -34.39663501052604, -35.442610430471106, -36.98893491363525, -36.18193749836195, -37.18931831348388, -39.307807492587806, -37.858459252650384, -38.16255991639892, -37.069622601176846, -37.33065044403076, -37.317329784239, -37.06372672132222, -35.92569643768307], [-44.61993874213039, -45.41662321597464, 