{"status": 1, "spectogram": [[-24.583741022452713, -40.1028034517765, -38.59667831650376, -44.85589250066876, -45.01760679316521, -40.36725859297812, -43.798508605524894, -42.287812232807276, -43.752223010674115, -45.311053499668844, -46.66286593534052, -43.47672302602232, -46.738580294057726, -45.138455249473445, -39.72870514436066, -43.54338371439279, -46.461401741728196, -43.31833890521526, -41.29465143735707, -41.219553301543, -45.40306228603423, -42.636249908179046, -46.023624950200315, -43.74753558385372, -47.07827670754492, -46.55544639858604, -44.79400880150497, -36.72436590091884], [-4.039107266426087, -1.6030270817875865, -2.1647771535515785, -2.9526700518727305, -2.774571804881096, -2.501018199443817, -2.223268153309822, -2.378669932186604, -2.624973512113094, -2.729009254038334, -3.335759339392185, -3.2629915056824688, -2.9995450429320334, -2.847911098957061, -2.4646610639095305, -2.5454467612504956, -3.0594736053347584, -3.290750413417816, -3.1403128977417945, -2.918545009195805, -2.816321766257286, -2.8922949634194377, -3.3168574697971343, -3.1712235485911364, -2.8473842561841014, -2.9747771523594855, -3.4769021978974344, -3.229339636087417], [-32.773857773780826, -38.448070761203766, -37.17956972885131, -34.74584545063972, -37.32590914297104, -40.42575545811653, -41.074570509910586, -42.57678474330902, -41.22745117688179, -38.711998438835145, -38.37580934071541, -36.22649741697312, -36.778845525979996, -38.749944471836095, -40.34719372272491, -40.35194607400894, -37.72780082035065, -37.385649747610096, -37.28164966034889, -35.64904229521752, -39.03722153687477, -41.43539228630065, -40.31039082670212, -40.4751049618721, -38.49999854612351, -38.79211441636085, -36.9194869234562, -36.85443680024147], [-21.142875, -33.897125, -35.0385625, -38.6460625, -36.002375, -33.1159375, -33.7, -32.7239375, -35.148875000000004, -33.314375, -39.06400000000001, -39.694625, -37.9369375, -38.39625, -37.420625, -35.646812499999996, -38.920125, -36.63075, -38.11825, -38.287375, -33.8954375, -37.418437499999996, -35.3705, -34.510875, -35.091625, -35.575500000000005, -39.303, -34.649187500000004], [-6.6724551990032195, -7.6288567800521845, -7.603606252193451, -8.35545409321785, -8.01252584195137, -8.628963600635526, -8.68046406841278, -8.62242831134796, -8.326651431322098, -8.63955295419693, -9.26786480641365, -8.964882528543473, -8.841061346769333, -8.603338247299193, -8.118963569641112, -8.752124406814575, -8.818838189601898, -8.532007648706436, -8.977320252418517, -8.769856266498564, -9.282695874214172, -9.803624550819396, -9.175124414920806, -8.670615422487257, -8.890088663578034, -8.692954442739486, -9.064454050302507, -8.431392071247101], [-24.648117166996002, -34.18690810108185, -32.450410746574406, -29.058168331623072, -37.00733202791214, -36.53333142137527, -29.49901961803436, -34.52559998941422, -32.14120386838913, -37.216708731174464, -30.8834609208107, -27.762804807662967, -31.83647737169266, -33.862224918842315, -34.81203534603119, -29.56283296918869, -33.58369889068604, -30.124109636306763, -30.236295518398286, -30.55484110927582, -30.588444448471073, -30.250475856304167, -33.77359804773331, -38.12881052350998, -31.065445714950563, -32.26519080400467, -30.553127122879026, -29.171554839134217], [-15.991735142469405, -21.823531912803645, -29.370843386411664, -26.547914264440536, -27.594660873889925, -27.432688692569734, -23.20725370955467, -23.459410958528522, -22.42450179409981, -23.274701826334, -28.753197843790055, -25.384633018255233, -26.735389471530915, -27.758481053829193, -23.012169332742694, -25.007127188920975, -27.53877057147026, -26.57753712272644, -26.849153489589693, -25.341476760864257, -24.980173053741453, -23.63085347318649, -23.044099626541136, -24.012180209398267, -23.988478435993198, -23.7557118601799, -29.5592122721672, -24.362283095836638], [-15.620621117591856, -15.645097129821778, -12.269781245231627, -13.590172434806824, -15.771406111717226, -17.5325250415802, -16.280713740348816, -17.512472105026248, -18.648473543167114, -14.752373118400573, -16.02718266296387, -18.677687935829162, -18.552047404289247, -21.64702895259857, -23.25602957057953, -24.11554214286804, -19.666664932250974, -21.123269916534422, -23.876459946632384, -19.707128356933595, -24.79409564781189, -21.26738324546814, -13.70075672531128, -14.085935564041138, -17.841649902343747, -16.411808765411376, -17.91486846065521, -16.23009485435486], [-30.619445633888244, -28.944229592323303, -26.9878543548584, -23.08455014705658, -27.360825440883634, -30.25904730987549, -27.514299335479734, -28.523527541160583, -27.6741782746315, -23.220448421001436, -21.475825006008147, -24.319745725631716, -29.28422795391083, -34.62269833993911, -36.40207686281204, -27.644784100532533, -26.933585619926454, -31.428747498512266, -31.15987375450134, -26.588302710533142, -31.67995070409775, -29.477874272346497, -32.520929104328154, -24.91866719484329, -32.340116946697236, -29.202736726284023, -27.056862278461455, -28.992565789222716], [-34.46859288930893, -29.294948664665224, -28.64976682519913, -27.788028748989106, -33.848111802577975, -31.078167867183684, -29.073735518455504, -32.58809633111954, -38.13066436243057, -29.771080107688906, -29.837327077865602, -31.522215623855594, -30.631806107521058, -30.928149909973143, -27.988397672653196, -35.41523883390427, -31.526456100463868, -28.583611268043512, -30.57529434633255, -32.45093972730637, -34.85198470020294, -34.452347666740415, -32.32235759449005, -30.4182146024704, -30.443235226631163, -33.879222664356234, -29.952921956062315, -32.37601557731629], [-35.294687499999995, -35.7258125, -33.1043125, -34.4745625, -41.035, -39.19743750000001, -40.4530625, -39.93125, -39.084374999999994, -39.831625, -36.543375, -39.931999999999995, -37.20625, -37.3686875, -38.681625, -41.293000000000006, -39.44081250000001, -35.808625000000006, -38.81337499999999, -39.2916875, -40.442499999999995, -43.473, -40.8090625, -37.998999999999995, -40.568625, -41.7899375, -44.0430625, -38.771249999999995], [-39.12878439950943, -42.968865436553955, -42.19442991781234, -41.24403370475769, -44.910823888301856, -37.21755746984482, -39.86261726474762, -47.31147411203384, -48.93543591642379, -48.252469494819636, -47.900404284000395, -47.978021236419686, -44.53600922346115, -45.569782033443445, -38.541912143230434, -44.27992662763596, -44.98279444694519, -45.66075539016723, -47.56863362312317, -43.81941022348404, -42.75934759616852, -46.777375778675086, -39.939442008018496, -47.674859625816346, -42.27146946334838, -43.81620642662049, -49.56907357025146, -44.242877154350275], [-45.5645850391388, -42.58836160230637, -43.03861838293076, -45.79261829423905, -45.75546616077423, -45.67855571651459, -44.57380344867706, -44.925185266971596, -44.67345257425308, -44.97303317165374, -43.092537321090695, -47.66153615570069, -47.58280319213867, -49.896027194499965, -45.076025761127475, -45.96725662183761, -48.647250632286074, -45.33720537233353, -43.0366455116272, -43.716072265625, -44.96302483987808, -47.03190618228913, -46.52559774160385, -45.194582686901086, -45.78909078884125, -49.89875153446197, -44.30162771511078, -46.114169387340546], [-36.89864132022858, -41.106497467994686, -38.947183446884154, -39.46943018531799, -41.1503896894455, -40.90893538856507, -36.25194115066528, -36.827844413757326, -38.10378345584869, -36.641123780250545, -39.36205830574036, -38.55118245887756, -40.9024228105545, -43.94861628437043, -41.6062461977005, -39.540679542541504, -40.28424462604522, -43.03681169414519, -40.48218573474884, -39.343698463439935, -39.82891964435578, -38.66017430591583, -38.42629996776581, -41.820509097099304, -42.8422312259674, -43.60324724769592, -42.04737724494933, -41.190432456970214], [-50.03378982448579, -52.85982930278778, -53.88888965797425, -54.74462150382996, -55.308211940765375, -54.9502617149353, -52.46283238697052, -56.2853372001648, -53.435688090324405, -56.770532087326046, -57.244218623161316, -53.43476225090027, -54.65279490852356, -54.936459543228146, 