{"status": 1, "spectogram": [[-41.676285699874164, -52.572598093792806, -51.36147313766182, -51.303008870318536, -49.46430355131627, -50.8045357324183, -54.3786607285738, -44.01104478387535, -46.68628577697277, -52.79101773276925, -52.145892830938095, -48.85366061240435, -52.24520525474847, -55.13894637915492, -52.77838388459385, -47.38608936616779, -53.64740173570813, -55.2748659811467, -53.989366100117564, -50.03665167702735, -51.394999762773516, -52.29892864367366, -54.49205362075567, -50.470339160770166, -53.590116002783176, -43.88835710099339, -53.29954448525608, -39.98795538528263], [-19.578911407232283, -16.652715201973912, -14.57371503841877, -15.258581170260907, -15.419929371595384, -15.040634678781034, -19.158822490453723, -17.325929355621337, -16.49725977653265, -16.960661722540856, -18.514536889910698, -18.253768976807592, -17.221974216639996, -18.316518996477125, -17.67389392697811, -18.208581453621388, -17.77637616252899, -16.538081396400926, -17.2148315051198, -18.358385142385963, -20.739474626004693, -19.88178700232506, -16.886849281728267, -17.815126136064528, -20.188179914593697, -20.181465636849403, -20.665653196156022, -19.096911248207093], [-20.9691987593174, -22.51332510828972, -25.914388249397277, -24.851496329784393, -24.311068662166598, -24.34482625079155, -22.36795017361641, -26.691187114953994, -22.464782965183254, -21.591395393133165, -19.84795777463913, -20.356261588573457, -21.029545482635495, -19.925752088785174, -19.52337723517418, -19.06914577841759, -19.525154089450837, -21.740654015064237, -20.08815442752838, -19.89051151704788, -18.632084312438966, -17.942494854927062, -18.79074394893646, -18.069262712478636, -18.179218142271043, -18.524763261318206, -19.237512828826905, -21.4538384847641], [-33.3973125, -39.1294375, -37.393875, -35.2413125, -26.5904375, -29.35425, -36.141625000000005, -19.6658125, -21.05025, -40.442499999999995, -38.884125000000004, -39.075937499999995, -41.276250000000005, -43.567375, -37.431875, -34.664375, -35.34943749999999, -37.059687499999995, -33.509812499999995, -32.348625, -32.7425, -36.39031250000001, -37.633250000000004, -34.210375, -36.564562499999994, -31.7989375, -36.6018125, -20.17775], [-26.57381755495071, -19.749541476488112, -15.129728071212767, -16.390290446996687, -16.892748117923738, -16.175300444602964, -26.330114174604415, -17.906865336179735, -18.726098577260974, -21.465959784030915, -24.630961535930634, -31.88123196268082, -26.616853963851923, -27.497817944049835, -30.323632555246352, -27.28763311028481, -29.621848073720933, -23.53019383811951, -27.05350821185112, -27.790070293903348, -39.45307110595702, -30.180847699403763, -28.04472050738335, -28.511731524467464, -34.01355348587036, -32.1120100467205, -35.309759654283525, -22.738429869174954], [-6.314270299911499, -5.34264946937561, -7.9880278930664055, -7.47766145849228, -7.3591691446304335, -6.470124116420745, -6.618809412002563, -11.16295600748062, -8.207799368381501, -5.113051039218902, -3.9528605432510378, -5.374136800289154, -5.131664141654968, -4.340225643634796, -4.0434752068519595, -4.642617637157441, -4.659975203037263, -4.785200715065002, -5.275137686252593, -5.6119670219421405, -7.139419986248017, -6.205240731716156, -4.539492967128753, -5.160733306884765, -7.385061750888824, -8.825375211715697, -9.458687633991241, -13.768105774879455], [-25.061266086339955, -25.08711493897438, -24.382552609920502, -25.302918644666672, -12.047379768133164, -16.7594226231575, -22.435242230653763, -9.754176920413972, -10.184904682636262, -23.689971719503404, -25.481479568719863, -25.176220657825468, -27.676256105422972, -29.032735758543016, -24.58891950559616, -21.514622198820113, -23.16021352505684, -24.221185050249098, -30.71169801211357, -22.67295773148537, -20.12952431631088, -21.886537485837938, -23.48178300261498, -21.408810343265536, -19.52325852584839, -22.215507155418397, -28.635890538215637, -15.698240911722184], [-22.95014342403412, -25.655833115577696, -22.0967700881958, -26.28763269329071, -20.395498133659366, -22.677450664520265, -27.42670593261719, -20.364544371604918, -17.227439185142515, -29.23732253456116, -28.511766081809995, -29.459783702850338, -33.99339210605621, -32.33656398582458, -31.448945526123048, -29.81310400009155, -28.670865326881408, -27.34023638248444, -28.611672792434693, -29.4948802614212, -31.862665856361385, -35.388150385856626, -30.02627526187897, -29.823371166229247, -30.98518141746521, -24.997690432548524, -32.27686912536622, -17.763600340843198], [-18.941360494613647, -13.932087670803071, -10.201898767471313, -10.020506642341614, -10.080165178298952, -10.874808946609498, -16.607932200431826, -14.685776484012603, -13.725893770217898, -13.905579641342163, -16.5714535074234, -18.75623554801941, -19.470157166957854, -22.63564212369919, -24.222199447631837, -20.667609375953674, -24.04016377067566, -16.649692595005035, -17.68775675773621, -20.249800869464877, -23.510662007331845, -27.942392773628235, -24.263519347190858, -22.005913503646852, -24.66847365808487, -21.268534688949586, -23.993787911415097, -16.624285652160644], [-18.661599857807158, -16.539799395084383, -14.55480967760086, -17.100502866268158, -19.44526252746582, -18.808027755737307, -25.924203515529634, -26.395116239547733, -24.12735641813278, -22.664886125087737, -27.82681283760071, -32.329888135433194, -32.32968199825287, -35.815497883796695, -35.81781213903427, -34.491288568496714, -36.865199452400205, -33.04680528211593, -32.810866868019104, -35.56797975492478, -36.40383180236816, -40.20754881620407, -34.67230192041398, -34.16545754051209, -38.223743092536935, -33.18756379652023, -36.83549685192109, -27.86744890213013], [-37.097375, -35.305125, -34.70225, -35.5, -32.38875, -36.3073125, -40.484125, -36.4166875, -34.5506875, -39.0499375, -39.0788125, -38.8588125, -41.0480625, -41.82599999999999, -39.551874999999995, -38.4513125, -40.21068749999999, -45.4335625, -39.559687499999995, -41.732187499999995, -38.0311875, -39.745374999999996, -41.252562499999996, -40.2325625, -38.53675, -36.6014375, -38.46781250000001, -38.6895625], [-33.04731267309189, -35.558392851352686, -39.576014978885645, -39.741204285621635, -37.20206257009506, -41.66321327161789, -40.28103338909149, -42.75209783029556, -40.59791034317017, -38.8891716375351, -35.711930106163024, -34.86971050024032, -34.807762341976165, -33.85291848278046, -36.428856642246245, -35.98268836021424, -38.81270457553863, -39.637527329921724, -37.784467658042914, -39.109431934356685, -39.11417344093323, -39.02533908557892, -36.387016747951506, -38.67416840839386, -37.99476682567596, -39.72996882534028, -37.855166185855865, -44.64695973300934], [-40.91680884218216, -42.393154834747314, -39.11328264331817, -38.642692744255065, -38.96258783054352, -40.72562076663971, -45.066684412479404, -45.46776838111877, -43.133248101234436, -44.01503828191757, -45.12947630214691, -42.51281843566895, -43.99329826164245, -43.02841743993759, -44.392168025493625, -44.29026698493958, -44.909016199111946, -46.98427073717117, -44.86833544254303, -46.981227833747866, -46.19526950740814, -45.7942359790802, -44.873042895793915, -46.22276719284058, -46.260405646801004, -45.84161457014085, -46.701368139743806, -47.64473928117752], [-33.52841722106934, -32.89870701980591, -31.256138630867007, -31.733533400535585, -35.575109329223636, -34.00379235839844, -39.79272891902924, -43.499139454841625, -39.064822954177856, -36.54606063270569, -37.50180360221863, -36.70537346076965, -37.131231489181516, -39.15272673416138, -39.84116607570648, -40.617959697723386, -40.2108981218338, -38.27704900836945, -41.580797013282776, -42.244786764144905, -46.23814663028717, -44.98465454101563, -44.01709947872162, -45.76832805919648, -45.71081484985352, -45.34601017665862, -48.2896284570694, -48.52360793685913], [-35.757683626174924, -41.360431921005244, -40.881620194435115, -39.33981550121308, -35.69437418270111, -36.87791652297974, -40.042103770256034, -44.43937003231048, -41.031381793975825, -43.79877916431428, -43.64133966636658,