{"status": 1, "spectogram": [[-25.21711599959433, -51.630732000678776, -44.479481981426474, -43.398839158982035, -43.595964231520895, -44.56443750362099, -42.70331234486401, -40.419767666965726, -45.34047314469516, -50.706347978010776, -48.310723148599266, -49.35643720735609, -46.10555352115632, -44.23722323156893, -46.42366054442525, -46.83649983227253, -47.084446407943965, -47.13980354982614, -52.284740946903824, -45.41371412447096, -45.507892635285856, -43.267865892425185, -45.47680351623893, -44.78427666245401, -46.15841054365038, -46.85453550502658, -52.098535548359166, -45.94893740232289], [-5.62147343724966, -3.7605631666779518, -5.081500804305077, -5.10329543095827, -8.114652937829495, -7.338884994208813, -7.1570099545121195, -5.152366872251034, -4.614697176575661, -3.385777357876301, -3.5055898568630224, -4.090804238557816, -6.2141527433991435, -6.0854651774168005, -4.850464967727661, -4.449938181579113, -5.170536499023437, -5.559643672823905, -4.2103309848904615, -3.835152401983738, -4.104938173472881, -6.642643798828124, -7.581643917679787, -7.46657244515419, -4.909929260373116, -4.1732327698469165, -3.5831702147126197, -3.082170188128948], [-27.714114998102193, -26.92924703359604, -20.29049560880661, -21.519344618082044, -13.60411784648895, -14.876767805337904, -15.332580135345458, -20.347746457099912, -22.02093340945244, -31.6519252281189, -31.919549898147586, -27.967568455696103, -17.338429379224777, -17.580539480447772, -27.651915661573412, -27.228549956798553, -22.23950377440453, -20.020171965122227, -30.199984992265698, -30.122684768915178, -28.00292534303665, -17.348788291215897, -15.93672169828415, -15.330796941280363, -25.313211662292478, -30.500095409154895, -32.939657985687255, -32.8029534227848], [-25.9670625, -42.093375, -38.5491875, -41.188874999999996, -39.9766875, -43.5288125, -39.2553125, -37.953562500000004, -40.900375, -46.9830625, -41.8730625, -39.6480625, -43.8960625, -39.323499999999996, -41.580999999999996, -43.219125, -39.65837500000001, -39.2280625, -41.747187499999995, -44.03725, -43.778437499999995, -45.3726875, -42.5985, -41.658, -38.501375, -39.43425, -44.224875, -44.17881249999999], [-9.63751529932022, -7.593139348506927, -13.226385820388794, -11.362183212995529, -26.692820172309872, -23.62311305069923, -21.31161312651634, -11.167013768196105, -10.725290770769119, -4.192032907485962, -3.94865793800354, -6.36882670903206, -16.625755021810534, -14.59271761918068, -8.704156797409057, -8.156406760692597, -11.232592537164688, -10.948503544092178, -6.1138805744647975, -6.957201991319657, -7.387683967351912, -16.71829762458801, -21.622300433158873, -19.8619354660511, -9.44436259818077, -7.327943082332611, -6.275631108522415, -4.853649270296097], [-17.40667714643478, -18.245151456832886, -12.854278052330017, -12.937230442523955, -5.652735291481019, -7.100897115707397, -6.368272423744202, -11.5548814163208, -12.908516820430755, -20.162349452972414, -21.290914225101474, -16.6575448513031, -8.031283211231232, -8.638293069839477, -17.827297223091126, -17.602857936382293, -13.694965872287751, -10.382383959770205, -19.987199983119968, -20.7954481959343, -17.400668966293335, -8.695962114810943, -5.5805844559669495, -6.116076396942139, -15.878643193721771, -21.02555521726608, -21.27867902803421, -23.02279563999176], [-28.87420435118675, -34.51887355804443, -34.689873396396635, -35.52374581408501, -29.282675810098645, -34.175514558553694, -37.925892485380174, -37.697534979820254, -33.50515188002586, -35.630267335414885, -36.75689201641083, -35.23925371932983, -33.988787434577944, -31.165677921772, -34.68693306446075, -39.82302214336395, -35.0435282304287, -29.358834790229796, -32.47896215057373, -44.431305603981016, -31.542867416620254, -30.2751983628273, -30.67801307797432, -29.94829025411606, -33.89645621228218, -42.76544627141952, -35.49494455623627, -34.34976074624062], [-20.108427618980407, -21.317685260772706, -27.75749215221405, -23.21704115486145, -34.7217283039093, -35.867977768898015, -34.99278770446777, -25.569404517173766, -22.678067889213562, -16.00468963432312, -15.501377627372744, -19.151454093933108, -32.18541091918945, -24.673747355461117, -20.619997311592105, -21.71450591278076, -23.919207436561585, -26.21415276622772, -17.86172267341614, -19.069616270065307, -20.033677458763123, -29.80574404811859, -31.64362309551239, -29.738322337150578, -20.82362337398529, -19.454883495330808, -18.73869848537445, -17.41939605617523], [-16.38911681985855, -14.856037593841553, -15.63379193019867, -17.64603198480606, -27.23057968711853, -28.14909958362579, -27.77866081476212, -19.70283538293839, -20.260379956245423, -19.021865992069245, -19.397740883350373, -18.246483498573305, -20.336329044342044, -19.391722874641417, -18.34628021192551, -17.879190027713776, -18.6863269033432, -18.103425991535186, -18.81460905456543, -18.76059922838211, -19.95164498329163, -20.574123926639555, -25.607125962734226, -25.407134556770327, -19.281539158821104, -18.450421364307402, -19.680294466495514, -19.886936639308928], [-38.81416491794586, -37.73749978017807, -38.12855060291291, -38.927639670372, -52.9570657696724, -50.89690836191178, -45.548354901313786, -39.08817522239685, -39.997725199222565, -35.45673121929169, -36.501920011043545, -37.81592564916611, -42.02963740968704, -40.1143397192955, -36.53379398059845, -37.387534219264985, -39.11989262580872, -38.29873814439774, -36.954817728996275, -38.08582489538193, -36.50397297096252, -43.57070880556106, -46.472637864112855, -46.20096082496643, -37.59865850400925, -36.93434066438675, -37.342158873558034, -36.26780469226837], [-37.3116875, -37.9255625, -42.7385, -42.264125, -49.2958125, -50.30225, -49.075500000000005, -43.226625, -40.9806875, -42.5085, -42.892624999999995, -40.203875, -44.80225, -46.0534375, -43.307249999999996, -41.184124999999995, -44.299875, -44.376, -40.777125, -39.51768750000001, -40.643125, -45.403437499999995, -49.138374999999996, -48.5948125, -41.673625, -39.372875, -39.17818750000001, -39.133125], [-55.270503031730655, -55.511398773193356, -55.390329837322234, -54.72936679124832, -45.55898630237579, -45.43548322677613, -46.10435521125793, -56.0323649802208, -52.849201212882996, -53.6370648818016, -53.56606209516525, -57.05761011981964, -48.08737592363357, -49.64855912494659, -61.9139822382927, -59.94232440710067, -57.716558555126184, -54.110044551372525, -56.92811179065704, -57.03890474367142, -53.23931327629089, -46.86512568616867, -45.0139448223114, -44.555980557441714, -58.55629847621918, -59.00428504180909, -57.16379618835449, -51.22194313478471], [-50.873245070934296, -53.27097429037093, -54.28853185558319, -54.385274081706996, -53.54276626873016, -55.84929087495804, -55.69778967714309, -53.127693699836726, -53.981873078346254, -52.758611763954164, -51.85817400884629, -52.25533155965805, -57.42687727308274, -55.338940343856805, -52.646384281635285, -53.02056321954727, -52.89111330175399, -53.766629726886755, -51.2623236207962, -53.043913396835336, -51.68771551609039, -56.47406586456299, -55.32269262981414, -55.798145879268645, -52.66500882673263, -53.833002188682556, -52.32225451374054, -51.8465241060257], [-50.73441269207001, -48.584880869865415, -48.327577724456795, -47.127556613922124, -49.62666384029389, -47.51386730098724, -47.33374072170257, -45.70438705348969, -46.78657222938538, -52.00991681289672, -51.527417198181155, -49.370013635635374, -46.41435171413422, -46.12150533294678, -48.657685536384584, -48.48672116184234, -44.5450129442215, -47.32058682155609, -51.040885835647586, -52.1556091299057, -47.276783737182626, -46.44452170181275, -47.33132571697235, -46.236801183700564, -48.53582870197296, -51.23801148796082, -53.07256923770905, -54.16343404388428], [-38.240970824241636, -37.93448811817169, -36.344490551948546, -38.108150603294376, -42.08110971069336, -41.632075096130364, -40.67413724994659, -37.12703210449219, -38.56475701618194, -39.09998509311676, -38.98117192649842, -38.05391052818298, -34.657991506576536, -34.633351453781124, 