{"status": 1, "spectogram": [[-36.52486593113839, -59.04347286407649, -55.36009792523085, -55.83799969765544, -54.545678315341476, -57.18533017064631, -59.094580092832445, -54.56728552800416, -56.94195514126122, -60.55288354106247, -60.1630087159127, -59.23216050183774, -58.62024104054272, -59.58102673123777, -60.27277659247815, -59.09904438696801, -55.79986593444645, -56.049089037656785, -55.05258889052271, -56.30885675656795, -56.50933005671203, -58.55721400716901, -59.27483911100029, -56.048089148342605, -60.70333910751343, -58.6704193521589, -60.01148186096549, -57.72998201742769], [-11.924606896400451, -14.691481370449067, -15.30029385739565, -15.979168814361095, -16.22539203119278, -15.429561730921268, -15.862936695754527, -16.126856316804886, -16.04889204919338, -16.866552728414533, -17.60974019175768, -17.481302704811096, -17.80362411248684, -18.067079455792904, -17.787266974687576, -17.48735628223419, -17.847409816980363, -18.66304369133711, -18.21016873162985, -18.640034780979157, -18.26407946008444, -18.07567769443989, -18.494740165054797, -18.343695536851886, -18.067168773829938, -18.399749117493627, -19.92899902999401, -19.52061514109373], [-33.18609908890724, -53.46415373873711, -52.12871665668488, -52.01670706248284, -52.27350172758102, -50.06890302586555, -55.43109237098693, -51.00059111356735, -52.52550165081024, -49.78143003892898, -53.10655647706985, -52.42895729756356, -51.488127449035645, -52.65878889083862, -51.31522571825981, -53.31322557234763, -54.07331559681893, -48.58879622101784, -49.67242150664329, -50.81330580663681, -53.854494109869, -51.98943929362298, -52.34656491398812, -52.36313609290122, -51.40602837729455, -51.7642076098919, -50.54945727038384, -47.92974264407158], [-14.587875, -12.7609375, -13.927312500000003, -14.174, -14.1769375, -13.426625, -14.165125, -14.75925, -14.9935, -16.146687500000002, -16.616125, -16.7635, -16.871, -16.3683125, -16.032312500000003, -15.785625, -15.288124999999999, -16.048125, -16.22575, -16.540875, -16.672874999999998, -16.320687500000002, -16.4449375, -16.4016875, -17.286749999999998, -17.628625, -19.002812499999997, -18.548187499999997], [-27.73366150283813, -47.61358947992324, -48.41240329194069, -46.308534956932064, -48.9014832611084, -57.595378420829775, -45.52787446689606, -46.33379544997216, -47.7120356554985, -42.97160737085342, -52.018981944084175, -46.555257549047475, -44.46421461248398, -46.432393144607545, -48.41820601344109, -47.931831377267834, -50.26307240486145, -43.12625938153268, -51.532447972774506, -48.90884073209762, -49.38226057314872, -43.85548264598847, -54.39010925292968, -46.62255386924743, -46.04647303414345, -43.95392847061157, -46.043554337978364, -41.64240189528466], [-1.8776890501976014, -0.7733046464920045, -1.8783674721717833, -2.1587880096435548, -2.442877221107483, -1.9392065720558165, -2.0285197410583495, -2.43113615655899, -2.7838590784072874, -3.9680561189651486, -4.598931873321533, -4.477762012958527, -4.667065920352936, -4.675387776851654, -3.8485123562812804, -3.67605654335022, -3.38212867641449, -4.109495653629303, -4.176057527542114, -4.83721865940094, -4.872298373699189, -4.561333547115326, -4.743521785736084, -4.738441176891327, -5.266324540138244, -5.805342717170716, -7.5825317006111135, -6.99670982313156], [-33.34088193964958, -38.02478577947616, -42.07428454780578, -38.683598493337634, -42.26550886511802, -37.82624772977829, -45.13624726486206, -44.69994296836853, -40.08695361018181, -40.13858407211304, -53.627906607866294, -43.46451817226409, -43.464009968042376, -42.55302030086517, -44.289574537515634, -42.4215719408989, -41.09035449028015, -39.8029460439682, -39.95950702548027, -41.09308660840988, -43.86702818894386, -40.06791748309136, -43.17960791635514, -43.85842728090286, -43.28333710193634, -40.36353330469131, -47.56878545904159, -43.69467904472351], [-23.40679336357117, -21.59587632846832, -23.600314348220827, -21.93646823978424, -21.506414511680603, -25.431617061614993, -23.188869121551512, -23.03299468421936, -25.193663990974425, -24.871263042449954, -23.837014938354493, -27.63529188632965, -27.239756630897524, -27.557677303314208, -30.243987524986267, -28.767087167739867, -27.727899302482605, -27.202355556488037, -33.81910558319092, -30.553238869667055, -30.716248191833497, -43.05387745380401, -35.973886544227604, -36.86545637226105, -34.076825808525086, -30.29688176441193, -32.75032188987732, -32.20231984519958], [-27.311090636730192, -31.440265410900118, -32.49008045005799, -34.69972369670867, -36.9239725933075, -30.64928615713119, -37.60259611988068, -35.70635744714737, -36.284625062465665, -38.170539148807535, -46.232783441066736, -36.2860312051773, -40.648777373313905, -36.290771737575525, -35.59127075433731, -34.06373593664169, -35.915207222938534, -36.202333448410045, -38.23014346170426, -41.09839375543594, -41.57576917600631, -37.45824280548095, -39.786243344306946, -38.309064603805545, -41.70460787057877, -42.605182400226596, -42.153620025634766, -43.596887042045594], [-38.52343083524704, -36.004995923042294, -37.72912930297852, -39.47445159959793, -44.07940521907807, -38.309549020767214, -46.255356212139134, -50.268940361976625, -40.077324288368224, -42.74196554660797, -48.25595362472533, -44.82519153738022, -39.217130747318265, -41.37614677095413, -44.03095779037476, -43.48759010267258, -38.92639879369735, -39.12132775878907, -37.49232339859009, -44.282465151309964, -46.22415859222412, -37.33475102424622, -46.676990266799926, -42.76118744421005, -44.05086465501785, -44.97574702215195, -41.37155479431153, -37.75620181465149], [-43.313562499999996, -42.181125, -45.292625, -45.816875, -47.688125, -44.0735625, -50.176249999999996, -47.837, -44.663875, -48.79675, -48.9525, -45.490750000000006, -43.8703125, -44.9145625, -46.19775, -46.384187499999996, -41.77075, -42.245625000000004, -41.616937500000006, -44.555125000000004, -47.767875000000004, -43.0774375, -45.87525, -45.0625625, -48.530249999999995, -46.559749999999994, -45.38068749999999, -44.428625], [-42.36330431938171, -50.72315699625015, -52.420334155082706, -54.19253845882415, -58.040252614974975, -50.21102532196045, -61.632013016700746, -59.20917621803284, -53.4462879152298, -54.50782000875473, -56.76306260728836, -55.74671291160583, -50.50415744829177, -52.69173377895355, -55.24141693162918, -57.26155582094193, -54.32172862339019, -57.32888899230957, -54.01152321910858, -58.012459656238555, -58.91190310811997, -53.02027081584931, -60.756019270896914, -57.80604347658158, -61.307673319816594, -57.96642978858949, -56.53530768108368, -56.910758785724646], [-42.091690140247344, -43.17364782524109, -47.39433363580703, -47.132102702617644, -47.35068368244171, -44.6185123076439, -46.961640108585364, -48.62857674598694, -49.67260168790817, -49.81818847703934, -54.80743975877761, -57.03381300687789, -54.226946042060845, -52.89222205400467, -53.06366186237335, -54.700188695430754, -50.897276746273036, -53.36538366937637, -56.59769354724884, -57.20558936691285, -55.0017079167366, -52.808400772571574, -55.50965444040298, -55.74277883005143, -57.43192867183684, -57.660803632736204, -57.99430279445649, -55.22435698413849], [-31.988980568885804, -29.300423189163208, -32.51123604297638, -32.69085869884491, -32.183635601043704, -32.087831747055056, -34.182585138320924, -32.31135119628906, -34.63034918022156, -36.32877744865417, -34.91071381092072, -37.64205078601837, -37.233086901664734, -39.03985129070282, -37.96835313510895, -36.33655096912384, -34.70731033706665, -33.04986337280273, -37.90461080169678, -36.95834461021423, -34.21475742721558, -37.19569168567658, -36.124254846572875, -35.81748917388916, -33.184312707901, -33.99633885669708, -34.196521295547484, -32.53373694419861], [-35.07276061630249, -36.71213701629638, -44.77606890392303, -47.44607238006592, -45.01657890510559, -41.73971247386933, -44.749148288726815, -47.82143038749695, -49.1133651342392, -52.950692546844486, -53.96662933063507, -46.927235130310066, -48.332186953544614, -48.981096400260924, 