{"status": 1, "spectogram": [[-31.39700416333943, -44.21519270890496, -41.59447062833729, -44.69864284610749, -42.63607364637814, -43.97317192024506, -45.67337406212792, -44.60273064531446, -42.91133266964646, -44.428566180584966, -43.525276743754745, -45.29075799383923, -43.99355882950521, -44.659771783843304, -43.62373457299683, -43.497975994630444, -43.7276667675835, -44.42170534180105, -45.38664191934315, -44.85222592803074, -44.04568997415417, -44.732535350637676, -45.841224434630576, -46.22740230380856, -43.47976777607202, -45.26136195675424, -46.893941583899796, -34.674121294445264], [-17.64044530493718, -22.190814052709506, -24.217389426404118, -25.300546163022517, -26.32369678544633, -24.534841788819932, -26.114782187975184, -27.009348570777433, -27.500162812181976, -26.24664825942927, -25.76044800841808, -24.094654325940134, -25.033926835287744, -23.890859743459032, -25.114716904712182, -26.43188712065416, -28.082979634713265, -25.049358741283417, -23.194520497904712, -24.369215586198855, -25.6705833874722, -26.08815968104045, -25.762004278156226, -25.32029165231912, -25.151367714822292, -25.24398015562752, -24.72198076279787, -18.12803599092526], [-15.230813815827261, -11.70026753698076, -12.181635150223352, -12.547919836759569, -11.877832103690332, -11.830408074593215, -12.906810032820157, -12.462548958593471, -12.569116236584481, -12.594198040139894, -12.098812835454938, -12.537977247393805, -13.083122317051354, -12.694695904663858, -11.84240248411027, -11.99461913785639, -11.724348715066972, -12.683098241567611, -13.617962654527389, -13.11879852317313, -14.026968547188533, -13.93143979333878, -13.398913379114513, -13.406923712204968, -14.021357054710386, -14.279819594864872, -15.535736325794243, -18.530811438924705], [-14.336579920977353, -16.29361606144905, -15.416883978486059, -14.0899375, -13.124874969959258, -14.049222775936126, -14.898277012348174, -13.40517858695984, -13.840330533504487, -13.791294625282289, -13.770687500000001, -15.545830641746521, -16.311107643127443, -17.16052622127533, -15.986786293029784, -15.321625011444095, -14.993285736083985, -16.085312499999997, -18.210142921447755, -17.56057078552246, -16.97006212234497, -17.255802818298342, -17.515295164108274, -16.52207985115051, -17.362625, -18.27170560646057, -19.026348691940306, -23.150625297546387], [-18.90323343790209, -34.21269709770057, -29.63876094352953, -27.510702551841735, -25.255453581498607, -26.87190394256067, -29.669176523782525, -23.961929247398885, -29.447887516138707, -32.125972776822, -26.45186273050308, -33.46629156447464, -35.58253031142345, -33.43793022001635, -27.732710597648307, -24.221570980358763, -26.116168502043447, -27.757504549026486, -35.326250661801495, -33.35045288434441, -34.77651902822203, -32.985988546261815, -34.06851194229926, -38.565385512038745, -34.65388986086845, -36.39607183862292, -40.222170938288045, -32.342231283490065], [-18.956187364416724, -27.69493522707307, -31.601648901627833, -33.43941902017593, -36.40656800093888, -31.637174355917438, -32.709880162081944, -35.11346916946135, -33.25498933060281, -33.966906795355584, -35.03009658384323, -34.20593158438859, -34.1601050591381, -38.043561207360405, -32.971585920026904, -33.778309365009086, -41.695662660900446, -38.56624611473083, -31.037044884760384, -30.249446685579517, -30.77187624359108, -34.95255504542019, -35.985914442235114, -35.11148368932045, -36.31933459568024, -33.14028421497197, -36.88820439742658, -28.336307131591603], [-12.741231155145364, -17.727157487713743, -20.81331990567753, -23.788371532678607, -29.34875208870008, -24.571800521345505, -23.51267510245728, -27.91460428352117, -27.324660648237227, -26.35920455871718, -27.734676265478136, -23.634658929595208, -22.377337347128982, -25.564480817831218, -30.16016830062305, -31.90318729898892, -31.428195424123626, -26.125616661548612, -20.72010104060115, -21.640264421248684, -26.36169129975633, -28.31365201201882, -28.449015466603317, -26.405051055700895, -24.786259088516235, -25.344380545678774, -26.698648777227056, -17.709963598102927], [-14.061659028918715, -9.774519266877942, -11.693625563475656, -14.420279336929323, -16.796727514592927, -14.215669525573016, -12.765017571537646, -18.75294000917573, -19.62893102151509, -16.517606127719368, -16.390937755584716, -11.874932977677016, -12.242700120693598, -10.580367443548559, -14.573259494161118, -17.758890353922848, -16.867237633373676, -12.612978599548338, -10.64138403623912, -12.641280762144774, -15.153821490170259, -14.320896456345915, -13.130751935900218, -14.262610458314215, -12.484470509529112, -12.676133615378872, -13.341607319890638, -12.330879362806096], [-10.155773062377854, -10.068887662026276, -10.98854593003762, -11.829113270759581, -13.32551771500646, -12.710966434732839, -12.810083547630645, -16.184069599462934, -16.506295412802828, -15.934076615985461, -16.924274874687192, -16.23782276894102, -16.139195637177036, -17.855595727406318, -19.3830977678572, -21.942489286665616, -22.170747130238873, -18.58689821434021, -17.00306826784169, -15.971689486787115, -16.855182726422704, -18.33288029929617, -17.391391401008978, -17.648901946565182, -17.78643273639679, -17.139035926730706, -18.119077084842882, -24.61113690804655], [-34.7799195983054, -34.811548951080894, -35.525186462653224, -38.829219602108004, -46.11809985055654, -38.748289474344276, -38.14754191192497, -48.071351451699165, -44.00354387573561, -43.33167204884151, -45.9660884423256, -39.00432326316921, -37.76619558881534, -38.45642455078829, -47.97989379005864, -54.915206561244005, -49.48865931237213, -39.143343781471245, -35.18838827405638, -37.80098775895267, -41.60002305148382, -43.14372320593143, -40.037864253812714, -41.63516251691275, -38.3461581196785, -38.15943324801033, -39.84401336818026, -35.85787170976211], [-42.57471299213171, -46.72301794672012, -43.5135358080864, -43.118562499999996, -44.77179452157021, -44.69287535762787, -45.66528573608398, -45.338375254631046, -47.11037503719329, -45.98986637210846, -48.418625000000006, -47.732696588516234, -48.46772173500061, -50.70734125328064, -50.25622562122345, -51.42575057220459, -48.4917049074173, -50.468125, -50.11428547668457, -48.706608116149894, -50.08892855834961, -51.48095610427856, -52.17459859657288, -50.78129312324524, -50.3973125, -51.11041185379028, -51.844822105407715, -47.924761722564696], [-42.32130244917503, -44.03936834861296, -47.14026382711968, -47.91008738327026, -49.304856208523496, -51.22875667496315, -53.32432850273212, -51.9720845184135, -53.08542218237334, -51.26808136260875, -51.67980976963043, -50.52509672114719, -50.689267451103845, -49.58679087113519, -51.9945091121264, -56.18143177594057, -52.9123732525274, -51.270106431007385, -48.16459780520782, -50.031703531025855, -55.59672836048558, -51.66111465352235, -50.37681439165071, -53.53780745095487, -52.407669838905335, -51.4029548478174, -55.65942182540684, -52.52114207570258], [-48.95467323010548, -52.10243178491211, -53.366303173347504, -53.48978686904907, -55.640395211817996, -57.82311662520121, -56.90134401845009, -57.45873653801131, -61.11156445199677, -61.63715466296905, -58.47070453500748, -56.85463449773964, -57.14331358559377, -57.66989149076817, -57.92940758296425, -60.39629830730287, -53.580314765025015, -56.49257312679291, -54.545699165966944, -55.844341533766645, -57.94230940972694, -55.62381295764621, -53.21897986188213, -55.61841084008357, -53.73545755434036, -55.590147968732595, -58.00898242410399, -55.62497539462184], [-48.391560805980504, -51.2954801926662, -49.537662341424266, -50.600982753753655, -51.614170691520165, -54.73305016425094, -56.28655890166038, -58.277297690635216, -61.04854241367219, -56.241445872444196, -54.00649064159393, -55.08007612613977, -52.6699565747912, -61.444309953497, -57.182546315287496, -58.71203997524272, -55.8606384460304, -55.24459819316864, -53.0205987654316, -51.20150244660236, -52.38128566268534, -54.0103569279692, -51.78923877994067, -51.56884798490052, -52.34791275596619, -54.03662884151907, 