{"status": 1, "spectogram": [[-10.911000167489052, -10.589232481211424, -10.346044957712293, -10.603562810882924, -10.42357158306241, -12.461366512820124, -12.912679018229245, -13.482036178380252, -13.680518312811852, -12.907339677244426, -13.31415217487514, -12.990696750521659, -12.411589425891638, -12.239410845428704, -12.773098370388148, -11.87964297249913, -11.931142963528636, -12.053526895806192, -13.048839624345304, -13.991839721798897, -13.794777197852731, -14.533223695889115, -13.28659857790172, -13.667714704960586, -13.177562884435059, -13.633527221873404, -13.189152197822928, -13.151446838587523], [-9.756892651796342, -7.535124645113946, -8.482624678134918, -8.10908020991087, -8.627562490284443, -9.959276481568814, -10.56696398448944, -11.522731811165809, -11.895428224802018, -11.546151364624501, -12.5286514185071, -13.307883631885051, -12.404053538441659, -12.071955341041086, -12.470767741203307, -10.728178647875787, -11.123312582552433, -10.962509027183057, -12.101758498966696, -12.242579960644244, -12.96704425805807, -12.645258545935155, -13.196320997834205, -12.789070923566818, -12.393535184383392, -12.150544165909292, -11.883044255912303, -12.305999627232552], [-13.824937186002732, -10.768561066389083, -11.660311249494551, -12.50222270512581, -14.919142911911011, -13.811972192049026, -13.868222027540206, -15.326569885253907, -15.88908771133423, -15.499881573915482, -17.019257340192794, -18.570141838073727, -20.905625400543208, -22.131045691251757, -23.377358623981475, -20.770831671476365, -21.268992228269575, -21.499858456134795, -17.928292330503464, -17.15598923420906, -18.607899816751477, -17.902962460041046, -18.557712015151978, -18.193443411350252, -17.358327323675155, -17.312595386266707, -17.31359636378288, -17.72565006709099], [-16.5495, -13.695625, -15.765874999999998, -17.0643125, -17.3563125, -22.3280625, -22.096625000000003, -23.0890625, -22.8891875, -20.106812500000004, -25.1476875, -25.807375, -25.414812499999996, -24.2905625, -24.7285, -21.8010625, -22.277375, -23.046999999999997, -22.0534375, -22.842687499999997, -25.256999999999998, -23.66725, -24.6258125, -23.05475, -21.4570625, -21.926875, -23.783625, -23.896437499999998], [-15.684933636903763, -10.897516089439392, -14.670954632520676, -15.84550019454956, -14.264187645196914, -23.568016429424286, -21.778702610731123, -23.592425830364228, -20.146068509578708, -18.669988316774365, -23.163301406860352, -24.125205144643786, -24.935206214666366, -22.4433304169178, -25.399955620527265, -19.163651826620104, -17.902865772485733, -22.7653842561245, -21.490945462703703, -19.062023790597912, -21.84924771308899, -21.594559656858443, -21.939372724056245, -23.676613897562028, -21.80471259689331, -21.374569159984592, -22.03762982487678, -22.73047821187973], [-23.080593702793124, -18.720882096767426, -16.810510015010834, -17.759805236816405, -15.850830581188202, -27.145223279476166, -27.539406570434572, -28.563211873054506, -27.243353662490847, -22.974935798168183, -26.291684895038607, -27.24637354564667, -25.249055828094484, -29.023740786075592, -26.28799109506607, -26.411447277069094, -26.528670654773713, -31.842630472660066, -25.370132078647618, -32.20257492685318, -28.392097253322603, -33.50058700752258, -32.449584527969364, -31.613881959438324, -28.133391058921816, -27.945764094352718, -31.091700419902807, -30.357752527713778], [-19.723374250650405, -21.352669306993484, -13.688165042638778, -15.957513228416442, -18.094473600625992, -24.395404912710188, -25.78333819627762, -26.314584525346753, -26.59354583477974, -25.206811399459838, -28.23913193535805, -27.39899345374107, -28.722527068853378, -28.536563421964644, -26.475500576496124, -27.00453318166733, -22.79652255988121, -30.620036747932435, -22.857215835809708, -30.40404120278359, -27.657567470550536, -32.04224663686752, -34.643681870222096, -28.601458132267, -24.70662648653984, -28.38107298541069, -29.852081800222397, -31.70584925436973], [-20.200214601516727, -19.58032019805908, -19.4731953830719, -20.600365990638736, -21.638474722862245, -21.986025999069216, -24.85484002399445, -25.456354212760928, -26.07783718776703, -29.230469922065733, -27.71310542011261, -26.46146629524231, -29.325640876770017, -29.65626718902588, -29.96826873588562, -29.8048699426651, -27.39301899719238, -28.142936772346495, -25.949496589660647, -31.43450251483917, -32.22653500938415, -29.998250713348387, -31.803191964149477, -31.522615462303165, -34.523392510414126, -38.86711526298523, -28.71850540161133, -30.457990310668944], [-20.078822354316713, -16.821509976863858, -17.757443424224853, -15.732096195697782, -15.559080199718476, -24.24354643392563, -23.007609965324402, -25.061154552936554, -23.62018171787262, -18.651956459522246, -25.31126985359192, -25.087473587512967, -23.934795313358308, -30.91545488500595, -23.507456768512725, -24.72790136575699, -25.857054151535035, -23.4223397026062, -24.57358966350555, -24.15190565919876, -29.11032340145111, -27.92092048597336, -30.539545880794527, -28.71413379430771, -23.801016407966614, -24.80907074546814, -30.81238576745987, -25.04068174362183], [-24.1527944521904, -23.999321859359743, -24.580693082809447, -24.13444917345047, -28.592475905418393, -24.96690004444122, -25.416028635025025, -26.42210019683838, -26.21643877220154, -29.80433699607849, -29.781714562416074, -35.78162565231323, -28.570813786029813, -31.557679965972902, -32.02786553049087, -32.26922775411606, -27.955263629436498, -28.65582185935974, -30.408445517539977, -31.81093815946579, -31.15766437149048, -36.893059966564174, -35.64149555683136, -33.68289465093613, -32.57573270273209, -33.042658781051635, -32.92966813087463, -30.40415406417847], [-35.1886875, -33.726124999999996, -37.5704375, -35.9341875, -36.1675625, -38.6004375, -39.6045, -42.11425, -38.41499999999999, -39.1580625, -47.4740625, -44.532, -39.865875, -42.685500000000005, -43.1671875, -43.9003125, -42.720625, -42.7679375, -38.7849375, -43.8440625, -47.436499999999995, -47.262812499999995, -43.793, -42.26275, -44.0039375, -42.080625, -46.24475, -46.630250000000004], [-43.521208265781404, -45.76866644525528, -44.11279039525986, -43.603973871707915, -43.48714517784119, -44.258949428558346, -43.062643312931066, -46.53088206672669, -50.33875327873229, -48.113507014751434, -50.28288927030564, -50.48822811174392, -48.24289326095581, -57.69259367322922, -52.53865540790557, -48.48620067882538, -51.409820211410526, -49.46827963590622, -45.27972006130218, -48.3694306383133, -50.0900568370819, -52.57442093133926, -50.32753912496566, -52.304262227058416, -51.18307607316971, -50.06769136619568, -49.608386538028725, -51.94440470457077], [-44.71579515409469, -41.79228517246246, -42.35278611850739, -41.05028635025024, -41.624321705818176, -43.43967117071152, -47.24591937494278, -47.920034920692444, -51.610901768207555, -47.413633288860325, -50.192319493293766, -51.472570422172545, -48.02523943281174, -54.21867012739181, -52.38098180866241, -54.83900891923904, -53.357624708175656, -49.61368924760818, -46.28762474060058, -50.93765196561813, -49.44113458395004, -53.346454972743985, -51.50845411348343, -50.03867752170562, -46.57661653184891, -53.35921580314636, -52.826527973651885, -49.80850788640976], [-34.81328648090363, -34.3762427520752, -35.81880199718475, -32.83062133312225, -34.20221210193634, -35.60815928173065, -41.10647113990784, -43.04526452541351, -38.987131141662594, -35.808461512565614, -41.1889599199295, -43.71359383392333, -38.395097389221185, -43.433977629661555, -38.8136662273407, -41.95650489616394, -40.033477690696714, -38.5003298587799, -36.3589542388916, -39.969752062797546, -42.29322251701355, -44.38597729301453, -43.58803625965118, -46.99238859653473, -44.31222940349579, -42.64377435684204, -41.914645986557005, -47.499686959266654], [-49.29441943836212, -55.99869114494324, -52.765195976257324, -50.52529074573516, -50.39900691890716, -55.65497929763794, -57.959792630195615, -54.621436099052424, -57.50648152732849, -57.610620054245, -62.22880732250214, -56.78483738708496, 