{"status": 1, "spectogram": [[-17.049964552789927, -18.191018319457772, -18.120643308997153, -18.694116570994257, -17.288045068487527, -17.11203614643216, -18.847036279171704, -17.925446887910365, -17.606634374663233, -17.6585451374799, -18.924045226022603, -18.142768348664045, -20.212527405992148, -18.84883088092506, -19.103018430054185, -18.72482192954421, -21.44671499380469, -19.66353625011444, -19.39878631898761, -18.96107192993164, -19.43246480461955, -18.955848650589587, -18.250411174148322, -19.31833091379702, -19.169214792042972, -18.240964738190172, -19.955777381286026, -20.366616667166355], [-11.824812308967111, -10.406598021686078, -10.242160580277444, -10.451705169975757, -10.223776613891125, -10.0581070022583, -10.100982008934022, -10.552187328994275, -10.568865904033183, -10.52204452830553, -10.1621695317626, -10.561276648581028, -10.53383023804426, -11.082223028600215, -10.132160601735116, -10.689017700314523, -10.58694627892971, -11.006133747160437, -10.434508792340756, -10.981276659429072, -10.910276647269725, -11.21646408891678, -10.755401664197446, -10.71382131278515, -11.250535538196564, -10.758919537246229, -10.901857022285462, -11.137749850153924], [-17.795206148386, -16.57104419207573, -16.79354434466362, -17.01299068808556, -16.69123178577423, -17.16201768875122, -17.432392748832704, -16.776794168710712, -17.27719618034363, -17.68050892806053, -18.00157142496109, -17.66928539896011, -17.82629465126991, -17.564454864263535, -17.852142752170565, -17.725937293291096, -16.852535317897797, -17.7064997882843, -17.356749844074248, -18.112071239471437, -17.868383743524547, -16.743061967134476, -18.111687504053116, -18.005008873701097, -17.283329931020734, -17.928857207775117, -18.088357066631318, -17.463392638683324], [-13.6130625, -16.9969375, -19.5081875, -17.731187499999997, -17.3211875, -18.750875, -19.418499999999998, -17.410874999999997, -18.3824375, -18.4745, -19.6430625, -18.8678125, -20.9578125, -17.8500625, -19.347187500000004, -18.5125, -19.4560625, -18.7298125, -19.6525, -21.1054375, -20.4008125, -17.4529375, -21.4088125, -21.0491875, -18.252187499999998, -20.7971875, -21.41975, -19.997875], [-17.884020747661594, -21.83352879977226, -22.196655742406843, -20.27858218741417, -19.99398433876038, -28.039996277093888, -26.75655857944489, -21.948225558519365, -22.099029388666153, -18.98469899463654, -28.12776464819908, -20.482261464357375, -24.931201295375825, -20.038474426984784, -23.79841569852829, -23.8984678196907, -22.325529883146288, -24.567003118515018, -23.047503510951998, -25.00999520850181, -28.412532065629957, -20.977938899755483, -29.064380937099457, -24.950816920042033, -22.228788038253786, -21.376700200557707, -26.459076417446138, -27.074852258920668], [-15.931809762477876, -24.64252124071121, -21.039405269145966, -22.80033684825897, -21.962908893585205, -25.802730078697202, -26.60810582828522, -22.353881328105928, -25.46750768518448, -21.266741716861723, -27.132738579273223, -25.314936052799226, -23.261739944458007, -25.83513011598587, -21.874947784423828, -24.535418305873876, -24.250661098480222, -23.393516571998596, -25.17095667600632, -27.63296721744537, -25.257369064807893, -22.29644368648529, -24.737762423038482, -27.579513054370878, -25.651489003658295, -23.46364699840546, -26.473210609912876, -24.5744032664299], [-19.724424814462658, -17.88485370898247, -18.144850397348403, -19.616219798088075, -16.56168298435211, -15.659029532194136, -15.760216639518738, -16.06570896458626, -16.274619987249373, -15.883814195871356, -14.148063771009443, -15.76233289885521, -16.922537388801576, -15.330361333847044, -14.289170565843582, -16.781744563817977, -17.384673189401624, -18.78471819591522, -15.792716975688935, -16.9314665722847, -17.901645448207855, -20.386747082948684, -16.578492541074755, -17.343108763217923, -19.622710020303728, -17.831206462621687, -17.78689458560944, -18.68480688714981], [-10.8976009721756, -10.262538270950317, -11.639286390304564, -11.97355537033081, -8.935895090103148, -8.830517093658447, -10.11545379924774, -8.685000986099244, -9.641849310874939, -8.079462089538573, -9.301336330413818, -9.170338783264159, -12.601086263656617, -7.022529547691345, -11.202087591171265, -10.981044365882873, -9.788412466049193, -13.56738308620453, -9.671069963455201, -11.326052366256715, -12.588605922698974, -11.884040227890015, -12.849219895362854, -12.53096131324768, -12.101349982261658, -12.629462032318116, -13.381461353302, -12.341196231842043], [-25.07586795759201, -26.004557152748106, -29.075799335479736, -26.43669810295105, -26.267947477340698, -28.844882679462437, -31.119256617069244, -29.42266147708893, -30.897133489131924, -29.705596427440646, -33.60472087621689, -31.824141568183897, -31.89346787691116, -32.884536316871646, -30.06665696907044, -30.90369437217712, -30.69000611448288, -28.595955154895783, -30.772640398025516, -34.25076245307922, -33.532744959831234, -29.411348430156707, -31.588093284130096, -34.260262084007266, -31.194830171108247, -30.670129147052766, -34.962377760410305, -30.80550558710098], [-39.48700980949402, -39.7371761522293, -40.60311322450638, -42.909540606975554, -39.557855154037476, -41.19538324165344, -42.09219628095627, -40.42788835430145, -39.38940513038635, -40.339690862655644, -41.096372390270226, -39.48575219678879, -44.08838191699982, -37.11328204727173, -44.37883832883835, -40.30781591415405, -39.0736669201851, -41.854456977844244, -40.229081866264345, -42.91670622825623, -45.75758290481568, -37.541312899112704, -45.01080067396163, -44.267426446437845, -41.688524932384496, -44.854553334712975, -45.932302307605745, -43.698341221332555], [-44.797687499999995, -43.9189375, -47.3340625, -45.5606875, -43.7946875, -44.871875, -44.0288125, -45.560125, -43.9799375, -43.0724375, -43.2273125, -44.637, -45.94325, -43.553125, -46.03331250000001, -46.6310625, -46.8334375, -49.726625, -45.11625, -47.4715, -47.224500000000006, -46.579125, -46.0510625, -45.3736875, -45.2319375, -46.383875, -45.7088125, -47.3281875], [-49.485259694576264, -48.028105737209316, -46.12567273902893, -47.73578476762771, -46.165242172241214, -45.98124254989624, -45.677806716442106, -47.03973312616348, -46.452759772300716, -44.260158595085144, -44.624221256732945, -46.12519893884659, -43.8813998579979, -46.49415339660645, -43.07678174972534, -46.34343013715745, -47.705348854064944, -47.64857944869995, -44.789709029197695, -45.00281621170044, -46.220949242115026, -49.14143730926513, -44.477006903171535, -44.12756893253327, -46.2455292892456, -43.410491251468656, -43.627238682270054, -46.11101943349838], [-36.42445675420761, -37.54376804065705, -36.72383199453354, -37.310295442104334, -37.45625891542435, -35.953848815441134, -35.23672407102585, -37.11611685323715, -36.4798218164444, -34.138270525932306, -34.67508256864548, -35.16133970069885, -34.81461804246902, -36.323517871856694, -34.39189388847351, -35.62097398996353, -37.051580342769626, -37.448695967674254, -34.32307139873505, -34.970402565479276, -36.077349481105806, -37.829580718517306, -34.212269291877746, -34.35059043979645, -34.91730442047119, -34.649930634498595, -33.819117143154145, -36.33883910751342], [-43.35747436618805, -45.30997660923005, -45.12479189682007, -44.85300435256958, -46.170500940322874, -45.32395661449432, -45.332831744194024, -45.30727997303009, -45.162127229690554, -44.857976759910585, -44.775975497245796, -45.247690732002255, -46.71197708606719, -44.54717294216156, -45.65404832935334, -45.544833836555476, -46.39497670841217, -46.076691584587095, -46.50156389904022, -47.333512780189515, -47.27954068565369, -47.83448683547973, -47.20867143726348, -47.10339431381226, -48.61863586330414, -48.441646373748775, -48.85033126163482, -48.095234163284296], [-49.344494011878965, -53.241937462806696, -52.07081270122528, -52.72915197849274, -52.75859635829926, -51.04362458229065, -50.6595629415512, -51.733000673294065, -51.51095509052277, -50.03374160861969, -50.32168028831482, -50.86704617595673, -52.10966994953155, -50.453457020759586, 