{"status": 1, "spectogram": [[-17.17889289855957, -19.309321480333807, -18.74188397960365, -15.659794825151563, -16.213000116407873, -16.848446572363375, -19.363321490734815, -18.474642923295498, -18.241955441549422, -15.372026933863758, -17.311339370191096, -16.729035821229218, -14.680169800266622, -15.834500130087136, -15.886875176668168, -15.768901976063848, -15.1565001719594, -15.765616243317721, -14.908866253390908, -15.864544832393525, -15.564366280838847, -16.25648235991597, -17.070232348233464, -16.69753585833311, -15.53473234832287, -18.2880893497169, -15.194151989147068, -14.926026978448036], [-6.745018321275712, -11.619938385426998, -11.894813412487505, -8.365652241528034, -9.765938036978245, -9.81761668342352, -12.07561691850424, -11.612500870585443, -10.222768547654152, -9.943527391016485, -9.656402354776858, -12.137224085390567, -11.891822278022765, -9.999714964270591, -9.877089996457102, -9.497116779625415, -10.431322238445281, -8.43293811696768, -11.624938479959965, -10.475670482695103, -11.159831327736377, -10.357616888582704, -9.31611670678854, -10.833483026146888, -11.191224120676518, -10.322688304960728, -11.67831349760294, -11.458777736127377], [-15.412937894582749, -18.215501155853268, -18.333188717603683, -23.96707335424423, -17.9968219165802, -19.358474495172498, -18.34384978413582, -19.58618017339706, -18.45156328749657, -17.467374960422518, -19.419438935995103, -17.06032916045189, -17.54558744192124, -18.388893193721767, -19.649704936265945, -20.661749904155734, -19.57393716454506, -25.65942997121811, -22.043928559303282, -26.377564132928846, -25.29956428074837, -23.321411599636075, -23.050849123716358, -24.35773387670517, -27.178635870695114, -21.71544769859314, -23.26813451600075, -24.738036825656888], [-18.518250000000002, -18.395562499999997, -17.353, -14.726875, -16.899375, -19.267937500000002, -17.4418125, -16.343, -17.557125, -16.058875, -14.4165, -16.6033125, -16.3960625, -15.2421875, -14.573250000000002, -14.8709375, -15.2955, -14.936, -16.0861875, -16.5628125, -15.849187500000001, -15.587, -15.6189375, -18.55175, -17.3911875, -19.006, -16.73275, -17.1105625], [-8.712321948051452, -13.651768095016479, -12.986392161846158, -10.932035549163816, -12.232215580940245, -9.720847508192064, -13.716785235881805, -14.339000138759612, -12.486429558753967, -9.24747361111641, -11.387660757541658, -12.222804791927338, -12.663368439912796, -14.453367698907853, -15.565681196212768, -17.375422596693042, -18.83125354337692, -13.396018989562988, -20.8305839073658, -18.01032292366028, -19.62571637392044, -21.25215514397621, -19.56846657657623, -20.838537364006044, -21.592582403421403, -16.800027354478836, -22.51834291791916, -23.837521362304685], [-2.453678351402283, -8.596304904937744, -8.422678080558777, -6.66378546142578, -5.37838355588913, -9.477443342208863, -11.132008524417877, -9.187020169258117, -9.016982192039489, -7.233987926959992, -7.377494041919707, -6.065812077999116, -5.0910089802742, -6.948170590877534, -5.471295293331146, -6.060662482261659, -6.8435564041137695, -7.190332439899445, -8.72527216053009, -9.744708911418915, -13.05077654838562, -7.4268696150779725, -7.3531814298629765, -13.260173623561858, -12.846978716373442, -9.522313597202302, -10.528754652976989, -12.20812231683731], [-9.358425445556641, -11.23633857536316, -9.916089098930359, -10.474178283691407, -14.006169784784316, -15.69449494290352, -11.722675984859466, -10.482960187911987, -12.107964799880982, -15.787718569278717, -9.79595918226242, -15.773091533660889, -18.277544136762618, -12.681316277503967, -15.81075788807869, -14.507057030439379, -14.888865332603455, -10.852086104869842, -15.271513872385025, -12.702584638595582, -12.355267527341843, -15.056514613389968, -15.92064401078224, -13.919396602869035, -13.814386440277097, -14.696691791057589, -15.592373240709307, -15.573436106204987], [-13.34558822441101, -16.569024703025818, -16.704833532333375, -18.438583877563474, -17.565965715408325, -16.401009289741516, -17.906879029273988, -19.865871593475344, -18.688418663978577, -15.8240066614151, -19.44194374656677, -18.51160660171509, -18.649547179222107, -18.121510743141172, -16.903009556770325, -18.65098542404175, -21.934309604644778, -18.73271099090576, -20.116474117279054, -21.062302097320558, -22.137350014686586, -18.98541996192932, -16.92391284561157, -23.175794732093813, -24.964149424552915, -20.36756762695313, -21.15176515483856, -23.642165658950802], [-13.13742992401123, -15.480276148319245, -15.178028549671172, -14.0770625166893, -15.6841326918602, -17.513881195545196, -15.198822464942932, -15.556670112133027, -15.825186486721037, -15.278686908245085, -16.538936560153964, -16.457062292575834, -16.293677637100217, -15.57507860994339, -18.571329450130463, -18.761426379203797, -19.739452352046964, -14.43992848777771, -20.567113067150114, -19.06068609571457, -20.34767097520828, -19.95403454208374, -17.388409358978272, -21.619491199016572, -21.089062736034393, -17.768758713245393, -20.343006917476654, -20.928722571849825], [-20.824546260356904, -24.251986908435818, -23.054429582595823, -23.107888211250305, -25.34124450969696, -29.600931249618533, -23.761632498264312, -26.232775375843048, -27.12112191867828, -28.688135610580442, -28.51157573843002, -26.9666568903923, -27.703229212760924, -31.785186416625976, -27.615881428241728, -28.29881446647644, -30.27297636890411, -28.988438018798828, -32.18331094169616, -29.622307331562045, -33.20822981023788, -32.16973607826233, -30.18361308383942, -31.438232568264006, -33.29334929466248, -30.635860320568085, -34.78941282558441, -35.02205066537857], [-32.8320625, -35.4214375, -35.131812499999995, -35.834562500000004, -35.919125, -34.837875, -37.92225, -37.269499999999994, -35.97856250000001, -39.6575, -38.6761875, -37.2108125, -38.0330625, -37.5466875, -36.45075, -36.0895625, -37.81925, -35.65275, -38.349500000000006, -38.644, -39.314, -36.85425, -35.833999999999996, -37.7745625, -40.49575, -38.959125, -39.303000000000004, -41.530812499999996], [-40.117033246040336, -40.08374340581894, -39.39617946815491, -39.255139178752906, -39.53120676422119, -42.76590749073028, -38.516981447696686, -40.729552348613744, -38.48209176826477, -40.65674084806442, -39.77187261152267, -43.13954297590256, -44.222206846714016, -41.42417341184616, -39.513175795078276, -40.37284188556671, -40.01046194505692, -40.64612929725647, -44.63900260066987, -42.66118016052246, -43.58720724153518, -42.19792470502853, -42.44354553365707, -44.77358742570877, -45.74981291103362, -41.60491738128662, -47.23622727346421, -46.827515583515165], [-43.49382971525193, -45.85460643386841, -47.16685751628876, -44.83049186372757, -47.55898075675964, -46.903230922698974, -48.53798243045807, -47.46626637744903, -44.29805247211456, -46.69832955121994, -49.08214052295685, -49.34415161275864, -51.67360444641113, -47.71317807769775, -49.70180075550079, -48.56222252702713, -51.78712449645996, -49.17890166330338, -55.64121220397949, -51.81373011016846, -57.09086311864853, -50.01879245615006, -49.262168076038364, -52.21489962244034, -56.42211492395401, -50.24486375284195, -56.282739936351774, -56.25680164241791], [-39.78450434780121, -41.13861303043365, -44.82073641109466, -41.99973692798614, -45.63159223079681, -45.895486472129825, -44.322673391342164, -44.839451188087466, -42.78640513420105, -47.57339767360687, -51.077829811096194, -50.03203286743164, -51.730770922660824, -50.580877900123596, -52.63031915283203, -51.02306800270081, -55.178958780288696, -50.88490653038025, -56.716283761978154, -57.202415320396426, -60.33442818641663, -59.42953409194947, -59.247090950965884, -57.04270791530609, -57.70244631576538, -55.67380146217346, -58.79192881011963, -59.580874107360835], [-51.53743428516388, -48.96936503696442, -53.08161158657074, -50.7683176574707, -52.65623609828949, -50.74054868888855, -52.61873519420624, -50.76029261112214, -47.52143524837494, -49.49501748085022, -50.517576445579536, -51.82138912200928, -53.76915685844422, -51.556913655281065, 