{"status": 1, "spectogram": [[-35.559803567081694, -45.50219638833404, -44.49963398264349, -54.32043739660084, -51.362008842870594, -50.62983917039633, -52.739776664510366, -45.014035684019326, -48.38327664624154, -47.73631242711841, -51.509249726146464, -53.87435707938671, -52.08633915707469, -48.58286616121232, -52.08567854127288, -48.59165187342465, -45.387508920148015, -48.42043744237721, -46.561624903410674, -50.64899994000792, -49.63408031128347, -51.81646404448151, -48.91490176032484, -50.30777677081525, -50.890142846196895, -49.0521963981688, -48.498821574419736, -46.354741008356214], [-19.71507167351246, -18.202366788327694, -22.886742479860786, -22.985671180546284, -22.9924122954607, -22.672635518610477, -18.999822600126265, -16.164161384463313, -18.581768882513046, -22.75926053839922, -21.577822615623475, -22.281421115219594, -18.24617052954435, -18.891733137130736, -21.477795769393445, -19.869206440150737, -19.55078667676449, -21.286393793463706, -23.139706612408162, -22.422813971579075, -20.976483427405356, -24.760787473797798, -21.684599350512027, -25.62759113454819, -23.796179918646814, -22.8615280802846, -24.680153314173218, -24.939653177917002], [-30.293106077194217, -33.467964622020716, -16.519524200201033, -14.159042698621748, -15.454238715410234, -14.429426107406616, -19.487799925804136, -34.51206341433525, -23.72292688512802, -13.39937293291092, -12.04681088614464, -16.610818562030794, -21.39338016629219, -18.499461270809174, -13.690212089538573, -21.18398830771446, -17.469274463415147, -12.321319645404815, -12.138132677316667, -13.498836939811707, -16.04610342502594, -12.77306051850319, -19.985685091257096, -16.337898713350295, -11.655873431682588, -10.767802245616913, -10.13380244112015, -11.200257705926896], [-25.261812499999998, -28.319625, -23.482187500000002, -23.243500000000004, -24.3285625, -28.81625, -31.4215625, -25.5525, -28.391125, -22.233375000000002, -20.609375, -24.647937499999998, -29.771187500000003, -29.5389375, -22.2344375, -25.108625000000004, -27.63675, -24.664, -19.484, -23.10125, -26.8990625, -21.85525, -28.679375, -21.8923125, -24.578812499999998, -19.635375, -20.6998125, -22.322937500000002], [-20.058573921680452, -14.166133849382401, -18.01444836521149, -19.290885898828506, -17.078322625637057, -20.195634999036795, -22.258384557008743, -13.535126890182495, -18.415028018236157, -13.232678814411164, -15.707929953098299, -14.411287424087522, -12.709643959522248, -14.763964883327485, -16.38327866625786, -11.663018650054932, -11.555848261594772, -18.69164497041702, -14.85289502096176, -16.114278057336808, -18.273018199920653, -15.455624989986418, -14.566999341011048, -16.622438673257825, -18.74450015449524, -14.760759801149367, -12.225508477449418, -20.128384597539906], [-10.906855187416078, -13.892058247089386, -13.408746487617492, -10.636611773014067, -10.429030091285705, -8.199263827323913, -4.954766230583191, -15.612944725990298, -9.635551615715027, -17.890065282821656, -10.469377606868743, -13.941246871948243, -14.300869868755342, -8.26591092967987, -16.79771774816513, -17.833078226566315, -16.055580864429476, -10.102659258842468, -17.998218537807464, -10.91997793006897, -6.687640958786011, -9.977290421962739, -13.281542977809906, -19.876704549312592, -16.53319137763977, -9.402711217880249, -12.633399142742158, -18.714459013938907], [-22.63356356072426, -21.140803598403934, -19.86767481327057, -14.536488092184067, -15.209152270555496, -25.14258276438713, -18.511517378330232, -22.125191265821456, -18.772546635866167, -16.228287205696105, -20.752723604917527, -19.116769458532335, -22.409134172677994, -18.430384201288227, -20.413383956670756, -27.08898339152336, -27.266633538961415, -19.890293259859085, -16.83303771233559, -20.73708376145363, -23.97781323170662, -20.231082066297535, -27.968649786949157, -23.27322985076904, -16.607239252328874, -14.477996925830842, -15.278244904518129, -21.292494871616366], [-27.616992381095884, -30.059628600120543, -24.085195096969606, -20.211886425971983, -21.7564988527298, -26.533644056320192, -21.070331624031066, -24.15000356197357, -25.741082644462587, -19.17736491203308, -18.27936167526245, -22.816632353782655, -26.835361330986025, -23.875672860145567, -23.613737953186035, -23.2986242313385, -24.301503339767454, -28.008249237060546, -18.359375606536865, -24.807373752593996, -25.409893062591554, -20.713059345245362, -26.499927400588987, -24.30507155799866, -18.539953382492065, -27.636191487312313, -15.748256656646728, -22.46845447921753], [-13.993018341064452, -15.851903861522675, -19.649591218948363, -15.319741058826445, -15.221247890472409, -19.45395667886734, -16.707267107963563, -19.56617925834656, -18.830615128993987, -20.000195028305054, -13.29050816488266, -16.099650890827178, -16.81400897836685, -21.084980187416075, -16.18417270898819, -18.779162996292115, -17.597544521808626, -18.75402678728104, -15.624961989402772, -21.945293172359467, -23.670230816841126, -19.14588395738602, -16.01607117176056, -19.094321634292605, -18.47623997068405, -17.943080546855924, -21.53776592826843, -16.47193495607376], [-28.189417806625368, -36.934273126602164, -27.19441063785553, -26.86606313943863, -31.730752491474153, -38.62691787576675, -32.51628905916214, -30.884807657718657, -33.55391562986374, -32.933039914608, -26.26641920042038, -26.616732760429382, -30.89370634555817, -29.91442306852341, -27.4230474820137, -32.9146830496788, -34.659261428833005, -26.381531438350674, -31.073337631225588, -30.559182508945465, -36.30545970678329, -29.833690548419955, -34.21769021368027, -30.73279684972763, -27.828495116710663, -31.505377405643458, -29.53196056652069, -27.239897807121277], [-33.969, -39.8634375, -41.8006875, -35.6411875, -34.9014375, -38.2430625, -35.7703125, -36.0245, -37.342625, -37.304500000000004, -35.9180625, -35.184062499999996, -40.0493125, -35.87725, -35.1680625, -37.9601875, -36.513374999999996, -31.3785, -36.839375, -35.086437499999995, -38.07125, -34.853500000000004, -37.184937500000004, -36.8005625, -38.481624999999994, -37.168625000000006, -37.596937499999996, -35.888875], [-36.70640090799331, -44.57266209363938, -36.12117473363875, -39.938660729408255, -40.09930022287369, -41.69518250370026, -40.9622462925911, -38.08109184551239, -42.29519757175445, -45.449465714931485, -46.37402458286286, -39.2442974934578, -38.173899102687834, -42.64197220087051, -42.12497112226487, -38.380475405216224, -38.75420962762833, -36.65096003627777, -40.294592028617856, -39.0808892416954, -42.76680853891372, -43.97757593870164, -42.59826216983795, -42.655844477176664, -39.26534404277801, -43.002311067581175, -40.94443969535827, -39.5878396539688], [-36.854663575172424, -33.57726792430878, -38.045830456256866, -36.514733609199524, -39.02874195623398, -38.64089262485504, -37.010891773223875, -36.295983650207525, -36.636257810115815, -34.1018409500122, -36.35090214204788, -36.24858089590072, -39.31226792430877, -37.875975536823276, -36.13422316217422, -36.78843938589096, -36.44143232440949, -31.649946177482605, -40.76938567781448, -35.88142031908035, -40.21441233062744, -38.2291713681221, -38.946296065807346, -38.70223311519622, -37.8800537185669, -32.99278505897522, -33.62441358757019, -33.64581634473801], [-32.0452937412262, -35.41693550682068, -36.86474770259857, -35.108687026977535, -38.617148097991944, -37.62831626415253, -35.940945094108585, -38.93326303958893, -40.64197655963898, -37.32143457794189, -37.46449558925628, -37.46282827949524, -37.41045788860321, -36.506666790008545, -38.636541172027584, -37.23193119430542, -36.67384351348877, -35.07102843952179, -40.95571813964844, -38.22729857730866, -41.05567331027985, -38.5059696559906, -43.140217391967774, -40.38328052997589, -40.174542955398564, -38.46245601463318, -39.048199220657345, -39.7722619638443], [-42.173126226425175, -42.152712371826176, -42.7808390045166, -42.309791874885555, -40.75958931922913, -41.71981227588654, -44.743497148513796, -42.914382105827336, -40.68610907554626, -42.37238432216644, -43.106571506500245, 