{"status": 1, "spectogram": [[-14.698107333213091, -17.775473583206534, -17.387973582103847, -18.60907178720832, -24.71419663539529, -34.480098240539434, -35.70284825892747, -41.52498209220171, -43.240035643368955, -30.552759020641446, -33.12150894878805, -39.3733749667108, -37.05033035640418, -41.291857219427825, -33.86516973753274, -39.21816953252256, -46.58167845723033, -41.852901771262296, -34.265401894733316, -25.71689310067892, -33.925241124764085, -32.723339355349545, -29.34915194441378, -28.055464408934117, -27.70742873188853, -28.81536628510058, -23.711178860872984, -24.445411104679106], [-21.95583897435665, -23.162249626398086, -24.035249770879744, -16.6064730374217, -22.314250000715255, -23.194723109900952, -28.091848142564295, -40.07221435570717, -38.86210734295845, -26.70850056910515, -32.92725031411648, -36.00664280593395, -35.05729462224245, -35.74395539230108, -34.92870524030924, -37.53559803920984, -33.5139822473526, -39.10516962498426, -35.48798245728016, -29.17141983860731, -32.73318816310167, -29.990018655896186, -32.96326833963394, -33.916919706881046, -38.668919290125366, -37.15524961185455, -35.393811858832834, -35.436936549961565], [-23.963356226921082, -16.168551764011383, -13.63936501669884, -16.481981605052948, -15.196527145624161, -14.416812042951584, -30.888376183032992, -44.800135442495346, -41.94005456209183, -29.813508952379227, -37.792697046279905, -34.028873362541205, -39.45679419827461, -37.90100035333633, -42.698249510288235, -39.74839253330231, -36.59540092158318, -34.59587395238876, -39.83262496089935, -29.984392405986785, -36.33301757240295, -36.907365806341176, -32.24580280399323, -33.61182990717888, -36.87319631099702, -38.71832126808166, -27.86069429111481, -28.609194305419923], [-6.876, -4.119999999999999, -9.8849375, -14.2095, -17.8671875, -17.42975, -21.591250000000002, -23.1468125, -23.013687499999996, -23.418999999999997, -27.04675, -26.8054375, -21.296, -24.8701875, -28.3579375, -28.787937499999998, -30.137375, -33.549625, -35.8898125, -23.685375, -36.9639375, -29.7163125, -26.795125, -28.980687500000002, -27.437687500000003, -30.638124999999995, -15.138375, -13.781125000000001], [-2.7933925051689146, -4.590373596191406, -19.4350625436306, -11.304510103940963, -7.43642883348465, -12.524268550872803, -9.057266739368439, -24.475722550630568, -23.018071402072906, -23.107418765306473, -23.178545933961868, -22.178320588111877, -24.65225026130676, -21.56168804955482, -19.593624472141265, -26.184195954322814, -25.402321990489956, -20.605678738117216, -27.348179550170897, -11.798079717874527, -28.536866328001018, -23.547356725215913, -17.640357131958005, -25.20562565422058, -21.067403053522114, -23.579679699897763, -7.349179106235503, -6.34375119638443], [-13.949514344215395, -5.911175943374634, -16.132988978862763, -11.476971949100495, -7.1767412524223335, -16.78161684370041, -19.618802778244017, -19.32557934999466, -26.05049993228912, -29.133590688705443, -16.720649606227877, -25.706098916530607, -21.04602383852005, -19.166203773021696, -19.947391255378722, -24.72833772087097, -18.563676542282103, -21.29138508939743, -25.405068637847897, -15.96708829879761, -22.484991219997404, -21.851796033382413, -23.167856258392334, -19.83366976594925, -18.517695155143734, -23.713744728565217, -9.317677949905395, -9.434225068569182], [-13.91014910054207, -14.057167269945145, -19.59204455447197, -15.735080384016037, -13.932076939344405, -9.385632873773575, -15.749320404529572, -26.45929077076912, -28.098268052101133, -29.42797476363182, -26.449285461902615, -21.14022995376587, -22.71600978779793, -21.222223172903064, -19.746412948131564, -20.90350776219368, -21.20555129241943, -20.825580175161363, -30.598080096483233, -25.62383932495117, -26.91900148487091, -27.007381363153456, -29.06388208985329, -31.716866917371753, -31.35348331975937, -24.436536948204044, -18.3510336766243, -19.11546374988556], [-16.814249492645263, -16.221019004821777, -17.68396154689789, -16.284143461227416, -15.908625061035156, -15.37616396522522, -18.201719363212582, -24.824170958518984, -23.949980653762818, -25.65909933185577, -20.867542007446286, -17.44821074295044, -20.067256741523746, -17.870184587478636, -18.777809392929075, -19.88634513473511, -20.093530524253843, -24.202216292381287, -26.923412612915037, -26.695623844146727, -27.48388197040558, -26.283917695045467, -23.06261074256897, -28.104705536842346, -27.834558932304382, -26.01676876449585, -18.099770500183105, -21.26475548648834], [-8.096493645191194, -4.276512338161469, -7.397699652671814, -9.888427758216856, -10.290313704013826, -10.884081404209137, -14.3618274102211, -18.219749636650086, -21.878933620452884, -25.571002871513368, -17.872813109874727, -15.106784365653992, -14.37843180656433, -13.620276269435882, -15.492717232704162, -19.209420551776887, -14.387742864131926, -12.205147568702698, -20.623767380714416, -22.478573195457457, -20.001974819660187, -17.790760044574736, -22.47394686794281, -18.74969702720642, -23.368901731967924, -18.822203256130216, -14.411895195007325, -18.10484112453461], [-26.047763700008392, -21.61490108251571, -22.23127010297775, -19.500258539676665, -21.859100167274477, -17.59008070230484, -22.217075314998628, -29.55136031484604, -34.181723974704745, -33.02419620656967, -29.57070634317398, -26.514681084156038, -28.019895308971407, -23.244574302196504, -26.3885784907341, -29.377555586338044, -27.19763175153732, -29.048919720649717, -30.83736000299454, -33.76296917963028, -35.021479078292856, -32.189035200119015, -34.71402982711792, -33.88068068361282, -37.14019894742965, -35.65789248275757, -26.61833380937576, -30.687407593727112], [-29.5351875, -30.073999999999998, -29.41075, -29.1623125, -27.672125, -26.89, -30.348875, -33.8930625, -39.7240625, -38.3399375, -33.76675, -33.437124999999995, -36.851312500000006, -37.83975, -34.71425, -32.434125, -37.108375, -36.3455625, -42.8284375, -37.801249999999996, -38.0475, -38.69275, -36.896375, -36.622625, -41.131125, -43.5645, -41.2278125, -39.508], [-42.317226185798646, -41.53820112752914, -35.13976457881927, -31.74284349346161, -30.747904618740083, -37.30627668571472, -34.88465880393982, -39.272302966117856, -42.83009621667861, -44.00858196353912, -40.94565340566635, -41.953422913551336, -42.26279892063141, -37.09322224092484, -41.568844336986544, -34.880650032997124, -41.086091307163244, -37.10555246257782, -43.271427837371824, -47.411440662860876, -43.155692877292644, -40.52168729543686, -46.54850325584412, -44.42863292741775, -47.59628154373169, -47.831128192424764, -39.031147996425624, -42.05763334798812], [-29.141055041313173, -34.4594825668335, -29.980356431961063, -28.011466155052183, -26.59185126543045, -24.591696516990663, -28.23519739151001, -31.61281445837021, -33.18136152458191, -35.04039434242248, -30.658955960750582, -30.906625306129456, -34.31146741008759, -31.308031737804413, -32.66390164232254, -31.284806931495666, -29.75566373538971, -28.184870166301728, -31.78349662923813, -33.692440444469455, -35.99211890459061, -36.24419717979431, -34.32613645410538, -31.379583732128147, -36.44712642860413, -34.2177768034935, -34.838278735637665, -35.24526828670502], [-37.749459467887874, -36.05470637226105, -37.419766967773434, -34.57094335269929, -36.350741974830626, -33.89277121543884, -38.77057953929901, -36.70919231891632, -40.58155445671081, -37.06745603847504, -39.44614763069153, -39.29584995937348, -37.457167468070985, -34.05646019649505, -36.28202054023743, -41.66715321445466, -40.46290917396546, -41.21370120811463, -45.14963199329376, -46.91598254966736, -41.448897457122804, -40.01842299175263, -43.471293755531306, -45.78908060741424, -46.852304403305055, -44.36202019882202, -43.99508515834808, -44.41651045131684], [-47.81093473148346, -43.46971266937256, -49.58058931541443, -45.009047016143796, -42.959398480415345, -39.89829219150543, -48.10347490882874, -50.37306527900695, -52.42347786426544, -54.752249001502996, -52.83180835151673, -52.36407916259766, -50.26518590164185, -50.324695830345156, 