{"status": 1, "spectogram": [[-36.94933934754133, -34.66240180392563, -35.347214382827275, -36.50761609046161, -35.95324114976823, -39.949178565412765, -43.69805354249477, -38.812071418941024, -36.08720533783734, -33.285196435004465, -35.28207141324878, -32.98741071763635, -33.37077687846124, -32.82546433073282, -31.58052689833939, -35.06133044441044, -37.26827681730688, -41.75909814374149, -43.923473292663694, -40.03567861601711, -40.376321481347084, -39.10025003755093, -34.723000003159044, -33.22927684907616, -34.25209829206765, -34.99289289858937, -37.73933038251102, -35.19249999144674], [-16.55850967758894, -19.313796368181706, -18.030233703136442, -18.723063781559468, -20.652322720885273, -23.163215155124664, -25.40890291506052, -23.531938866078853, -18.961447520017625, -17.19996545112133, -18.05759062922001, -18.785322845458985, -19.67671545743942, -20.290099183261393, -19.57509920626879, -20.223858169555662, -21.215447662711142, -22.334215899467466, -21.098028385818004, -21.21767124193907, -20.87772481662035, -20.79613521307707, -20.18044749367237, -20.52897421306372, -22.494153155505657, -21.019143864274024, -21.350894206762316, -19.790590515851974], [-8.285971772909164, -6.792713239192962, -6.7014629964828485, -7.926392318725585, -10.408848218679429, -17.736688299894332, -19.854813484430316, -14.636857587337493, -10.159419463396073, -7.803008066892625, -7.7472580091953285, -7.946766933917999, -9.13865145611763, -9.96739285516739, -9.57858030629158, -9.81114284324646, -10.227812373399734, -10.125383613348008, -9.11238322854042, -8.67691901087761, -8.369070899486543, -8.917089214801788, -8.788339195251465, -9.813643003463744, -10.524589517593382, -10.435241400003433, -9.109366080522536, -8.203285411834715], [-31.17875, -35.881375, -34.9621875, -26.986874999999998, -21.7178125, -13.660687500000002, -12.4251875, -14.559, -21.1193125, -28.2010625, -30.1829375, -28.384124999999997, -24.56725, -24.311187500000003, -24.5264375, -28.986, -35.65237499999999, -36.136062499999994, -38.22337499999999, -37.50212500000001, -36.798937499999994, -26.293187500000002, -30.96, -25.981624999999998, -25.012125, -25.277250000000002, -26.8404375, -35.943374999999996], [-25.42159929394722, -25.372348890066142, -29.345849573850632, -22.834939436674116, -27.71725550413132, -14.077555885791778, -17.469305651187895, -21.826592531204223, -28.14787853097916, -33.16568943381309, -24.059500869274135, -24.48498311758041, -27.241993490934373, -23.374616967916488, -25.502993765592574, -25.775385106801984, -29.209760754823684, -33.78986774277687, -30.20630427646637, -25.88565264773369, -25.147224633455277, -22.360029097795486, -22.447403417348863, -24.21717355418205, -26.362335584878924, -23.449415452480316, -21.949413724422453, -23.38700111293793], [-17.608220625400545, -17.428237261295315, -19.10861080789566, -16.556116117954254, -23.554447953224184, -17.691188025951384, -21.54557017564774, -14.281572219848634, -17.46564604473114, -14.376476608753205, -18.099285730361935, -18.98725707769394, -19.42706370592117, -15.171026548862457, -22.457590781211856, -18.24437915992737, -22.747964799880982, -30.820901536464692, -22.06927536439896, -22.047257534503935, -24.08568658399582, -19.019794867992402, -20.511236496925356, -17.949010315418242, -21.497243318080905, -18.2103944644928, -20.725956228733065, -19.2656652469635], [-8.228404997348786, -11.180227147102356, -9.008289327383041, -13.137833811759947, -18.463108328342436, -22.686138490200044, -23.77319999098778, -16.27058654689789, -10.340850171566009, -9.857348163127899, -9.5394764919281, -10.331394425630569, -15.355747279167177, -16.173838920116424, -19.358464692592623, -20.150933845758438, -20.912121891498565, -22.55938596391678, -15.769822247266768, -19.91058455133438, -18.225766909122463, -19.66741434454918, -23.033668593168258, -23.96736671423912, -25.009981724739077, -22.909349115610127, -20.115782662391666, -23.091320549011225], [-6.35829214477539, -11.54991858100891, -9.953794158935548, -9.34803024196625, -8.303397206306457, -13.968361369132996, -20.264546962738038, -14.564723470687866, -6.099393056869507, -7.080767630577086, -6.499079944610596, -6.977185653686524, -8.571661369323731, -11.718995624542236, -13.302684655189514, -13.610826352119446, -14.130042910575868, -18.48669630432129, -15.748327301025391, -11.891333441734314, -12.531441773414613, -15.787239928245546, -23.01954748153687, -21.58331404018402, -16.55894473648071, -17.063322983741763, -14.67426507949829, -18.017149006843567], [-20.04212257575989, -17.283570179939268, -22.50644290351868, -14.260071890830995, -13.943005067825318, -18.07162038755417, -20.922180807113648, -22.239111380577086, -19.364564485073092, -20.82864159488678, -24.0666444568634, -22.4988484416008, -18.08080630683899, -17.26182641029358, -18.160574964523313, -18.913085063457487, -19.114600908756255, -20.324592619895935, -26.132966013908387, -24.131268075942994, -20.00276035642624, -17.554967931747434, -18.365655708789827, -18.16107701969147, -17.447621414661405, -16.99334574317932, -16.101718720436097, -18.402903702259064], [-33.43521475982666, -33.30708871030807, -31.75258020734787, -31.64265899562836, -32.182161252021785, -32.148722964286804, -31.584231092453003, -35.79947709226608, -32.28506562519073, -33.64836697530746, -36.03518565940857, -33.37379671812057, -34.49246273994446, -34.19854404544831, -31.672363413333894, -35.3072804851532, -38.48950830507278, -30.526886271476744, -32.95557909154892, -30.058321739196778, -34.56922989368439, -39.27996976089478, -34.42240216398239, -34.453755790233615, -37.731845816135404, -36.3670790681839, -33.832143309116354, -34.14634595060348], [-38.8333125, -41.2156875, -37.5433125, -37.034875, -40.317625, -33.432, -32.697, -36.340312499999996, -35.33425, -34.087937499999995, -39.205375000000004, -36.754875, -40.13525, -36.6743125, -42.03325, -39.182625, -41.082062500000006, -42.6893125, -41.514625, -39.363875, -40.5775625, -40.155874999999995, -37.6888125, -39.745875, -38.172875000000005, -37.25525, -41.681000000000004, -35.1238125], [-41.46445376873016, -39.05982731199265, -41.646140128135684, -38.071199591636656, -38.667260550975804, -39.51007716608047, -41.0790203552246, -42.833020411968235, -38.06851327753068, -44.67971688222886, -44.71234965848923, -40.34343789386749, -41.84638464403153, -39.972763251781465, -37.53032682609558, -39.42897660398483, -40.386711318492885, -41.30328789520264, -39.762534052848814, -48.01966035985947, -45.923722484111785, -41.188811969280245, -45.393562098026266, -39.708236840248105, -42.71599365472793, -45.63161919498443, -44.64011360454559, -45.104566423416145], [-33.739103715419766, -34.11840315008164, -39.74802886152268, -37.09377909231186, -40.26413604021073, -40.42767078733444, -35.87760848617554, -38.609768436431885, -37.35205373382569, -34.72569090795517, -38.820123995780946, -37.343611728668215, -40.07660873031617, -34.322447753906246, -42.01050735712052, -41.805868594646455, -38.368432156562804, -36.87154613447189, -39.608795072078706, -38.88040244626999, -39.626304079055785, -38.16573510551453, -40.34604469060898, -37.11259878301621, -40.10184900331497, -42.27160677337646, -40.305169012546536, -38.44408231496811], [-35.484335484504705, -36.179120192527776, -34.36930708122253, -35.25705910110474, -33.97587250041961, -34.71560435962677, -36.05516353034973, -36.441354075431825, -36.13049401950836, -38.41826992988587, -36.838767837524415, -40.050388892173764, -39.368208796501165, -36.61045158576965, -34.6891992816925, -38.26314353561401, -38.45907775115966, -36.380137148857116, -39.982389262199405, -34.43081221008301, -36.5453339548111, -38.592363370895384, -38.525607971191405, -37.61517617702484, -36.18401463413238, -37.613157319068904, -40.89902280521393, -37.81763552570343], [-50.42486108016968, -49.52450781726837, -52.64425623035431, -49.631531753540045, -46.588043757438655, -47.198258957862855, -47.499384861946105, -46.775166228294374, -50.715087837219244, -52.08277692317962, -50.00802670001983, 