{"status": 0, "spectogram": [[-21.323134125843644, -27.191598542675372, -27.192161029160026, -26.780160987496377, -27.465928850263353, -28.581535986512904, -27.85191091698408, -29.275321796119215, -28.111250222712755, -28.54073241856694, -29.842107507735488, -28.926821734935046, -28.70433060453832, -28.623884159341458, -28.18975911767781, -29.54175033840537, -30.675964690864088, -30.02251822251082, -29.284330715790393, -29.415045027688148, -29.220795027270917, -29.756214691132307, -29.58971465370059, -29.037134237065914, -29.096268084317444, -30.20664314678311, -30.04464311221242, -30.999991403594613], [-24.691088605999944, -30.616338407397272, -30.977088419795038, -31.024374210238456, -30.511633394539352, -31.25796390902996, -32.14096387267113, -32.96610652506351, -32.39024952793122, -31.84729414921999, -31.577419203221794, -30.166392480611805, -32.19644606983661, -32.24866934162378, -32.3836067378521, -35.009901081860065, -34.82254404300451, -35.68517780804634, -35.43261523300409, -34.53690087813139, -33.912427649497985, -34.775240112364294, -35.14742765331268, -36.49440078765154, -35.21039229905605, -34.9757853064537, -36.697784913420676, -39.16291862732172], [-24.168544875383375, -33.1110803296566, -32.65539279556275, -32.18801787090302, -30.376107371807098, -30.918233032703398, -33.059734126091, -33.56909120845794, -31.487706233263015, -31.96896544742584, -32.42921597480774, -29.49387578821182, -29.976929683208464, -30.934930271148684, -32.56661778187752, -39.88319979381562, -36.61850260972976, -39.49212800884247, -43.52800419902801, -40.188824190139776, -35.163251248836524, -34.49761732172965, -36.49455556869507, -41.57147649455071, -42.814352725267405, -41.97917424416542, -40.10629768681526, -44.72882523441315], [-18.5519375, -23.1159375, -23.765625, -23.979187500000002, -22.656125, -23.149124999999998, -25.1813125, -25.7496875, -23.6663125, -24.100937499999997, -24.0283125, -21.087687499999998, -22.0566875, -22.974062500000002, -24.1089375, -31.524187500000004, -28.457625, -30.079625, -33.548125, -30.527500000000003, -27.5463125, -27.2175625, -27.69225, -30.545375, -31.0586875, -30.558812500000002, -31.769812499999997, -33.3591875], [-17.74511014986038, -18.73626996994019, -18.918644885063173, -18.716697909832, -16.93929516577721, -18.175982534885406, -21.154607671260834, -21.983679476261138, -19.288196844577786, -19.898170285940168, -19.513044979333877, -16.824884180307386, -18.069071837425234, -19.702920238733295, -20.404795101404194, -32.95141356182098, -26.996849636793137, -28.275046218156817, -40.73111246824265, -32.86895016717911, -24.047465840816496, -23.7345728058815, -24.924697765350345, -32.73707457494736, -32.901858916759494, -30.25402717137337, -32.754529054880145, -34.977842029571526], [-18.17820281076431, -21.35338933944702, -21.364138710975645, -19.80317425251007, -17.943378388881683, -19.48328604269028, -19.828784143924715, -21.124471225738525, -21.252695888996126, -22.152132424354555, -20.551819885730744, -18.765795397758485, -19.560410633563997, -19.03742819547653, -20.319240460395815, -25.584424544811245, -23.760613807678222, -26.583219439506532, -28.451092764854433, -29.68361957025528, -27.088640395641324, -27.13952433681488, -28.26164744281769, -30.888547102451327, -23.77874806165695, -21.13882984352112, -26.767515256404877, -33.677805525779725], [-26.106228904962542, -23.424731714725496, -24.805481564521788, -23.456749892711642, -22.542965779781344, -24.982012377023697, -27.348447578907013, -28.259973222970967, -26.083386744737627, -26.264724763631822, -24.838909504890445, -22.993278995752334, -23.462591279029848, -22.4436254491806, -24.225125389099123, -35.142551316738135, -31.27562393712997, -34.823750185966496, -36.663867525577544, -35.951507254362106, -32.667126058578496, -30.755508767843253, -30.070632852315903, -34.25825509715081, -33.823547515869144, -29.418493726015093, -33.53112405610085, -37.65646089315415], [-16.905748882293704, -20.782666619300844, -21.677852334976194, -19.92619248390198, -18.083870416641233, -19.205214924812317, -20.659523651123045, -21.715416526794435, -21.014250689506532, -22.039284642219542, -21.803971532821656, -19.177253460884096, -20.061046649932862, -21.522847124099734, -22.199034716606143, -27.31036828517914, -26.102941609382633, -27.609352263450624, -29.82553589057922, -32.654765830993654, -26.735641074180602, -25.86126710987091, -26.920139716148373, -30.46364428138733, -26.42978091144562, -24.683460406303407, -29.903396053314207, -33.29389374542236], [-27.945515104293822, -32.10273857069016, -32.1553001909256, -33.6706694149971, -33.451180442810056, -33.89584811067581, -35.81509639024735, -36.54067525672912, -34.220722781658175, -32.215775057315824, -33.75077462911606, -31.6274644947052, -33.82042863464355, -35.7720263543129, -35.978901162624354, -46.66163458442687, -41.14381840324402, -42.23035333061219, -46.24685061264037, -42.3820918097496, -38.88166513967514, -38.78776276016235, -38.31295139551163, -42.26843044137954, -41.16238218355179, -41.63215304613114, -45.38689668703079, -48.963165251255035], [-38.285651731491086, -33.605024823665616, -34.47221394729615, -32.61919944286346, -32.59589925479889, -34.84100963878632, -36.56776413345337, -35.48662622785569, -37.22065179824829, -40.42059842586517, -40.58478171300889, -38.596731407642366, -38.70515768575668, -38.750818653106684, -38.96550237512588, -36.330335020065306, -36.869405832290646, -36.46816442346573, -34.97535114097595, -35.54889262056351, -36.16621227121353, -38.132400525093075, -37.44315159225463, -38.18828687143326, -38.387007959842684, -37.09040109205245, -37.49176923704148, -37.076538313388824], [-40.46375, -40.56881249999999, -41.236000000000004, -42.1124375, -42.2515, -43.7126875, -44.1165, -43.9378125, -44.478125, -45.8001875, -44.591375, -43.87475, -44.2059375, -44.25675, -44.7480625, -47.3895625, -47.532375, -48.8639375, -48.2313125, -48.112, -46.514, -47.0818125, -47.615125000000006, -48.253937500000006, -49.3663125, -48.4450625, -48.9831875, -52.295875], [-43.98370230054855, -44.94933550262451, -45.11464752054214, -48.079201141834254, -47.016078058719636, -47.108312669754035, -48.70568371582031, -49.6418673863411, -48.74851778268814, -49.809015797138215, -49.04976678419113, -47.89467097663879, -47.91006409454345, -48.43160723352432, -50.29710444974899, -55.21666684770584, -53.07187693023682, -56.01047260904312, -54.44028724193573, -53.83256320142745, -51.723200666427616, -51.96205765724182, -52.85505532550811, -55.390327914714824, -55.05517976188659, -53.43264417266846, -55.35064138889313, -58.10053367710113], [-36.67403739356995, -38.385251973152165, -37.775502102851874, -38.094225562572475, -38.306813653469085, -38.62602835512161, -37.20084135341644, -37.07398593521118, -39.54604677915573, -38.41406578302383, -36.72281636667252, -37.41218102550507, -37.497609983444214, -36.89213731908798, -37.9263878531456, -39.627700640678405, -39.676619827747345, -40.3281285572052, -40.32644075155258, -40.958682886123654, -40.259165192604065, -40.08414725589752, -39.79546043157577, -41.15688093662262, -40.80369962215424, -39.83089692020417, -41.89227397346497, -43.87506742143631], [-44.361269649505616, -44.83027586841584, -44.67921685028076, -43.6447637796402, -44.45151294612885, -47.58523101806641, -47.00029476642609, -45.22660954475402, -47.35212528038025, -44.38687972068786, -42.834632324218745, -44.33819955253601, -44.884674374580385, -43.78797890758515, -45.06916674232483, -46.121113664627075, -46.67356911945343, -47.03770428085327, -45.8818293209076, -46.36717456531525, -46.68522599697113, -46.9955567741394, -46.40637202739716, -46.84487164020538, -47.50663122749328, -44.60862240886688, -46.04087644481659, -48.08150946426392], [-51.74692833137513, -52.48131113338471, -51.46956521320343, -51.63816433143616, -51.453137639045714, -51.89425904941559, -49.285011452674865, -49.68018036651612, -52.26821415138244, -51.72371565246582, -52.168026736259456, -51.677740111351014, -52.1564560022354, -53.24232084846496, 