{"status": 0, "spectogram": [[-11.16596449571848, -11.482893371403216, -11.607518379569054, -11.274491576507687, -11.193554068356752, -10.756420129612087, -11.58192017261684, -10.728036178976296, -11.483321948915721, -11.540134455934169, -12.015571972370148, -12.314839851975439, -12.161884494468568, -11.113098715856673, -12.829598794206975, -11.624955856338143, -11.533321918189525, -12.095161230474712, -11.44216119554639, -12.56638447608054, -12.620241615995765, -12.228839815795423, -11.634214789122343, -11.463786207556725, -11.698134436205029, -11.81273266133666, -12.781420218363404, -12.432670189514756], [-9.284250340223313, -8.37450004351139, -8.593625018715858, -8.646776820242405, -8.550321463108064, -8.63493754440546, -9.155937546312808, -9.594160794258118, -9.509098244965077, -9.70155356991291, -9.348366064965724, -9.462107133507729, -9.225651784360409, -9.467955392897128, -9.852705370485783, -10.132946461915969, -10.336169683754443, -10.636267895102499, -10.656205420434475, -10.509625010013579, -10.480491095244883, -10.373250024318695, -10.206312536537647, -10.168785753130914, -10.334714336633683, -10.3740357452631, -10.493160718083383, -10.156348197758199], [-16.110447908878324, -13.363277656793594, -12.982152501821517, -13.086116852521897, -13.262232976436612, -13.212724069833756, -13.364974039793013, -14.339536778926849, -13.388223962068556, -12.763197028160095, -12.90344701719284, -12.879420199155808, -12.930759538412095, -13.529009733438492, -13.664197128295898, -13.927357940196991, -14.054465104579926, -14.301965132713319, -14.744840269088748, -13.802607804775239, -14.155072185993195, -13.925991808652878, -14.10530439567566, -14.044947251319885, -14.342813400030137, -13.918393620491026, -13.602518476963043, -13.110804087162016], [-14.852062499999999, -16.10725, -16.99275, -16.560625, -16.259812500000002, -16.2824375, -16.303874999999998, -16.2143125, -16.622687499999998, -16.242125, -17.960625, -18.529375, -17.786, -16.55975, -17.878375, -17.5316875, -17.3983125, -17.98275, -17.290187500000002, -18.6698125, -18.416562499999998, -18.144374999999997, -17.7725, -17.4131875, -17.187875, -17.454875, -18.842625, -19.0255625], [-5.6191880671978005, -10.126002910137176, -12.775878542900086, -11.52186931347847, -10.64469947576523, -10.864833409547805, -10.677395793437958, -8.989948674201965, -12.562547734022141, -14.393967650413513, -16.600280936479567, -18.43162055373192, -16.874843440055848, -12.632887049913405, -15.24607500553131, -14.22569071984291, -13.614744126081467, -14.299440562009814, -11.965814997911455, -17.114378826618193, -15.35322656416893, -15.573485607147218, -14.202110364437104, -13.59888703894615, -12.472083096265793, -14.180913898944855, -17.63560220265389, -19.292281277418137], [-14.26641404914856, -13.152736567497254, -14.440424841403962, -13.34312989807129, -13.35222775697708, -13.154227713108064, -11.526789834022523, -10.974574548721314, -14.360495490550996, -14.086120127201081, -20.655310203552247, -21.1490875992775, -21.798881938934326, -17.03947721338272, -17.669290944099426, -15.717460052013397, -15.053611652374268, -15.079620748043059, -14.51780703830719, -18.170568581104277, -17.360406748294828, -17.897005570411682, -16.74700481700897, -16.79445973348618, -16.280718077659607, -17.50902290058136, -20.48621233320236, -21.69938032245636], [-7.823435310602187, -8.215305250883102, -7.123682132005691, -7.45122592973709, -7.696109109640121, -7.251261035442353, -7.575699036836625, -10.775409500837325, -7.919048294067382, -8.338441725254059, -6.932317756652832, -7.370085498332978, -7.457540436029435, -8.495556220769883, -9.558307023286819, -10.083074272871016, -10.674305771589278, -11.492546667575834, -12.803294484615327, -10.235003864049911, -10.919940496444703, -10.17239625096321, -10.133957475662232, -9.771493413925171, -10.707849522113799, -9.621136976718903, -9.369826099634171, -9.064558970212936], [-16.45189024066925, -18.698369114875796, -15.915620617866516, -17.213789405822755, -18.156940348625184, -18.1216993598938, -17.928199697494506, -23.53046554374695, -17.208317679405212, -13.852927905082701, -13.552988737106322, -13.979783432960513, -14.069747191429139, -17.660406043052674, -17.429343444824216, -18.41799514293671, -20.94355606651306, -19.53923652267456, -26.116482894897462, -19.274871062278745, -20.285254165649416, -20.071718564987183, -21.53809219360351, -21.131673510551455, -24.093190264701846, -20.472353207588196, -19.499916191101075, -17.16130183887482], [-24.982805112838747, -26.336813271045685, -26.431249714851376, -26.622982169151307, -26.27016120052338, -25.164607607841493, -25.73660779571533, -27.44068978261948, -27.221865886211397, -27.97165075826645, -27.586025310039524, -28.044319695472716, -27.606552364349366, -26.612214566230776, -28.623151563167575, -28.348821610450745, -28.36371462345123, -28.648911414146422, -28.883974734783173, -28.788731170654295, -29.25186603975296, -29.083035341262814, -27.982973564624785, -27.342786075592045, -27.44705451011658, -26.811473258495333, -27.50453453159332, -28.052980290412904], [-35.71132945489883, -35.438492435932154, -35.70667766284943, -35.17592997455597, -34.61531481313705, -33.96939957523345, -34.38358920526505, -34.14871259784699, -35.862755899429324, -36.42422192907334, -36.734158912658685, -38.16448670816422, -37.010898092746736, -35.35433752584457, -37.685893509864805, -37.0304352388382, -36.85675114202499, -36.89352212381363, -36.33796371078491, -39.11453251123428, -39.45269711446762, -38.879204512596125, -37.81639580488205, -37.28795999717713, -37.299293042659755, -37.367291383266455, -40.49022570037842, -40.56643395996094], [-39.46600000000001, -40.155437500000005, -40.735125, -40.9828125, -40.2031875, -40.68662500000001, -41.425125, -41.574375, -41.79537500000001, -41.5786875, -41.6093125, -41.814375, -41.3160625, -42.0791875, -44.008562500000004, -44.130625, -44.797812500000006, -46.315749999999994, -46.562937500000004, -46.2235, -46.104749999999996, -45.0618125, -44.318937500000004, -44.642875000000004, -44.757875, -44.380562499999996, -45.5871875, -43.9230625], [-43.79633499908447, -41.494014707565306, -41.13933212709427, -42.04661561632157, -41.320785214424134, -40.695964470863345, -42.06233705902099, -44.761965740680694, -43.006452872753144, -41.654842300415034, -42.0851544957161, -41.44810254526139, -41.50661888360977, -42.57201561737061, -44.50332832193375, -45.610452824115754, -45.84394308280945, -47.39572306776046, -48.12502714633942, -47.151068946838386, -47.4782756562233, -46.90656119680404, -44.8968065533638, -45.234379677295685, -46.70699996232986, -45.686486673831936, -47.29261262655258, -44.69538685560226], [-37.87549294042587, -36.401090225219725, -36.97952793359756, -37.63255447387695, -36.87027772665024, -35.44177765226364, -36.226152847766876, -37.84523254108429, -36.21772494268417, -35.80591362190247, -34.97497624921799, -34.751628336906435, -35.115949131011966, -35.828885085582726, -37.68319842433929, -39.52875144290924, -40.193715254783626, -42.35901925563812, -40.180644611358645, -40.34159166717529, -40.72590359640121, -39.86610918140411, -38.20660841560364, -38.65992977905273, -39.036590457916255, -38.74062655925751, -41.03918923807144, -39.669600589275355], [-36.29265444850922, -35.862511845588685, -37.70600998020172, -38.47495463085175, -37.09836650371552, -35.34967183017731, -36.625737491607666, -36.9543536939621, -35.754075500488284, -34.882011334419246, -33.99145245361328, -34.80787936592102, -34.23175415039063, -35.16546781730652, -36.05059603309631, -38.13765248966217, -38.325768590927126, -40.707268644332885, -40.571580605506895, -39.228698648452756, -40.59094967079162, -41.082563780784604, -38.38768872356414, -38.93542059993743, -39.843161113739015, -39.47484723377228, -47.12896834659576, -43.69956867599488], [-38.25340268421173, -35.009056224823, -34.975307682037354, -36.091762232780454, -35.308377576828, -33.81045846843719, -36.669082240104686, -38.93431390094757, -35.43744055080414, -33.26071758842468, 