{"status": 0, "spectogram": [[-7.242616077855229, -4.5520447860509154, -4.618232294648886, -4.69437514859438, -4.787116196766496, -4.416884062990547, -4.310759085640312, -4.0953394367992875, -4.18905372107029, -4.470839417904616, -4.681839428693056, -4.460580504521728, -4.515026954814791, -4.398750151664019, -4.324375148952007, -3.7412144322395324, -3.1895626404434445, -2.20766978277266, -1.9823572782874108, -1.7863929859995844, -1.918884051546454, -2.605776922687888, -2.716026921853423, -2.997875120669603, -2.9318036852777003, -2.757553703784943, -2.821803712576628, -2.8414197965711354], [-17.000312913715838, -17.58176827967167, -17.130643350839613, -16.464170180499554, -16.91044650197029, -17.091330630838872, -16.542706017196174, -17.519286219477657, -16.843527292311194, -16.787241274774075, -16.543616438925266, -17.5670986353755, -17.4867241460681, -16.857375450372693, -16.593375491976737, -16.12388435512781, -14.393803911924364, -13.860616395056248, -14.561803825020789, -14.371839435577392, -14.12775897270441, -14.68579492408037, -14.536669918000698, -16.16162497484684, -17.157428445100784, -15.310312717378139, -14.995812803089617, -16.06730415022373], [-15.629613309144974, -16.540720197439192, -16.378720281362533, -16.950291743040086, -16.8217663602829, -16.542506444215775, -16.436255404233933, -15.294871704578398, -15.477532653808595, -16.053872729301453, -16.31849736404419, -15.447613188028335, -17.3075063931942, -15.080774047613145, -15.496711266040803, -14.978979008674619, -13.461702859163285, -12.889479773044586, -12.845854619026184, -12.312069145679475, -12.721444732189177, -13.37391727566719, -13.593542332410813, -14.458186100244522, -14.51915040898323, -13.716104680538177, -13.81822970485687, -14.363711486816404], [-11.772499999999999, -14.077874999999999, -15.029875, -13.208562500000001, -12.828375000000001, -12.92825, -13.237562500000001, -15.031749999999999, -14.351687499999999, -13.641937500000001, -14.480625, -14.186062499999998, -11.095624999999998, -14.201937499999998, -13.906625, -13.806375, -10.3749375, -10.056625, -10.9679375, -10.2038125, -10.297875000000001, -11.179499999999999, -10.919625, -11.5129375, -12.315687500000001, -12.0065, -12.912125000000001, -13.493187499999998], [-8.806893145561219, -8.643143323421478, -9.168956050634385, -10.686465230941772, -6.418954466581345, -6.7356158735752105, -10.261429823875426, -10.321643917560577, -10.486804659843445, -8.127240957021714, -9.69167875432968, -10.454848774194717, -18.877368479490276, -11.46742042040825, -11.565920555353165, -11.440090055942534, -9.941750080108642, -8.760973273038864, -8.381285896301268, -7.219446148872375, -7.630311634778977, -8.882062296152114, -10.12337488412857, -9.161864960908892, -8.414811069726944, -9.417303552627562, -10.779991144895552, -13.83749219107628], [-23.060956856250762, -22.383319753646852, -20.508693016052245, -17.212354449272155, -22.490624222755432, -22.806666713237764, -16.244917324543, -22.96905096721649, -19.66231866836548, -21.438942764282228, -21.389254594326022, -21.132907605171205, -15.571633838176727, -18.627622314453124, -17.48730979013443, -18.558487646579742, -17.37937053489685, -16.83403136920929, -18.192156819343566, -19.304299473762512, -19.224729252815244, -18.809156096458434, -19.563530992507932, -21.889855217933658, -23.18189297485352, -19.78517413234711, -19.78011187696457, -18.404300972938536], [-17.18857725119591, -19.216298634290695, -21.917111312389373, -26.068317650556565, -22.493880856752398, -19.295590725421906, -21.670220629215244, -20.21386247396469, -20.24171972370148, -19.09227790284157, -20.511466578006747, -20.96055736207962, -27.001220906734467, -21.961986485481262, -20.600236469745635, -21.2471125497818, -15.819224933862689, -15.755278686761855, -16.326216502189638, -14.54505392885208, -15.645676245212556, -16.565911593437196, -18.15372514271736, -22.159415746450428, -21.410023659944528, -18.51883179593086, -17.53858212065697, -22.749487825870514], [-23.14198685741425, -18.30898486614227, -17.699984692573548, -15.771129790306091, -18.05618930530548, -20.49841270923615, -12.72804056453705, -17.153582906723024, -16.712183041572573, -20.359571080207825, -19.73582080936432, -18.062922552108766, -15.1668770198822, -17.135834413528443, -17.366520648002627, -18.12704696083069, -15.532811502456665, -15.96149929714203, -19.59624838924408, -21.48601408481598, -21.353883251190183, -21.079978730201724, -18.13754323387146, -22.18618735790253, -22.480857109069824, -22.242997960090637, -20.51393626976013, -19.95294149017334], [-39.77181756734848, -35.1307537689209, -34.34387774181366, -34.98339469909668, -35.63398890542984, -34.7857531080246, -34.383314588069915, -32.424806015014646, -32.98315383005142, -35.12077926874161, -36.76271812725067, -32.67787844085694, -36.31041806268692, -35.200985167503354, -34.57623508071899, -35.2326365609169, -32.770091881752016, -33.366672659397125, -33.06704829835891, -33.3440830616951, -35.56369512939453, -34.21947477006913, -36.17291308784485, -39.741989264965056, -40.710097759723666, -36.89403814220429, -36.764850115299225, -36.072626549720766], [-44.04828350305557, -38.3911040353775, -38.81723067760468, -39.52248261165619, -44.53788709259033, -44.41143612194061, -39.31038650369645, -37.32087628459931, -37.405152172565465, -46.28335169458389, -42.908171056747435, -40.18937949419021, -38.06779054737091, -39.20660546302795, -39.59860690498352, -39.2478380689621, -42.096072834491736, -42.01714271688461, -40.50639214468002, -42.74827165031434, -41.45712508249283, -42.93978154039384, -43.50947242641449, -42.91302015733719, -44.076290973186495, -43.75921962833405, -41.21484865665436, -38.605099821567535], [-49.72087500000001, -50.17075, -51.477125, -55.7545, -59.5396875, -51.350625, -48.7181875, -50.2585625, -48.264500000000005, -49.167437500000005, -54.085375, -50.778124999999996, -51.871624999999995, -49.687875, -49.12831250000001, -49.071, -51.2825625, -49.326499999999996, -46.47925, -48.54418750000001, -49.8101875, -50.8835625, -50.961, -50.4715625, -51.8181875, -52.474875, -50.3788125, -49.3196875], [-50.64984684324265, -51.04466848802567, -52.531854779243474, -55.99552995920181, -58.96033047580719, -55.42558148908615, -49.69395980501176, -54.54019118022919, -51.15147028684616, -50.72792896795272, -56.65122946166992, -51.08946337509155, -48.7159212231636, -51.48809692049026, -51.46434811925889, -49.44125923204422, -49.59042619228364, -50.72834802484512, -46.301851512432094, -45.851404518604284, -48.54380001354217, -47.460545144557955, -51.07216907453537, -50.70212812137604, -50.732541436672214, -48.02812606716156, -48.88899870109558, -49.17694276809693], [-51.075239744663236, -49.38582883119582, -52.45670222043991, -58.66280989599228, -56.69315108728409, -57.62698086071014, -54.23309996509552, -55.26242795085908, -52.0849724097252, -51.92345268583297, -55.38770185422897, -52.04609708166122, -52.214265891075144, -52.710237919330595, -52.91886262083054, -51.76317519760131, -47.07242610263825, -48.58104345941544, -50.17441681718826, -45.955042117595674, -46.174614304065706, -48.07325670480728, -51.18182039928436, -54.6575046544075, -49.637658258438115, -47.05838993263245, -47.956390392303476, -46.443506679058075], [-59.196711966514584, -49.046490220069884, -43.75230557060241, -48.35731637477875, -44.3422121629715, -49.03938644886017, -46.16994371795654, -48.800847226142885, -54.89837181472778, -54.173413813591004, -47.53435991859436, -42.63931414318084, -44.54073478126526, -45.730673626899716, -51.384166680336, -52.5442619895935, -45.836067655563355, -44.61673436927796, -50.51610293006897, -48.5803056268692, -48.300085803985596, -46.79331989860535, -43.018639479637145, -42.4455855474472, -46.62174515628815, -52.297823626518245, -48.58476465797425, -47.38507743930817], [-55.21507767677307, -51.6342098379135, -48.31401904678344, -48.14204155731201, -50.34548492240906, -52.9895488653183, -52.92617315578461, -50.33702375984192, -54.4509098520279, -51.65524589443207, -50.356559995651246, 