{"status": 0, "spectogram": [[-16.312544996753335, -16.557071845650672, -16.57588436035812, -16.442625443547964, -16.1949379055351, -17.27235759180784, -17.25323256713152, -16.96975041925907, -17.00965222026408, -17.523277248188855, -17.096589684724808, -16.972687882706524, -17.71547364841402, -17.80828611934185, -17.382348601415753, -18.41870578534901, -18.999768326550722, -18.44877722235024, -18.289464699327947, -18.29219686704874, -18.231027159675957, -18.45337542054057, -19.681500485807653, -19.104286139130593, -19.65241117039323, -19.323268303394315, -19.278018279075617, -19.01147361688316], [-14.005267335057258, -11.08201740050316, -10.824642412662506, -10.371696017861368, -10.873588834047318, -11.91904411739111, -12.060294135987757, -11.919231670856476, -11.754499552845957, -11.612535219430924, -12.473222677648067, -12.73142804634571, -12.66485664343834, -13.205204827964305, -13.119142330408096, -13.677070863723756, -14.25190120667219, -13.449231621265412, -14.168794091284276, -13.452490600764751, -14.322954866588116, -14.593660233616829, -15.01334773105383, -15.448740564525128, -15.362553067088129, -15.38474951517582, -15.11593701797724, -15.909231618881224], [-14.631818651676179, -14.559836913585663, -14.516149343252183, -14.458613949537277, -14.655640439510345, -15.253595045804976, -14.829907980442048, -14.365506264448165, -14.348569062709808, -14.831193533897398, -14.691068440914155, -14.538130811929703, -13.971220485925675, -14.376041444063185, -14.528104031562806, -15.211987408876418, -15.343085672378539, -14.984371643066407, -15.13724667072296, -14.252729506969452, -14.436363395929337, -14.379756210088729, -14.597568720340727, -15.208122035980224, -15.306184476613996, -14.920684916734693, -15.28799707365036, -15.80947014784813], [-6.8634375, -6.1059375, -5.6168125, -6.219062500000001, -5.518000000000001, -4.849124999999999, -5.4979375, -5.772, -6.0225625, -4.60225, -4.828, -5.273, -5.95575, -6.17475, -6.1611875000000005, -6.151375, -6.840624999999999, -6.702624999999999, -7.2026875, -7.9504375000000005, -8.94425, -10.256875, -11.5479375, -10.925875, -10.797625, -11.3875, -11.5135, -10.9968125], [-3.55970245718956, -3.832970653295517, -3.612720188379288, -5.089746297836304, -3.581175446987152, -2.1306407995224, -3.25676548576355, -3.1632472066879274, -3.4200950782299038, -2.624684942960739, -1.4014979634284974, -1.2756675794124606, -2.0385600011348726, -1.4899979128837586, -1.5615602934360506, -1.13990003657341, -1.5116679303646088, -1.6898282759189607, -1.87282847571373, -2.9860597655773162, -3.1092745068073273, -3.836747574806213, -4.950872396945954, -4.2044621052742, -4.364060156583786, -5.694273881673814, -5.131899204492569, -5.070694183826447], [-8.164201875209809, -10.186414676189422, -9.78147693347931, -11.422297333717347, -11.366673014640806, -12.67979975795746, -15.330049708366394, -16.700174235343933, -18.0126375246048, -12.013683235645294, -15.470683933734893, -17.539756263256074, -21.19389726114273, -23.5460318775177, -22.113595871448517, -25.256774038791654, -23.31759607744217, -23.113462512016298, -20.818774414539337, -22.214066707611085, -17.836621720314024, -16.02714787530899, -16.05577271604538, -14.920692937850951, -15.808567550659177, -17.313602272987364, -16.282415410518645, -16.711647614002228], [-15.603157238960268, -20.339464025974273, -23.895147888898855, -27.397122656822205, -25.463170601606368, -23.010325737714766, -25.00432903933525, -26.52104852581024, -28.173817723751064, -25.801931452512743, -21.410181469678882, -17.190691284656523, -24.38796502041817, -18.98965133237839, -18.899776037693023, -17.162548102617265, -17.604113197088243, -17.18235578370094, -16.06879196405411, -20.516278455257414, -19.454319121599198, -20.594907499551773, -20.639600693702697, -18.716907659769056, -18.62697233629227, -22.46104684066772, -21.05704947280884, -19.239641119718552], [-29.40722036170959, -25.381631688117984, -31.703814498901373, -27.035267196655273, -25.348059950828553, -30.240506100654603, -24.455701971054076, -26.675167251586913, -24.059440046310428, -26.807286558151247, -26.518596405982972, -25.36207240867615, -29.553570062637327, -23.3033168554306, -27.316687190055845, -27.75024898338318, -25.95060994529724, -23.415417085647587, -31.264472773551944, -29.945068621635436, -29.2995355424881, -28.22567241668701, -26.261424428939822, -27.788383993148805, -28.010795680999756, -29.191299127578734, -30.690794982910155, -30.412882633209232], [-33.22007392024994, -33.45633047342301, -33.21945680761337, -30.80920734834671, -31.60219778728485, -32.76867723846435, -34.17105125808716, -31.108366361141208, -30.38793844652176, -28.680918823719026, -30.936292626857753, -31.05503431415558, -33.45853459453583, -32.56025748586654, -31.831195095062256, -37.53477348566055, -40.0503364572525, -35.425917922496794, -40.832729398727416, -37.76504468202591, -41.52512593078613, -41.98533889007568, -36.10577668046951, -39.068052289009096, -40.31031117486954, -40.16233962345124, -41.55815189409256, -43.92842670249939], [-42.00507627630233, -37.62679415416718, -41.02422858572006, -37.13018321847916, -38.881689440727236, -42.3259940829277, -40.51612033605576, -43.83800643634797, -41.06204032945633, -43.67218997812271, -45.993256616592404, -41.92439680814743, -48.97624336767197, -43.162893649578095, -45.26889326620102, -44.67520697784424, -47.27730547714233, -41.84566518926621, -43.01684687137604, -49.09139088535309, -47.73554512357712, -49.780939935207364, -48.519318122386935, -53.87598960542679, -50.70984925127029, -54.67965435743332, -50.711661089420325, -52.339998700618736], [-47.6135625, -45.118187500000005, -44.7655625, -43.4843125, -45.457062500000006, -51.4049375, -49.7363125, -56.1754375, -51.278187499999994, -49.81831249999999, -58.333375000000004, -51.0149375, -50.9135, -52.6725625, -53.806124999999994, -55.5421875, -53.9448125, -52.4208125, -51.60575, -49.8145625, -51.857187499999995, -55.196937500000004, -54.11150000000001, -55.518750000000004, -52.71575, -57.893125, -56.008812500000005, -54.2466875], [-46.64934548139572, -47.629785403251645, -46.90721888208389, -44.81746598434449, -46.9390991806984, -51.06752709531784, -49.90490332269668, -54.19037399291992, -52.85325060653686, -56.88740395212173, -56.82589831876755, -53.405088357925415, -55.93199290180206, -54.979894937038424, -54.71489712285995, -58.41882420492172, -56.23241450834274, -53.89199575424194, -52.80693655729294, -53.660253910541535, -54.63023028850555, -57.792174618721, -53.903172844886775, -56.68690456390381, -55.833318557739254, -58.20913757038116, -57.16819897603989, -56.03529196023941], [-44.0591962890625, -42.04837548542022, -42.25049890995025, -43.166121797561644, -42.93942741775513, -45.05923257160187, -45.19167107343674, -46.17004586935043, -45.41625125789643, -47.152125000953674, -48.58743784856796, -47.128474482059474, -45.537697456359865, -44.300020079612736, -46.92189422035217, -50.189038906097416, -46.928904698848726, -46.08066213035584, -45.56066287231445, -45.488071326255806, -49.647731985092165, -47.95825973367691, -45.084947651863104, -46.773367826938625, -47.992607902526856, -48.33218826627731, -45.45931361436844, -47.33794703292847], [-35.070683053970335, -32.63588220214844, -34.24100524139405, -36.24520379352569, -35.36124256801605, -34.923878091812135, -35.29519340610504, -34.415237438201906, -36.143022315979, -40.06555302429199, -37.90299449634552, -38.86023468399048, -39.986377782821656, -37.88814882278443, -39.0741472492218, -41.37154781436921, -39.95924316692352, -41.82159169197082, -39.5039663105011, -37.920495867729194, -38.28550477218628, -38.67454012298584, -40.88585078144073, -42.454192294120794, -41.83996845245361, -40.77995206832885, -40.385639285087585, -42.19059425354004], [-42.29676953125, -46.65991119194031, -44.557597674369816, -43.853487385749816, -43.63555992221832, -44.29500925159455, -43.62301138782501, -41.92900036811828, -45.066319286346435, -43.40216062545776, -42.388663236618044, -44.840055994033804, -44.873669041633605, 