{"status": 0, "spectogram": [[-14.168315997694522, -15.003357165170566, -15.458318868502062, -16.662285732001067, -16.317366051952753, -14.665159329110564, -12.841557753516398, -13.792558955492414, -14.546562527318086, -14.084527847519336, -13.67151788201928, -13.394381344202525, -13.853735893432887, -13.94311481234918, -13.603490968633974, -13.28553253387522, -14.28512494105526, -14.319008940771223, -13.710631267610555, -13.995615636227392, -14.73033409870341, -14.39755033625844, -13.774383158216057, -14.066692430189374, -14.438553588151933, -14.777181239446207, -15.15828371867233, -18.50111643466645], [-13.361508667192282, -16.312892685072764, -16.338952645984232, -17.413990922391417, -17.82415027397506, -16.88947301509551, -16.30861228690584, -15.68852529282715, -15.763710260669795, -16.141746117189204, -16.2597230514884, -16.568033112961395, -15.900497494451825, -16.043550754284368, -17.180719565031495, -18.20987576994239, -17.335137406930613, -18.6310178232193, -19.478557545315226, -19.684434867230042, -18.917920262498427, -19.433153179436303, -19.36679182136183, -19.199292087777515, -19.075232075452806, -19.42825122101334, -19.684732428840178, -21.94391671732903], [-21.304429998062428, -21.090065453425957, -20.785455438750127, -22.372696722507477, -23.855947352818088, -22.820411211763002, -19.83718682599557, -20.832565764042865, -21.765282625485465, -22.76390730396609, -21.275536215305326, -22.329108908789813, -21.216515082714807, -20.959177434176873, -20.695146470532094, -22.709313525296658, -20.731102949020922, -21.217856533050536, -22.493334028059166, -23.120360501478995, -22.672179765565815, -24.612100240123286, -24.906477765511195, -23.68115380201553, -23.245009001493454, -22.709688772775653, -23.60735267375459, -25.225601750266257], [-19.23603508526087, -16.12356250363588, -16.764312440633773, -18.4588125, -19.022821356773377, -17.034740966320037, -15.826535915374755, -16.020258999824524, -16.300508892536165, -16.405785652160645, -16.1891875, -16.744009172439576, -16.629205243110658, -17.24906233692169, -18.01687509727478, -18.508794550895693, -18.380249687194826, -19.5724375, -21.16932135772705, -20.940250125885008, -20.513161167144776, -20.458643295288084, -20.210946418762205, -20.18058039665222, -19.935000000000002, -21.08568763923645, -21.607268531799317, -23.688173204421997], [-4.824505513767191, -0.5626410202298817, -1.721800322162863, -2.9354266605377197, -3.2600762134377157, -1.5770216430059993, -3.1116881075148375, -1.4475309668365952, -0.5974880783606676, -0.5266348466436994, -1.7285964329242707, -2.3976144898620335, -2.052726042149185, -3.200354720183772, -6.966581578761092, -6.762722873444575, -7.300292623485548, -11.152437993764877, -13.356748454512228, -11.886627932884728, -10.772290955313009, -9.979079733338303, -9.429521137831237, -9.765602550311886, -11.149141675949096, -12.597544799703005, -12.81188919742679, -11.06317044273863], [-9.049154821219622, -8.414160018228745, -9.274380854047102, -11.373323912620545, -12.708974301995077, -10.477741046477174, -9.965775953847922, -9.29138302160785, -10.121006296352448, -10.314773995088554, -9.256351709842683, -10.766607792630923, -9.798121972756235, -10.314675937808467, -13.002735973552248, -15.225301312903575, -12.808114275971747, -17.308846633434296, -21.09601402688598, -22.15951088907231, -18.65687990135209, -17.991512522657956, -18.705760340757873, -17.9537231084675, -18.0048305516243, -19.910943613840544, -19.210451493409842, -19.884327607350745], [-20.24637623083376, -18.289671140995555, -20.11223008702725, -20.66210066914558, -21.302796658856487, -17.818236756115464, -16.614003526483202, -18.914332149549367, -17.462652060080607, -17.16961650566639, -19.00223613357544, -20.1076911753011, -18.66410836724887, -19.168628137588847, -17.171118792217175, -18.988846710728815, -17.582314172025335, -18.558899873018266, -21.139281645707886, -21.510989023854883, -20.89565956689148, -21.840432870522942, -21.50378186126548, -20.357985644535013, -20.7355360326767, -20.974903567537417, -20.451534527239176, -21.96476532753861], [-15.332899122613242, -14.083755816809994, -14.424272868861872, -16.340037518501283, -16.228121545704177, -12.699687949015606, -11.732575861054197, -13.689791276503367, -13.267706557575563, -12.281494703925892, -13.569831609725952, -13.771757117757808, -13.573244916253447, -13.776825604262413, -11.672912394973347, -13.846419056680505, -12.700462839825835, -12.366701835632323, -13.062943926557724, -13.941251116109008, -14.691433124618255, -17.541368174676812, -19.22480303929868, -17.4126050305822, -14.707129375457765, -14.579348065259257, -14.881537005170133, -14.623961872813961], [-26.67418588076698, -27.571588415299143, -28.728239014255735, -31.60173084640503, -30.214351507887642, -27.620853524461094, -32.60316056442235, -26.810896803155032, -27.198548784781504, -25.963677253996106, -27.039116315364836, -26.36147034111852, -26.272630010069896, -27.83942266779495, -29.085362162814032, -30.31348999163677, -33.92924652997767, -29.67684192085266, -28.963760217160573, -31.287197246006194, -31.766648766272574, -34.46415439656383, -32.959888313614385, -34.78734975903305, -32.06859053993225, -30.871509002831544, -31.617622212944234, -33.30950120407873], [-36.81910405650472, -36.39690774898136, -37.45871584434403, -42.5946403055191, -38.79757791163494, -35.08503527863066, -34.545388871086196, -34.47990494811856, -35.95070723325398, -35.127083628889814, -33.39397258138656, -32.51341418691741, -34.58624350236651, -36.090836979048746, -35.6181630943937, -36.25715776301232, -38.30554135190213, -37.71082814741134, -37.16317957482868, -40.67215738472057, -38.336528906501975, -42.23130015716514, -40.19273713161322, -41.94600585767471, -39.72406605434418, -38.941821205636096, -41.04257280446098, -42.35459184266069], [-40.260400589033964, -40.72202678018808, -41.30928561019897, -46.5045, -45.65534805321694, -41.79524085569382, -40.41017866897583, -40.20846431350708, -41.46981231451035, -42.427062401294705, -40.5326875, -40.96063398551941, -40.19041105842591, -40.568446416854854, -40.892285812377935, -41.90706206226349, -42.795293825149535, -46.199, -47.17018809318543, -48.409696035385124, -46.21262299728394, -48.801269680023196, -45.2148077468872, -44.754606010437016, -47.59025, -46.67421531677246, -49.10979398727417, -48.526830274581904], [-43.99931455989161, -42.457834691288525, -44.55448266417635, -48.63374474477768, -48.73621332005561, -43.83744921069217, -41.34560850626059, -41.70532503711973, -44.35053067763976, -43.84879092029638, -42.02236396837234, -42.50737101290171, -41.761955791160496, -42.18848216013052, -42.945041412936405, -43.11136407651705, -46.23840521561445, -47.934696095466606, -50.2155056573419, -51.065149783369456, -48.7432195973395, -48.92264197431203, -47.10506344199413, -46.32148122082102, -49.18457756662369, -47.549931507306574, -48.2889438838055, -49.250110411298486], [-39.57983233688649, -38.91871279058408, -41.39555333914558, -50.541061438083645, -48.72388140219566, -39.393152097838346, -36.881984199417005, -37.012622072813336, -40.74539364269803, -39.61626851241432, -37.509081259250635, -38.29470017888606, -39.63864754364416, -42.16075833722495, -42.1131761508085, -42.71879756940103, -45.15965528261448, -48.191098102092745, -46.09758692176931, -46.97451032296959, -48.097566646867456, -48.55057888318059, -46.920237926599455, -45.9009976964095, -45.60430388259888, -46.63977190939251, -47.95130926470866, -48.16258537545375], [-43.59671101136315, -41.62620234886968, -46.256289358956394, -56.29433612346649, -55.061460123572616, -44.51443308961624, -40.70394887706169, -41.647855863648935, -49.33745243206793, -47.01444928981802, -43.95743659877777, -43.806115242510046, -43.954009136627654, -45.59116665548204, -44.540440400454806, -45.157512984645464, -47.121867148126505, -50.5124492149353, -47.92636704775691, -47.37629253103175, -48.929737870021, -49.72650346436829, -47.72219669830503, -49.460559707020174, -47.06564547920227, -47.86104826541874, 