{"status": 0, "spectogram": [[-5.4936966356039045, -5.6770448727458716, -5.48716987504065, -5.080518077552319, -4.857473442211747, -4.3729913141876455, -3.8086788178086284, -3.7064198850244283, -3.715991299673915, -3.7521252172887323, -3.972000221967697, -4.093009158477187, -4.360366313233971, -4.710428808152676, -4.801991303607822, -4.868830596163869, -4.633089525818825, -4.308205593779683, -4.928768098175526, -4.776482379585504, -4.8358663216382265, -4.6266252422928815, -4.955250243932008, -4.74678594264388, -4.723116305097937, -5.034259163960814, -5.232884171053767, -5.218544871762395], [-8.719590005278587, -8.740215042710304, -8.054152530014516, -8.36436687964201, -8.364027592360973, -6.34258995127678, -5.465652459919453, -5.534634597599506, -6.5544114966392515, -7.709331221282482, -7.600331184804439, -6.85718826276064, -6.507438216149808, -6.5520364031791685, -7.140223946273327, -6.883134647071362, -6.163331029474736, -6.194831074893475, -7.134268614888192, -6.652714982151985, -5.577929218888282, -5.732893536090851, -6.320831060111523, -7.152884711444377, -6.292920349299907, -6.916438229262829, -6.943875675916672, -8.166581108391284], [-21.788089492321014, -25.601743566274642, -25.209368657827376, -22.602394254207613, -24.050635853528977, -27.205352055311202, -25.639976654767985, -27.328066424131393, -22.767162561893464, -21.1823937830925, -21.896581716299053, -23.32726997280121, -26.248083557367327, -27.158708743810656, -25.874020593643188, -25.794360046863552, -27.289494683504103, -25.21327066230774, -24.572895151138304, -26.71355684566498, -26.901637499094008, -25.943949519634245, -27.07688717722893, -22.845394365310668, -25.924270597457884, -25.495698846817017, -27.660512244462964, -26.52594868898392], [-9.603874999999999, -6.692937499999999, -6.166625, -6.0975, -6.24, -5.724374999999999, -4.907125, -4.812937499999999, -4.961875, -5.217499999999999, -5.2914375, -5.2538124999999996, -5.854625, -6.332437499999999, -6.478125, -6.1328125, -5.9370625, -5.5281875, -6.2715, -6.1678125, -6.2090625, -6.0828125, -6.491875, -6.2550625, -6.9731875, -7.231562500000001, -7.686125, -8.502812500000001], [-7.950775768518447, -7.124712089061736, -5.814274047136307, -7.259944699764252, -7.928185824632644, -4.094809445619583, -3.6919341666698453, -3.813514515399933, -6.0650334444046035, -7.955079606771469, -8.011516701221467, -6.067095702409745, -5.575907498359681, -5.630720105886459, -6.51084518647194, -5.646746941566468, -4.803416350603103, -5.22441647028923, -6.74372967004776, -5.757505889177324, -4.134336073875427, -4.863934227705002, -5.924559123754502, -7.267542579889297, -6.394193420410156, -7.703898926973342, -7.742023507833481, -10.757221098184585], [-16.993294358730314, -18.94564247608185, -18.412578176021576, -18.24416139316559, -18.19623467063904, -17.582629257678988, -16.78869145679474, -16.8563086104393, -17.436160759925844, -17.58812043809891, -17.746932587623597, -16.869955663204195, -17.565809792995452, -18.06112131023407, -17.717060928821564, -17.12889975976944, -17.205442686080932, -16.957390426635744, -17.54351703929901, -17.395890199661252, -17.09019127750397, -16.504585976600648, -17.444523894786837, -17.55491137504578, -17.37648006820679, -18.26217737197876, -18.627112643718718, -20.228795608997345], [-12.712204754590989, -11.561567845344543, -10.895193544864654, -11.056129516363145, -12.291174035072327, -11.982312380552292, -10.94206220316887, -11.0130171251297, -11.593371222019197, -13.183779057502745, -13.228342492341994, -12.447693160057067, -12.852873363494872, -13.44716839146614, -13.603605020999908, -13.320078631639483, -13.423088456630708, -12.539649827241897, -13.577836831569671, -13.082882534742355, -13.127035998344422, -12.794900914430617, -12.870213050365448, -12.65004070496559, -13.54581981372833, -13.297792287111282, -13.588419122457505, -14.834130519151689], [-14.406458231925964, -17.19952036380768, -16.95051834964752, -14.738273455619812, -15.050944059371949, -15.892928141593933, -16.662676653862, -16.787658589363097, -16.27785082054138, -13.797956122398375, -14.457954926490784, -17.68154579162598, -19.186319483757018, -18.653204734802248, -19.790453754425048, -18.90213224411011, -18.75002448654175, -18.02489166545868, -18.154207088470457, -18.309490070343017, -16.396508150100708, -17.661730484962465, -18.956667739868163, -16.51078968143463, -18.50042774105072, -20.20939193439484, -20.00645371818543, -22.295143202781674], [-31.49299389028549, -29.033764002323153, -27.741763637065887, -26.492237588882446, -27.137567901134492, -26.578430702209474, -25.222181136131283, -26.40746720504761, -27.936237528800966, -27.747398328781127, -28.405398695945742, -28.40791564273834, -28.03781593751907, -28.848119355678556, -30.227245346546173, -28.793994949817655, -28.6807439904213, -27.19120942258835, -30.417021781921388, -29.327002961158755, -29.25969854736328, -30.224271181106566, -31.322958246707916, -30.906494994640354, -31.303189465045925, -33.36465577459336, -29.756591942787168, -32.41009436607361], [-39.41590018987655, -36.7533305850029, -35.059957782268526, -35.33257846784591, -35.85722150850296, -34.815668951988215, -33.587857649326324, -33.97922158908844, -35.97602680635453, -37.81000191354752, -36.885566886901856, -36.078831932544716, -36.51707705497741, -37.5021494808197, -37.32402276706696, -35.92438044452667, -35.89738205814361, -35.26446033716202, -37.4498953666687, -35.891889899730685, -35.47353511762619, -37.06172886705399, -37.44735438203812, -38.658025762081145, -38.35679047012329, -40.407413619041435, -37.07854453849792, -40.63265252161026], [-44.5195, -44.8696875, -43.2264375, -42.5124375, -43.74612499999999, -43.85906250000001, -43.512125, -44.0425625, -43.272437499999995, -43.8648125, -44.430499999999995, -44.972, -46.35306249999999, -46.381562499999994, -46.1838125, -45.101687500000004, -45.42881249999999, -44.6376875, -46.224937499999996, -45.6034375, -45.6529375, -45.4155, -46.1290625, -45.3135625, -45.7324375, -47.060249999999996, -46.92725, -48.548249999999996], [-52.72755905151367, -50.37718563938141, -48.640124536991124, -50.7830178694725, -51.002899263381956, -51.21423765277863, -47.937116071701055, -48.96875115060806, -48.47288680458068, -48.500373189449306, -49.45124890470504, -48.340850508689876, -51.13430411100387, -51.718312959671024, -50.57050260686875, -49.056669607162476, -48.68870321369172, -49.15679297637939, -50.51173367071151, -50.522099564552306, -49.60693376255036, -48.836905929088594, -50.87059405422211, -50.57531276178361, -52.719624250411975, -54.120146196365354, -53.595464431285855, -55.272151564121245], [-48.14678503513336, -51.108793777942665, -48.96823169136047, -49.35263356256485, -50.58129277276993, -49.28078589344025, -50.243222978115085, -49.95357148933411, -49.65188354921341, -50.477542796611786, -51.63448011398316, -51.818829936504365, -52.44844642543792, -53.67557114124298, -53.41763359880447, -51.895428294181826, -51.75554499578477, -50.53049993228912, -55.64431313371659, -54.850071284294124, -55.19882961702347, -54.61476772308349, -55.051393263816834, -55.58944765472412, -55.25590146970749, -61.32704803991319, -61.52116979265213, -60.44320606851578], [-34.405391885757446, -33.66315767669678, -32.63103381347656, -32.91793589115143, -34.377281944274905, -35.42031839370728, -34.45644375610352, -33.978926979064944, -34.108150433540345, -33.994139606475834, -35.155515613555906, -34.35075039482117, -36.09042923545837, -38.206428857803346, -36.26142978858947, -34.71686723423005, -35.525803636550904, -34.79875968647003, -35.64276101970673, -35.827527541160585, -35.24898062515259, -34.449954987525935, -34.46708014583588, -36.146707253456114, -36.16138367176056, -37.98982322120666, -40.817195262908925, -42.72283927726746], [-42.3666146249771, -41.42014158248901, -39.30282940387726, -40.55001777076721, -41.272740326881404, -41.50780166053772, -41.07348861598969, -41.58674820899963, -40.82695480251312, -41.30757192420959, -42.44038406658172, -42.36768755626678, -43.655802248001095, 