{"status": 0, "spectogram": [[-39.99884820647538, -46.446473148331044, -48.06241058155894, -52.158374979972834, -50.13325892858207, -48.20541955666244, -48.95579453264177, -46.76568745140732, -48.896401745364074, -49.54679453472793, -50.530419576182965, -56.849607087343934, -48.19828569337726, -46.69843746127188, -45.69699991610646, -49.40678559869528, -50.704294546768075, -52.72684809701145, -54.210035643190146, -53.15153569433093, -50.606517882019276, -50.94954451687634, -47.921169539198274, -52.45180355736613, -53.1175267315358, -50.84819644355775, -48.17244648319483, -28.762116084977986], [-18.0950012717247, -19.346296594083306, -8.428358006834983, -6.026839932680129, -5.636589908242225, -5.734518516302108, -3.6024557827115062, -2.5108931455612185, -2.1507681427001955, -2.8164468487501146, -4.458384551942348, -3.9894023470282556, -2.6037682288885113, -1.8993574429750444, -1.9804199863076208, -2.5404200374484067, -2.367911060452461, -2.6580003979206084, -2.6365629267096513, -2.7292593672871592, -2.2359735975861548, -2.0843753925561903, -1.9494378678202626, -2.8189111956357955, -2.8929736681580547, -2.6671878843903545, -2.117312806546688, -3.5426789855957033], [-16.04756141781807, -13.313327807188035, -23.37469985413551, -32.82193292117119, -34.69653847527505, -31.743085906505584, -38.9995878353119, -41.42236300253868, -42.360462831020364, -37.912666279077534, -34.27491425108909, -36.62246926379204, -41.13375669312477, -40.911024770021434, -41.77552504706383, -42.33493470454216, -43.21191774916649, -42.398855429172514, -40.42385286951065, -40.75019311475754, -41.622211040019984, -42.77380085039139, -44.485927119731905, -42.333756108522415, -43.23148901820183, -44.591908346652986, -43.29691016578674, -33.05516963028907], [-24.099562499999998, -32.430687500000005, -47.558125000000004, -45.588875, -48.2306875, -43.5675625, -41.0414375, -34.2966875, -36.459375, -43.6490625, -49.403062500000004, -48.2140625, -40.218250000000005, -35.43237499999999, -38.5539375, -41.22375, -40.34175, -43.8315, -44.8416875, -46.043812499999994, -41.1135625, -41.8913125, -42.477125, -51.61868749999999, -48.910062499999995, -43.7180625, -40.0483125, -29.4673125], [-26.47427961087227, -31.2645803501606, -20.542012187004087, -13.566701762914658, -13.555978776931763, -14.9939693171978, -10.458534375190734, -8.478874793052675, -8.183669436693192, -9.736953998804092, -13.885639461517334, -12.416095545053484, -9.396588369369507, -7.892205008268357, -8.215454696416854, -9.833311340093614, -10.296213575839996, -11.035766700744627, -11.082203970193863, -11.180694949150084, -10.326481125831604, -11.012606018066405, -11.644481224536896, -13.84139094734192, -14.084650174856185, -12.997659678459168, -12.259160326004029, -12.328088305473328], [-15.783817434310912, -9.636620137214662, -5.902382406234741, -14.450582475662232, -16.32223483133316, -14.40981439113617, -24.90243285369873, -31.437940529346466, -33.3645290350914, -27.388156143665313, -19.68910257720947, -21.3271004114151, -32.95118116283417, -32.43083999156951, -36.14521334266663, -34.479672109127044, -38.58597574281693, -34.96795877313614, -34.396584761142734, -28.99857594871521, -39.33843085861206, -38.06796782588958, -35.21202568769455, -30.739944376468657, -35.81802769756317, -36.26886579561233, -40.18117819976806, -34.818401007175446], [-7.6606121380329135, -7.412340430736543, -35.83228001713753, -34.49236649537086, -36.13637353801727, -33.66107414674759, -28.8046284763813, -20.78934270000458, -20.364128795623778, -29.35435630440712, -36.05436342692376, -34.490953206777576, -29.76684592580795, -25.30846665000916, -27.787468114852906, -31.52606836628914, -31.14197947192192, -34.39868638086319, -33.8745661072731, -34.59101644158363, -33.37690959525108, -32.64766034626961, -32.53247290849686, -40.978018399715424, -39.48195945978165, -33.38930658555031, -29.192737520217896, -29.072686307907105], [-12.868563493728637, -20.241756444931028, -24.526544747352602, -13.989150451660157, -13.675794710159304, -17.27609589767456, -9.710108430862427, -10.350135055541992, -10.438331499099732, -10.264118369102478, -18.727731974601745, -16.4572082157135, -14.453415380477905, -14.124767893791198, -12.582766085624694, -12.824467769622803, -14.115086878776548, -13.943735454559326, -13.845733772277832, -14.174259860038756, -14.590504283905029, -14.460334691047667, -15.243897771835325, -17.441900210380552, -17.970303274154663, -18.33770069503784, -20.251955335617062, -18.683121821403503], [-12.513648722171782, -20.442994109153748, -15.419068993091585, -9.65921643447876, -9.512849440097808, -11.881252443313599, -16.54662073802948, -23.841607498645786, -27.002462983608247, -17.6753960852623, -15.12046572971344, -16.06498178386688, -24.771992807388308, -26.601304408550263, -26.165677649021152, -22.360368613243104, -28.30701822328567, -24.8134130692482, -21.03735191440582, -19.137058236598968, -23.64221604585648, -22.944261140823365, -26.21919781541824, -21.782532397270202, -22.890121227264405, -25.2927166352272, -30.36640161514282, -28.729195867061616], [-19.438916311264038, -27.101729505062103, -27.004590806484224, -25.583698256015776, -30.121443003654477, -33.3178205294609, -31.98021343946457, -41.18707786178589, -41.045070099830625, -34.17132496166229, -36.92600231218338, -39.055960477352144, -45.09965184640884, -42.196087683677675, -42.880389690876, -40.88446768712998, -43.94709448623657, -43.711069728374476, -40.36957648038864, -38.10490102052689, -39.42906274843215, -38.37484420919419, -39.21547140645981, -34.70939776229859, -36.70433880853652, -37.74579133176803, -42.47053187322617, -42.56047282218933], [-30.840062500000002, -29.767249999999997, -40.822, -32.7449375, -33.4465625, -38.4534375, -37.369749999999996, -39.814375, -40.8439375, -38.3534375, -38.138625000000005, -37.3671875, -39.426125, -40.67475, -36.6589375, -36.16675, -37.7484375, -37.3889375, -34.003125, -34.559875000000005, -36.6788125, -36.6219375, -40.054125, -36.1971875, -37.8771875, -38.81943749999999, -42.5810625, -37.671375], [-32.32597551679611, -44.87420080947876, -45.57376253843307, -49.634914310455315, -52.803308249473574, -54.17002818775177, -41.99705334186554, -33.68696710920334, -35.208474464416504, -44.68032422876358, -54.897737236976624, -53.41026045036317, -44.81979192399979, -42.61775219774246, -38.930570366859435, -40.00160435438156, -38.5061599149704, -40.363228127002714, -38.82254415607453, -40.09369787931442, -38.30859684181214, -40.17370940828324, -40.28295742273331, -47.55394272899628, -47.233591791629784, -44.08553347063065, -40.11321288394928, -42.385416082859045], [-35.16910881328583, -38.37263128995895, -38.66925529527664, -33.763599527835844, -35.6515116686821, -42.18800138187409, -44.55988041496276, -45.57048785638809, -46.822265365600586, -45.161889530658726, -40.86332401371002, -45.6633249092102, -47.87411776018143, -48.95903189468383, -46.28540887928009, -45.12719170808792, -47.84699934768677, -46.431797881603245, -45.43804968309402, -47.823533283710475, -52.06505504322051, -53.72016279983521, -53.53222183275223, -52.22418921518326, -50.19094132852554, -50.61561911058426, -53.052366637706754, -49.465224128246305], [-34.766304863929754, -41.959985884666445, -46.59955292129517, -46.941388185501104, -56.61674913883209, -61.55728460788727, -54.16727983379364, -49.86071494865418, -53.16642667198181, -56.6648681898117, -55.21099753093719, -57.62737695026398, -56.575331981658934, -55.98724349784851, -56.69980237674713, -62.938591455459594, -63.45669393062592, -66.01365208530426, -63.967281723976136, -63.89470785427093, -59.63734414100647, -59.08047176551818, -57.248357522964476, -63.41936030864715, -61.416756562232976, -58.710670102119444, -61.70922451972962, -59.90141685771942], [-40.70506020832062, -44.92455894374847, -51.6575616312027, -47.28000635528565, -51.810921917915344, -56.779316924095156, -50.691182360649115, -45.17244636726379, -49.297661710739135, -53.283376658439636, -49.73713609409332, -55.022514469146735, -54.32615789604186, 