{"status": 0, "spectogram": [[-13.93756549274587, -22.220760569171638, -24.905059279737436, -23.64003608649969, -23.97546461332696, -25.253894330200787, -25.78055871609459, -24.464404895447053, -25.205699272742066, -25.107863636982366, -25.670134323969485, -26.60550199383225, -26.2010367188043, -25.674154771388494, -25.164369222352413, -26.036959970570408, -26.04975594972899, -25.400527130886914, -25.561110356806502, -26.060398224051895, -26.051902194233886, -25.868915109924217, -24.942036709146887, -25.29281540713231, -24.427152165159583, -25.033182962354065, -24.905648154128595, -19.9615359589298], [-19.49168999919597, -16.11942175498057, -17.822797938877212, -18.330838629841807, -18.695374309522766, -19.590672871064154, -18.938017218181063, -19.005680436090557, -19.482878209448593, -20.521954260953848, -20.804472545087336, -21.923155140300153, -20.44337649091055, -19.78303235337687, -19.626883211229533, -18.722095084195328, -20.490558333922365, -20.988793918550012, -20.985118385637268, -20.849174650402645, -21.160581810541313, -19.843188194917165, -19.23032878739977, -19.266473204076238, -18.974918960154056, -18.84661366093648, -20.025314452701757, -20.394725529362674], [-11.227738518819782, -15.203062604971073, -17.73690695060993, -18.571236491918565, -19.288301269317166, -20.208319330001164, -19.117854625288196, -19.548579773445596, -20.194628044780494, -21.137667884710318, -21.649816573143006, -23.134341390852462, -20.988777475568288, -19.8234588226642, -19.48832781590263, -18.69362946105118, -20.821793115231056, -21.577539511442186, -21.536396432842835, -21.54838487755558, -22.439236507508745, -20.281001618565423, -19.448337065827367, -19.17386636640481, -19.521030570983886, -19.982745026174825, -20.95651315272588, -19.224252559382176], [-7.303035943359136, -6.934196444153786, -5.8230356111526484, -5.7984375, -5.902303571224213, -6.668991031169891, -6.86164282989502, -6.526919726371764, -6.66836613702774, -7.592713947296143, -8.470125, -8.607383920192719, -7.814740368843078, -7.811294714927673, -8.086035678863524, -8.430875326156617, -8.0069910030365, -7.883375000000001, -7.862625156402588, -7.666044659614563, -7.62299092388153, -7.024116124153137, -6.982883864402771, -6.9513392219543455, -6.6099375, -6.622107063293457, -6.905553199768066, -6.801143478393555], [-3.1393356272894857, -1.615879683022586, -0.7747879194727948, -0.8535435774326324, -1.4807248216940379, -2.2536574236422746, -2.2770077715941697, -1.9320589608221452, -1.9687313871383376, -3.0259963354479082, -4.156927630901337, -4.412300642568469, -3.3136642259670914, -3.0500459204643082, -3.142670565425109, -3.342280058806693, -3.189529511607689, -3.301329750776291, -3.0070224448417724, -2.816212367675707, -2.9870441962308796, -2.2406102213713783, -1.9020489669675333, -1.6345358967052817, -1.041275892496109, -1.0229930482152922, -1.0564917274491454, -2.2831649316132894], [-16.177467566009547, -15.463956758696213, -16.302694676195088, -19.03121326351166, -17.722332599596054, -18.38592301033979, -16.22144018597499, -16.494870358788077, -16.342792790860614, -20.156181215675474, -22.719240618228913, -22.128923112655464, -19.766588137244987, -17.48007084576929, -17.501062357893034, -16.52222928799307, -19.163725860722757, -19.973044847011565, -20.210473705769704, -19.25658589245646, -20.314350595191986, -18.641070457974312, -17.6347429374875, -17.377671928290102, -14.912570629119873, -13.732056707469265, -15.856750016483419, -16.70770969615299], [-6.830520787467293, -18.02115602597164, -12.521986648967806, -9.633908645391463, -8.928181990711003, -8.29606299468934, -8.211237963417883, -9.103068471198412, -6.307387477524179, -8.124445315603614, -10.771276050567625, -9.240054890945459, -7.0447577326714885, -10.02885921493938, -12.798552256537377, -11.010421050825382, -11.248890447924417, -8.966778463840484, -8.796074809103171, -8.375299283902772, -7.829934503102141, -6.953817305005516, -7.61338968213343, -7.9428322945951875, -6.22441030049324, -3.374738739299799, -2.4727162343847597, -3.213354393604699], [-18.01960251956353, -27.15216968904345, -21.11278206235053, -19.012264420509336, -18.745551532983697, -18.91068360254742, -21.219850123658137, -20.399018477186765, -18.470025260107736, -18.839742984011902, -21.069149141311645, -18.98143672041168, -19.79587610271685, -22.93211728598058, -25.04433209201276, -26.044292997786584, -22.292161610546813, -19.624767506599426, -20.001420451942632, -19.346292698763353, -18.02076405708055, -19.462267435580056, -19.912935317955373, -19.64823067562058, -17.78288208580017, -16.093033522410582, -14.66563412411156, -15.166588239339383], [-30.207433173338245, -29.94521875387673, -35.72880083846526, -38.85682369852066, -42.08797933515244, -41.228989460964016, -35.99463565940219, -38.593183915401205, -37.881266877057456, -42.01010037850451, -43.29241185998916, -44.74451291049461, -40.67701745690924, -37.95420038301192, -36.554231236409535, -32.15012732747448, -41.403906805854284, -46.04799114513397, -44.80703532835873, -42.528920998331664, -42.36299808987715, -41.99224298248482, -37.603283125164694, -36.315608694843874, -37.07125265455246, -37.14707223130173, -36.96060500447321, -36.05449144530476], [-47.98422588568383, -44.483545343633736, -44.7628234129195, -43.61661829090119, -40.8676173979358, -41.05372824308868, -45.39863704926506, -43.02441839792231, -42.13743009987678, -41.63481659887202, -45.75220940971374, -41.58721757094981, -41.62721049149484, -46.639120798606, -49.392843208858565, -46.10574690257832, -44.23066120601501, -41.26084796190262, -42.032404764060516, -41.13133895424941, -40.2410047740918, -41.954797336082414, -42.560168145124045, -41.58664842567022, -40.842479298591606, -39.60279716525682, -37.59168413001307, -36.48747637124405], [-43.5155459446609, -44.861687550246714, -43.428098030805586, -43.4015625, -42.63874111390113, -42.4799552397728, -42.89715163516998, -42.044312674522395, -42.80296418571472, -43.64171354675293, -45.3245, -45.854152115345, -43.40475638103485, -44.97670544528961, -46.53566019248962, -46.83767078113556, -45.245499633789066, -44.421499999999995, -44.094741540908814, -43.74216105842591, -43.91565130329133, -42.30138389110565, -41.695161378860476, -41.16195530891419, -39.909625000000005, -39.58548221969605, -40.2875245552063, -42.100195194244385], [-41.80082658018206, -44.975149717721344, -44.36140348979893, -43.64028306293487, -43.19629217649955, -42.196447848028555, -43.53649162053959, -43.67189080559426, -43.88414155566949, -44.42765808029572, -46.60123399925232, -45.413511801116826, -44.27887271558609, -45.134883978014315, -47.23749401700773, -47.86129749150757, -45.27839028903743, -43.443121221065525, -43.65740190204423, -43.17946881978525, -42.72461767327948, -42.22764755459332, -42.327930791505175, -42.32065633485174, -40.46620786523819, -39.44880994660471, -39.68645078775846, -39.77849985783121], [-35.12390657049659, -37.771660060653886, -35.81136567822294, -36.14549627923966, -36.83519117461419, -36.93002261593883, -36.695923599039226, -36.55927961050713, -37.35649711904697, -38.63054763075708, -40.30150494670868, -39.45567661505274, -37.99899747902191, -37.7143886800101, -37.61251063827581, -37.708110935812414, -37.51578808713478, -37.118119353771206, -36.7206777200895, -35.75413290403299, -35.21137119360394, -34.53057039889502, -34.19148043536175, -33.34806039802346, -32.54653122186661, -31.58356021423728, -31.728076644140117, -32.355106331903634], [-34.97030569594262, -35.566889613014105, -36.070278902496526, -37.26434739398956, -37.67269023563421, -38.109040724082604, -38.037752809952146, -37.24939310646002, -36.94888159766504, -38.113493904453314, -41.218045845985415, -39.58404788285908, -38.81789281268568, -39.25072380221692, -39.03045482526527, -39.1711043116143, -39.67294842095327, -38.31274066448212, -37.49031313255997, -37.15093031521342, -36.51380892959923, -36.165562697820405, -36.10079657823057, -35.41492536198412, -34.569706185340884, -33.35714865686497, -33.78606400067388, -33.45822927307239],