RMS,mean,energy,power,min,max,Status
7590.4304394279625,4.74476781553788,5737034820655.0,28807172.47872239,-21949.0,17368.0,chory
5775.307937465539,9.440564908641187,2090139800777.0,16676957.821903601,-17259.0,18509.0,chory
9099.456807069917,-14.176041666666666,4371846028901.0,41399665.04958287,-19809.0,24104.0,chory
3181.815796232106,1.1307358999857935,285049985787.0,5061885.990570561,-6682.0,10508.0,chory
